<?xml version="1.0"?>
<piaroanAppaume>
  <chimarSuddleCarica jowlsFarcial="arches" burgoutInsolidVestral="salineBruscusSubnude" />
  <pitcher cap="buckie" />
  <tappen>
    <goshenStagy>
      <tokelau>ungoldViolerAmie6731</tokelau>
      <turndunQuixotePimlico>
        <glitterManling>scuppitFossed</glitterManling>
      </turndunQuixotePimlico>
      <lagoonsYamalka portyMucic="gaspersLoughFewmand27" quircal="53" hatfulsBushingSparge="delireLobiped">
        <lacedSunlit>jockosAcari</lacedSunlit>
      </lagoonsYamalka>
      <seducerGunny excretaQuasheeSmelted="brewerDumpledAimful" coyosGheeItch="10268291" hacksawShiners="beclown">
        <songletLinksSubeth>lumpensRhedaOleic</songletLinksSubeth>
      </seducerGunny>
      <fauldsTuskingFrenne weirdos="upcastFalbala" gnosesPlaicesUgt="iodousRearray" ichsChardMaister="seeks9" strany="978637">
        <exalteSevier>deptTorii</exalteSevier>
      </fauldsTuskingFrenne>
      <basePirScelp disdeinRippled="viably551" klisterLoche="170382327" sixtiesKelpies="unfastCuteChimera" strekeDekkoSandbin="vulcan">
        <surgy>gwelyImponedHagden97</surgy>
      </basePirScelp>
      <perliteRoughGrr grantha="fylfots6" bering="planes" criollaPuddyNectars="nurledShocked" semang="mosanVenefic4">
        <fibrousAtropin>speciesStolons</fibrousAtropin>
      </perliteRoughGrr>
      <zit coopLer="7855" buggersBridal="keech" weddeed="lepreTenureKyschty">
        <pentoicOutshotUntucks>pulpitsTopwork</pentoicOutshotUntucks>
      </zit>
      <rightenMoppyDebitum naviesGodfreyComanic="imogen54" mutagen="baneKalekahTestacy5713" zyrianScowder="odal" coronisGecks="18923">
        <audibly>84766</audibly>
      </rightenMoppyDebitum>
      <monyBerline flaryCecityPotsy="shirraPlaud">
        <stchiNervedFrazzle>903426</stchiNervedFrazzle>
      </monyBerline>
      <ayletTomArcaded syruper="puckishHemalUdo" jacana="pinchBosIpidae" colytic="palter" merelsEschews="eyessUnvying">
        <zemstvoSebate>drillet</zemstvoSebate>
      </ayletTomArcaded>
      <metagesSmerk sultoneNots="textualCypreBugdom84" aizle="helion1">
        <viewlyCrampit>763131183</viewlyCrampit>
      </metagesSmerk>
      <mixeClisere papistsCantaraPunnic="towaway" muskishTulsiLolly="lhiambaSomas" boloismSpratsRaffle="minaeOctopus4" lifefulGiglotsOlid="sandburCodistUnbeing">
        <doatishExertKeats>27890</doatishExertKeats>
      </mixeClisere>
      <silkenMirkier>
        <hussarsIricize>240</hussarsIricize>
      </silkenMirkier>
    </goshenStagy>
    <librisAsiarch>
      <travBelute>20853583</travBelute>
    </librisAsiarch>
    <endowerTabes>
      <hookishAbraserChita>faff</hookishAbraserChita>
      <gagesUnplaitToufic rampier="7305248" chakras="volableEgrets86" amatol="sublidSolventPetrean">
        <eonisms>consterRectal</eonisms>
      </gagesUnplaitToufic>
      <qintarsAtoningBunya>
        <latriasLyrateIten>cowboysHarlem</latriasLyrateIten>
      </qintarsAtoningBunya>
      <crout>
        <unclip>exingDashingMorisco</unclip>
      </crout>
      <yagiRuedSir lowed="hyadesReblow51">
        <franzyIdylistAlgazel>jogtrotAngled</franzyIdylistAlgazel>
      </yagiRuedSir>
      <saetaPoddiesFusses>
        <atomizePratt>hissyGuttulaStenion</atomizePratt>
      </saetaPoddiesFusses>
      <lionetShipmanTawed tecunaAlmugs="foolishBeaded39" tarasco="frumple">
        <tussle>aeolisTerryLemmata</tussle>
      </lionetShipmanTawed>
      <doneeBomberHaters>
        <hustlerHoodshy>figgier</hustlerHoodshy>
      </doneeBomberHaters>
      <comet bolGreyly="adatTwoes346" biznagaSkelps="fresher" ultaSprangCorymb="gangesWournil">
        <hemmedWistitDemotic>leudCoffsFanzine</hemmedWistitDemotic>
      </comet>
      <bedfootSneakyEmbolum potassaBamboos="morpholBemist" kaliansMoeurs="1459172" aluminaPapaw="kunai47" wrigSweetie="tuttiRisottoLaurone">
        <eluentsBrokingAgnate>7250</eluentsBrokingAgnate>
      </bedfootSneakyEmbolum>
      <fruitedAlliantCarve felonGipon="yows" framesCuttle="calvingDevestVisarga">
        <defease>enarmPlagal</defease>
      </fruitedAlliantCarve>
      <letdownHistonePoops straws="dreks" conteckNooked="placusDolmasMagneta" butyn="finlet">
        <oreganoLegging>1697848</oreganoLegging>
      </letdownHistonePoops>
      <phytaneSubmitEnemies>
        <recusalCartedBurgau>39</recusalCartedBurgau>
      </phytaneSubmitEnemies>
      <mumpedPujaNewborn>
        <cozieLeucism>lempiraKneaded</cozieLeucism>
      </mumpedPujaNewborn>
      <enlimnVirgula duumvirCumaru="32" frypanHoedPeropod="spielsOctaviaGrank">
        <unsashCeral>ulvaVirusSerosae</unsashCeral>
      </enlimnVirgula>
      <sabayonInlake>
        <warblerLeveled>laversLimos</warblerLeveled>
      </sabayonInlake>
      <hookupuCreped catDittBimana="bobsledPeleng" sughsBemiredMarrows="dombocCatbird" yafflePulque="mesodicSkipple1">
        <carcelsCheecha>cwmCarbon</carcelsCheecha>
      </hookupuCreped>
      <bousesVerismsAbsinth bigwigsLangleHove="cushing" archealNematicCywydd="3975" seftonBurgooJesses="abdali">
        <kurdish>halachaMent</kurdish>
      </bousesVerismsAbsinth>
    </endowerTabes>
    <vagusTagEpic>
      <schwarzKeyholeKetoses>panfilFanjetProsode</schwarzKeyholeKetoses>
    </vagusTagEpic>
    <noxaHirundoLouter rubbisySarcasmHainai="50" boreeChangarSaccate="segueMistrowCapias428" bendHyp="3" psoadicMeshierCrees="ungamyCrambos" unrigidAbettedTunas="aeratedAbri" peliomRevamps="109869">
      <meioticSeabird>952</meioticSeabird>
    </noxaHirundoLouter>
    <raided>
      <oribis>swartyGrub</oribis>
    </raided>
    <thionylOftOutcity>
      <tillsAnnicutMiaower>certy</tillsAnnicutMiaower>
      <resmeltMirach unburstPina="apandryWigwamsYds" liegesHyndMuffin="823">
        <mordvinMobbishMawed>minim</mordvinMobbishMawed>
      </resmeltMirach>
      <sphyrnaLooby>
        <auntSigher>fouty95</auntSigher>
      </sphyrnaLooby>
    </thionylOftOutcity>
  </tappen>
  <mungerClaspt caproin="dempne" telaShirkyParfum="upspout7359">
    <slaved>
      <yowed>9788275</yowed>
    </slaved>
    <repeg>
      <yeeBeldameWedeln>uucpnetPomme</yeeBeldameWedeln>
    </repeg>
    <geyanGironde>
      <wilning>succoth</wilning>
    </geyanGironde>
    <emceesSharked nanniesLeaksTreasr="pilmReflets" ulnaForesaw="upframeAulical" mizzledUnfret="shitaTruisms" fettlerDryadCenizo="lastexAtry" hydroUnburntCrewcut="solvingSleighs" argosPaste="boundsAirboatCirrose" uncrampGarveys="8853344">
      <sessedOctavicHallux>looneryGosh</sessedOctavicHallux>
    </emceesSharked>
    <cabildoLettice>
      <batwaArukeCentum>geminalBenorthCubera</batwaArukeCentum>
    </cabildoLettice>
    <juntGenros>
      <capitan>7441</capitan>
      <pluriesWoolsaw>
        <sockmen>cortex738</sockmen>
      </pluriesWoolsaw>
      <relicEnslavePenlike bilicHandles="1" scowmenChordeeAudio="panaceGodlily" gowpenRoadbedChirre="wifesMildredBrodee8" gaggledPantoon="hielandFeases">
        <exeunt>419629332</exeunt>
      </relicEnslavePenlike>
      <majorem zoicStingyEarldom="clouredDoggie">
        <mullas>slimer</mullas>
      </majorem>
      <sawarraBeteemElfic anatmanFreaks="solelyPopinacAwaiter">
        <humeralRevivesSabora>sial</humeralRevivesSabora>
      </sawarraBeteemElfic>
      <bassonSharp rushyCorkedColat="medusaGizz" shluDentesDistich="purringMorallySthenia">
        <bopyrusIdant>lempiraGurglet</bopyrusIdant>
      </bassonSharp>
      <theaChamoisStevan>
        <ticklesOpa>3722350</ticklesOpa>
      </theaChamoisStevan>
    </juntGenros>
    <crinPaten orle="circs" manjakQuenchOrgia="seebeck">
      <avouchAdrop>greenedChaetaDetruss</avouchAdrop>
    </crinPaten>
    <apocyte>
      <drachm>hockle</drachm>
    </apocyte>
    <bienttDoom>
      <salamoCollyba>malmockItalon</salamoCollyba>
      <shadkan toitish="clopMameys">
        <fress>commarkDopantsCluniac</fress>
      </shadkan>
      <balkierPastilsHomodox yareta="tanadarMiosesStatal" trichy="makes" distantDibbersGois="cleatsRepineToddled78" caritas="chilionCatery">
        <ydsTaiga>ptpClans</ydsTaiga>
      </balkierPastilsHomodox>
      <distaffMoiling roosing="natchezBeevish" gaminOutglowEcus="whizzed">
        <pippyTina>baggieWaikNonagon</pippyTina>
      </distaffMoiling>
      <spikes obiasNocuousAdjt="albedosBurree" adigheColadaBisson="erosSkairBlamed6051">
        <feebAvestan>kashiHodads</feebAvestan>
      </spikes>
      <zoopsia>
        <tawsedObeyersHeresy>sisesOversetBlaoner</tawsedObeyersHeresy>
      </zoopsia>
      <minimisEnroundFunnily whinerPulsarBawdy="brubu" tucky="arugolaTabby8" dyerWayingPuffs="tubbers">
        <nus>laagerSelectTests</nus>
      </minimisEnroundFunnily>
      <vitisRaphesAlborak shunFlamer="25215">
        <palatedBracciaEthics>mudweedPlattenGozell1406</palatedBracciaEthics>
      </vitisRaphesAlborak>
      <voarAlecost>
        <autoed>ringiteAlbian920</autoed>
      </voarAlecost>
      <peersScouses thrash="153435" rakeryMoronry="leafage4802" prey="198337">
        <mowchRomansh>4457042</mowchRomansh>
      </peersScouses>
      <rawingHoseman monkessAmphid="retzianViroses" flytedStrewn="bouffonSureSchout">
        <kaddishGombos>nuculid</kaddishGombos>
      </rawingHoseman>
      <aloofFauredHeptyne lutists="decad">
        <slimerTummy>balneum</slimerTummy>
      </aloofFauredHeptyne>
      <portia daredCraunchMonuron="sokemanMadship" retoreBewhig="atlatl635" telsons="224772" hoolock="sarods431">
        <spate>paola</spate>
      </portia>
      <retiaBodierAtour acoelaPsidFado="francs" donaldColuberPrimers="685779" hafter="74231733">
        <ungulpInduced>thillVajra</ungulpInduced>
      </retiaBodierAtour>
      <maximsImagism bsfNoctenTrizone="horserFifthlyParable" flitBiurea="abraderEozoicPhies" reurgeCesureEscalin="cousinyAlulae">
        <manageeGriqua>tusker</manageeGriqua>
      </maximsImagism>
      <arnottaHubbubs dimerMalpaisWaag="atame" thymele="80">
        <rutchNeeder>nurledUpsurgeMuhly</rutchNeeder>
      </arnottaHubbubs>
      <neti>
        <hookum>95525</hookum>
      </neti>
      <with>
        <tritishCoolestEben>gribaneLoupenMalax</tritishCoolestEben>
      </with>
      <chamferInnerlyHushful>
        <crcaoSinhsLysogen>dairaInker4202</crcaoSinhsLysogen>
      </chamferInnerlyHushful>
    </bienttDoom>
    <nettedTannerScraich lyrism="phlegmyPubisBalding">
      <mordTanaka>spooredResidesVidetur</mordTanaka>
    </nettedTannerScraich>
    <wansomeReisnerImperf veddoid="headend" turdoidNais="megboteAliform" goferSpack="subdialNegrosBodily6635" novelaCentumKalmias="carmot" cornein="yillsGrogram">
      <due>axiate</due>
    </wansomeReisnerImperf>
    <venomPickAttinge bifoil="gazeeAffinesAcoasma" holw="biosisEimer" bateaux="tambor" bedelveAltos="nacriteHockedMage9">
      <concur>vagallyNoonish</concur>
    </venomPickAttinge>
    <spiderRettoryFlairs dictateMimbarsPloat="922434" syntonyGeladasSnooted="3598" longuesFumySughing="scogganNasticGumhar14" zoeticFossageHorns="vocableGurges">
      <gulaTwale>ragulyNipping</gulaTwale>
    </spiderRettoryFlairs>
    <raccheZitisPhallus wolly="timneDoariumBarleys" esseeViolonNucleus="pycniteAttame" swivel="prisalSeraph" purerTiza="truest" balanidPhrase="guarrau" metopae="leewayTumbaki2934" taxiteRoyalsAssurd="frizzGrizelIntima">
      <outhit>dirhamsLantana</outhit>
    </raccheZitisPhallus>
    <taxisBoasted liberiaSnooty="tundishFountsYelloch322" tardiveOotwith="baptiseMatricAtlatls" bahurSylphTheft="souldieTroakedHoboing" bylaws="pentineMedimnoBartram" lactidCentare="var23" gnow="bipont">
      <urning>20</urning>
    </taxisBoasted>
  </mungerClaspt>
</piaroanAppaume>