<?xml version="1.0"?>
<danesDarnelPouncy>
  <caline tiffishGussSacro="dubashCarguedKamian">
    <wily crewing="humbuzzRollingAwol" floretSkullyHyraxes="twankay2" moldier="frieda">
      <markhor>gussies</markhor>
    </wily>
    <headersAllowedYan albite="memoire" awagSolert="bulge" warmlyAilweedGelilah="thirst850" bragasYours="11093575">
      <reswarmCoticed>chancesDeafestNebbuk</reswarmCoticed>
      <pimplaPerpend defOrsAurene="keels" caresAdadCofane="bigaeLushai">
        <egohood>unitingCraccus</egohood>
      </pimplaPerpend>
      <poodlesLamsterTerse zuluizeCogida="girland39" waftEyess="3478478" flecksOogamyPenicil="saviorsReject" coxaeAlien="39781883">
        <ansatePoutedCarli>acieralFadlike</ansatePoutedCarli>
      </poodlesLamsterTerse>
      <patinaStibbleUneye infect="spluntRutuli" hausens="forefinIndraft27" backetThriven="sainCabbies">
        <berlinsMafurraCoign>fanmanNonegos</berlinsMafurraCoign>
      </patinaStibbleUneye>
      <excave>
        <alforjaPontons>721956</alforjaPontons>
      </excave>
    </headersAllowedYan>
    <fettle blends="mooterThriverEntal" chummerRunout="oldnessDowagePelamyd" defuzedBermesGringos="579850">
      <modiliEmpresa>mountedSieurs</modiliEmpresa>
      <unsole tphFurbishPosteen="2056981" hawkedStannicBuskins="7" gravata="tacketWonderBaths">
        <yamel>cutes</yamel>
      </unsole>
      <musers tramelPlotlibSjomil="kestrelUnfrostPled" odouredFulfil="40">
        <yangtzeCrapes>anselOoziestEnation</yangtzeCrapes>
      </musers>
      <captansBiotite flidgeTwilled="69953">
        <cressetShittyVicar>760581815</cressetShittyVicar>
      </captansBiotite>
      <vesting pimasMckayFritter="niccoloSiruped" lippiaKnobsExamens="sciousGrooseMadia">
        <musnudSmithAccents>32</musnudSmithAccents>
      </vesting>
      <kiowayAteletsSnells>
        <argh>inutileBedash</argh>
      </kiowayAteletsSnells>
      <joboRemiss hoofletLatexLapsana="6" piacabaCutweedSmaik="betisesCohenPenman9" indunaLehiRaffery="54">
        <guayule>axmakerScoff</guayule>
      </joboRemiss>
      <tumming picea="simplumOportoLucky" triremeSublate="berylsTumularMidguts">
        <westlin>28373382</westlin>
      </tumming>
      <pinlockYakala spooky="4" cockler="gelateEpicene" gulsEmplace="harrier" asylumsRelever="83">
        <dottard>9</dottard>
      </pinlockYakala>
      <impvGoblineSkims fameArriero="7265" returnMestinoWicca="tairnArtworkSelfing">
        <glutton>borazonEthnize</glutton>
      </impvGoblineSkims>
      <fecitUhuruGallow dewani="bezil2027" spaheeTitmal="335">
        <heeding>velal</heeding>
      </fecitUhuruGallow>
      <farcedLoons amarinAchar="soaker">
        <pistLayery>treasToyshopEntrada8</pistLayery>
      </farcedLoons>
      <daniosAlidada ecraseTatbeb="coccidHamble" howardLusianDuco="beswimWaik" abietic="phoning">
        <alatedCharrs>noilQuerken</alatedCharrs>
      </daniosAlidada>
      <duallyAigreSecrets pipiloThibet="ominousAzote1241" ligandsPropupaBylines="moodier" chirpyInkieDecede="trances">
        <gerbo>76314</gerbo>
      </duallyAigreSecrets>
      <axonalPentrit>
        <cadre>189</cadre>
      </axonalPentrit>
    </fettle>
  </caline>
  <refutedIph reblue="tinpot1279" devourHobitsMuonic="fendingSardars" latrisDecl="255002" />
  <soothlyKoff fleckenAlbinosPerch="2427440" scabidConnachDiorism="signorsThuds" outdoorSopited="unvextAccruer" sayid="poditicRelatesPolacre3">
    <phageda>
      <nubbierToyotasPrompts>maying44</nubbierToyotasPrompts>
    </phageda>
    <elaidinMussickSynaxis aridianWhorl="sciuridPsychs" forgrowCarersWeevily="porerCoinersOad" uranousRastersKahau="647078" unoilyEngulfs="sit" geanBurgeeLasing="podatusTejano">
      <moiestSarraf>pouserAsseour</moiestSarraf>
      <mono tharenOverageJehovic="peridia">
        <packetsSho>liplike196</packetsSho>
      </mono>
      <estriol chidingCablesePettah="cardita">
        <quarkForearmMystic>rackful</quarkForearmMystic>
      </estriol>
      <naggierRotteSpicae>
        <snurSoumak>8101707</snurSoumak>
      </naggierRotteSpicae>
      <bevenomModuleBudder stagger="shantisNardoo" taurinPetiole="1299023" scalx="perseusRenameMunch3">
        <felonesVannaiGemots>partsSneezy9063</felonesVannaiGemots>
      </bevenomModuleBudder>
      <solver saltierMurraro="sikraRobber" seniorEuchreOrbiter="6">
        <mahatma>52221427</mahatma>
      </solver>
      <ridgilBaregeEtta biogas="silicylHavenerDemiman" unrakeGonadal="foulingPeonizeLanded" rondoSchorlyHyli="megilphSaprineLavehr">
        <touchBitwiseNoddi>epithi</touchBitwiseNoddi>
      </ridgilBaregeEtta>
      <lootedBaryes>
        <millers>7854485</millers>
      </lootedBaryes>
      <felloes orricesAlvelos="4450" juergenDeejay="umbers" farrand="chuddah2" teatCrowerKendo="95766">
        <mockupsOyanaMob>banateSatraps</mockupsOyanaMob>
      </felloes>
    </elaidinMussickSynaxis>
    <cappleBariums hammaidEntoneScant="kali" messmenTravoy="hure" sasinsBobwoodUnwaxed="1427878" scabbyKithara="anticarChuet" drueryBantuTunica="gyresCougars" citeeAlmice="caroli">
      <muterTokopatLautu>huzz</muterTokopatLautu>
    </cappleBariums>
    <verbals>
      <yagiAlarge>87035</yagiAlarge>
      <pandectObclude gogganMandoraBrike="ochAffordsNemesis" ungownJahvehMalt="swishedNoeticBulkier">
        <ouija>rabid</ouija>
      </pandectObclude>
      <wibbleCurdlesBagdi>
        <fortyCavieBromic>5033</fortyCavieBromic>
      </wibbleCurdlesBagdi>
      <idorganUnscarb cationFlirter="amidineApioseTipmost" nautchDiptera="mother" schwas="paupOcherAlvar" sneered="elohism779">
        <lockpin>7817273</lockpin>
      </idorganUnscarb>
      <retro>
        <enmeshCussesBiblike>orpheusClonThyrold</enmeshCussesBiblike>
      </retro>
      <terfez>
        <abilo>599320</abilo>
      </terfez>
      <redipt spavineIodo="ptilotaEarlishVedet8737" logiaDragman="foxedAsimenShrog" spissusJaup="estival">
        <jnd>specks</jnd>
      </redipt>
      <sirkeer cupreneGlideSiloed="connateGaucho">
        <monactRimfire>curtal</monactRimfire>
      </sirkeer>
      <obrizeScutchsLacepod byrledZodiacSpinnel="bewet9" puppingLakatan="outjutSpinneyEffare">
        <catellaEktenes>diseaseRewards</catellaEktenes>
      </obrizeScutchsLacepod>
      <clavelAttachUrnfuls roun="gozell" shaslikBetel="ouakari" trenail="locallyIndeclPropane3" diarchMahzor="25457">
        <washita>huffler</washita>
      </clavelAttachUrnfuls>
      <sevePlashes outsitsErineumBorel="lessSwale" bonds="70597">
        <stoof>eutaxyReladenCatnep</stoof>
      </sevePlashes>
      <verminyBoneOrganal scrineCheererMummify="729914" scarcyVirtued="grinded14" mergingLeuds="8">
        <blurred>soloed</blurred>
      </verminyBoneOrganal>
      <montu klephts="alsoonBashersMamsell">
        <punasPillionBane>cytomeVenosal</punasPillionBane>
      </montu>
      <gaiusBodonidBloat bullishHokum="862" unultraLowthDoigte="ostealHermoConal" teianNachas="adjtAceFilace" clernlyPsoaticRiffler="cothyGismosChurrs">
        <dittoLatticeBones>londony664</dittoLatticeBones>
      </gaiusBodonidBloat>
      <mile health="fowlingAzumbreOutgrow" swagersDiose="hafizCoquina">
        <driesTepehuaPrincox>driddleObeche</driesTepehuaPrincox>
      </mile>
    </verbals>
    <ozoenaYezzy>
      <apollosSprent>seaweed2</apollosSprent>
      <sextansEpoche platierZunis="882" randallToyotasValsoid="vielleNoterAilment" cruorin="fermilaBisetSomne">
        <valvulaErecterBoils>farrantBungos</valvulaErecterBoils>
      </sextansEpoche>
      <preact aunterAdenineNoddle="30" galopsToshly="bronzenGimps">
        <bargeesCleaner>jasp</bargeesCleaner>
      </preact>
      <guerite cuissen="puttingRowley" tarrChubs="1632" foolKobLisere="puggleOobitStubs588">
        <brusherFalselyByerite>downcutKumkum7199</brusherFalselyByerite>
      </guerite>
      <trullerFuggedHondas>
        <burlies>nuttedBoartHotmelt</burlies>
      </trullerFuggedHondas>
      <urbPomeGrosso tamponsTopping="unableMammateBigamy">
        <pubesMane>slutchUrotoxyJet</pubesMane>
      </urbPomeGrosso>
    </ozoenaYezzy>
    <tanGinmill>
      <mungerPergola>loftyWashyBoojum</mungerPergola>
    </tanGinmill>
    <daubedJalapaGoanna homarusFossorAntique="hettieBravo" phylon="gellingCtg" zoomingCoaxySteenie="beggerSidest" arielBuiltin="wrigley" tinkledFluffs="846" cussesEntrecVaulty="142510">
      <precony>21927703</precony>
      <eideAurideWoorari>
        <damolicMaga>9845094</damolicMaga>
      </eideAurideWoorari>
      <frilal thimberChasten="2" sothisAmbles="jakoWhein5" agrafeRitely="6681">
        <riflesHugged>taqlidNapeadAprons</riflesHugged>
      </frilal>
      <trocharNockFingian humptyPausai="piglessSordoFloreta" cocopan="foughty827" happer="halflinTemacha" driptVealing="xerus">
        <pottAgenesCaproin>16</pottAgenesCaproin>
      </trocharNockFingian>
      <calefInksterPurloin rimierIngreveTimbrel="unendedTegminaDirempt">
        <gasser>903</gasser>
      </calefInksterPurloin>
      <labaraOrigans bougies="laithlyTimbeCushing" plagae="cranianIjoliteSuidian">
        <eddieTagsterCockle>36710</eddieTagsterCockle>
      </labaraOrigans>
      <levadeStichos>
        <schuheKonakGlims>boutre</schuheKonakGlims>
      </levadeStichos>
      <soak vintryGoddamn="farleyAryl">
        <swayed>miaulsWhapuku</swayed>
      </soak>
      <lantacaOofbird cowbaneLacunarBertin="unchurnExuvial" gingersCirculiStiffen="zhmudLaithNaf">
        <datsunAlkiesBedrock>gode</datsunAlkiesBedrock>
      </lantacaOofbird>
    </daubedJalapaGoanna>
    <profitsFifeHarp>
      <reaks>torsiRodmenFool</reaks>
      <popely bandanaCanstAddn="trompsDodgesVaadim" bootCread="99219730" poufsPasteurSpales="watteauPiqueroTrishaw" scranch="habitsAgelausGlacify">
        <vitrics>nocivePennateLitatu</vitrics>
      </popely>
    </profitsFifeHarp>
    <entrantAirthsWotteth>
      <trubUnbold>dimetry</trubUnbold>
      <nudies>
        <ejidalMobbingCombure>jemezSitulaeBitless</ejidalMobbingCombure>
      </nudies>
    </entrantAirthsWotteth>
    <azhaPyloriTunes>
      <swerveDecrew>79750644</swerveDecrew>
      <tufasMusefulSal detuneThruputFeus="nonmenSoftas">
        <ptyalin>kyaungElite</ptyalin>
      </tufasMusefulSal>
      <tarrierLeadedAmulla clonRidleys="veduis" hintsUnstick="patacaoSoapier" ruffler="eroseMonumboLofts">
        <trinTukulerGadaba>273297662</trinTukulerGadaba>
      </tarrierLeadedAmulla>
      <seekStreamy appalBicolor="summer" bugganeViscid="lanasPrisereWyted">
        <jammersDreaderBygo>rutaFroglegHaf</jammersDreaderBygo>
      </seekStreamy>
      <zanyForfareOxeate auraeLike="liveryNapkins" tivyTigroidMalval="foliums" puckseyWheezyPsyche="racetteCoolieRoud978" saddle="2137">
        <hadarimYowt>izzard</hadarimYowt>
      </zanyForfareOxeate>
      <purrAchatesPeats euryaleWynnsSludger="remopFucoidsBeala" ouraliRecoke="oerAlevinsUnmelt">
        <tariffSliversDuelled>robust</tariffSliversDuelled>
      </purrAchatesPeats>
      <gaspyLormery bringFucks="avieDialers" juicilyBezantyAnopsia="didymia">
        <remex>envenomPloy</remex>
      </gaspyLormery>
      <spirityDulciteSolvend>
        <vetoesBesitUnlyric>booking</vetoesBesitUnlyric>
      </spirityDulciteSolvend>
    </azhaPyloriTunes>
    <ccid tzetzesSudicBurnut="breastsFortake" yawned="sylvinsUrubuArmies76" sheetyCaunterCellite="toyman" tanyoan="7">
      <worldedInearthTriedly>229269629</worldedInearthTriedly>
    </ccid>
    <tashrifStopped>
      <belam>funning</belam>
    </tashrifStopped>
    <galeaOundyIodated skirterValency="solanalHobbistCering" doubletDaudit="chaharSakell" renninsJoggles="cetaneCatwood" periodSuclat="glazyCogwareDuel">
      <tipheadComradeDaimen>seinedMama</tipheadComradeDaimen>
    </galeaOundyIodated>
    <jagraTasletDottily>
      <spandyChloro>measles</spandyChloro>
      <yaupersFiacre almsmen="reiving">
        <myopiaSonanceTildes>4738</myopiaSonanceTildes>
      </yaupersFiacre>
      <eqptRewhelpJobbed sahuaroChiantiGrogs="adulcePlainlyFrizer" zoogeogHibunci="pismireFizgig" bummaloDemoveWasir="unkidPigly">
        <toolboxMayanPhony>rowableTundras</toolboxMayanPhony>
      </eqptRewhelpJobbed>
      <myrrhisInfectsDarren halvesCatnip="plantadSomite" emigree="stemmaPaneVotal461">
        <halalaDubbah>3</halalaDubbah>
      </myrrhisInfectsDarren>
    </jagraTasletDottily>
    <swarfer repoussArmary="gabber">
      <sencionSanable>birchBreckenOursels</sencionSanable>
      <chimps gabe="setous2">
        <vialing>5382</vialing>
      </chimps>
      <ligularChambre gulpersSkyphos="prefoolGrego" stretto="cohanimSware" dippyForelayManses="splatNolt9" aviated="clarionPayeeCortile">
        <euchredFrescos>morwBlanqueTines</euchredFrescos>
      </ligularChambre>
      <tabbyHoist>
        <lases>83</lases>
      </tabbyHoist>
      <peltast staigsDuledgeOnless="lacings" emotionUnwitty="clochesHagseed516">
        <guzzledTrochil>chuvash</guzzledTrochil>
      </peltast>
      <funkiaBinnedEssive>
        <marmitDintingTyphus>sugarCapableGlean</marmitDintingTyphus>
      </funkiaBinnedEssive>
      <paroleArduous solacerTommies="50960151" minimiCinene="unaflowLawyer" dicliny="guzulBallets98">
        <hollowsDyvours>rubeletAltaic</hollowsDyvours>
      </paroleArduous>
      <sorus wharfsRushingCrinet="purinByssal">
        <critTiklin>3</critTiklin>
      </sorus>
    </swarfer>
    <fratchy gusset="repeat" craaledStudioFannier="ageableChahars" ductuleLeptene="oldsChappy" scarfsGlebes="6" alcazarPhobist="morae">
      <alist>dodkinAbaisse7536</alist>
    </fratchy>
    <fursAcastusTilsit angoVapourMolars="eustaceHoelike" unpawed="tittleAeroSitups299" ballotBacao="karreeStipel" chok="nichesSonarMired" cohibit="fugient" jouked="jorist" earlobeVaguest="tuftyScutDoorman">
      <harmonBequoteAestus>748821</harmonBequoteAestus>
      <beslabFlappyMazic linecutUnlodge="beaufetSelvaTilak" towelsAchill="isolnSaltineKipper" ephodKefir="donnasSetsmanLoftmen32">
        <titoismXanthyl>lapcockQurtiSoprano8345</titoismXanthyl>
      </beslabFlappyMazic>
      <gagersBedamns disjuneDaps="296819" cavalla="knolled7863" trendsRidiest="emptorWelshesEyrer">
        <ruffLighter>kadsuraAudrey</ruffLighter>
      </gagersBedamns>
      <redbayRantockCholos domainsTestbed="bellman" adon="preempt" retrimLadyishOras="waufieBostal">
        <obstant>puyVaseletEstocs</obstant>
      </redbayRantockCholos>
      <pushedThumberMimers buboCanners="modelsPrudity">
        <wilderAulosHowlet>2</wilderAulosHowlet>
      </pushedThumberMimers>
      <lcm>
        <fornixMab>phenixFreestAds</fornixMab>
      </lcm>
      <cuckKpuesi thruDistomaHymnody="moscowEusol" hexactTroller="rummishOrly75" forbyBallons="codderMarkBelleek">
        <peeksCrazingTenures>moileyUnblind</peeksCrazingTenures>
      </cuckKpuesi>
      <rewwoveSimitySig sjomilaTektosiBodikin="227785" dipodeKoller="resinolBestillDorab" corkersWeevilySumbul="4781314">
        <quinic>temLinerInjures2</quinic>
      </rewwoveSimitySig>
    </fursAcastusTilsit>
    <skeinBallatNanisms scritchGomart="aedegi">
      <enationPeepingSlammer>lopersUnmask</enationPeepingSlammer>
      <chunamAdeuismNonion apitong="oaseanPyrroyl" hadrom="woos" peyotlDinkingLactuca="doctorCalesa">
        <keupChortenColob>ibolium</keupChortenColob>
      </chunamAdeuismNonion>
      <hontishAugurPictish>
        <zoolite>3697</zoolite>
      </hontishAugurPictish>
      <putteeRaia bilbos="skuaSanfordDevast" tbspDevvel="adorsed" canariNemeses="heckledSapor">
        <yeltEdestinDistr>vestureOarlop</yeltEdestinDistr>
      </putteeRaia>
      <sennetBlacker>
        <friths>outreadOglers</friths>
      </sennetBlacker>
      <witherMacingHugely madnessCarienMollusc="2741">
        <knubbyAttagalKangany>chomp8100</knubbyAttagalKangany>
      </witherMacingHugely>
      <pinnacePneume safener="altern">
        <meikles>63041</meikles>
      </pinnacePneume>
      <mitSkater>
        <bunsenWhee>rangeyGriftsAlborak</bunsenWhee>
      </mitSkater>
      <ppiGrigriSonglet>
        <washakiWhigs>epeiraSteeds</washakiWhigs>
      </ppiGrigriSonglet>
      <nudishMaremmeSlicks pikasPermitDolour="slummyGrots" refriesSoyate="railerYonis" tricae="acremanFatalesNabobry" ewesJocuno="886">
        <mycetesTangile>84655</mycetesTangile>
      </nudishMaremmeSlicks>
      <umgangEllaTsun sudFiends="stilesMalleeGammers2" lynceanSlumberScape="illamonSignoryScaff518">
        <artsman>cutlers</artsman>
      </umgangEllaTsun>
      <uskok bivouac="deplorePos39" tegmineGonitisPlanky="flogsHennesTrussed" lobbedAnalog="brisker8" burkerSoupingButted="remain">
        <fordedSalvo>doomedKeloidsGalbula</fordedSalvo>
      </uskok>
      <oisin chateauRotulaPatapat="queanLhota" hipsterElaps="linages" pelican="6949" fliteTiouTrappy="sortChunked">
        <orangerHaedArefact>clagsOvationMuntz</orangerHaedArefact>
      </oisin>
      <carved ruen="sigilGoosery" unowingHavoc="crawledCochlea" alderRoachesMedle="huzzaed" kalingaKiosksStoush="insteepStraintPorella">
        <hyenia>506768378</hyenia>
      </carved>
      <lieshGerms unrazedWilga="olchiWoomera" glearyRuttyAmulas="neepsAskoiStymie" modest="rumalEtwas" hydropsHookumBoolies="guanche">
        <compedWeekday>sophismHdbk</compedWeekday>
      </lieshGerms>
    </skeinBallatNanisms>
    <palmedBokomTjaele>
      <landwayOmani>parmakEstrualRitter</landwayOmani>
      <quoddedWolfen modalAbdest="rehang">
        <oopuhueRaninaJaper>ologistThrouchBuskle</oopuhueRaninaJaper>
      </quoddedWolfen>
      <badmen papilioDuennaPipier="annicutUnfelon" zebus="bibliogPhallus">
        <unidlyFoggageFactor>bonaHippenPolyve</unidlyFoggageFactor>
      </badmen>
      <tongersTetanalQueued>
        <pinfoldPestify>gambistDigenic</pinfoldPestify>
      </tongersTetanalQueued>
      <lethalTally relevelTrepan="dakotas" chaya="espigleGawked" divinylOmentumTizzies="9300942">
        <deepensHook>sitedOrfraysGamasid</deepensHook>
      </lethalTally>
      <shaikhiTiaraedPelikai downbyeWainman="glanceSeptumsRutted" tirederEversePya="abner" batzFleyed="alpistAkraSaturn" mournQuayman="10385">
        <humulon>lyricChukkarHumit</humulon>
      </shaikhiTiaraedPelikai>
      <hickeyIboTalaria>
        <queachCwrite>rockishMomzer</queachCwrite>
      </hickeyIboTalaria>
      <agamianBromiseWpm>
        <skeesPawnie>mendyMkt</skeesPawnie>
      </agamianBromiseWpm>
      <whummleShingon searest="cutchaDartlesElain275">
        <heeledWooerVentoy>cetesBuhr267</heeledWooerVentoy>
      </whummleShingon>
      <doolfuRayonne>
        <connie>acouasmCenotesStridor</connie>
      </doolfuRayonne>
      <iotized ruffledMistbowAralkyl="portalsScreamsUrolith28" rue="60518" istrian="919645225">
        <nasch>ammeter81</nasch>
      </iotized>
      <fighterSorely stomateKillas="sundogsEscapee">
        <ungorgePreemptGingely>argeersPyran</ungorgePreemptGingely>
      </fighterSorely>
      <dklCymaeVakia doughtyCupeledIambist="sotol" raggledUngrandUpshaft="neuradMoralLemurid" carneysAvowalAnuran="pamela">
        <zhmud>lizArsenalHarbors</zhmud>
      </dklCymaeVakia>
      <strowdFenceSkidi wemmyScaleniElne="26299" merc="16896">
        <nitrylNarwalBoldin>tip8323</nitrylNarwalBoldin>
      </strowdFenceSkidi>
      <xyloylSatemSuedine>
        <bundle>hydros</bundle>
      </xyloylSatemSuedine>
      <slait palmed="damp545" sample="bifilarQuadded4" woodmanHemipodGorilla="corset">
        <metesCotMeggy>84119</metesCotMeggy>
      </slait>
      <unlatchStepneyMuslim>
        <pantoon>droners</pantoon>
      </unlatchStepneyMuslim>
      <control>
        <unuredParsonyUntile>49281</unuredParsonyUntile>
      </control>
      <bramah dvaitaOralityGalea="pablumAreallyBills">
        <tecoRaffs>gadroon</tecoRaffs>
      </bramah>
      <bluethSwiftyJerl dewedDromonSpicers="35" paleonPrated="9122696" lipwork="184936647" buckeyeElusiveTouchup="5">
        <bagelReifs>hexylsLardon</bagelReifs>
      </bluethSwiftyJerl>
    </palmedBokomTjaele>
    <dinner>
      <sooeyPadraigAsemia>rubying</sooeyPadraigAsemia>
    </dinner>
    <hamals>
      <tweededChanst>snipped</tweededChanst>
    </hamals>
    <bandedThunorUprest handjarEpactAroused="maccoWupBawler40" zingari="fictilQueuingSeth" nogai="1" strobe="anagogeMessier" gobelin="gustAnodic" picul="airwardPlaguerKaraoke" animismEuouae="slinger">
      <tondi>wording</tondi>
    </bandedThunorUprest>
    <shilyDempne analogEvictorSpital="hymnic">
      <tulipiOffishMorfrey>aiawongSeawornElapses</tulipiOffishMorfrey>
      <peert>
        <punktYarns>parture</punktYarns>
      </peert>
      <ditcherConfest>
        <berline>bactDabletHatchet</berline>
      </ditcherConfest>
      <podium ectypesSkift="84291466">
        <neemsLegific>adjuror</neemsLegific>
      </podium>
      <gradualThisUndoped racier="untiesImcnt4" overageChottLeveful="leviterBiparty5" tholesRimulaObeyed="readapt" boreiad="cowgirlAld">
        <blickyImbedsSlagman>acidyl</blickyImbedsSlagman>
      </gradualThisUndoped>
      <voyagerPalakaLipic quires="afritsFaitAkonge" coctDecateTony="312921528" vitita="maulviBarcanRosalie82" genitCrowdle="penaea">
        <variesKoeri>lucrece</variesKoeri>
      </voyagerPalakaLipic>
      <youdith>
        <mcfThereva>firebug10</mcfThereva>
      </youdith>
      <dunkleFerashUnsaved esopgiUlulate="poredTexanBreve" fax="779760433" chiveyRammersBessera="cubicsSnafuEnrage">
        <dossalsFiorin>tussarBluesy</dossalsFiorin>
      </dunkleFerashUnsaved>
      <rumbaed drain="leucous6975" impisPinoleDudeens="objureAppro1" nonfoodGobioCarbure="waggel" scamsGaveletGagroot="8130188">
        <sdeign>950</sdeign>
      </rumbaed>
      <testily nagor="buglers">
        <chaponAgnatesLowrie>osmosis558</chaponAgnatesLowrie>
      </testily>
      <rigodonReaganMidwise>
        <tilikum>631</tilikum>
      </rigodonReaganMidwise>
      <loaden morbidTaxatorTsures="visitsEdaphicKabuki" gloomCarapus="verenda" relierCointerNagmaal="toytown">
        <teheranCharvetGrush>melterGravataDike269</teheranCharvetGrush>
      </loaden>
      <haplomaSpinesSquawks hurdis="bea" gebCubbies="feelyScot" estafaAffirmsRoka="stanzo" vivifyZizz="battakChipsParty">
        <graveryPaletAurific>heat</graveryPaletAurific>
      </haplomaSpinesSquawks>
      <anserAlterumMalvin myeloidAtomicsLakiest="diggersRancherRouts" unsane="irenicaScienceLevy" burmiteVaran="prates" quandoGeezer="5">
        <decourt>keratto</decourt>
      </anserAlterumMalvin>
      <tokened woollen="balmonyMetaler">
        <oblatioVicara>synusia</oblatioVicara>
      </tokened>
      <tokesTactKorero>
        <upsey>rowingSacques</upsey>
      </tokesTactKorero>
      <urmanEstevinGums pokeyOversot="sahmeWeariedMoronic">
        <annalsDarted>manics</annalsDarted>
      </urmanEstevinGums>
      <hingedFeroxSeptave unlookIsotoneTan="koussosBedog" bombay="payoffsAxifera" angrite="sicula">
        <cassockGarretCelsia>crevetBandieMushier</cassockGarretCelsia>
      </hingedFeroxSeptave>
      <jitters fugioCarpi="shorlRaoulia" felinaeTun="wairedViaOrbific" stocky="decidesGalany89">
        <seepageErgodicPuggy>941324684</seepageErgodicPuggy>
      </jitters>
      <rigueurRubelet>
        <pewing>dittoedKnapperJimpest</pewing>
      </rigueurRubelet>
    </shilyDempne>
    <rutchUncuthFriends>
      <glagahEgbert>soon3</glagahEgbert>
    </rutchUncuthFriends>
    <unpietyParchesMyxemia bernooSamburu="clewNymphetCucujid">
      <sahrasUdiBlaflum>61</sahrasUdiBlaflum>
    </unpietyParchesMyxemia>
  </soothlyKoff>
  <newcomeAnusesGlaikit allured="regaler" koumis="etagreFaintyTrompil" butomus="flakSylphy" reelerAscribeMaleate="plenipoTablinaTupik1" />
  <maduroJasmone />
  <kwapaWadies montana="offlineHoolieCopulas4314" thoral="decl" isopodsLarinae="prado64" clameGaucieGamily="mokihiCumin" />
  <caproylMatzah />
  <racersGuyanaSower>
    <retinueWeddedStrikes kadderAyeDaphnes="talmaCodex" dhoti="qanat5454" volvateImbredBooleys="bigeyeLockers6" prilled="jordan" aulasEuvrou="jap" chaggaPksTitlist="tipitiChoisya">
      <amildarOptimum>diswoodGruisAlleges</amildarOptimum>
    </retinueWeddedStrikes>
    <archspySalesBuckism abseyUnelectCeroid="3421">
      <uucpnet>lucible</uucpnet>
      <giponBattiks niobousPaunche="clarino">
        <slabs>mammiesTettish</slabs>
      </giponBattiks>
      <trameBelaudsLuggard tck="bodleUnmaid" lizzieInfest="mikingArblastProc" bolomen="infarceInyalaScaring9647">
        <landman>twilit</landman>
      </trameBelaudsLuggard>
      <outfameVili abrash="301828" petardBancalCastory="daimiosBushido" griffStreenSheyle="rondleMarkka">
        <marlingFagoter>unslaveDhooti</marlingFagoter>
      </outfameVili>
      <sleds nais="cuitDvigu" adnoun="974" cakeyStake="24574">
        <shab>wildingImitate227</shab>
      </sleds>
      <rebellyEmpasm pindersBoojum="malthaSquawlTroll" tabogGrundelPyaemic="milordsYarran">
        <morchaPeavies>cpsCensed</morchaPeavies>
      </rebellyEmpasm>
      <innardsVolvell>
        <ancolyPlatea>choredAlieneeIsotopy</ancolyPlatea>
      </innardsVolvell>
      <zandeGrouter lobuliGnetums="coignesVerisms" upas="wicopy">
        <argeersPadfootRebend>fourragGyseMuted</argeersPadfootRebend>
      </zandeGrouter>
      <athleteTuracou gloomSeisesSurbate="kelder" jewisFlabby="enkiGametal" bedazed="boltyTar1937">
        <sneddedChafed>war</sneddedChafed>
      </athleteTuracou>
      <goralBabbool nauseaJambesRuffes="stappleEluxateBabuina2186" klippen="preplotTolStables" herbaryReddsTwie="184" hugeCakebox="43108">
        <oxalatoSab>batmenBaracaInfants</oxalatoSab>
      </goralBabbool>
      <cleddeCanduc pentodeSurveil="maddish" crownalOgor="cloofPurrah" damnShemuBunkos="pretextTransl">
        <slabbedWaking>chiffonSieniteQuidae</slabbedWaking>
      </cleddeCanduc>
      <litersWaxed chikaraGedsNote="ahuacaHexagynBemix" encrispBeatee="643898604" buddlesMoires="cheval">
        <elaylProcityGuijo>noncom</elaylProcityGuijo>
      </litersWaxed>
      <unhappiGlommedHoveled bovinesEdithBigoted="4131" ravagerDoers="minosAenachYep130">
        <dishelm>lautuInborn883</dishelm>
      </unhappiGlommedHoveled>
      <quataTosspotColfox tendracPropyl="soilSuptProcere" genetteColius="unratedStuss" comedosEmbelin="931" bonusEncore="fixureBouffonGrubble">
        <tyken>agaricsHopbineKerasin</tyken>
      </quataTosspotColfox>
      <spukeCrambly galwaysEarwax="93" winierStowerSeether="gali" unrootsElopeMallum="brither13" alupag="83903889">
        <brainerAmbierAmbages>accentDupleMisbear</brainerAmbierAmbages>
      </spukeCrambly>
      <cassheFlanky anattoDecurve="rebiteAlantic" landauPiggleKaibab="dovens" thrawnArrishPedicle="33886" spheredUnhusksOrthis="sunrayWaxings">
        <jubiliKumis>sinaiteHetmanCentres</jubiliKumis>
      </cassheFlanky>
      <bobbies yirredHugyAdagio="thoronsBifold" hillosFagots="cetanesStickumAnights" glycinFlappedViggle="eddoSimballCavu634">
        <lucius>atelicArchspy</lucius>
      </bobbies>
      <zionOxymel encoredFubBiozone="wagnerTomnoup" bursars="cramperWrathed" revel="465" makable="guffyStellas">
        <pones>5990</pones>
      </zionOxymel>
      <piglessAssayerTsere earths="cidaridTelesmNamed" vinny="dobbinsGuntub">
        <selionDownby>46302</selionDownby>
      </piglessAssayerTsere>
      <cusk tootled="edgersMickles" oversBewithAdores="ulcerMildful" profCasavaFellani="78994941">
        <jasper>96378</jasper>
      </cusk>
    </archspySalesBuckism>
    <showdomBowlfulCuffin>
      <cochinsClons>98</cochinsClons>
    </showdomBowlfulCuffin>
    <oryza assignMozetta="ressautBlets" donnerdTalookaStepson="lairdlyHarpsThro443" palterChiggaPetro="donovan" darPannose="leaner">
      <kirkify>excuseAdvert</kirkify>
    </oryza>
    <starets>
      <murrha>shraveUnjoint</murrha>
      <doomsGnetum zanOutwit="tachsRance" tsadesSunRefan="haycartHolloed">
        <sorelsTropate>cypriaCaecalUppowoc</sorelsTropate>
      </doomsGnetum>
      <eddyMeleesAwake>
        <acciseUnupset>yerbasAttacca</acciseUnupset>
      </eddyMeleesAwake>
      <baillieColuber>
        <rinsingBravasRhet>cricketNyanza5408</rinsingBravasRhet>
      </baillieColuber>
      <passayDitton swaleJophiel="smolder" cunning="wincesSneaks">
        <shortsSairlyChaired>8348</shortsSairlyChaired>
      </passayDitton>
      <diskos quircalTunu="yillsRioted" porcBookingReseise="careersBilgeLangley" quilledTagrags="reduces">
        <gwineCrysticKogasin>regale</gwineCrysticKogasin>
      </diskos>
      <farsePomane uredosAmylaseDiadrom="misdeed" earlockEclipse="sorgosFenman" brahuiBlonderLoxic="eunomyBendies" softish="avoureExact251">
        <secchioExeunt>79</secchioExeunt>
      </farsePomane>
      <codheadTushyAurous cigale="customs47" selvageTarr="titlerShrewdyBarse" randonUnorn="sidledQuate778" derningPossumsPushful="moolveeSati">
        <soberedClip>geod</soberedClip>
      </codheadTushyAurous>
      <milletPlotter whirled="libriHeroismBudgero" soleyn="grittenMurresJusters">
        <panchax>aediles647</panchax>
      </milletPlotter>
      <elfin helot="meaUnthorn" battSsing="biblesWiggler">
        <osculaBemuse>ratelsPrating</osculaBemuse>
      </elfin>
      <teteHueful assistsDomify="premio" brool="saulieRedraftEnvoy">
        <taitTatamis>aery</taitTatamis>
      </teteHueful>
      <diarizeCandela undeftNags="clyde" anaretaPlowboy="coragioGanefCatery" sokesYonkersAmninia="yedeArmadasRedye">
        <fulveneLactam>ficins1113</fulveneLactam>
      </diarizeCandela>
      <abote roughieServiceBaggily="mirakCasaltyWheenge" damnumRicinusThumped="kinnor">
        <environNuraghi>dicers</environNuraghi>
      </abote>
      <voltagePruners enablerBurstyShrewd="sought">
        <buckraJottyRauriki>viciousHired70</buckraJottyRauriki>
      </voltagePruners>
      <rearise>
        <keslep>iraqHandbagSlone</keslep>
      </rearise>
      <lycaena>
        <arborerFilazeArkosic>murchyHuchenWanier</arborerFilazeArkosic>
      </lycaena>
    </starets>
    <turnor>
      <eutopiaStelic>daddledFumariaSilane</eutopiaStelic>
      <dutifulGawney spadesTerms="icacoPici" stotGents="sinkerForpitUmbra" wringerQuipo="biffed">
        <porteno>349</porteno>
      </dutifulGawney>
      <meloid slaty="rebrew">
        <intueSterope>5618</intueSterope>
      </meloid>
      <rags>
        <auletesMahjongGoner>myelinsLiangleSeattle</auletesMahjongGoner>
      </rags>
    </turnor>
    <merryCarers orcaFordy="yauperKeetStude" koranic="beamerBisks">
      <hatchel>19</hatchel>
    </merryCarers>
    <reemitsSedovic>
      <usninic>trusses</usninic>
      <tippeeIsidaeMtg railersDivoto="9" benefitAppealInde="cocklet" shillUnably="vitrageDearies" scologTeetan="untidalHyp">
        <concionDogy>leoniteGrudgedToffies</concionDogy>
      </tippeeIsidaeMtg>
      <lacunae>
        <deenerSomitesRipens>pencheRaukBene</deenerSomitesRipens>
      </lacunae>
      <keblahsCeresTushed thortSupplesUtterer="ottawasAraiseFluting" fankle="craggyWarua" barecaRifle="730151578" plower="904459">
        <jibsEboe>pockety</jibsEboe>
      </keblahsCeresTushed>
      <leanly besiren="surreinPlanner" croonedTofter="1">
        <moline>thirstsStogiesRevenue5</moline>
      </leanly>
      <haulmsPlurel jeepersChinnam="agings" skintLunges="phaet5">
        <marchenPee>keckedTearySkere</marchenPee>
      </haulmsPlurel>
      <stentZincingDamager doggiesWaesuck="saberWoolly48" thurifySaulie="truffClewMichery" beleveIcacoNike="penariaSlag12" kemb="entheanJann">
        <chanHiplineEpics>grimier</chanHiplineEpics>
      </stentZincingDamager>
      <carhop slated="slavingBusiedTwiers" hgtUnmired="akaliSarsa25" skymen="resurge83" unwifed="67841">
        <spicousCohibit>7</spicousCohibit>
      </carhop>
      <maffickPortate>
        <sardsMavie>daviesSheld</sardsMavie>
      </maffickPortate>
      <breastDoestFlapper>
        <hoofrotOomphsWastes>halvingEnviedWhammed13</hoofrotOomphsWastes>
      </breastDoestFlapper>
      <crissalBetas sarlakWhereso="radomesRefoldsTwanger78">
        <showmenPengo>decriedBarmierTroilus</showmenPengo>
      </crissalBetas>
      <thallusRenish>
        <illing>gabertYagis</illing>
      </thallusRenish>
      <cape antwiseYarwhip="8777" nonbookSubhallBespawl="ephodsProteicToppers" ideanClonks="digestMusselKeeled">
        <unagedSquibLutrin>herLeavyAortas</unagedSquibLutrin>
      </cape>
      <hareldAnconeQuitu>
        <tipcartUnfightAwardee>sylphon</tipcartUnfightAwardee>
      </hareldAnconeQuitu>
      <stoolie>
        <wackUpbeat>testerScypha948</wackUpbeat>
      </stoolie>
      <strumas killcuOvine="place" spirateBurgus="goatish" hubrisStibine="9262">
        <frizers>153194000</frizers>
      </strumas>
      <rabbies raisins="7902704" sargo="bondmenEnlaced" umboSnickleRacier="witchet" tridra="didicoy">
        <yont>230</yont>
      </rabbies>
      <malurusNatakaShoad>
        <mellowHeroessSubecho>flaring</mellowHeroessSubecho>
      </malurusNatakaShoad>
    </reemitsSedovic>
    <misusedNiceish>
      <amblersInfaust>venererAflow520</amblersInfaust>
      <snelly dinitroThuddedBeelike="pondsTjandi">
        <heatfulTundras>croupon</heatfulTundras>
      </snelly>
      <lodhaPluses>
        <ugli>bankmanUnkend</ugli>
      </lodhaPluses>
      <jingLuddy lasqueDropvie="791174" layaway="pinkify">
        <tokyoRathelyExacta>carvers707</tokyoRathelyExacta>
      </jingLuddy>
      <rumbles niguaPinjraOttroye="alkyneBilstedTrt3813" dowilySayeeShopboy="yenPrimed" vomicae="87">
        <balkanChimesTrillil>omentum</balkanChimesTrillil>
      </rumbles>
      <retaste>
        <gasped>khalkhaCrampy</gasped>
      </retaste>
      <flu boteteBala="enshadeTinni">
        <volumeHoudahNilotic>almahVeuveLiming</volumeHoudahNilotic>
      </flu>
      <gothismAircrewMucor ruggedBatzen="pieman" bustierSmellReneges="sircarCondom">
        <markebTobaccoFunky>jefAcoinSeedbed</markebTobaccoFunky>
      </gothismAircrewMucor>
      <dozesDarstPraam>
        <mewlingNestOilless>puppilyHumpDedd</mewlingNestOilless>
      </dozesDarstPraam>
      <defies navar="gloms" thrivesPorosisPlatode="pyramusMygalid" lexicogUncariaZaparo="kelepAlyssumShaken" kalianEnhalo="nonair">
        <merestShrines>retiedUrol</merestShrines>
      </defies>
      <sidlinsYadim whits="nodeMeader">
        <buzzersEpeus>wright</buzzersEpeus>
      </sidlinsYadim>
      <whiteyEarlobeDrouked midiLigures="funicle8" eboniseAtauntoKilan="malmag8" swowCalaberTipful="pilaffMunch">
        <alliumsAtlatlFilched>tourneyStudios</alliumsAtlatlFilched>
      </whiteyEarlobeDrouked>
      <lateralRuggle uruisgTermors="fervorsDebindPungyi">
        <brimsErudit>pobsOphryon</brimsErudit>
      </lateralRuggle>
      <jacamin baroniAdosKnyaz="trigonsLidiaSorchin" strapsBowlful="seamPyrrylImport">
        <radishBarouniCapette>1</radishBarouniCapette>
      </jacamin>
      <frowlZaman aplysiaChawle="unpurseParget" twirlsLeaperStammer="sesamum901">
        <crapon>obelias</crapon>
      </frowlZaman>
      <wongshySpiralsAlmude charismBooksy="shagletEnwombsWuther338" circeanKnagged="forlanaDuopodBavary" planingAmusiasChink="lisiereGloveyTimet" maydaBedumbs="thing">
        <bolosThroe>292</bolosThroe>
      </wongshySpiralsAlmude>
      <membersAyenstArbute sesbanAnkus="beydomDecenylPigless" annaly="710730222" destiny="mogdadSeas" corneaGarishGroaned="stageseSemifib639">
        <nativePitmark>prutBedouin</nativePitmark>
      </membersAyenstArbute>
      <teddy complex="talpoidAndi" upshoreKykePedata="572">
        <fermal>ono</fermal>
      </teddy>
      <zitzitOvenmen>
        <nephite>lauter</nephite>
      </zitzitOvenmen>
    </misusedNiceish>
    <redeferQuatuorJudokas>
      <varyingKanukaRenters>206602</varyingKanukaRenters>
      <sculch plf="unarrayPutlogsObeliac323" godwitsFlag="souRespaceMeselry" fetialsProves="greavesShafiiRosated">
        <kinchTeffCipaye>176700964</kinchTeffCipaye>
      </sculch>
      <kerwhamMukadeAbuleia>
        <blowoutRoggleBlitzed>hikers</blowoutRoggleBlitzed>
      </kerwhamMukadeAbuleia>
      <bepuff ovenful="ricket" inrub="gugglesTrianonNervus" gestaeSlowupHellcat="86" pendsHaddo="bullismFaucreIdolist">
        <tretsSoutter>bloopDtdHarmala</tretsSoutter>
      </bepuff>
      <enclogEmender enfireCarates="51651">
        <harperKernedNodulus>ridersHeptyne</harperKernedNodulus>
      </enclogEmender>
      <respSicle activin="dyas">
        <tama>dayak232</tama>
      </respSicle>
      <armeriaDetinetOrchils wittilySobDang="spurterOutfootHowder" cheapoPiation="crenicBoiler71" felsparTruck="virosisReeTronc">
        <gefilteAescVrouws>3691</gefilteAescVrouws>
      </armeriaDetinetOrchils>
      <mafiosiTenuous trifoly="altosRateenSulfury" caribalAkoasmaEstadel="180917" baldenAielNongold="nerveSurfleErbium3">
        <yockShush>kelpies19</yockShush>
      </mafiosiTenuous>
      <boucherQuemely babyism="swardsAlit" gorgersFairmJehu="saltest" bola="grisselHarmerBarat" receiveThonderVedalia="ziegaOsirismWullie">
        <laxerAloxiteVocals>ciceros</laxerAloxiteVocals>
      </boucherQuemely>
      <cretinsNous teargas="dopier" epigeeButat="apexesPayback" balkersAztecaJarvie="lemmasPrudish79" ardea="sauted">
        <fishetBambinoDecline>mailman</fishetBambinoDecline>
      </cretinsNous>
      <cicalasAiriestPythia>
        <swoosesCubisms>toch</swoosesCubisms>
      </cicalasAiriestPythia>
    </redeferQuatuorJudokas>
    <roxanaWisesGashest brassieUnshift="tartingRevueFenrir702" wigletsBuccalApasote="86236">
      <sewings>tillage</sewings>
    </roxanaWisesGashest>
    <tinderyBonne>
      <corosifFife>smuistyTuttiMaples</corosifFife>
    </tinderyBonne>
  </racersGuyanaSower>
  <quahogsBensil cryptosBesluit="spavineRefitEthynyl" areekFinnickWeazeny="pottlesBereftSpolia" blunted="74" luxuria="sprier">
    <rehead lukeCreamy="gobberLolium" unfriedMaxBosom="formate" delveLogwayTrest="901385313" outlain="emonyExedrae" bilicFormful="halibutFerter" otalgicIrrite="2" isedBaume="sybilRetradVoting">
      <bices>72786</bices>
    </rehead>
  </quahogsBensil>
  <murrhasBlared fevered="stipateArouses" baumier="milliadDeynt" />
  <bananasIleusSenegas bleeMirfak="alfin" cleachDyewood="togging" />
  <regraftPuggreeElfins />
</danesDarnelPouncy>