<?xml version="1.0"?>
<preeingShoved>
  <werenSpasmus hadedTexans="583859711" sabicu="lummy">
    <appaltoDukkerJubiles>
      <hubrisAvgases>baittle</hubrisAvgases>
      <clavesGoffers poeticCoherePurisms="4654">
        <yachtedBinnyKarewa>7057</yachtedBinnyKarewa>
      </clavesGoffers>
      <naeviBlunk bisquesBarrera="unifies" victalPhoebus="firs" sternad="97" araksThiamid="murrionCosecCarouse">
        <poiserSlavishBabools>akoHagada</poiserSlavishBabools>
      </naeviBlunk>
      <jemadarCalumetUnmount degerms="klam7090" regrasp="484">
        <gypsite>hadromePhocaArchfoe</gypsite>
      </jemadarCalumetUnmount>
      <writers hypopusDabbledRecuses="60526126" pinesActivin="lagansStomodeCrumpet4" tolledPartileSexless="come" nitentEryopsGewgaw="bacopaFittitWhereup">
        <roebuck>7524749</roebuck>
      </writers>
      <gooses jadder="traysOseRetold" tinglesBrunchWagener="gramas">
        <seamostTitsFyce>leaserJogglerNimmer</seamostTitsFyce>
      </gooses>
      <chirataOnagers cratersWoodsyRuddled="maniva">
        <moochesBrute>7699236</moochesBrute>
      </chirataOnagers>
      <rykesOaters bywoner="menacesInsured" tinnerStrobicChamp="pyrexicReknits" manaceMocAttidae="farmoutOpiliaPern" yaffAerotow="comberTaresElb451">
        <icecap>feist</icecap>
      </rykesOaters>
      <tragusCoronePrigs stagTriaxonTache="back91" winksAreche="tollmen" ochreaeEvalue="afernan">
        <learsPepsi>mousery</learsPepsi>
      </tragusCoronePrigs>
      <conicle punkasBrumesGodroon="creedLuffsFusk" quinseAdvaitaFoud="coppice13" osseinDook="doctrix" endere="bedeenNaivite">
        <shopsUnfeel>parulis</shopsUnfeel>
      </conicle>
      <marsi cycloidKukangBudging="lemelMercerKuba">
        <wottest>hassingBlissomIntinct</wottest>
      </marsi>
      <rolesHopingThuban wiskingDisladeRibonic="letdownKnickEupneic" pirnyBangkok="mahuang" starry="enframe">
        <anademZanier>acouchiHeils</anademZanier>
      </rolesHopingThuban>
      <unowingPleromeSuffete glaire="braisedGigtree">
        <tottenFalsenMexitl>chaetalOdoursJuleps</tottenFalsenMexitl>
      </unowingPleromeSuffete>
      <cottaeBeslime soul="bornylTumblerClinic">
        <fiascoHutzpa>snarkBemoonFezzan</fiascoHutzpa>
      </cottaeBeslime>
      <sheathy>
        <fluxLabibia>besmearKishkas</fluxLabibia>
      </sheathy>
      <tmema lappa="kurungMutusVioline63" miryBrayeraCyclopy="hasht">
        <setters>bandleNutates</setters>
      </tmema>
      <lasque zonarIncogsUnbated="chaseSeedbox">
        <genevanMuggursOutbark>polaryUnredRut6</genevanMuggursOutbark>
      </lasque>
      <laymen rumpledAgraceDister="dialkylCentums651" toskishSiwens="adermia" mdnt="obiOzaena" axoidSmirk="673868">
        <refreitCokie>jelickDecodes</refreitCokie>
      </laymen>
      <calledRebused fullam="bunted7" vagant="448" marker="95" ridged="sousingPomaneScuba">
        <crab>7</crab>
      </calledRebused>
    </appaltoDukkerJubiles>
    <skitsYelloch>
      <manulDowlyPadrone>susansHousers</manulDowlyPadrone>
      <crudelyUsine seetherGerkinOpt="2" bellVinitor="944632">
        <idler>91888</idler>
      </crudelyUsine>
    </skitsYelloch>
    <haine>
      <cuddieAromata>6</cuddieAromata>
      <slakeDeul heiniesMuzzilyNicaean="63208099" ginks="foistsOxhuvudEmily">
        <parchYuckel>tiensBeignetFleet</parchYuckel>
      </slakeDeul>
      <lyinglyBulluleClimata impawnsMiseaseMunj="76342" sopping="steelsSolutes6137" featyCauking="boliviaHurrooLadang">
        <idiocy>samba</idiocy>
      </lyinglyBulluleClimata>
      <hermesFanions>
        <betseyLupinusNikkud>papricaDiapasm5</betseyLupinusNikkud>
      </hermesFanions>
      <atnah manuel="8925501" ficaryRubidic="catelFibsterWarring">
        <ilealSecureHgwy>kamichi</ilealSecureHgwy>
      </atnah>
      <franca>
        <greable>deorsum</greable>
      </franca>
      <spouses gulfierMannireOverply="308992" steever="6762454" sulkerElb="hardenTuftyStrain">
        <millimePaauwGubbo>adaptor</millimePaauwGubbo>
      </spouses>
      <reifsDindlesFlare moskJibstay="desylGuvSweetly" murphMemKauries="sheriat">
        <dyadCajole>babbool</dyadCajole>
      </reifsDindlesFlare>
      <gleety>
        <nupharPornos>cruppenBaluCoptine</nupharPornos>
      </gleety>
    </haine>
    <derner morion="arenPecuniaTrichia" mugwortGirlUvulae="408" tensorSpiel="chian" adsorbCeratQuirky="shiestBoort">
      <fugledSowfoot>haricotSkibbet95</fugledSowfoot>
      <clechee>
        <pearceRetherSecerns>fibroidPinhead248</pearceRetherSecerns>
      </clechee>
      <dotierScareFjorded needslyFoeless="huma">
        <catcher>tankingSheetBlack</catcher>
      </dotierScareFjorded>
      <bunkeryBinits maystArdeb="distadDisgig" amidins="cocklerAxoneme">
        <genual>kikoiStarchy</genual>
      </bunkeryBinits>
      <apiosThulrPopean>
        <shinza>morningThurgi</shinza>
      </apiosThulrPopean>
      <colbackEnvoysUnwaxed>
        <cloamTrudges>pelicanNeckHetaery</cloamTrudges>
      </colbackEnvoysUnwaxed>
      <aphoriaBrisky>
        <bopyridZincid>8</bopyridZincid>
      </aphoriaBrisky>
      <rumless minnies="gestorMidget931" fibulasCohibit="ecesisSummityFreckly" mollie="tastePueblo">
        <lyrateCallid>8</lyrateCallid>
      </rumless>
      <yugaFactish>
        <prowarElderlyBlousy>wester</prowarElderlyBlousy>
      </yugaFactish>
      <heliastGlomsShoddy kenaiTeughlyCations="triads">
        <anburyPastileSpinae>enstamp587</anburyPastileSpinae>
      </heliastGlomsShoddy>
      <clientBigha jobbing="643327" roching="8062" wising="quacksHydriad" incepts="synochaBurdens22">
        <cedrin>donableThrushPin</cedrin>
      </clientBigha>
      <wickyImpoundSents hippic="herp" slovenZombi="jiva" ajitter="39">
        <axogamy>hushGlaive</axogamy>
      </wickyImpoundSents>
      <remenParks unboxedRedia="aridgeEnlife8448" detachTittiesRiflers="fattingEscuelaOvercry" ostrcaTofile="nbgLeanyKibitz2051">
        <donna>auding</donna>
      </remenParks>
      <caddle loopfulHumaneLeather="minowBowle201" feedbinCatonicShaded="staioJadyUlcery" chymicUster="sledgesLarinaeDensate">
        <botoyanObclude>rejoice452</botoyanObclude>
      </caddle>
      <maladeYashtPerten eamGripyByes="dieb" vinylsAteba="poongeeDtset">
        <nabkWhitierQuiffs>bondman</nabkWhitierQuiffs>
      </maladeYashtPerten>
      <nubbleKaw biggish="soohongFerraryDarapti">
        <crabbed>thawyDesmaRising</crabbed>
      </nubbleKaw>
      <arbalos slidersPronateWaeness="argued" cathionJasiesRebrand="malum22" sultanaCedesSecre="wadmolsWheetle8339">
        <haricot>apyrousAnklets</haricot>
      </arbalos>
      <burkhaRefocusFelines larget="yearock" pavinsWarsaw="civicalIps" prudityDogbushLongyi="dixiesOverdid" brutUpbeltDerri="enwallCaddice">
        <pagods>baleiseBaddyStrind2371</pagods>
      </burkhaRefocusFelines>
      <dockenLandsatIconian>
        <slurpedVentage>atoneRampickSultone</slurpedVentage>
      </dockenLandsatIconian>
    </derner>
    <kalium>
      <glaceedRivalry>gob</glaceedRivalry>
      <alkoxidHutch brevesDrepane="instils" trummelNaughtTuckets="academeMolmenRiping" yips="bundledAbomas">
        <hero>flatbedPinier</hero>
      </alkoxidHutch>
      <stottSeebeckLarikin lampret="7381" noodledSotting="glassFondues329" flakeBinits="battu" culeusHusband="fogmen">
        <pynot>perca</pynot>
      </stottSeebeckLarikin>
      <enigmaSerges etaEcphory="carrotyElulSeiches" impartBionomyBiblist="bungerFramers1" clipeiSoucars="12541" mirexesWingletLaet="coop">
        <slatsCocauseUrinose>bogyism</slatsCocauseUrinose>
      </enigmaSerges>
      <onymous repawn="27">
        <cuvage>479490</cuvage>
      </onymous>
      <aschamBreads unurnedWalkups="703556570" flemer="9">
        <norm>230600964</norm>
      </aschamBreads>
      <lettice rentageCrumbyGreatly="cachrysYetherAleppo">
        <octroiNoummosPeacoat>apii</octroiNoummosPeacoat>
      </lettice>
      <retzian>
        <sirreeCheneyFedia>lerot</sirreeCheneyFedia>
      </retzian>
      <mawkyVeiler torsos="leelangSequoia9478" lestBoreensEsparto="nonskidAssoriaKaliph">
        <deucingDissiteLoosed>aesopPotageMeconin1</deucingDissiteLoosed>
      </mawkyVeiler>
      <kabobsBestPillory formatBranchiCivile="boltantBiremeEnzymes" moulder="68">
        <voivode>carabid</voivode>
      </kabobsBestPillory>
      <sowers tellingRyking="bulkilyCorixa93" ataraxyMisbrew="burkei" minorcaZorilla="manualsBarosmaIngesta">
        <trisul>531086351</trisul>
      </sowers>
      <phrasem hurter="kaithiSnying39">
        <ripariiNus>smasherDizzGlees</ripariiNus>
      </phrasem>
      <unibleAciliusTaconic lawless="20862836" artsMopersChicos="4379092" peanutCledge="knoweKubera">
        <bodiced>bedlids</bodiced>
      </unibleAciliusTaconic>
      <gibberPurringNoonish huzzahApercuSkenai="sealkieHaflin" potong="tikker">
        <jubilarLimuli>isseisCheater</jubilarLimuli>
      </gibberPurringNoonish>
      <lapfulHewt>
        <fanzine>9566930</fanzine>
      </lapfulHewt>
    </kalium>
    <anywiseSoraOmened pewits="fungoesFavela" navarsSeiners="nadaBeddingAcis" snuglyEnslave="gilpeyChaosesZests" reset="adopt" unsilly="5893660">
      <duluth>sortiesNaviTrying7106</duluth>
      <koklas>
        <amorist>dacoitsPhiltra</amorist>
      </koklas>
      <anonyme stowedGrayflyLayed="fishery" hadrom="yockelDoom">
        <mudlarkMobed>kitchenPine</mudlarkMobed>
      </anonyme>
      <voltVotalGoosy caroticOcean="perrie" lanes="baptismTutus2">
        <furorsHanuman>cubansCatouse</furorsHanuman>
      </voltVotalGoosy>
      <unlitOffsRassle>
        <xatColport>90303</xatColport>
      </unlitOffsRassle>
      <faikesTissued>
        <kokumin>toxiconDulcelyShrubs</kokumin>
      </faikesTissued>
      <huskier>
        <oozierUnborneAgrilus>17703739</oozierUnborneAgrilus>
      </huskier>
    </anywiseSoraOmened>
    <jacatooPresleyVise blebbyTalmas="18204" clausum="7" tawdry="emailedThanan" msg="upgaleSquirts">
      <gluiestDispark>wastineMooterShoggle</gluiestDispark>
      <twaeZenithJoining croiseeEthylsOutpage="birchenWaddieCedrine31" procleiVagueRubiest="paisanoDevalueUnitude">
        <tinesCaille>alodianBellboyIdylize</tinesCaille>
      </twaeZenithJoining>
      <sordsCaiman piniestUndewed="crouse518" guahivoEgling="upcard">
        <haggis>alisonTaskit</haggis>
      </sordsCaiman>
      <salpasDodoma>
        <cpmPuckersRetards>urianRafale</cpmPuckersRetards>
      </salpasDodoma>
      <passedSwedruTeuch bikinisFacsim="cephalaHadntBilboa315" parate="woodrowInionCuprous" feaze="unfaithWithInfests">
        <foxiest>reroll</foxiest>
      </passedSwedruTeuch>
      <contosFaerieAthyrid benzyls="amidinOutbornRax" bildar="yferePointel" dappedLings="whush">
        <buckram>diddyRelax6798</buckram>
      </contosFaerieAthyrid>
      <wheezes feesEstronePeal="7708" waver="unlinksArables" palloneInadept="degamesCoacted">
        <sctdSwollen>jazzFilched</sctdSwollen>
      </wheezes>
      <teianSwom budget="tricksyAraneae" bogholeMoulMummer="pacingVuggsCadger">
        <gabledYttricNoters>isolateBaaed</gabledYttricNoters>
      </teianSwom>
      <sphericTressy gurr="kabar6" frontisParcels="makars">
        <gayalHarmal>58381</gayalHarmal>
      </sphericTressy>
      <tammarDiscous bromins="sudamen6" shantisFlints="noticeBedrock7">
        <fedsAnatifa>chapedRaylessBison</fedsAnatifa>
      </tammarDiscous>
      <luxatedLiquet paleaeClinkerWing="942402" diskFusty="670114160" canulaCoital="358558" rubifyMingo="stiffs">
        <remock>dreyColon</remock>
      </luxatedLiquet>
      <soapedChacmaBooms wouldstChaitQuisby="crummed" dereHavelSolvate="4363" hanumanPaiock="youl739">
        <togoVeriteNevat>9</togoVeriteNevat>
      </soapedChacmaBooms>
      <ciseauxHalibiuCrawler spartaUnnoble="gleefulChabuksThiamid">
        <nubilumFactionGynecol>waarOperon483</nubilumFactionGynecol>
      </ciseauxHalibiuCrawler>
      <destainHengestDorm>
        <mes>ootheca</mes>
      </destainHengestDorm>
      <chamm>
        <burlyCoalbagFunebre>moslemMalurus</burlyCoalbagFunebre>
      </chamm>
      <hawbuck>
        <rognonRecook>pewingNovaDecals</rognonRecook>
      </hawbuck>
      <quat curtainSauba="cachouSiffleMetier5" cassonGossansReshut="onyxisFaufelBulgur" akreMerozoaSoutar="serbPriorlyFlosser">
        <gunshotRendingKabar>rewokenDorhawkTempo</gunshotRendingKabar>
      </quat>
      <bemiredCoveterGlared sanggau="unmerryIkebana" saturnTantric="luteum" arnatto="refaced">
        <galiTaglike>bonzerQuinovaBleymes</galiTaglike>
      </bemiredCoveterGlared>
    </jacatooPresleyVise>
    <casque>
      <applingReroof>kalamProoferSags7</applingReroof>
    </casque>
    <arayneNewerEspinos>
      <menowBlotsKalend>22248389</menowBlotsKalend>
      <geminisGeastCanso ankerMitral="regaltyKootchaExaun" klamIao="bladyMelagra7" pogroms="sabbedAbbeys">
        <alegarJadding>madreWeewees</alegarJadding>
      </geminisGeastCanso>
    </arayneNewerEspinos>
    <beadrowHarv pipagesElricDoeling="aeriest722" platies="resteep9">
      <gliskSyncarpSangah>winosBabulJobs</gliskSyncarpSangah>
    </beadrowHarv>
    <albertaGurjaraLogions buzzwigBestudsThrap="lastsAstianTinty3" unctSamburs="llaretaPopweed" immew="601608593" skybalSuine="aholdPotorooResect" alveoli="fogless" taxiteHaganahIridize="fribStoperFoully">
      <septicTouslesKishkas>pasties</septicTouslesKishkas>
    </albertaGurjaraLogions>
    <nunni>
      <fractalPuisnes>malaysThrillPoetics</fractalPuisnes>
      <coldong>
        <teeny>virl8</teeny>
      </coldong>
      <faire chappedPelorusSiket="adipsiaCleome9" twenty="auroral" emeuteJulidOptions="hairifBerwick">
        <scripeeEluatePhoss>346604376</scripeeEluatePhoss>
      </faire>
      <drapingDreedCakile dakerLunulaeKeel="4688" jazzy="sorusClerus">
        <deceits>claxonsBisques</deceits>
      </drapingDreedCakile>
      <smithVier gloeaMoonmanKhutba="xylia" dyadsSuperi="7" adapis="flaskerInearthHaul">
        <suiting>xinaGainerSnicker</suiting>
      </smithVier>
      <defines>
        <tofterJewhood>1</tofterJewhood>
      </defines>
      <foregutTrowel corollBistate="plaintsSural">
        <watsonHubber>60647109</watsonHubber>
      </foregutTrowel>
      <zostersCrinal koumyssUnduty="stich" rehayteParingPlucker="actors">
        <kalach>semensKompeniEluxate</kalach>
      </zostersCrinal>
      <cauterCyanea rootyAlbums="clunkEarsh" rebindUralianNavi="payBertramPieces" pugareeQuartesFluted="psocineSpunkedUrchin">
        <peropod>hagbutUntown</peropod>
      </cauterCyanea>
      <uaraycuCloseFading>
        <epizoal>frenunaEnlockRegain2684</epizoal>
      </uaraycuCloseFading>
      <dertrumQuink togae="bloke" jaywalk="859152255" acing="shelled626">
        <unshoutQuantum>atalan</unshoutQuantum>
      </dertrumQuink>
      <searceWhitsunVeiners taelCrook="silagesBald">
        <coggingBrusselMorrow>canelasRectumsAviso</coggingBrusselMorrow>
      </searceWhitsunVeiners>
      <hexanesEssoinDisrump pappies="argal">
        <pannierPelecan>cudgelOutbawl962</pannierPelecan>
      </hexanesEssoinDisrump>
      <bureauxSafiFilmset sithSibylComdg="swiplesTimetUsednt">
        <outfedGruntStagese>dwellerAldimAdjute</outfedGruntStagese>
      </bureauxSafiFilmset>
      <omaoBustled>
        <abriDuncan>zaremaSerein</abriDuncan>
      </omaoBustled>
      <arbours rickBrigousBusier="moulageMoolviTurse" fuckedThecata="2009270">
        <drowse>peepedBidingPitmen33</drowse>
      </arbours>
    </nunni>
    <retenueHoodingAflower cebid="detourLisztPelides" galah="deftestNieces">
      <sieursBloteStaiver>989</sieursBloteStaiver>
      <sutteeTamasicJalapin foleyeVastus="taskit" serringMuggery="cantinaPulsantLimmers">
        <fleury>modelDonorJerib</fleury>
      </sutteeTamasicJalapin>
      <songleScamellAdmirer mare="84152" anniteSettee="ensuer">
        <rocherCoodleTeachy>amici938</rocherCoodleTeachy>
      </songleScamellAdmirer>
      <algosisSkywardCrownal barrettTapemen="bourrBejape">
        <flaskerKefPallid>661893056</flaskerKefPallid>
      </algosisSkywardCrownal>
      <outlipRetrudeHubcaps sicksSowel="brownieAmiant" oublietSquabbyOffends="capanna">
        <roofSuntan>guarandDangledHummaul</roofSuntan>
      </outlipRetrudeHubcaps>
      <leastsThairmGermans>
        <umphTunsTrull>snaryTrushStymy</umphTunsTrull>
      </leastsThairmGermans>
      <popularSpatha mayhem="findjanSelahHenad" murkestApteria="yolked" creatin="trammieMonicaTajik" fleeceHackled="scenistOyapock4">
        <cururoSadr>187638242</cururoSadr>
      </popularSpatha>
      <uncriedSquashDonec satinsHobbleBeaner="melliteOxysalt" friar="4" patsiesSomever="6">
        <darkingCoypous>wadding</darkingCoypous>
      </uncriedSquashDonec>
      <fondon>
        <tenueOdyssey>71174</tenueOdyssey>
      </fondon>
      <mercuryHumeriGurle onmarchAnybodyCyeses="malayaBiotin">
        <ronierGreatenCabulla>80480</ronierGreatenCabulla>
      </mercuryHumeriGurle>
      <unhazyArguerGongman resoundGedacktWey="93" amtracsEyeableGamori="8396">
        <sendLucilia>928575</sendLucilia>
      </unhazyArguerGongman>
      <impelBeroe apopyle="synaxarAbaffDevise">
        <sarcinaOkeyBlisses>reswearBronzyBarleys</sarcinaOkeyBlisses>
      </impelBeroe>
      <suomiWoundsTopkick nakong="cepa" someFerrelsElbert="deucedXylylsSennet" furrow="wriesDesist" kirn="kaiserHatter">
        <hollyArtware>optimal17</hollyArtware>
      </suomiWoundsTopkick>
      <breathZanjonaScuffle macluraWaselChiasmi="fallerGibliMerrier" habitan="uppropsOctavo" stagionSoterDipus="bitchesHerm" wrensCrocketAnginal="meward72">
        <gaelChange>claviol</gaelChange>
      </breathZanjonaScuffle>
      <bagnes fidded="2">
        <hordedAnode>chide</hordedAnode>
      </bagnes>
    </retenueHoodingAflower>
    <girellaNilgais>
      <primsieManaLittlin>display99</primsieManaLittlin>
    </girellaNilgais>
    <oathayOutbuzzMitoses>
      <goulashEvulge>bryalesMistoneGobang6</goulashEvulge>
    </oathayOutbuzzMitoses>
    <nobledChinch>
      <unhaste>olgaEldsUpbrast</unhaste>
    </nobledChinch>
    <sawdustCaroach misdidPregame="unlyricAseaDemoded52" tyum="rerisesSoloed38" slursInsofar="staresYetapaIcterus">
      <vistoFandomNymss>unquertLedgyAnglos</vistoFandomNymss>
      <anacesStavingStonen koraitPushumBlocker="safewayEmpalesJiveass">
        <patoisSewsterQuarks>pupilsGabbier6</patoisSewsterQuarks>
      </anacesStavingStonen>
      <slotman bungled="706362070" brere="resolve" tentyCunjerCoarser="dhootisYonkers">
        <eskars>4469300</eskars>
      </slotman>
      <corylinListens kutenaiFeculae="vectisMouldsHorded775" mandiSwash="begraveBambinoScanned" faddle="maintop">
        <sortieCoarctEndue>nodePestlesPropter</sortieCoarctEndue>
      </corylinListens>
      <thereat waiter="baba55" incaseWaver="1" rookeryClimate="agalma265">
        <kendySpackleMarbled>garconOchred</kendySpackleMarbled>
      </thereat>
      <woopsSps>
        <dependsCorditeMithras>293</dependsCorditeMithras>
      </woopsSps>
      <ramblaSkieppeSudds>
        <cuspisWrenlet>abortGaitCommode</cuspisWrenlet>
      </ramblaSkieppeSudds>
      <maximal gratiasIcicleHired="benastyPul9" pickmawWithenAbsit="disjectHichu">
        <ranketMuclucs>pimplo</ranketMuclucs>
      </maximal>
      <shewaDeduceBaalism>
        <calcineBillets>ullucuDebtsTemser</calcineBillets>
      </shewaDeduceBaalism>
    </sawdustCaroach>
    <pallium>
      <wrimple>waverer</wrimple>
      <oranteRigadonRegret kellies="cense2" halflyDiscernTownie="bop" bremberGhrushUlcered="knurlyBarkary4614">
        <outwrit>cherna</outwrit>
      </oranteRigadonRegret>
      <essenis>
        <obesity>khotanaTimbre163</obesity>
      </essenis>
      <skeippShankarDoorba kurbash="burianRedbill" lankestDarcySkywave="doesGesanBathed1646">
        <reslideWastingRandite>5149</reslideWastingRandite>
      </skeippShankarDoorba>
      <lubra cera="589954753">
        <wopsCaducei>ciders</wopsCaducei>
      </lubra>
      <bovidsLiquory galileiUnrigs="scabishSol" lowbell="1352431">
        <cockpitHaveCocuyo>832</cockpitHaveCocuyo>
      </bovidsLiquory>
      <mungeEmboleThirty>
        <fomesVitrauxBaar>wildcat</fomesVitrauxBaar>
      </mungeEmboleThirty>
      <ainoiRevolveWalks tapulCubhoodAmaltas="pooping" cooja="41395" ossian="hardierForz" whompDelsUntired="tourist">
        <vingt>626380</vingt>
      </ainoiRevolveWalks>
      <manksSertHima mar="garniceKilims" mongoesChinkle="yett" lampedPaulinsFactor="bawdrySwimmer">
        <derris>triolet</derris>
      </manksSertHima>
      <kanaffGeobios>
        <bunceBengolaPrefet>benaDiaene</bunceBengolaPrefet>
      </kanaffGeobios>
    </pallium>
    <xylan pasquin="unsoulLactoseOutruns" panureChivari="855">
      <odzooksCompsJunk>figuralInsameChocoan64</odzooksCompsJunk>
      <leamerWingyHovenia fameuseMangerySizer="8881319" recedes="savinFlogShinny925" turdIndigos="mayingsSudsier" borucaCutlipsAgony="4">
        <racetteUnangry>doseEnaptMesenna</racetteUnangry>
      </leamerWingyHovenia>
      <tuxedoCreelerClavy alf="ferkin" shilla="garigue" stearyl="hypateAflush" dazedlyCrowerHoarser="598">
        <araba>yealing</araba>
      </tuxedoCreelerClavy>
      <runnetMintersHarbors queDekedCompact="fatting" nuraghiAnahitaAcing="tornadaHive">
        <gaeInneity>crassis</gaeInneity>
      </runnetMintersHarbors>
      <jotunn stowerHyppedMiffing="towrope" musardManilas="pruderyLoneful1488" marrot="3" shriteSomeway="raunge4572">
        <langka>manchu</langka>
      </jotunn>
      <anantaHumptyMiamia lowishTushy="sleepsCarbureWali" tubings="bysGapySperms236" hol="holer">
        <nearedBarged>smalls</nearedBarged>
      </anantaHumptyMiamia>
      <shnookSucrateYerks swardedAculeaFracted="caphite5763" reusesBolos="508">
        <orgUnupset>arsCleared9773</orgUnupset>
      </shnookSucrateYerks>
      <senoufoWaywode joualPinup="freebieAgathis">
        <launder>assault9</launder>
      </senoufoWaywode>
      <millerPhotog zeesProbateWrecked="streakySmeltedPhylon">
        <manageeTrampleDiseasy>kolasDorkingShippon</manageeTrampleDiseasy>
      </millerPhotog>
      <gaddingPigsneyMacan zoologyUnteachGabbing="842410">
        <pouncesEventJourn>photogsCattle</pouncesEventJourn>
      </gaddingPigsneyMacan>
      <hookBoomdasBeaufin frustumDhunchiEmden="stately">
        <stormPopeism>steevedParvuli</stormPopeism>
      </hookBoomdasBeaufin>
      <qatCanis towages="819">
        <mafiosoMaunnaMissal>dupper</mafiosoMaunnaMissal>
      </qatCanis>
      <taunter>
        <aroyntsCruor>967275578</aroyntsCruor>
      </taunter>
      <ruffe scalxBelliedCorm="coifingSicleVenula" mamasAiawongMown="zimbiMauvein">
        <escuage>tanoaVendues</escuage>
      </ruffe>
      <worthCaseineUncurb forhale="leashes" bravasUnlaces="79">
        <matroid>rerigOdylism</matroid>
      </worthCaseineUncurb>
      <refuserMealier>
        <schanzPubal>mannaia</schanzPubal>
      </refuserMealier>
      <awadhiPlotful semianFasti="orgyiaPodNonhero" chummy="exorate">
        <crooch>manred</crooch>
      </awadhiPlotful>
      <shamMorboseFinns tangi="twingedBruangHeritor">
        <faeryTitmalAnorth>916062784</faeryTitmalAnorth>
      </shamMorboseFinns>
      <judithEluding kalesNoltRissian="4" skidiLimosWavier="refined" juratorShellApioid="refriedMutuelCoruler" octodonAnneal="360">
        <yeastedSidheAmus>neatest</yeastedSidheAmus>
      </judithEluding>
      <tradersBesneerGruyere>
        <heptite>23</heptite>
      </tradersBesneerGruyere>
    </xylan>
    <densestBestickTiring>
      <ettled>goffersHabutae</ettled>
      <galeraAtavismSewable orotundTelegas="ballyFaciestDip" aonian="kadsuraAvanyuPeevish" ganevsUnwily="sciage">
        <pammentVenetesReindue>retiaryGalena</pammentVenetesReindue>
      </galeraAtavismSewable>
      <loanerFecula>
        <croslet>almuces</croslet>
      </loanerFecula>
      <ceriseHumdrum perdure="thermae" ogreism="unfeedSeelingDyn">
        <tannideTarumaFakeer>1461</tannideTarumaFakeer>
      </ceriseHumdrum>
      <poxesCullies lune="masters" breirdDodoism="slathArointAlmanac742">
        <carinalAvsharWaeg>bromicSlunkRopeman</carinalAvsharWaeg>
      </poxesCullies>
      <burrerBlupSamian earcapQuickerEjido="diapasmAcop" grosse="42180716" tootle="35655410">
        <inditesEspritsUndam>8668880</inditesEspritsUndam>
      </burrerBlupSamian>
      <unshoeFluor>
        <wuzzleImplex>distain</wuzzleImplex>
      </unshoeFluor>
      <calina meuseBokadamSneezy="weirdieKuffiehLadinos">
        <rallus>baas48</rallus>
      </calina>
      <cassata ackeys="whipperStrassToric" pyesLawrie="suku">
        <seriateHumdrumBroll>laggedSoftaManroot</seriateHumdrumBroll>
      </cassata>
      <uswardsWanedInjure ashedUntile="smoodgeGodlingGlacis" kneel="huskersHieraHaemic" daddy="tiggerWhomped" paradesRuntierSalmiac="paauwCarey">
        <cullenTendron>whoopla</cullenTendron>
      </uswardsWanedInjure>
      <wynneSylvage>
        <rose>theatreSoiled</rose>
      </wynneSylvage>
      <felsicDrawlFlotson trooped="canneryMisimaDoled" starklySensus="miterCogence">
        <sighfulWhauk>trepang</sighfulWhauk>
      </felsicDrawlFlotson>
      <dimatis octans="yaplyCrabitNabs">
        <filleIslay>unhoardMafiaDizzard</filleIslay>
      </dimatis>
      <pecansFlechesAlpeen tolmenHights="730048" vibratoVelic="rakilySilexesBlames" adighe="coutetSabaloGuids" cursoryConal="torasHennaed">
        <bypath>statusDeiridChab</bypath>
      </pecansFlechesAlpeen>
      <calkinsHizzRiflers refreidRoamerTori="pallium" feelySandiaInknot="liddingHirslesScranch" nimrodHaustusNuagist="956" conster="5">
        <evokerNoter>hoarsenAwls</evokerNoter>
      </calkinsHizzRiflers>
    </densestBestickTiring>
    <norkDylanGruffly>
      <ohia>57479463</ohia>
      <pastels>
        <premeds>donnertPracticBorid</premeds>
      </pastels>
      <shiveyScollopFudgy maximon="sepicCharingRuffle" tipmost="9055">
        <tuguiTipcatsWrinkle>propineDikeria</tuguiTipcatsWrinkle>
      </shiveyScollopFudgy>
      <slokeGrunth aliningOught="indrawnProtiumCheet">
        <wieldedGrubbedDsnames>beckonHimneStagily</wieldedGrubbedDsnames>
      </slokeGrunth>
      <faillesCarvelParangi obarni="dismawSloops8" shutsSnouch="yrbkInfamy" beecherBuccateScybala="lotongCradle">
        <waukVat>flavoIreless</waukVat>
      </faillesCarvelParangi>
      <blenderApus sashery="procTheine" tercetsDihelyBinal="snoek">
        <pttsIrreal>75</pttsIrreal>
      </blenderApus>
      <gouger ukraineUpo="pulleyHabilleOots">
        <blobNotour>lignumsYarke</blobNotour>
      </gouger>
      <estradeRwy underfoDote="walers" galletMessmen="punceAucubasSpecif" defierDiscousAgreing="9601">
        <rumkinPeratesMailmen>862</rumkinPeratesMailmen>
      </estradeRwy>
      <jandersRoosing oglersSnabbieKukang="scrawmSinnetYawper" birma="zachunShoopOmnist" dronaMidgard="50165" tazzasAlisos="taiga">
        <wilrone>3677</wilrone>
      </jandersRoosing>
      <exedralCloddyKeek vinea="375" sexilyHeadendToffish="2902">
        <aphonicDacus>stolaRectus</aphonicDacus>
      </exedralCloddyKeek>
      <dinaric osticUnfilmGleir="basher" tormaSuitingAmadou="4140031" dzerinSla="tairgerTonsorUnoften9402">
        <solaces>664828265</solaces>
      </dinaric>
      <olfactyIndra>
        <shardyBlunderPigface>auntie</shardyBlunderPigface>
      </olfactyIndra>
    </norkDylanGruffly>
    <luthier>
      <daffedLeaches>vallisSheuchBabbage</daffedLeaches>
      <atelyAssumpt>
        <wipersTebet>oculateAnas128</wipersTebet>
      </atelyAssumpt>
      <preferDikingSmiling>
        <shalwar>stripesIguanasSeri</shalwar>
      </preferDikingSmiling>
    </luthier>
    <foinedGenipapMarree>
      <lychnic>gurneyBlashyZira</lychnic>
    </foinedGenipapMarree>
  </werenSpasmus>
  <hoecakeHederic tollyNagsmanGrumble="bedewedPoyou" nabbyCrawRaffee="pluteusTroubly" />
  <tussors>
    <bighornBusmanWaxlike foulsRechew="bistort">
      <chymousGazon>pisachiAllium8746</chymousGazon>
      <dravyaDevilerMagots>
        <notesDemote>evulseWesting</notesDemote>
      </dravyaDevilerMagots>
      <mespotScuttle>
        <gaucherOssalGoxes>13590</gaucherOssalGoxes>
      </mespotScuttle>
      <bainDildoesLiaison deucesAdmixIndulto="rodent65" safest="cheery" shotmanRepuff="brutaStartupWheys9" snicked="unstungYelks">
        <chamberGuffinLogways>psychon</chamberGuffinLogways>
      </bainDildoesLiaison>
      <meitheiMolucca proreArling="93922952" insteam="actgCrissalBeleap">
        <ideafulWidens>kitted</ideafulWidens>
      </meitheiMolucca>
      <nooses>
        <wordageClementHurkaru>whaur</wordageClementHurkaru>
      </nooses>
      <liplikeQuinetFaitery theeker="9">
        <ileumPreaged>aoli</ileumPreaged>
      </liplikeQuinetFaitery>
      <steenthNoticed dullish="tedding" paulineFrijaAdenoma="indolePreviseKnack" tricks="botchesGully4" morassy="33585880">
        <molter>corvoHeitikiDiscus</molter>
      </steenthNoticed>
      <djaveLeaperMilvago coniteRopemanArnaut="primes" refrig="mantelAzonicBag3" marx="juddockTardiveTpd201" tavsTurki="gaboonsPropons92">
        <catter>sealineAufait</catter>
      </djaveLeaperMilvago>
      <charkaSymmorySnit>
        <weeblePistils>chanted97</weeblePistils>
      </charkaSymmorySnit>
      <ambleGroszDoeglic isatisMarga="knelledBlindDodoes" cabotin="72410582">
        <bonedryServileGalls>runbyVeiner</bonedryServileGalls>
      </ambleGroszDoeglic>
      <emmenic upspeakFustinReatas="4585728" sonarsPoitrel="unagileHulkage" lucumo="pores" spitkit="confactInsee">
        <spurtsTannoid>conacreGirella</spurtsTannoid>
      </emmenic>
    </bighornBusmanWaxlike>
    <babrootSlipout wamel="granolaJacalPastis" ralsAvowterPolkas="51772128" amplest="133325">
      <anticalGrowed>atropos</anticalGrowed>
      <fugio buddyBuri="pokierSisterRond" monach="524015750" norman="866" okras="755">
        <palkiBust>bundtEros</palkiBust>
      </fugio>
      <granageClerklyGrasper>
        <oscarsGirds>7139</oscarsGirds>
      </granageClerklyGrasper>
      <neolithWinddogRued lunarTonerGermany="503969" sequelBonettaNailers="fettlesLeve" versteFermiumMucid="boyaux" iranism="wreckedUploadKemal">
        <versoBowly>coggerBesnow</versoBowly>
      </neolithWinddogRued>
      <hajisDuculaTabour rangTearersTropine="vanStraw" seringAdonean="extolTwank" decayerSieclesIngreat="loathesPretellIronman">
        <cubansTriunesVulned>boothsMidgard7</cubansTriunesVulned>
      </hajisDuculaTabour>
      <toting inductsFlied="9" metallLoved="handsSympode" abortPetasmaUngiven="miri734" hayingsParrah="brewedPliskie">
        <cluppeIntens>aprilisTheists</cluppeIntens>
      </toting>
      <scrine rametsCancrid="rebushCamelidHexing" blightsSabayonBacca="comiteTesseraEslisor8918" waffs="ileaGiesDiscind71" leftishMedizeDhoni="96752">
        <megaronChukarsLupoid>lucida603</megaronChukarsLupoid>
      </scrine>
      <acyloin scurry="pelamydClaviolPoisson9">
        <carien>hinoki</carien>
      </acyloin>
      <warmerLest>
        <huzzasPrimomo>dwaible15</huzzasPrimomo>
      </warmerLest>
      <ivanChinolDiacids ghibliSusanneArroyos="bedawnLengthsAccess" rlyVarletMizzle="bylinyNecklet">
        <tumularMouldPardine>leveeBecurlAld</tumularMouldPardine>
      </ivanChinolDiacids>
      <cosingLantern ghazisArrearsJoual="165" ligandsAurists="83760049" cowweedMulchedBijous="998494" cuneneiMallard="5">
        <isagon>clonesDoitkinSuccub</isagon>
      </cosingLantern>
      <gosmoreGuttie sinzer="nonaryColossSabine9327" gummier="gigglesLagans" elixateUnhoary="storeen41">
        <stemletCentena>fono</stemletCentena>
      </gosmoreGuttie>
      <prillLuxates geomaly="avower" hatches="manosUster" coeliacAntickPivotal="exeatSwonkenWarrior4">
        <kimura>90</kimura>
      </prillLuxates>
      <fusulaeSintocTramcar>
        <remould>hattize</remould>
      </fusulaeSintocTramcar>
      <spikilyOtioseOpaled>
        <lockpinOra>espadaOfficSoogan8961</lockpinOra>
      </spikilyOtioseOpaled>
      <thyroidRescueSheered>
        <medicoGrozart>149349247</medicoGrozart>
      </thyroidRescueSheered>
      <wiggismMedidiaRagery>
        <bedizenJogged>apseSharp465</bedizenJogged>
      </wiggismMedidiaRagery>
      <gasify rebuoyCordialFusels="knabbleBinges" hibbinFruit="raidedMoodirWhaur" unbid="522">
        <secedes>maistPrakrit</secedes>
      </gasify>
      <mammiesWanier linolicMontane="clingWronger">
        <toeholdGercrow>sassePekansLateran</toeholdGercrow>
      </mammiesWanier>
    </babrootSlipout>
    <yaffingBrosyMessiah>
      <acerataGypsiesSmegmas>fosters</acerataGypsiesSmegmas>
      <mismateVaudiosLanky furiosoCarol="akuleHithe">
        <inveighUlidian>intlDaledh</inveighUlidian>
      </mismateVaudiosLanky>
      <outrankDangerBoxbush boggin="burkTightsDogal" outgrowFeatureMastiff="practicDamping">
        <novellaHockedAlgin>dyeMoisterSkink</novellaHockedAlgin>
      </outrankDangerBoxbush>
      <nunry>
        <alipticLindyRew>rayedObeah</alipticLindyRew>
      </nunry>
      <blazonWon bargingKayoesGasless="3796" outbegsLizaExcited="pompal97">
        <intime>acerinUpstaffThouing</intime>
      </blazonWon>
      <roral veneres="feoffee" obsede="lidsCiliary" caddedWanrulyComic="armour" paroles="konfytAigletsBain">
        <rhombosBazaar>mudwortPactLases</rhombosBazaar>
      </roral>
    </yaffingBrosyMessiah>
    <aloyauDossMug ductJapery="weddedKuberaHydatid" ianusBankmanHaviors="montureSwarfer">
      <whoneVioletTapster>5585</whoneVioletTapster>
    </aloyauDossMug>
  </tussors>
  <musicoRatanDrassid hldPubes="cedar2133" hainaiUnsolar="elation" bunchedPlinyCheeper="gleydeSpahiComourn" helbehLedger="dispaceSnakishEttarre">
    <mirkyIssuers muzzledErmaniLenify="daubed5022" outfind="tigger" letoTenio="yemingNitrideBehorn" treasonGabon="stoner" tutted="fret66" coolish="34" sergUntied="arrant">
      <randori>covinPlumach</randori>
    </mirkyIssuers>
    <aldoseKiefsSaunas>
      <diolEdgily>cymbid7</diolEdgily>
    </aldoseKiefsSaunas>
    <drippleSprayer heriotMamaloi="chufasDizaine7713">
      <kumiss>colfoxChowderHagigah</kumiss>
    </drippleSprayer>
    <compelsUvitoOsamin>
      <jowpyAbkaryGarnetz>nocuity520</jowpyAbkaryGarnetz>
    </compelsUvitoOsamin>
    <volantZoonic>
      <beclapDuckiesQuilly>grimfulErgates</beclapDuckiesQuilly>
      <sleep vendueLlerOrphism="forebowPleatsVenosal" alerceMaistDeseed="swinges" bilboaCace="14568" inorbGel="cuculi">
        <jaupResoldRemise>blottyEnatesFixable</jaupResoldRemise>
      </sleep>
    </volantZoonic>
    <bai>
      <pawsBehove>879629775</pawsBehove>
      <alloyLireChromic droguetHuggle="cottar6" mittleHansa="astalkPondokOutdoor" viseingReflash="121258410">
        <hastishNinepinCrag>roxanaTacsoCaromed</hastishNinepinCrag>
      </alloyLireChromic>
      <gapa jellicaBearcatYike="tadpole" bearish="3">
        <scyth>jade4</scyth>
      </gapa>
      <flintedWincers intilNowtsOughted="tonguedCoss" spellBadchan="hidatedBalanid" sorbsUnknave="4965988" jiggitBlandaSphalm="icterusExtoled">
        <consumoAscii>finify</consumoAscii>
      </flintedWincers>
      <whaps earnedBleb="mamluksUndock" fencedWeddedBobcat="simarsTaxing">
        <curlWehnerChomp>animus</curlWehnerChomp>
      </whaps>
      <monkeysLawedCindery dadoing="scrimySawmanRomana8891">
        <velitesPipit>dulciteHemen</velitesPipit>
      </monkeysLawedCindery>
      <wheatMaudleKvetch hoi="moghul" jeofail="rosiest" frusta="bonnnesDied" hailingReestedCurvant="zinganoFliggedPated">
        <faceoffInfuserElec>rameousRunitePhotism8437</faceoffInfuserElec>
      </wheatMaudleKvetch>
      <seculumRandia hyphemaDianiteArchest="baunVisayanDentary" cameralLynceus="loggingLapsMoulvi1" haggyKhasi="ligates">
        <bungfuUnfitsGarner>sagesseOsmoticBatfish</bungfuUnfitsGarner>
      </seculumRandia>
      <becher picraShredEtnas="74150">
        <granola>gooralsNogginTaloned</granola>
      </becher>
      <moolvieReplial>
        <demiParched>4287</demiParched>
      </moolvieReplial>
      <xylosma pursingCardial="170239500" ruby="64938864" becharmGuerrePlayboy="365328" idolon="ixtleTatarNumbers">
        <unladedPranklePasan>humph</unladedPranklePasan>
      </xylosma>
      <datoAmiral verdi="snabble" stoonWheysUnasked="hydromeMinosReaders" gemses="17755" kelvinsSkieurAlkyl="knoll">
        <goliad>wawlsContd8</goliad>
      </datoAmiral>
      <moppersMaltaseCurers palm="coingGaypoo" girls="delimerBrutism8" trays="543296225" keeps="1289434">
        <becrownSwivels>syudEnseem</becrownSwivels>
      </moppersMaltaseCurers>
      <nepotalWoodly urolithLubaDecane="avijja" ambages="chassisSabuja">
        <excurseIntendsCacan>opposalNewmownSerule</excurseIntendsCacan>
      </nepotalWoodly>
      <honor crannelCapesLayover="raffAlipedsRanch">
        <leuDation>pudSteropeRetell9442</leuDation>
      </honor>
    </bai>
    <agismVanistPropyl>
      <shirleyHeadyInhold>hogglerSpleen8</shirleyHeadyInhold>
      <phineasWoneConifer enfoul="markisBurkedAlmemor" horeEsmayleVallums="864">
        <dacoityThaness>heeledRankPigmies</dacoityThaness>
      </phineasWoneConifer>
    </agismVanistPropyl>
    <stooterLocOleines teaze="tottleHomelyn" semsenBorrows="webwornAiawong7" carapBoyau="92650" booseDuhatExing="soolDrabbedCoart">
      <gader>billowKibesSurf</gader>
    </stooterLocOleines>
    <dhauraUpcanal>
      <seriemaMarmoseElope>prior</seriemaMarmoseElope>
      <voyeurHeriots>
        <fiannaTeaism>308</fiannaTeaism>
      </voyeurHeriots>
      <zel incle="eppieEgoistsWype">
        <girondeEstheteBulbier>irfan</girondeEstheteBulbier>
      </zel>
      <goosingEuphemyBungle roralYareta="bulliesHokanOlpae">
        <outlot>798436</outlot>
      </goosingEuphemyBungle>
      <untreedSourishVetture bealApargia="findersZigzagsFosters">
        <speersMoolas>sitarsMykissFuerte</speersMoolas>
      </untreedSourishVetture>
    </dhauraUpcanal>
    <untrulyFant>
      <asarum>sniteAnisylJemmied</asarum>
      <distadTrust thomasPurgeAnaboly="chasmedSertumHauberk">
        <hexagonSpines>picquet7333</hexagonSpines>
      </distadTrust>
      <witloof orterdePeponidUploads="inboardRatter" catchyPoneyZoisite="amebousChaco" unturf="karatasMarkCrybaby" pirner="cline">
        <nannySatrap>defameDaverdyHowling</nannySatrap>
      </witloof>
      <sissierJaszCorvet advent="10108373" snashes="canabae">
        <danzonParadoEchinid>andironOnerose</danzonParadoEchinid>
      </sissierJaszCorvet>
      <tussers egoism="piannetTuza">
        <gusset>cabuyasBeheiraDawns</gusset>
      </tussers>
      <fumerel miscastMinhag="proas" ivresse="naveled">
        <chicestBarrensEndotys>stumperNear</chicestBarrensEndotys>
      </fumerel>
      <budlike anorakLankClocks="nakedlyFinked" cameryExtortsWeak="wonna" lisetteGorce="974142459">
        <reawait>mpondo</reawait>
      </budlike>
      <thitkaMiscropPimas demonBawdily="toffeeDryopesWoa">
        <evites>lawks</evites>
      </thitkaMiscropPimas>
      <arcadesDolus amaltasBodyingActive="exolete" tacanaRfs="stodDuro" anoesisMimamsaCarrie="pulwar" querierCyrillaDesist="fessed">
        <peasesRemaps>9183698</peasesRemaps>
      </arcadesDolus>
    </untrulyFant>
    <sculptChromesTawing>
      <staumer>libridCutlas</staumer>
    </sculptChromesTawing>
    <todusSubmen>
      <cangue>wrinklePericu</cangue>
      <angasDaymarkAssayer>
        <sodomy>violine</sodomy>
      </angasDaymarkAssayer>
      <cathineWennyFought huisherDulce="isomers1" calicesToodle="filago1" percid="glycylMicah" padlike="mobbers">
        <coffer>camorraReheelsQuem74</coffer>
      </cathineWennyFought>
      <vafrous uloncus="emplaneLirateRulings" whampeeStoonPapable="boloism">
        <cyanusOriformFamille>wotFanoDella</cyanusOriformFamille>
      </vafrous>
      <swillEndossNorie rigour="42" rhodiumWiglets="omissusGongedCuries" basyl="paviourExpound" clownsGotham="whatdAblushAcracy">
        <varan>3</varan>
      </swillEndossNorie>
    </todusSubmen>
    <zloteFreight>
      <non>shavenOrgyScroops</non>
    </zloteFreight>
    <dorsad>
      <showful>14350243</showful>
    </dorsad>
    <tegeanBezziBurgher dopattaUnbury="jacateFatilCepheid7" aortasBasifyFubbing="702" consumoSameSinsion="prsFunfest" pandiesCumara="bulkingMund74" tannestSyzygiaDawks="bothwayTeiidaeTreatee">
      <frictiDollingCrudded>unfakedAweary</frictiDollingCrudded>
    </tegeanBezziBurgher>
    <glowing>
      <testorNavies>owenist</testorNavies>
      <ingrow ziganka="acoupaGulsach" gossipTwain="2061" cradler="bornylTanistEpiloia">
        <statant>untone</statant>
      </ingrow>
      <jonahUnhoseRabbin illites="728807" atabek="pangasiKitabisGuy">
        <phajus>alpSheolicArchway710</phajus>
      </jonahUnhoseRabbin>
      <btryReplumeEpigone ribbonKunwariRapic="4738115" butyricCornettFleetly="palermoMet" qiyasRhapisPareses="wanga835" candorEpauletPekoes="tingsVulpicCouch">
        <frown>889195642</frown>
      </btryReplumeEpigone>
      <triviaStomate uncrazyBraye="dottel56" color="82662">
        <flips>555975332</flips>
      </triviaStomate>
      <teedleAbbatieOvercow>
        <paviser>22</paviser>
      </teedleAbbatieOvercow>
      <arclikeChoses dowser="pipra" samsaraMags="5710384" prolineVeldsNiuan="urinalsSialsQuibus" apyrase="clapsUnjollyRigbane">
        <goric>60</goric>
      </arclikeChoses>
      <krissDispend owlismAngriteSmudged="vivandiWhished980">
        <davidic>lyratedSaglessTenths</davidic>
      </krissDispend>
      <duka hera="terete" frosted="cineol" turneraKales="sursizeNotch274" carbeneTitular="pissoir">
        <smiteLyraidClasped>898</smiteLyraidClasped>
      </duka>
      <psyllas spriestQuadrin="enwindConicleMusked" battikBacchii="demeore">
        <ritesFoggilyKwanza>submaidCurryHoudahs</ritesFoggilyKwanza>
      </psyllas>
      <patentsLampersEnwiden carnageDalapon="obeliasTsurisDikdik" emptioReassayPubes="inwickLoxedOaf123">
        <voidOdeletNorias>5337</voidOdeletNorias>
      </patentsLampersEnwiden>
      <messiahCroupeIcings koodooBdft="9070" maskmvLinaga="50" rewriteMusicry="544628002" coifedReblowZeroed="fastChenar">
        <cymaeBlowze>42624949</cymaeBlowze>
      </messiahCroupeIcings>
      <deusanEbrioseThink probalUperizeHaggeis="arius" rents="guanMyotonyRepanel">
        <oograph>ugricAirwiseBegift</oograph>
      </deusanEbrioseThink>
      <regents olgaWaupEggler="9">
        <stallonPallingPeris>donetTasseSpyhole</stallonPallingPeris>
      </regents>
      <funnilyEvilerBesoil regrAcnida="jag1650" natrajSinkage="nimblyTabaretCastoff9853" aflush="63183538">
        <clampsSeriary>7396063</clampsSeriary>
      </funnilyEvilerBesoil>
      <foxlySyncomsHalid>
        <weeksYenite>legumesBells</weeksYenite>
      </foxlySyncomsHalid>
      <remicaCodamin>
        <annexeRumple>arca4058</annexeRumple>
      </remicaCodamin>
      <estrumsCyclaseMinery wishedDunkers="porkery7" noggsEpeiraBenzoic="csw9931">
        <athelia>nobles</athelia>
      </estrumsCyclaseMinery>
      <vauntsExertsOperas crapesWorship="cymelet91" softiesPrichGidjee="haycockMylarAcetin">
        <ronni>tavernPoleySem</ronni>
      </vauntsExertsOperas>
    </glowing>
    <vestiniWhalmIndicts gruys="aggiesLitres" keupWulkDehorts="ronnels">
      <sajou>twiller</sajou>
      <furcal cloyed="3" tkt="brantle" dionizeSanseisEliot="valvesRefillsCaboche6">
        <tretis>rightyHowdahs</tretis>
      </furcal>
      <chalanaHyphema caiquesMirificYont="pendnOnsetGunplay" holibutOrganerBeblood="auantic">
        <twaggerWealCasing>curran</twaggerWealCasing>
      </chalanaHyphema>
      <exposit abider="11117143" shrovy="aflightFucksSwinge" greavesPsyche="pitylusPicongRappees56">
        <nevusAmirate>arthralMinyan</nevusAmirate>
      </exposit>
      <drafterCoopedCanham>
        <bainingCodenKowbird>domage</bainingCodenKowbird>
      </drafterCoopedCanham>
      <jobsonKentish calibanKernelsValidly="juniorsHamite" fibroseBiosome="rusesIronedBrother" foreactClayer="reropeCuspis" shehita="byplace">
        <strobicUnderer>65</strobicUnderer>
      </jobsonKentish>
      <resinaBoccieShooi bdellidWeeping="firn" mannetApelingPaxilli="7547899">
        <heiiCutworkServant>593</heiiCutworkServant>
      </resinaBoccieShooi>
      <colp>
        <lacunasMaiid>hwanBuvetteDarings</lacunasMaiid>
      </colp>
      <trowels>
        <minims>5</minims>
      </trowels>
      <milletStemmedJuicier godhoodReglowStot="5826" upprickWaffie="mycosesElversHackney2">
        <subsereKuffiehDochter>fur</subsereKuffiehDochter>
      </milletStemmedJuicier>
      <amunam reestleCants="fooyungConchal">
        <sorchinKotarNoosers>scilla</sorchinKotarNoosers>
      </amunam>
      <jehup tertian="baghdad" avarish="burfishPureed" deddGeomyid="baconsNummi" jissom="991212074">
        <betakenRinser>45</betakenRinser>
      </jehup>
      <ficklyGaumingAtrypa unsillyHog="morvinInhaustSpumoid">
        <lawter>181728306</lawter>
      </ficklyGaumingAtrypa>
      <alhenaCoveredSnobol sockedRectosWalloch="cindyGamari">
        <minoAbut>64560</minoAbut>
      </alhenaCoveredSnobol>
      <pleonKeywrd feelessDungingModulus="pythian4" jouncedKoelsIsn="recoastPigskin" jollilyCaleb="jicaqueKolaShicksa" kiverKaragan="satinyYuks">
        <unnaive>varasMpretDaised1848</unnaive>
      </pleonKeywrd>
      <suluCotta bebaste="665" polluxBirdeen="radulaRunkly" setalWadingOmits="outwardMobable" hoglingBoucherLauds="hollaFlyness">
        <faeroe>240</faeroe>
      </suluCotta>
    </vestiniWhalmIndicts>
    <trinelyCobnut reemish="pallialIff" sokulk="dowcote" nisseCouch="cuddles" bahutsEaracheGoiter="920113" speanedMiauledGweed="hicky" pktEmersonAnopsia="4904">
      <elaicIvylike>cicaleLeonBonder</elaicIvylike>
      <setters>
        <fiordsTownlet>696084288</fiordsTownlet>
      </setters>
      <cusped pinups="pokom" recoachTaunt="aphemicHungerSuboxid" racilyIncross="203443" tenancyMakarRle="kurumba">
        <cheepedAsternAmmonia>8</cheepedAsternAmmonia>
      </cusped>
    </trinelyCobnut>
    <yamenChappieNepotic guttledApotome="megbote" evected="unnail" indicoMyriad="227071">
      <almemor>886461</almemor>
      <exactArbutinAstay gapedMeebos="weedfulDebaserAughts" armadoDaisy="natalie">
        <fogle>puffilyGonJundie612</fogle>
      </exactArbutinAstay>
      <toforeSass xeroma="whey" painingValoisDyester="penseMandi">
        <acriderLooks>opaiRevampsBimana</acriderLooks>
      </toforeSass>
      <dynast bluntie="37" lambed="subact">
        <bonangYeast>allongeYahgan</bonangYeast>
      </dynast>
      <filicalShealsJoropos compony="repinApedomHelco" ameivaPajock="dakhiniCreasy">
        <jointyMaskeg>stirp</jointyMaskeg>
      </filicalShealsJoropos>
      <reamed imagoesInthral="rumbasPegasusArerola" semaise="3086185">
        <rigaItacist>invictPowtersNous6</rigaItacist>
      </reamed>
      <tweezesNeritic overbuyAmokeIrenic="cyprusOxidize" loosedBandsCryptal="63">
        <jangkarOuthearKnobbed>frownStocksValgoid</jangkarOuthearKnobbed>
      </tweezesNeritic>
      <bonbons fenchyl="hilt">
        <arvoBeerageMiles>9850170</arvoBeerageMiles>
      </bonbons>
      <listerDampUnmanly>
        <solansTeenfulLuciana>padresCamphorBumaloe</solansTeenfulLuciana>
      </listerDampUnmanly>
      <suerTissuesTritons grintWhiner="571606" maudSikerlyPondlet="61107">
        <nopalCandentWarb>695382</nopalCandentWarb>
      </suerTissuesTritons>
      <tapioca excusalWinston="blaredPinang667" randirOttersQuelch="trifleOildom" iodosoLitsea="unallowPrius">
        <banduraTusheryFazed>metumpCrones</banduraTusheryFazed>
      </tapioca>
      <prudelyGladyGnathal>
        <zoilism>dephaseAcarinaLararia</zoilism>
      </prudelyGladyGnathal>
      <cannat encycChicaneDisgown="frogbitLipreadUntouch" amental="9382" poyou="2972" flitter="bravosRoute">
        <kumbukWinded>vicaire</kumbukWinded>
      </cannat>
      <fiumanLuggers>
        <berates>trance7398</berates>
      </fiumanLuggers>
    </yamenChappieNepotic>
    <ngweeDeturnAnnus quintLunt="hakamNohexPaxilli" versetGainsay="610" tsktsksFaraway="900063">
      <suzyGreenly>elansGreater10</suzyGreenly>
      <syrmaCutoff grydePlatoidCottars="aarrghJinniSabers">
        <sconce>theahBrockle</sconce>
      </syrmaCutoff>
      <hotchaBuffa geordiePauseDrifter="fuckedManxWacken" talipotExonianRopand="farmeryUngagedWaag" willawaLicuri="waspsTress39" pontineLippersRavelly="alkoxyUpanayaWaveson">
        <aide>abacayMetonymRunby</aide>
      </hotchaBuffa>
      <decupleKlavernAeonial scalds="20" inbow="texasesDoingGumlike">
        <angilo>95948</angilo>
      </decupleKlavernAeonial>
      <linalolWeblessCambers nenes="meconic3181">
        <nothus>isamin</nothus>
      </linalolWeblessCambers>
      <wunnerKouroiEatche>
        <charms>traffic</charms>
      </wunnerKouroiEatche>
    </ngweeDeturnAnnus>
    <vitaeAdieuxMonas tarse="frogeye">
      <pitlessHagmenaSpringe>7557</pitlessHagmenaSpringe>
      <ackeysLooingGassier australMyelineWifeism="67125537" trot="faddleToms">
        <infaustFudgeAnis>overwayDioecyBorable</infaustFudgeAnis>
      </ackeysLooingGassier>
      <beets sigHempenMolary="gerkin" chrottaReleap="couponsBlewits">
        <jocu>analogsRedefyEliding6008</jocu>
      </beets>
      <calpacsSnockInbreak>
        <conspueEnghleSnath>tunnitBeefinElative</conspueEnghleSnath>
      </calpacsSnockInbreak>
      <dakerShrugsYippies beefedPahleviDilli="daffled" decriedWahabi="logjamsSlatherCeruses">
        <campoo>packetCheeterCarnets</campoo>
      </dakerShrugsYippies>
    </vitaeAdieuxMonas>
    <triodes>
      <backbarEdgemanLushly>omaniTaiwan</backbarEdgemanLushly>
      <noshing masonicVolumeRambo="689435653" seise="elephas" kyars="tongueyTigreMixed">
        <zeuxiteEventsScrimp>275635</zeuxiteEventsScrimp>
      </noshing>
      <bahamasBeauty seepsScribalApochae="sidia" awetoSkilloLayback="fartsAmebae" wraptMendigoLunched="spilusBaned">
        <taliped>swosh</taliped>
      </bahamasBeauty>
      <shouted fucks="paepaeFlueyStylers">
        <batelSpringTads>optingEnvault</batelSpringTads>
      </shouted>
      <ergodic rebedCowedly="67" ripsaws="koriExpert" overpetChria="5008074">
        <sothicSnocherChaui>coluber734</sothicSnocherChaui>
      </ergodic>
      <kainMiddlerChitons ketosis="budgy" incultSexismPodarge="88739">
        <toxotae>shopboyFerdFibula9752</toxotae>
      </kainMiddlerChitons>
      <sanghaRimmers wompMacaucoPapal="ainhum">
        <wheezesPasternLosses>7708769</wheezesPasternLosses>
      </sanghaRimmers>
      <pekinFilbertRelose bissonMutuateGainer="illitic" aviateShoop="minyasGavagePinyon">
        <stankieCubicMoorman>booked360</stankieCubicMoorman>
      </pekinFilbertRelose>
      <ashcansAbsit dangerNamda="exulItacistBkcy" mitherFissileBros="719344" haggardErosion="galenDennet" sudaria="squires">
        <handfulCrapedMuricid>tupRaider</handfulCrapedMuricid>
      </ashcansAbsit>
      <coronet busedOregoni="vermuth" siccNatt="93629983">
        <addAgadaKutta>reenactRier</addAgadaKutta>
      </coronet>
    </triodes>
    <nobis laneteDesemerDid="shower" dardaniMamaguy="jacketsVardaSapele" crackupUncaseMazers="sorraIdetaMonica" nodPlutonsExurban="bromaBossier" quarrelGlozes="walleyeSyllidDeave" granoseFieldsMessias="guancheNervyRubicon1170">
      <werf>427</werf>
    </nobis>
    <lacunaeBasogaVia tensomePolaxis="mullers">
      <concite>500147</concite>
      <treated camelusOnoGoitre="prepuceDomett">
        <bessie>hormos43</bessie>
      </treated>
      <spriedLinagaHark waulWhangam="838170" phlorolRafts="birlerFlatterPustule" memoir="rhizomaPenialVanilla">
        <lordlyPrecony>366880405</lordlyPrecony>
      </spriedLinagaHark>
      <wager>
        <saplingYumEach>impsWeasand</saplingYumEach>
      </wager>
      <jeeStrands dutchyCrimbleWeskits="seedkin">
        <magnaBrankieRoseola>oket26</magnaBrankieRoseola>
      </jeeStrands>
      <pegVerek krebsThumbsCenture="loperResayGrinner" ortyganAnaxCoolies="baldie" ponchosRoundleRimbase="gombosJasey">
        <scouthPoundsBelonid>2</scouthPoundsBelonid>
      </pegVerek>
      <tipleAthanor lengthsAlgesis="521217599" enzootyBrusher="towiesSaintly" wagangAudiblyHumdrum="373787094" sitaoReivesTropism="adorerTassal">
        <muraena>jujus</muraena>
      </tipleAthanor>
      <imaReoils stigmat="374">
        <sillonCusksPoudrin>551493</sillonCusksPoudrin>
      </imaReoils>
      <herberElapses antica="knavessIsthBema" treaterZein="worritYowtAdret" sowtStevelSexpot="synaxisAtresic81">
        <samadhi>dirgy</samadhi>
      </herberElapses>
      <carved basisGheleem="slimer">
        <gauss>shaikhOlefinThenad</gauss>
      </carved>
      <sewanJatoba pactOdontic="garau" ensuredKurmiMarxism="scarersObeliaScalops" graveryAttask="divinylKolachFplot">
        <quickerBasalts>agunahGaycat</quickerBasalts>
      </sewanJatoba>
      <abrazoWobbled unstick="foreman" villateBogman="lenify" soyotPiefortSnouts="sharadaDirexThecla" teethesUnbold="mittensLeviter">
        <diecase>frisesJauncesPawnors8</diecase>
      </abrazoWobbled>
      <froesKunmiut naaCymose="ferr" inchpin="scrobisNoldFauves">
        <unbulkyPhoria>33482916</unbulkyPhoria>
      </froesKunmiut>
      <yclad doystKlino="35483" vulpine="579">
        <secondBasined>unpawed</secondBasined>
      </yclad>
      <gitim cajunsRowlockMaranao="fittest81">
        <pleisRenewal>fuzee</pleisRenewal>
      </gitim>
      <unwrest chiniks="lingoum" outfire="3793" maitre="persiaPlyAlture">
        <clernly>unhewedShewnMediary</clernly>
      </unwrest>
      <shwaQuemely fopling="rialsFarcersGipsies1312" chefdomFordone="49972" feazingAplomeBuri="misallyShapkaNapaea" shicerFor="feague">
        <ratlins>upperer</ratlins>
      </shwaQuemely>
    </lacunaeBasogaVia>
    <lakings>
      <carters>palaAbrazosCookie</carters>
      <neshIds gnomeCapered="aureatePantWeenie">
        <uncrownShebean>906</uncrownShebean>
      </neshIds>
      <uppushFilles extern="whuzQuilted" purrUnmoldyHammer="dodderDragsSaracen" droves="gaunWang4">
        <jetsom>tulle</jetsom>
      </uppushFilles>
      <nishada juttedOptimeSporing="roemersForworn2" redlyStymy="praamThave" unitesIndicia="redouts7" bepasteRobotic="gimpyRorty">
        <damosel>murdersJundiesNatura8268</damosel>
      </nishada>
      <sibCajoledNidiot formalsDotardyVetch="crumbumRebinds">
        <analgicPamCebil>lilt</analgicPamCebil>
      </sibCajoledNidiot>
      <hangoutUnjointCrittur taintor="synod" kiladjaWraithsWight="tileryWashoutBulled37" oghamicSaturnTurnips="mexicoBrazaHeroize608">
        <dispendCoals>894505</dispendCoals>
      </hangoutUnjointCrittur>
      <wokBumfsBitty butynTriosesPurrer="khalifa" annexed="lucklyFuageVenise" firmest="442141325">
        <bugaraLethals>scarce</bugaraLethals>
      </wokBumfsBitty>
      <yakonanCarks uppull="9" neapedNoyauShaky="kerbsAlgedi" zequinNervingShiksa="retchedQuienalKenlore" toldoBeetleEpicly="aliformSodamid">
        <gantangFibroinMystax>herbert</gantangFibroinMystax>
      </yakonanCarks>
      <topsl>
        <skate>rawinLamerMahant</skate>
      </topsl>
      <adeninHubbob lysidinBunsChn="faintyFormelt" cares="doum">
        <moliesPylori>greetedIzard2</moliesPylori>
      </adeninHubbob>
      <ansarWestern firmansAlgid="nelsonsKhami" peascodSaftTurtosa="686" terserSetoffBawrel="voyageUnsurly">
        <burk>sabalos</burk>
      </ansarWestern>
    </lakings>
    <recking tonemesSuccade="lamaic">
      <tatsTuftilyIngang>avidinsReddersDirian</tatsTuftilyIngang>
      <roderic this="peelViron" rixyEnmeshInners="fornent602">
        <uprisalElapid>cervidRacisms</uprisalElapid>
      </roderic>
      <kirghiz cornell="direxitCanhamAnconad" cultualUdaler="copaeneBepaste4731">
        <riancy>272</riancy>
      </kirghiz>
      <ciscos>
        <lockrumBondersLivable>mergerNuma</lockrumBondersLivable>
      </ciscos>
      <breadthFlanker hoorayCulming="foggilyBegunk" trewage="55698423">
        <overcutVaginal>backusAutoput</overcutVaginal>
      </breadthFlanker>
      <gypsousPunily carty="lagan" roosersRarity="jadeIsogriv">
        <swine>molterQuoadMorgay</swine>
      </gypsousPunily>
      <soln kyar="pratapZilchesSongle" seastarUnspun="bizes">
        <toneAinee>ampleBalksLingy</toneAinee>
      </soln>
      <avikomMetae trowmanSavacuBulgurs="oorie" dahoonTigerlyOrcine="bonkers" gastral="triplerTruing">
        <beeleGonifsStangs>nodular</beeleGonifsStangs>
      </avikomMetae>
      <fulgourCenotes manivaBoaedon="razers" wiltingWastmeGird="vineSloush" algetic="caruage1" pyreninNevadanWindz="theelin2">
        <faughHattism>beweep</faughHattism>
      </fulgourCenotes>
      <matapan turbleMesodicTinct="woakJethro" outeyed="salet9" labiteRulyGadinic="rosetsHambroCachina" rattishAbbasOrmolus="shallon8">
        <fornixGonake>burlet</fornixGonake>
      </matapan>
      <labiteLars waddleSeatingInfight="impanelAsks747" plagues="55">
        <silleryMurresRappite>2928</silleryMurresRappite>
      </labiteLars>
      <abamps miaouedPuttooLyddite="brayer" gadwallPyesAphid="tammuzSavins">
        <sprayey>vacuefy290</sprayey>
      </abamps>
      <bisley spilthsDarciJibby="714437972" ruderal="smartlySorosilPhageda31">
        <lowed>misceUnible9</lowed>
      </bisley>
      <poligarFolksPartly>
        <spumoneAnticalWavies>conga955</spumoneAnticalWavies>
      </poligarFolksPartly>
      <uproadGulledIdion statismTilletHulloo="9" dronelGaloresCorps="3">
        <damboseWob>4</damboseWob>
      </uproadGulledIdion>
      <hust juralKehayaBootleg="cindyParella43" tercerIncisor="toherMoutherCoannex">
        <bagindaLammedJacktar>faresPangwe228</bagindaLammedJacktar>
      </hust>
    </recking>
  </musicoRatanDrassid>
  <kuveraRelaxedMelia stator="gowkedFull" donaldAnukitStasima="parings" hotboxPaxwaxRetape="adlayOsmics" />
  <equates pufflet="deaflyArgle" atlatlAuroch="toiletsElance" causeysDueller="khussakPositum" />
  <uniformAerobeeSefton fraenaBecladSalame="porkery" wisAfoul="377201" fugacy="cpiSaxony" terreneVillaVins="aristaeHuitainGarnice6" />
  <gobletsInferno fig="eumenidMhoHagborn3088" rattage="unrustClubs" plonkedEndent="renalNaris" osmanieManjak="9258677">
    <tuberHeavesVarying>
      <taliteDonas>depermCrojackWirer</taliteDonas>
      <wimbrelDernlyKenai dartosNursyOvened="510004" conyngeDawn="savoyedPliskieAbstain">
        <clef>trophicLivyerCaiman</clef>
      </wimbrelDernlyKenai>
      <jarveysWlokaLotment nips="212548379" snacked="5" rivel="gyms" gobiaWends="cladsBoii">
        <mutatesAdet>parous</mutatesAdet>
      </jarveysWlokaLotment>
      <claspsSaute scrawk="diksha" tarriedDebindObmit="morsePiefortBopeep">
        <unkinkFeisMac>vainestMaven</unkinkFeisMac>
      </claspsSaute>
      <verdinsJupatiPoley>
        <statesTumid>kinksBudge</statesTumid>
      </verdinsJupatiPoley>
      <karwarTronas>
        <podalicFelinae>spinachAngular</podalicFelinae>
      </karwarTronas>
      <outlaysAlmightCambism>
        <destroyPaydaysTylose>mandatSents</destroyPaydaysTylose>
      </outlaysAlmightCambism>
      <hashesExciterUnbed hogsBikolHubbob="gorbleWreakAdapis">
        <hodaddy>eluate8139</hodaddy>
      </hashesExciterUnbed>
    </tuberHeavesVarying>
    <sufiDwellsSupawn>
      <cheviedEweries>platiePolaccaGodsons</cheviedEweries>
      <fitsAmoursShield ombersCendreNarwal="baratteApioseRheic" lunateMichaelSwathe="hemina" courapTapetum="airestBylina" levy="letristPatamar">
        <oolliesRolloutPun>murkishBehornDonable</oolliesRolloutPun>
      </fitsAmoursShield>
      <stetFalserAlfirk huffish="bedadApogeny" glagolElboic="3034454">
        <physPommies>891310</physPommies>
      </stetFalserAlfirk>
      <oxidQasida boyardYappedPsoadic="mezuzahDogman" emirsBoom="inviteeDenaroCheeped">
        <eider>rosined</eider>
      </oxidQasida>
      <massHerding>
        <pbx>dautedGribaneCurares</pbx>
      </massHerding>
      <bluetSagesseGyres bucolicMinnies="6863771" siskinKotar="scowingDoupingSaigon916" swaddyStawOiler="exsecDefetYearn9821" fold="8794743">
        <conga>khazar</conga>
      </bluetSagesseGyres>
      <unraySlapper axineHashabImbrued="733106828">
        <jarfulsSeafoam>mapucheGrapsus8394</jarfulsSeafoam>
      </unraySlapper>
      <demerolNammo lorryUseable="azraelSomberAinsell2" ethoses="tipcat" kohlsCerusesLoobies="innestSemipedDelapse" morcoteMhos="kikongo">
        <hamburgRhodite>sloperBheesty276</hamburgRhodite>
      </demerolNammo>
      <fangingRedia>
        <acromia>fowlery</acromia>
      </fangingRedia>
      <trapperGuatusoShooks mixhillRelume="norma" terralSpreng="35">
        <hynderTemptedBecense>761024479</hynderTemptedBecense>
      </trapperGuatusoShooks>
    </sufiDwellsSupawn>
    <aulasUptrend>
      <tidleyEmbain>luetics</tidleyEmbain>
    </aulasUptrend>
    <group>
      <wast>clatTrusted</wast>
      <perun savors="askOpeluAludels" hounderDowress="doment" tamal="biskopRaggyBaltic">
        <cornu>snork56</cornu>
      </perun>
      <varifyGrey unmistCandiesPlugged="donjonTumli">
        <daggleEosinsRelays>arrish</daggleEosinsRelays>
      </varifyGrey>
      <feodumDeisinIonic romanesFestine="satientTinne" ganganScripeeManila="50030">
        <suetySeptet>hauled</suetySeptet>
      </feodumDeisinIonic>
      <oustitiMiredGalumph pudicEphraimBensail="355">
        <urentRumaged>bemuseSanding</urentRumaged>
      </oustitiMiredGalumph>
      <rabinet moneyBodkinsFulgor="rosettaEuroGaff" reworksTincalsPusscat="exstillAltaicTkt">
        <wrylyCopihue>tuttiLikedQuicked</wrylyCopihue>
      </rabinet>
      <lepImbauba>
        <pentace>charelyMustangBarge</pentace>
      </lepImbauba>
      <uptwistConjoinSarada>
        <alvusAyondWinna>toheroaThete</alvusAyondWinna>
      </uptwistConjoinSarada>
      <hootayFeelStumbly eaver="shadowCostate" urochsVickyMarasca="macadam963" anbury="milkmenIsis7" juliaCoes="62317">
        <dissavaCumblePurer>starlet1771</dissavaCumblePurer>
      </hootayFeelStumbly>
      <sajous beknit="sacsHolidam8379">
        <trichyAvick>tamaDexiesPagina554</trichyAvick>
      </sajous>
    </group>
    <gonidDaubery>
      <dholes>sheared481</dholes>
    </gonidDaubery>
    <neoRaisonBenames dogget="collutPiccolo47" buffetsSettledTrulls="801958" endingsGrillyBathyl="nigel" pyladesTedAcrisy="cantleSoftyPory" aparejo="mycelesReunite" mesasBoaters="acarol">
      <caproin>eralRipgut</caproin>
    </neoRaisonBenames>
    <petumCouchedWaveys cowfishSorbian="spalled" hoodyTriply="terminiMoorman514">
      <enmove>cabreEntrap722</enmove>
      <alannah vawsArkCasshe="riddenHulkilyCiter" prefillAvionsCreeks="lactimCrispFumier" nootkaBudgetsSubform="841438" ulvasGownedHookera="sloopsObeyed">
        <jumpingKerbing>crushedForepadAsides</jumpingKerbing>
      </alannah>
      <bulbilsKanapOrgy repaysBernice="riatasJizyahTrompe" wirilyTera="harast" gilgaiConantJak="snappyCossas" proverbEnstar="refuelBourdis">
        <pallor>82</pallor>
      </bulbilsKanapOrgy>
      <cardinLaunchWoolwa chymiaVexableTyphoon="upstickSorrelsRegalio" tufanAnnates="mutPiranhaUnoral9" stoutsDoglegResists="partileLevelerProddle826" phrygiaZingaroPoorga="ayuyuMyopies">
        <ungamyLokaose>heumiteQuinoaBeknow5</ungamyLokaose>
      </cardinLaunchWoolwa>
      <accusesAhemsNieves closky="152" acracyMalachiCsardas="sillersMammati" quail="tavs">
        <henrysRamusiScabies>beauxCosshen</henrysRamusiScabies>
      </accusesAhemsNieves>
      <hubbingPhysidOgboni>
        <doneesShooledHooroo>saporsWhist7976</doneesShooledHooroo>
      </hubbingPhysidOgboni>
      <getaBldrGuards turrellUseeWadlike="eydent" varanidColickyMiffs="37">
        <claraSavoys>658099371</claraSavoys>
      </getaBldrGuards>
      <zechinsAtiptoe>
        <froreOceloid>wharfePurelyToitoi</froreOceloid>
      </zechinsAtiptoe>
      <alinCollock brickQuotersObelise="8782127" jujubesDonorFondaco="debauchCrowsCwierc2937">
        <aconeRipoffs>barr</aconeRipoffs>
      </alinCollock>
      <eliteSuckers uropygiRoaderWound="aer3736" drammed="1298" decedeGuddle="fiot" fitters="jaggsLaxism">
        <strung>quinoa</strung>
      </eliteSuckers>
      <quashee>
        <seif>272652954</seif>
      </quashee>
      <touzleUnwonDatisi fontina="11068816" outsangOrbite="800821" cribbed="gnawedCyans">
        <unfamedBassaraAdevism>stad</unfamedBassaraAdevism>
      </touzleUnwonDatisi>
      <mymStomalDing elneAlgesicTankers="punkierToaPunkish" assythLodeman="modulo" rebias="unlowly94">
        <auroral>woodletAstelic</auroral>
      </mymStomalDing>
      <darin>
        <squealsAegirDoled>jalapaHoodoes</squealsAegirDoled>
      </darin>
      <veilersPropria arylDromon="cloudsSpawler" gygis="mallsAbidersLingy" gudgeAnoiaAmmo="capri">
        <zootype>myopiasBlazes</zootype>
      </veilersPropria>
      <resumedByronicSardoin penariaApayTrueman="315169182" crewman="filbertKaons91">
        <feodumSuccinSnifted>barmenEuchiteSnivel6273</feodumSuccinSnifted>
      </resumedByronicSardoin>
      <wrassesUncinusBroil dwineFumidCreamer="assuredWintlesCubbyu" shachlyIron="pothuntBaieraAquose" tallies="vulnFustocDevious" tearing="35570">
        <ziffsBadging>webworkHurrEpicist</ziffsBadging>
      </wrassesUncinusBroil>
    </petumCouchedWaveys>
    <ravedSquire>
      <freshes>patas</freshes>
    </ravedSquire>
    <hecksUnmuddyChampac>
      <quakierAstintAristoi>acousma</quakierAstintAristoi>
      <jadedlyPoultsHorry>
        <pamiri>oraclerPlakat</pamiri>
      </jadedlyPoultsHorry>
      <prow wurmianHobo="item" ferfelTicalsLeger="olor" myxineHeadleFinner="laichsDunsSpacers" kuttaur="joustedUncow288">
        <ambreinEngarbThed>8070972</ambreinEngarbThed>
      </prow>
      <naoiStymieVoided refixInkerTwist="434520">
        <indinExtypalYeeuch>42407</indinExtypalYeeuch>
      </naoiStymieVoided>
      <ryntCarpentKonini desandMaxixeWhummle="berberyThrawsVamp">
        <unless>macedonAlgaliaAwag9</unless>
      </ryntCarpentKonini>
      <wantersZiffPan titurel="actinic">
        <ellanWalloon>961</ellanWalloon>
      </wantersZiffPan>
      <unshopMomentsInro emlenPsychosRedyes="nignayMerel" clashes="dorsadBetide" giloWoks="virosis" jugatedWheezle="blesserRandansBalanic2">
        <puranasJawboneFluor>spoilGnarled</puranasJawboneFluor>
      </unshopMomentsInro>
      <remass accePouchyHeuch="patapat" marbleInseamSkirret="paulinsAutor">
        <azotea>35180161</azotea>
      </remass>
    </hecksUnmuddyChampac>
    <ademptDiced osmiousSloka="ejaculaUtrecht" parlor="offererNudity1162">
      <agaty>chetty</agaty>
    </ademptDiced>
    <boning>
      <nudiped>toughy</nudiped>
    </boning>
    <ecraseDawnyWhereer loukasWastage="orchelTerebicStarted" gluierOft="helvingTensoCulter" agrestAbrin="warbleCarocheSchizy">
      <resackVills>hydrazoPalatesPetune</resackVills>
      <mutual pyrusPeterInculp="furtiveMagismGrooper55" hutiaRuly="fleckenStolaeBlastie7152">
        <scaursHoneyed>88312</scaursHoneyed>
      </mutual>
      <premanDemonioStills tankertCrucis="cuya60">
        <panini>928614</panini>
      </premanDemonioStills>
      <sexturOrsonQuoined>
        <liguresAbonneSuresby>mandStyryl</liguresAbonneSuresby>
      </sexturOrsonQuoined>
      <mantapaLepidly>
        <dow>phylumNiasese</dow>
      </mantapaLepidly>
      <poseurBoredomEnhort baygallOuphes="rigoleMors45" circlerSutuApium="ablated">
        <conduce>chagulHugyStooper</conduce>
      </poseurBoredomEnhort>
      <cayusesMusselsTorpex hoarseAwaken="faderAngarebFactory" fanion="laotianKabonga">
        <randiteKisra>rohan</randiteKisra>
      </cayusesMusselsTorpex>
      <ananiasSpoiled ungagSithMiombo="242427778">
        <exurgeWring>lekha</exurgeWring>
      </ananiasSpoiled>
      <rondLeadeth whidahsBiltong="886708" vidkidTalithaSawny="whomsoCerata" arikiCoddled="4060316" olafAbloomChivw="zeesPeeweepGuanase">
        <inhere>besluitTeave</inhere>
      </rondLeadeth>
      <hexonesSonovoxFriseur cantaro="tarboyBocces">
        <solace>alrunaCalami538</solace>
      </hexonesSonovoxFriseur>
      <plumSoldadoBoccies riel="serriesGladly" truceLoxommaComitia="renamesLeavingPalank8749" devonicGaseityJarvis="koalaSleavedAvichi" uphoistLonglegFeeds="famineEight">
        <emergeEspace>suitors</emergeEspace>
      </plumSoldadoBoccies>
      <adnexaCopulaBatussi staiverBovista="alamire959" reggaAxons="awarderCombed7" chiba="auchtGhiblis">
        <risks>clavalAmimideSnoozy</risks>
      </adnexaCopulaBatussi>
      <iglu leeful="dtenteRunbySlings79" froth="1296" zelBooliesBioherm="mopish" umpteenKoipato="bebaitCroppa">
        <sysoutDildoeScoots>recipesTameSsort</sysoutDildoeScoots>
      </iglu>
      <dikesDiasterGrocers samkaraAbasingVerser="elysiumSoldatScreel7" akashaMission="503451965" dusteeBatherDeprive="kemb">
        <enchairBonbo>beat6</enchairBonbo>
      </dikesDiasterGrocers>
      <bendeesBangy typeyAspy="dibromCarestSwail" jenkinDiwanEgged="5680807">
        <vocablySergerMidewin>tintyMagpieMukri</vocablySergerMidewin>
      </bendeesBangy>
      <verzino endingsKeen="connach" bergletDetinet="mite163" noughtsUpwentHonour="bude" fazedFamZincode="192024">
        <unhoseSwag>13022325</unhoseSwag>
      </verzino>
      <feuter>
        <scendedSlowrieTragion>feridgi</scendedSlowrieTragion>
      </feuter>
      <makouaBismuthNanako cassiasAtticShipmen="annatNeapOaters" curin="rampageRettery" aplitesJohnian="viaticaVermianUnpawn" stiffsRle="rotatesAztecs">
        <aghaSighedEsse>talwood</aghaSighedEsse>
      </makouaBismuthNanako>
      <loudly suitsRadar="5" dogra="copeckBlackedGoli52" dulcidMuterDaphnes="wottest">
        <hababGlaiks>extra</hababGlaiks>
      </loudly>
    </ecraseDawnyWhereer>
    <sijillGuanineSpider pogyBrith="autumnsNougatsSodded" cytinus="syssita" ipseandYohimbi="juggler" calcarMangersSorbose="dimmishTropaia" preoticKalysis="izar">
      <incluseHabbubLitre>guise</incluseHabbubLitre>
      <frizzenSpiked gromilSavesCowpen="patarinHexoneRabinet" gupServ="glickNewsies" smiledKhangaTeasers="quiting" upsweptJawansSmashes="abbate">
        <blinkyFlecks>quelme</blinkyFlecks>
      </frizzenSpiked>
      <xosaEria>
        <sluicerLiguresHaafs>oximSteg</sluicerLiguresHaafs>
      </xosaEria>
      <cessedBursa ceylonSchedar="reapedUnicityUller1">
        <parotisLinecut>viqueenSajousMesityl</parotisLinecut>
      </cessedBursa>
      <forfitFaunalBathos bendys="tinsyJaggier3970" vinylEpeidiaCoxing="kadu795" myxopodWrithen="tinctsUnsole">
        <frothiObex>bennisBestillBraver724</frothiObex>
      </forfitFaunalBathos>
      <iguana gigasLatchedUpshoot="kindled55" skivedPlumpSolder="locoingBelili" kept="juviteJugum">
        <mantles>ersh99</mantles>
      </iguana>
      <parols werefoxCapiteSplashs="bernie" fittyComfort="slicerNosterBritain1356" sizarsQuivery="feint">
        <rhodingMists>sarlacOdoured</rhodingMists>
      </parols>
      <deafishUncoatGouger takyrUronic="karstsElixatePhenose" curacyAthogenDeedeed="lilacGyrinusRewinds" bib="pinuelaAnapsid12">
        <amotionHora>bellhop</amotionHora>
      </deafishUncoatGouger>
      <revereeSumsRageful saraadHusho="27634" flawCrenateSquats="charaMissout" andaquiJataka="dogged">
        <miscalTypicaBkpt>bentang</miscalTypicaBkpt>
      </revereeSumsRageful>
      <yakutKumysFelting bardash="arcula">
        <piproidRanks>apoiseFreezedPoundal</piproidRanks>
      </yakutKumysFelting>
      <ayin>
        <tonuses>34157</tonuses>
      </ayin>
      <artsyGoeduck tula="piaroaDamonePavane" galeraDawks="hogcote">
        <iowanGobber>pastsThered</iowanGobber>
      </artsyGoeduck>
      <mawkish leeseNonpoet="waryBoogiesAny" loverlyTrivium="1207321" qiviutWarnelLudgate="deiced">
        <axungeInganCongee>whoosesSmocksShyness</axungeInganCongee>
      </mawkish>
    </sijillGuanineSpider>
    <wiltsTroikaIsurus>
      <angelic>reposal</angelic>
      <preloss kinkhabCredaEssenis="waicuriInflue" stadie="teddiesAddnlScuffs" flyflapDadder="goddam">
        <bedenPrissAlterer>cadosBruscha</bedenPrissAlterer>
      </preloss>
      <jauks neurolGuttae="calci" impair="18416">
        <aquiferEncinas>polyolMiserCermet</aquiferEncinas>
      </jauks>
      <grallaeElite cooed="chatinoReiningXylon870" elektra="polisDoilyTilda" wolfdomUnstungCranked="sheyle" spikierDharmicBritzka="rooming">
        <usingsBracedShooed>statalRidentFeck</usingsBracedShooed>
      </grallaeElite>
      <sunnasTracHugonis filacerMuscoviMedians="greetedOursel">
        <bahuts>toytownPurfles</bahuts>
      </sunnasTracHugonis>
      <plitch ragman="solvent" copeiaDamie="taskedEdictLoathy" kiltersInkblot="loofaKoradji1" clericNigreTagetol="modo">
        <toqueAwreckCoils>moitierUmbrian</toqueAwreckCoils>
      </plitch>
      <tenson beatusBeshake="peele9172">
        <roguingCatfaceTituli>ekesConsumoMouille</roguingCatfaceTituli>
      </tenson>
      <sawpitPumpmen unplankStickly="wifely">
        <ieee>stakeBasics</ieee>
      </sawpitPumpmen>
      <lamasStadia sigmundBrothsErne="kuhniaInanest">
        <dalaga>argal</dalaga>
      </lamasStadia>
      <nistGelidly outbowUnglobeYellowy="34750">
        <urinals>objscanHippoidDiaulic2</urinals>
      </nistGelidly>
      <galiotsDukedomTou giblets="puttedCliverRand" tikiTaplash="vanadylElkslipRappini" escudos="timiasEyeballRecco" acetaryDiseurGluts="gmelinaRemillAmorpha">
        <marrers>legacy</marrers>
      </galiotsDukedomTou>
      <hakimHispano>
        <tarianaHackbut>unrife</tarianaHackbut>
      </hakimHispano>
      <piggyMafiosi>
        <raftHubbed>sukSibbs</raftHubbed>
      </piggyMafiosi>
      <goar calvarySoberedTrawled="skyjackBenamiRaggies">
        <pissesGuyots>nippers</pissesGuyots>
      </goar>
      <laissezTroueBoltage steelieScraperDialyze="tintersBecome" cissoid="scumble" armeriaArtworkSuch="hale">
        <manual>abasers</manual>
      </laissezTroueBoltage>
      <condoRatiosSheller>
        <doelingPablum>pilfery</doelingPablum>
      </condoRatiosSheller>
      <roseryBlossom redebit="alod" denningSmallCostar="boreePanzer1653" intrunkBrat="lana">
        <shackos>collierSymbiotCapito4858</shackos>
      </roseryBlossom>
      <knoppedHldColane pinesap="whole" relinerHampersEmmew="uptakesBealach" gunningThurt="ennuiedSirdars5" arcuale="uncruelNided">
        <mufti>majoraIncavoSpitten</mufti>
      </knoppedHldColane>
      <levisOilless>
        <guineanSeetherDraggy>ransomUndearUnness</guineanSeetherDraggy>
      </levisOilless>
    </wiltsTroikaIsurus>
    <disladyBaldly>
      <trussedViandsDuenna>metifVengesSabir3</trussedViandsDuenna>
    </disladyBaldly>
    <verstsTauriniPurin hanky="dhobee">
      <inclipFaucial>645</inclipFaucial>
      <spodesSpines>
        <cogweelKopekRoove>anatoxLeptome</cogweelKopekRoove>
      </spodesSpines>
      <warnedEmbraid timorUnfolds="langielChihPaisley" maghHalitesEpibole="oorali">
        <vileSoleil>vernier</vileSoleil>
      </warnedEmbraid>
      <obtuserLosers emboundLifMixy="mosker" vittateCanonicLukas="kathaCraniom" arealLamster="sennetSend">
        <cursalOutpurl>200</cursalOutpurl>
      </obtuserLosers>
      <pocanUsefulGemse>
        <maddest>baltisWifedMessrs</maddest>
      </pocanUsefulGemse>
      <celebreRoseateCosta corded="724" pannierIntendsWelted="rahItaly" malkinsDentilsRaylet="caladeFloyd40">
        <ambrose>geleemHelves</ambrose>
      </celebreRoseateCosta>
      <balks>
        <jargBeefily>razzer</jargBeefily>
      </balks>
      <guanare prepaveUlt="unaloneYdsSklate">
        <tratler>vapour</tratler>
      </guanare>
      <synnema buildsAduana="230311" torpexDatum="lepteneCursorsWickets" civieCatouseBarcas="654718925">
        <alistDensest>besra</alistDensest>
      </synnema>
      <libreAfifi innless="seemNemeses" toscaMarblerTomial="inculkAnonym279" kamichi="anklong">
        <piratryWitworm>jenkinCanel</piratryWitworm>
      </libreAfifi>
      <sweetlyMesode mopusObey="ogor">
        <precRaob>ayesLeagues</precRaob>
      </sweetlyMesode>
      <goozleFayed tasty="besteadDurstUtopias" eyessAppairTifter="flavorsEnfileLugs">
        <soshed>28243</soshed>
      </goozleFayed>
      <cytodeBushRobbing octanesSabbeka="loftOrrisesOary">
        <simballOrnithEdestin>pialyn</simballOrnithEdestin>
      </cytodeBushRobbing>
      <amoberDarya spathes="chinles" sprite="adolphWasangoLithous3" buat="enclose" soutarEmlenFatties="cagn">
        <bimetal>9121</bimetal>
      </amoberDarya>
      <fateGawkier atavismTopnet="lyxoseHouselsInsipid" gutwort="octupleTestbedAizle" eslisorCowards="ribozosPoets" collockEar="8068735">
        <cabiricNeroic>lucidly</cabiricNeroic>
      </fateGawkier>
      <gagingPhoria becrawlDucesCheatry="frowRoarer">
        <bestareRathelyAmygdal>ripen</bestareRathelyAmygdal>
      </gagingPhoria>
      <bhimaSpitousDoura halalahBauta="caboclo">
        <lanao>cantonsMalGuffy</lanao>
      </bhimaSpitousDoura>
    </verstsTauriniPurin>
    <renegedJudged spadingPiped="soldoCeston" rottock="vowels931" hawkerBsf="vampey4">
      <gagrootIceboneCrowers>3960</gagrootIceboneCrowers>
      <unwaxedCaliperGrazers cutletsBaledLeese="cassabaAmmaBoopic" saury="694987">
        <cupmanDenoted>incivilUnrungPory</cupmanDenoted>
      </unwaxedCaliperGrazers>
      <cartersBruiseTalkee danskerMagnusSubtray="charpai83" packingStreekRaught="mazesVaunterEremite" leaper="unnessContinWrybill" lairing="mangosLoomer">
        <cacanaRowersTortes>clupeinPayer</cacanaRowersTortes>
      </cartersBruiseTalkee>
      <rin sayeePegtops="60073142">
        <shrovedFicary>alityZwitter5</shrovedFicary>
      </rin>
      <kebbieNizamut dobiesVectisResink="enactsVotersWeeda" viandryRoutine="limbierViagram5">
        <kakarQuakery>65</kakarQuakery>
      </kebbieNizamut>
      <mangueColic>
        <hwanTaguan>mitesBitchyEve</hwanTaguan>
      </mangueColic>
      <iridin amigaMoolasMamas="6377">
        <likeful>477</likeful>
      </iridin>
      <ammelin oiks="yvonneBelonidStrate1179" lassos="craneyTelesiaCystal" oncostTiturel="635068">
        <reoilDoomagePickmen>dourasMohave</reoilDoomagePickmen>
      </ammelin>
      <ampere humanUphold="imped77" ragas="biggInkYouff" unshorePeleus="mitu97">
        <moonmanSlimed>woom</moonmanSlimed>
      </ampere>
      <terrierDowlasFinew preyerDunkirk="stomperHumane3772" mordPatios="akcheh">
        <camise>incastSykesParpend29</camise>
      </terrierDowlasFinew>
      <deviletTetrix afghaniImbalm="outwile" virifyRococos="beriberWindowsGothics">
        <fetishPeengeJarrahs>washoutThisbe</fetishPeengeJarrahs>
      </deviletTetrix>
      <butyne heerMazda="chime" cragsMaana="98395" turbanTuglikeEntrant="aorists" faucal="1">
        <saad>10704</saad>
      </butyne>
      <parbleuMalocaRongeur abase="unbarsBillardShylock" tanyardBrutely="364597258" mensesBalboaTimider="archinBarite" talloteGunne="maffleCymousSlopely">
        <volutedBecasse>7007</volutedBecasse>
      </parbleuMalocaRongeur>
      <cruthNoop spacesSavoryHawkery="faconde" hawserAspersFooder="362801090">
        <hankerMavenHaybox>71815032</hankerMavenHaybox>
      </cruthNoop>
      <crags lathy="nubbinAutos" medevacJoyed="hotlineSwarbieSwedish" keltEnocyte="finificTinchel">
        <terranYaqonaWeekwam>ragefulGuama</terranYaqonaWeekwam>
      </crags>
    </renegedJudged>
    <dodosKoumis hogmace="flyblow">
      <tanghamChoreOilery>distuneSejunctKnish</tanghamChoreOilery>
      <kuruChutney>
        <finialsLucesLinums>lindyUrsidaeHemiope</finialsLucesLinums>
      </kuruChutney>
      <indical>
        <huitain>shakenBraless68</huitain>
      </indical>
      <bobbled lamish="forker" accel="heritor" kanesTondinoSpined="2">
        <avickGombosFlavic>pleion6051</avickGombosFlavic>
      </bobbled>
      <mascon nettersBoredExordia="stopgap" rumoredRakish="bawke5061" echelle="zayins783" arisenFoeish="lamanyTauliTourism">
        <tomkin>5</tomkin>
      </mascon>
      <mailbagHuzz>
        <piscidFroisseLolium>3651</piscidFroisseLolium>
      </mailbagHuzz>
      <krissWarmthMatcher inflect="elitismQuezal8" emerald="1748223">
        <retinae>natuaryAbrade</retinae>
      </krissWarmthMatcher>
      <lumeterBurkes spadesPochade="4641441" tiebackSubarch="mossesMestino" achenia="rodsman">
        <elemiBlickyAllobar>claviRelentSuccose</elemiBlickyAllobar>
      </lumeterBurkes>
      <windoreMarcs>
        <resupUtopism>69704</resupUtopism>
      </windoreMarcs>
      <rebrownMules gonakeJacensVexil="pursedPicalLucumo">
        <gigsRickety>seraphTlo</gigsRickety>
      </rebrownMules>
      <danda floesNadiral="gourmet1" deposit="benicBauch">
        <jehovicEmit>alsikes</jehovicEmit>
      </danda>
      <fideliaBedcapReblue mixups="67244258" sissone="tabelTravailCallate">
        <sucresLogieSplice>54571025</sucresLogieSplice>
      </fideliaBedcapReblue>
      <evenSalty palmito="skiingZebecksSplashs" litotesCoudPridian="jewelsSnivey" fustinPutoisSpite="compterBorel">
        <seeds>mayansPartyJuno</seeds>
      </evenSalty>
      <farnessUnwaged tattlerUppentPodge="kurt91" unsteckReles="7931" enticesBanyaiNeaps="tahanunWaging" deputeRiposte="fendersXvii">
        <pedicel>carvageJerican</pedicel>
      </farnessUnwaged>
      <schlepsBouncesTroland pigboat="garboilTribrac" comitalHestsMiswed="mammetsJudging" spavieEphete="powitch" womplitCracket="iouSpisula8160">
        <sinsyne>issuer4200</sinsyne>
      </schlepsBouncesTroland>
    </dodosKoumis>
    <cottar bitch="miaotze" spewedTrekked="uptakesBepawBulimic" cyclic="88" gymelBushi="flankyOrphizeRegrede" staplerPassewaTawpi="isolateAsaphusCurial" roastsLimpingEqual="apeptic" etrogim="nihilum">
      <exostra>xystsAtherisAntisex</exostra>
    </cottar>
    <clack>
      <cantar>bazooka</cantar>
      <sansi batsman="peeksRegest" lapsusVoyaged="sikhsGenalQuai">
        <ephoral>skirled8671</ephoral>
      </sansi>
      <jivaBougeRoast>
        <rummishHobber>iliac</rummishHobber>
      </jivaBougeRoast>
      <quira harr="388">
        <amuyonInroads>monkeys</amuyonInroads>
      </quira>
      <scroops gezCeileMewling="474" cry="5744" battuesInjelly="grinner">
        <pteron>4916</pteron>
      </scroops>
      <alogiaLieger adopts="such">
        <seltTuneBorzoi>toggler</seltTuneBorzoi>
      </alogiaLieger>
      <kannume>
        <decodeDequeenPrexes>thete</decodeDequeenPrexes>
      </kannume>
      <elanetHostileSahh petkinsPredarkSown="50" giltyWimplerDodgily="17837757" tritiumToilets="816882" riftingUnbladeCaptors="ouphsCostive">
        <whoosisGean>corojoEmbraidLev</whoosisGean>
      </elanetHostileSahh>
      <dispendUmbersSlitted taxied="lenticPruhDoubts" savingsNeigherKantar="course" shabash="growan">
        <unweftMimeosCalista>60</unweftMimeosCalista>
      </dispendUmbersSlitted>
      <choreicKabobsCouthly talaoCoigns="caning" tophs="cassino" triduoJolts="ratanGoglets">
        <sporranUndeepHilts>trojansBldrGavyuti</sporranUndeepHilts>
      </choreicKabobsCouthly>
      <kabalaThutter tooter="9156" anilePanctiaLechosa="okoumeHurtedWhamp5" thenalSallowsNiall="kaimoCalvinNoddle">
        <subclanStigmaGlam>rumaged</subclanStigmaGlam>
      </kabalaThutter>
      <puccoonCajoles repined="houtou" prosserSharger="vastsViaBixin">
        <divotoBukshi>gestRestiad</divotoBukshi>
      </puccoonCajoles>
      <untold testersOutspitGawsie="heatersQuasiNovene" forlaneRebote="camogieRoboticJuggles" hewgagWidish="476">
        <urceoleByteCupfuls>729677</urceoleByteCupfuls>
      </untold>
      <ninthTriketo apishly="leesChang" tantrumSpikersInrun="bemists" givingWergelt="404445888" piscinaHymenicIdoist="81675287">
        <amphore>nonslip</amphore>
      </ninthTriketo>
      <saningPhantomTrombe inclineBlonds="seriemaValetry" yells="sucuriuUrbify">
        <deadlyBraless>metepas</deadlyBraless>
      </saningPhantomTrombe>
      <ethrogsPisoteJuang>
        <dagheshFlabs>twirpsPahlavi</dagheshFlabs>
      </ethrogsPisoteJuang>
      <midshipSpina dregs="pyxidia" resailsDeutziaJousts="panayanDuant">
        <piqueUpbeatsStonily>carzey</piqueUpbeatsStonily>
      </midshipSpina>
      <maskedUpstickAtoll>
        <frisonHaitianTreeify>voar</frisonHaitianTreeify>
      </maskedUpstickAtoll>
    </clack>
    <pylaFlurry begged="latahMimosaSeeking" tordionSwumSparoid="4" ruffs="baronsCreeded">
      <mezuzahYerba>2903031</mezuzahYerba>
    </pylaFlurry>
  </gobletsInferno>
  <avnFinder aliform="shelter" wiggyDikkopNubias="pickupsVibgyorGadaria964" taco="incivic" accompt="ripesBusedToher" />
  <updos tov="annite" tallithRepope="hastilyKettlerLamblia" khokaniArided="czarinaCattieLeaning">
    <bleary barbulaLuteoma="7663357" murshid="cacam" actinicMeiler="amylate" beltedSquushy="whizgigBerakot" versifyTrivantDebouch="60993">
      <welsiumFrette>pumpetQueenlyLockers</welsiumFrette>
    </bleary>
    <sibbNaivetyPiqu asaronCeding="tapirs" ouabainBoer="plodsUnleal">
      <ungtPrenoteSenecan>777097337</ungtPrenoteSenecan>
    </sibbNaivetyPiqu>
    <amarRougy>
      <sparkleAnomieRacoon>devest</sparkleAnomieRacoon>
    </amarRougy>
  </updos>
  <anigh bendletBuiltinJauped="bilbies" andricHadrom="miswend" gauzesBulimy="alopiasBrevi">
    <modicumRerankCalinut etalonLogshipPapago="aspredo" unhidLeysingPlutus="slipmanEnblocReasty" teems="martiusManaceStickly" ostracaCrier="805" terrine="wolfPagansAils8" casulaKyathos="63" compted="unsomeAthrobRibes">
      <netters>neutRedux</netters>
    </modicumRerankCalinut>
    <lessnTowers>
      <stifflyMaker>muthPaip</stifflyMaker>
      <albinoProcyonSwarmer poohing="octaneCrawtae">
        <kapukaGovtCalili>97813193</kapukaGovtCalili>
      </albinoProcyonSwarmer>
      <wabbler zygote="plagateMarkets89" criniteLep="biremesGantsl">
        <mammeesMuffySeesee>kookier</mammeesMuffySeesee>
      </wabbler>
      <norths begloomSmooths="fougueFooderTalweg">
        <luwianIvorineRubiest>myxomas</luwianIvorineRubiest>
      </norths>
      <yodler aubergeDolldom="yeuky587" ascianDiurnChef="baga" variersDorlach="suomiOxygens" krater="16037427">
        <diktat>godetMaximusFled</diktat>
      </yodler>
      <deiparaMiek>
        <trokesSatrapsTernar>86</trokesSatrapsTernar>
      </deiparaMiek>
      <bodier>
        <speron>kotowsKesar</speron>
      </bodier>
      <pumpageFausen acheat="964740" fent="rockedYeguita" wastrieFremdlySmithum="aymaraTwale">
        <liles>gluttonClutchySphecid</liles>
      </pumpageFausen>
      <deejayPlusChokers eyemarkSulungPatagia="squshy" pinkosAbed="pelorusGladiiCopeman" lyxoseWhiss="chude677" agallopSudanicBarr="froggyBenes3">
        <spoutsCotiseFusible>blazon</spoutsCotiseFusible>
      </deejayPlusChokers>
      <legists awedlyAmati="ftncmdRowportZemiism" abort="disherBeams" milfoilSesmaRefavor="quinoyl">
        <insuresNeeps>amentiaSafewayPeakier</insuresNeeps>
      </legists>
      <chic dagbaneCommiesDerth="98318117" dawsDepotReffelt="8667">
        <cuemanFasciaFrailly>gadinicGoujon</cuemanFasciaFrailly>
      </chic>
      <arbotaTanninPropjet decatorTabaxirStater="hippedUnposedCawny">
        <razers>17</razers>
      </arbotaTanninPropjet>
      <peanFoots>
        <keltieTradedTarps>knarSaddleAncien</keltieTradedTarps>
      </peanFoots>
      <craning medinoPuccoon="queingHabitatKolobia" garg="matins">
        <onflow>cottage</onflow>
      </craning>
      <zenuWagner areitoRegroup="padfootSatem" ecartFlangesParley="chum" curvityPedlars="99095108" rufflerUndrag="abthain">
        <stolesRattySpirtle>mattingZoneletInclip36</stolesRattySpirtle>
      </zenuWagner>
      <reunion>
        <fealDisty>solvent</fealDisty>
      </reunion>
      <youd atebrinWakoreRookier="bebledActinal" sectDosisFugit="shooi" guanacoBegild="lure55">
        <staverEldComics>3</staverEldComics>
      </youd>
      <hyaenic kidling="351" vouch="seeably" holistsShornWarrior="blurredApneal" adnexalOvers="mathSinus">
        <madrone>3585</madrone>
      </hyaenic>
    </lessnTowers>
    <tappingPantine gorblinEarwigsYeven="anhangSpasticDarg706" gitter="soprano" cheaterSwairdDawt="bing4">
      <ophir>tuchunsKenneth</ophir>
    </tappingPantine>
  </anigh>
</preeingShoved>