<?xml version="1.0"?>
<buddles>
  <hokePion grantorTownist="19" upwaysEntiresMetaler="681" />
  <grippitGusset dietistSiftsMochica="bullnutDesposeElamp" aeried="iiwiBearing72">
    <enmoss>
      <hidalgoTiceFreety>strootToeless</hidalgoTiceFreety>
      <aristaDinkey warblyRicksha="ideDownbye683" cuckoosArgos="glozeMeloe7" briskyRokee="917436">
        <adjuresRosakerTopato>percept</adjuresRosakerTopato>
      </aristaDinkey>
      <ergotsMerisis bantersBarkaryBeezer="seginusEnolateQuethe234" smalter="skylineDisdar" scotias="penideMauls">
        <albireoAgal>lacertUnzip</albireoAgal>
      </ergotsMerisis>
      <organic longusAcyloxyBeckons="flabby953">
        <styed>3342</styed>
      </organic>
      <monisms minish="5926">
        <uncream>caranda</uncream>
      </monisms>
      <woodiesBignessBeecher serifBromos="dropvie">
        <ravineyBenders>6925250</ravineyBenders>
      </woodiesBignessBeecher>
      <malatiRepliesNombles maritiFlyblew="relishCramel" hexyneShives="comatikBraces" infirm="225">
        <uplaidPsaltrySuasion>unmuddyEnjoin</uplaidPsaltrySuasion>
      </malatiRepliesNombles>
      <gruccheHewedOverfee inket="flairs" secusDeflect="backlogSuety">
        <nascanEngorgeCrips>4</nascanEngorgeCrips>
      </gruccheHewedOverfee>
      <queak restaffChieferEngager="608657" trouvGrysbok="volarMeshier" mtscmdWailaki="solar" zebuEnnuyee="gervao639">
        <textusNeanic>9118</textusNeanic>
      </queak>
      <palmery usualsPisaCuratel="7599794" thighBelabor="61815714">
        <tripalUntrain>shivs7</tripalUntrain>
      </palmery>
      <breathyDikersSoary bracker="batoonVapidCrannia6975">
        <carboraStorerPalach>gluckePithierSpiel6203</carboraStorerPalach>
      </breathyDikersSoary>
      <deadmenLoreleiSherani theirsPsorousSurance="front" doffsTwistedCivical="164" genua="limbCloff74">
        <lobataeGuiler>resealsIleal</lobataeGuiler>
      </deadmenLoreleiSherani>
      <fluted astel="2" shilha="9">
        <lekachMetran>stiffedCladoseSudor</lekachMetran>
      </fluted>
      <doubty colossoBelgas="plained943" comitiaCruelPoverty="haddieBankmen" knollyEnchafeNear="cantataCleansAlchimy8">
        <full>86717679</full>
      </doubty>
      <badious dakir="sleepsOos" makos="peeversKirnedAmirate" yobsPsuedo="cumol5" naique="debagNymph">
        <acetiam>nucal</acetiam>
      </badious>
    </enmoss>
    <turfdomDexies guloseShadoFicary="8468476" pygargWaddlerScores="boucheeUndular" disme="fonlyCalving" hystrixBooky="shakierSweetlySaran45" fubbingInhiateVenial="6778" gaysomeTref="91900395" frenumUrundaySham="cokedAeviaCalathi9">
      <nei>zarebaHindgutEdibile</nei>
      <makeupTosspot abbaEllIridize="abacaTalmudAlbinos" rimousGreylySpikers="wavilyInsists" bluffs="seducesLawterBounder">
        <earmuffSudsCherub>gulliedFishierPortify4</earmuffSudsCherub>
      </makeupTosspot>
      <zanyish mislled="amici" abseilBurring="lawmakeLabioseRookie" tunny="drasticHepburnUpbred">
        <sirrahZombieArs>37001564</sirrahZombieArs>
      </zanyish>
      <gunshopPruigoOxbird reroseBeefishPerk="54599" sevier="eddyGaleusElapids" kennellGaskin="fugles" engoue="emigrHoumous">
        <marcelBossa>sphenes</marcelBossa>
      </gunshopPruigoOxbird>
    </turfdomDexies>
    <anisalBedaze>
      <slidesAltered>kaross</slidesAltered>
      <tamusCarcan kelter="brithTronaPeruse" skips="asramaMailboxCruder9903">
        <crumpSandbin>9033</crumpSandbin>
      </tamusCarcan>
      <meshy juridicFlangeCoelar="tondinoYabberDawe" cressed="101" hailersHedgingToxines="5140807">
        <untellRmsAmentia>89</untellRmsAmentia>
      </meshy>
      <osmium cusecKaver="slusherIvylikeAway508" probateAssurd="meiobarSkys">
        <praam>956061523</praam>
      </osmium>
      <hewersAvijjaJawans unrungTrioxid="daggyBiddenPollers" maudlinCranerYauld="empightFuselsKinot">
        <surfaceSkelpitExacta>implyAccusesUnparty</surfaceSkelpitExacta>
      </hewersAvijjaJawans>
      <ancien rumina="trinalNicolo" picarasTomjohn="bromesDawdyNude" aneNagster="bellyRitsu21">
        <precCostlyCheng>huntersToppers</precCostlyCheng>
      </ancien>
      <heelerWaltz acouchyFarcialFleeced="6119232" tuathRelapseAmeed="downed">
        <louk>jittersSaphieRoberts</louk>
      </heelerWaltz>
      <amene unlashChuffer="pilies2125" anguriaIanBovate="antefixOaterShrape" clashed="vinLeucins7872" thumminKellegCorbeau="edilityMurinusOospore">
        <burritoBerried>assizesPicrolOutlet</burritoBerried>
      </amene>
      <burstyLaurite>
        <nymphReenjoy>kaftaScleral</nymphReenjoy>
      </burstyLaurite>
      <agorotPrefabUtter jollifyMirable="483671359">
        <sinopleLaborerTimucua>oarweedNitpick</sinopleLaborerTimucua>
      </agorotPrefabUtter>
      <fiascoTaille sotolNuptial="goldic">
        <chalcisOblata>ciaFirmity</chalcisOblata>
      </fiascoTaille>
      <aumCigarAridest>
        <ebon>indianSilvasDebitum</ebon>
      </aumCigarAridest>
      <mishitDevoto>
        <obeyingJabberProtyl>16897663</obeyingJabberProtyl>
      </mishitDevoto>
      <vilityJoannesEnamel rammiEths="trapes51" filmerDasherRedock="behootHockeysLaked" laidTuples="emanium" gasparZelatorFumily="phytoma8">
        <propioWithhieCoelar>hartsBiasedGlowers43</propioWithhieCoelar>
      </vilityJoannesEnamel>
    </anisalBedaze>
    <lamiaeLaveer>
      <unalone>foodyStipos102</unalone>
    </lamiaeLaveer>
    <scathesOvate tutelo="keekersUnhornySubhall" kronionHashabFarer="insectaWrannyUnsweat" hankul="jetwareJonquil3" repolonHausaChromed="foretop" tannersSparer="509392" tipitiZingani="detour">
      <eudist>ipomeaHollo</eudist>
    </scathesOvate>
    <bheesty swarmsErogateGleamy="hopers" ghegishChaferyCosy="aeronatCloutsIconize" mustard="9520677" mixyBagindaAgrief="icilyMayors">
      <unhelmKenotic>bunk3</unhelmKenotic>
      <clasp heydaysDzungarRopeman="conantChewetPicule" foxfeetRaffman="7">
        <burnersPickaxGrenier>usterOrnifyFilings</burnersPickaxGrenier>
      </clasp>
      <cobbsFitter oceanicSavouryGranter="64" swatsPrecure="devotesDells84" whelky="dicterySecuredWamefu" yairds="elance">
        <decoyedPaluliLademan>yonder</decoyedPaluliLademan>
      </cobbsFitter>
      <glynKids diamideClewCelli="61020" blateBlattaSunroof="hexonesRakeryAfrasia" fideistSnow="biminiMaple9">
        <squares>piegan</squares>
      </glynKids>
      <lids wede="ddnameMaghzenLatomy" beths="coxiestAmex" woofersWagwagPopulin="bournesAvestan481" squibMissus="tavola">
        <landedFezzed>naomiPousseEduc2976</landedFezzed>
      </lids>
      <trioxidUnstain ortalisJilters="fulmar" unifies="skoalsSwaps9" kayo="sniftTips" iambi="pashedDasyusKryptic">
        <raretyForgoCaroche>crashAlmucesHallier</raretyForgoCaroche>
      </trioxidUnstain>
      <khotanGozellWauking perfTollVerrel="grilleeCryingBacca221" dowlyPaphian="bathtub" gluierBedeenCuecas="legitUnsmoky">
        <adits>eveque</adits>
      </khotanGozellWauking>
      <madiga spiting="508" cajuputOcticBono="pibgornZippierSantal" punner="7833308">
        <malkinsCytisus>bankmen</malkinsCytisus>
      </madiga>
      <asweveNinetyOculus choppinBabied="payingYagers449" stallon="kepsCheererGiddify">
        <neapsSnoots>marrersSeabags78</neapsSnoots>
      </asweveNinetyOculus>
      <trophal>
        <rudest>subbandRathelyLamed</rudest>
      </trophal>
      <woyaway antjar="silicylAmpulsNonuple" umistSyndoc="alodia">
        <healingSnew>arnee</healingSnew>
      </woyaway>
      <wills mundleDuskingTherese="graylagAriasPiscian72" vacuomeHeuch="2223" weepySetonsFeak="calashNumineRoundle47">
        <azandeWoonsHotspur>bloopedTechies3026</azandeWoonsHotspur>
      </wills>
      <intra imputedWhammedWhing="picoteeScunner">
        <thenceChantedCornu>bolesJetteau</thenceChantedCornu>
      </intra>
      <unfixtNontanOuzel solfgeProo="unroots" lowableOccas="7635" twolingDeplaceAiding="bhikkuMinim566">
        <beckonsLastlyOxazin>eval</beckonsLastlyOxazin>
      </unfixtNontanOuzel>
      <funis holl="28" powdikeHoodyCrojiks="67040" spats="estre" riotryCitoler="exarchyDaturaRuta">
        <garce>actium</garce>
      </funis>
      <grylliDobe alerceLiggerHaceks="kyschty" backcap="64601" hyoidesSybotic="planksLeglike5225" wird="judy">
        <mowsVedaicIndwell>accruedPigwash</mowsVedaicIndwell>
      </grylliDobe>
    </bheesty>
    <butyne>
      <thinlyBoyishSamlet>manbaPealikeMoya</thinlyBoyishSamlet>
    </butyne>
    <coatingStiedBytes>
      <piaffed>miderGitano44</piaffed>
      <nubWheedle>
        <eavedGurgletSquinch>18893</eavedGurgletSquinch>
      </nubWheedle>
      <wilkSorcery crocineBlitterRebute="hundi5">
        <spannelJeeps>yabbiAdicity</spannelJeeps>
      </wilkSorcery>
      <anthropJinsing stifferUca="alnoite" bowfin="becrawlHellersAulete89" dannyAletapAwol="limbingBehung">
        <cachilaBedrown>imitEnlivenDuffles</cachilaBedrown>
      </anthropJinsing>
      <lyseAuburn durnFissura="behew7" keratin="snouchCestuySwarmer" guddleUndear="escuage50" micksBeccoFurlers="solodiWoodenCompone">
        <callais>newTumasha</callais>
      </lyseAuburn>
      <ictuate>
        <xrefHolerAegipan>gipserBursalRubbee</xrefHolerAegipan>
      </ictuate>
      <stylesMahra>
        <trabeae>yawlingAptestVatter</trabeae>
      </stylesMahra>
      <pogromsGluedSoutar crabbyChouleCodical="doffedMese">
        <fluids>haloImmerse</fluids>
      </pogromsGluedSoutar>
      <hankers ideates="willow402" mayten="gunne" piliUnlay="alepineOxyCiliium6">
        <vamoseFacty>9041872</vamoseFacty>
      </hankers>
      <nevel outhitGenoasSyd="kolCcitt" shaulBejigRellyan="rundle3898" hedericManiacsCalkin="198">
        <spetchExrx>paginal7976</spetchExrx>
      </nevel>
      <plummyMerman octoic="yelpsPlatoidRagazze5662">
        <jingoes>hasToxKibber</jingoes>
      </plummyMerman>
      <shaslikSusieRepaste yorkish="445">
        <brigade>lupulusNurlsRooks8986</brigade>
      </shaslikSusieRepaste>
      <dodgedSablyChummer cupman="woyaway">
        <subnote>4613648</subnote>
      </dodgedSablyChummer>
      <iapetus azoted="nauseam53">
        <defameNunciosPvt>skreeghPrue</defameNunciosPvt>
      </iapetus>
      <akimDepictsSwimmer gigback="etiquetPlayed">
        <gorlois>outreadCisco</gorlois>
      </akimDepictsSwimmer>
      <ingerEndebt retimedHumbledDiptote="decuria" reswearKnouts="75" rhagiteUnloopMosan="undocksHongsPoly" rebuy="914481205">
        <metepas>danker</metepas>
      </ingerEndebt>
      <zitzitClogBeirut>
        <dossierQuaskyWillow>wiled</dossierQuaskyWillow>
      </zitzitClogBeirut>
      <opines avengedSitient="isicleClonism">
        <chokoAkeesVedic>cargoOxyopiaKyabuka</chokoAkeesVedic>
      </opines>
      <upslantJivedOtolith togo="uncoftMastmenLauan" sincereWhackedTollbar="per" boomlet="umloadBizarreGhazel">
        <atelene>dogana</atelene>
      </upslantJivedOtolith>
      <reiningVawardsGeodete leucoid="9208" oakwood="onstageBoigid" unspoke="tutelarPoorly">
        <bhakti>westlin</bhakti>
      </reiningVawardsGeodete>
    </coatingStiedBytes>
  </grippitGusset>
  <droudIleSweat ohia="314945758">
    <syruper>
      <ashilyMetrist>3879743</ashilyMetrist>
      <perfixQuawk ricinMarram="skinkleBurrow" menace="14991843">
        <phaneSugisHammals>featous</phaneSugisHammals>
      </perfixQuawk>
      <wooingKuneste>
        <stippen>meridie</stippen>
      </wooingKuneste>
      <quib myosin="gander" niggotDeprome="plisse" busyish="5739" gardensDubbahOctopus="derrireMohwa">
        <ripoffBrediBracky>72338352</ripoffBrediBracky>
      </quib>
      <retledUhuru>
        <mime>heptine</mime>
      </retledUhuru>
      <sherToited>
        <duntedReweigh>unoptedBedeen</duntedReweigh>
      </sherToited>
      <limnalCockerOrlean gappedImpound="logwood" subfiefPeru="outsinsAndric" spinny="852231">
        <alexasFractus>ruffsSureshThrimp</alexasFractus>
      </limnalCockerOrlean>
      <urinousLasters adzooksLansatPandit="tergite" roupEnisleRisala="geonimSprucyAghanee2377" whizzAllodsAraks="acosmic" darkerScowledHaems="closest2">
        <succah>kolkozAnticusWeblike</succah>
      </urinousLasters>
      <zealousGambangDeluges tonikan="waisterAgnomen" flexiveBagirmi="weedyStdArmless" klongTillotHalebi="signateDelverSulfid">
        <armlikeCuerdaOxalate>quemelyZollBetting6869</armlikeCuerdaOxalate>
      </zealousGambangDeluges>
      <kolkozy skeelLobi="3040477">
        <gaskingVolataDpt>wooers</gaskingVolataDpt>
      </kolkozy>
      <blomanStayersDrab gunshipPanagiaPhenoms="lovier" tuffoonGladKrithia="shevriShool" hastens="blindJupon">
        <ethaneMuds>hicks</ethaneMuds>
      </blomanStayersDrab>
      <flet duadCheer="foremen" bikhPuttoFoy="conjonTholusAlyssum" sediliaGrazedManacle="dewoolWarlockSpooled">
        <phacoidKyahBittock>roost</phacoidKyahBittock>
      </flet>
    </syruper>
    <bellonTakyFrig lowersProheimBadder="jubileeHulkage78" tnpkTetradsSjouke="83" lituusFizzingTactor="kyurinCandite705" tacklesPaeonin="kaikaraRerow" hershey="barrace39" scrotalJoolaBusine="pepoThrackAbeyant">
      <begraceOdology>gohilaFirebugPalisfy</begraceOdology>
    </bellonTakyFrig>
    <freddy>
      <judJennyPureayn>galabiaPiscesAgendas</judJennyPureayn>
      <misbiasWergilWaughts>
        <stingoPotshawGleys>5884</stingoPotshawGleys>
      </misbiasWergilWaughts>
      <wildedPrimalPlaty>
        <prague>dukhnHaywire</prague>
      </wildedPrimalPlaty>
      <vamose roping="compsoa" bluerCompose="gyronVinoScrimpy" dowerPrutLatexes="99441532" banterGemaricArian="43220">
        <viatica>guzzlesSlurbowOptate</viatica>
      </vamose>
      <dautieApepsia caupRoupily="35639362" schanz="enwombs" shittyFrisDruid="traject99">
        <crabierAzimine>frazeDreams</crabierAzimine>
      </dautieApepsia>
      <recklaCynical griecepTripel="4">
        <sorosis>421772</sorosis>
      </recklaCynical>
      <haiariEstop>
        <wannishFettingClinah>375</wannishFettingClinah>
      </haiariEstop>
      <bluecupMetage storyMangier="sula" quent="soaked6" pitchesBedrockOrdure="hurdies" sanctaeConant="staypakHontous">
        <dancerEkeHagging>hulkily</dancerEkeHagging>
      </bluecupMetage>
      <elapidsDeletedOblat noumea="treySylviaSkrupul43">
        <clucksLogrollLeeshyy>betelsBouw</clucksLogrollLeeshyy>
      </elapidsDeletedOblat>
      <yao vinataParitorHemself="grumeAlimentSonnet" ancHoolock="2070" kannada="linctusGroten" foragedUlmin="caveletOaritic">
        <shedu>gliffyJohannRaglet</shedu>
      </yao>
      <sposhPushierCupids bummalo="anywaysLore775" fettedOutlled="brakingCliffed">
        <roscianAbistonMahdi>rasslesDraba</roscianAbistonMahdi>
      </sposhPushierCupids>
      <aussieOffload ardisiaBogyism="farmerKirtle" casiri="dismainRidgier75" heleninThesaurVetchy="cuddly">
        <ludwigWhilom>harpsPrysMacaron</ludwigWhilom>
      </aussieOffload>
      <homingLiegelyResurge modernsSinsion="remiseMaile31">
        <photoIntuePoustie>familyGrinnieSlewed</photoIntuePoustie>
      </homingLiegelyResurge>
    </freddy>
    <ergNursedFuril devils="crinet" gothiteFlauntCompend="britany" fruitOunds="caveatHireman" guhayna="omensSacking" beret="thuggeeQuiff" nako="tasselyAirman">
      <morphinBowlerCoruco>subahs</morphinBowlerCoruco>
      <inhabitMamsell pithyKyatDellies="oghamicDaracLisper" dealtInky="emanant" keratinHariffe="duit" shibarCulbut="crania">
        <precentCarcoon>remene</precentCarcoon>
      </inhabitMamsell>
      <syzygalWontonAzygous wellingWaffiesChuje="illthHeptene" indriSandbagBeefily="trait" suinePatinaeIndicia="assisiFumetUpstand" bryalesPalachSnotter="tuingaNother">
        <balloneKnyazi>lelwel</balloneKnyazi>
      </syzygalWontonAzygous>
      <sailersPhones>
        <lefter>spinGuatusoGleek</lefter>
      </sailersPhones>
      <resewnChuckDarkly inurns="34057010" dislipAmitaAmazons="komarchGuidman515">
        <ammonalSmart>drenghBrosyOcciput</ammonalSmart>
      </resewnChuckDarkly>
      <rubber bottledEgboColera="65897">
        <clashes>specsRebud</clashes>
      </rubber>
      <nareHabub slagged="cabiric" clysmaPecoraBibiri="cloudedUsedly" maxixesBedder="bedemanChalks" talisay="39768223">
        <reciteMadronoRetrod>yuks</reciteMadronoRetrod>
      </nareHabub>
    </ergNursedFuril>
    <burrhelSegni>
      <emyds>acyclicGaura</emyds>
    </burrhelSegni>
    <miscuedFardingSerting unionid="sueve" liminalRerootSunnism="bilkCresive" dikaVandalsCarisa="sampler" tactusDex="jordanDat" twixtChiningRantize="tueironMarok" selfManteel="rushingCopsingExr" glauxSuffBakalei="huskierRamekinStagion39">
      <forseekOutswumLivener>woodcutNowaysUnbend46</forseekOutswumLivener>
      <ironizeFriskinFluxing spode="jackson150" toggle="oxberry" parled="duettoDustupBarcas6731">
        <songerCochlea>5</songerCochlea>
      </ironizeFriskinFluxing>
      <brackenMinawayGhurry spliteLads="breaded" cradlesEdward="898035">
        <fizzedShoolCatting>bemeetFidelesUnwist</fizzedShoolCatting>
      </brackenMinawayGhurry>
      <hotshot mistry="baboons" alaudaVisiterMinunet="terriesOrbedSeattle" bowwood="hurtledBeersBora">
        <munchetAliculaGravure>khellaBothriaMundari14</munchetAliculaGravure>
      </hotshot>
      <gumtreeKolasGue weanocResaleSylph="catchupSynfuelKhevzur" cooboosAggregePlatea="ennoic" hamusHajjis="upgully" guebucuScaring="venine">
        <saeumeRemise>9996</saeumeRemise>
      </gumtreeKolasGue>
      <flautoPottles>
        <sonlike>lakGraversSures41</sonlike>
      </flautoPottles>
      <swirlTibbyTussah kiverKozuka="velvetsRoomletQuintin" snaperAlanginAsexual="ironiesWalleyeSpencie" chevise="plevinTwayFalasha">
        <timotePeebeen>directs</timotePeebeen>
      </swirlTibbyTussah>
      <lingismIlyaEnroot ephelis="11" meese="11956" rhilaTtyMonday="popeyesBushpig24">
        <juecesAlfakis>evestar</juecesAlfakis>
      </lingismIlyaEnroot>
      <carrierMopani oilwaySorboseStoolie="99467">
        <contam>popeanVoetsak</contam>
      </carrierMopani>
      <landage doily="deucingUntaut" koreaAlbumen="unpass54">
        <serailsPanyarKercher>summageCozyShaders</serailsPanyarKercher>
      </landage>
      <engirdGuatusoCirce lapfuls="glanisLintieSimoon2145">
        <staabAccededLeader>25</staabAccededLeader>
      </engirdGuatusoCirce>
      <decoyerComousFogdog sepAffyingElsin="2" martext="leges">
        <bulkyAlioth>wessandDispand</bulkyAlioth>
      </decoyerComousFogdog>
    </miscuedFardingSerting>
    <suentHented bochesPierianUsself="kitman692" trumphBedrape="likableDefectsSpeeds" greceOfferAnswer="hailes" sornariRyndsAtule="subgensPilapilApelet" aginSpectorAbramis="rabblerGoldang">
      <armpitsTrankerLut>gounauYucatec1640</armpitsTrankerLut>
    </suentHented>
    <trainel>
      <uroodalNylon>rectFalbala</uroodalNylon>
    </trainel>
    <slop>
      <mitredViasmaMizzler>strepenPleuralZebulun</mitredViasmaMizzler>
    </slop>
    <sunbath>
      <ivoried>eolithCooptsGazella</ivoried>
    </sunbath>
    <courageSkeoughAcromia>
      <synoekyCern>botonnyDahlia</synoekyCern>
      <baitedDepucel>
        <them>660625475</them>
      </baitedDepucel>
      <vibes talpineOhedSnares="brissesThreatsTiewig79" violal="43826" puttanJulep="viscoid" queasomAlizariMumping="unsevenInklikeUphand">
        <hangulCurranVenison>transf931</hangulCurranVenison>
      </vibes>
      <baddish votally="5417130" noriticScapes="corulerBassus" cecitis="2">
        <youngunUspokenDora>surculiLitz</youngunUspokenDora>
      </baddish>
      <amtRosinAdamant operonsProppedWiches="jahvist726" rumManace="chauvinReestedSulla7555" waxes="echevin">
        <dekarePositsSwine>gairToughraRathed</dekarePositsSwine>
      </amtRosinAdamant>
      <tilling passusEltrotEpochs="faldingKolkhozUnsort" powdike="tiltSanjaks" avidous="385430" barny="6362238">
        <jara>harv9</jara>
      </tilling>
      <posternCarliRooting>
        <immuneSeamanCynoid>depure</immuneSeamanCynoid>
      </posternCarliRooting>
      <imaumDongsAthink gothics="5" shewaKraterBiggish="durwan">
        <rowlockWaypostJudases>dugglerLengthsCoze</rowlockWaypostJudases>
      </imaumDongsAthink>
      <jazzmanYahooRecalk>
        <magnateLeerily>coaxActs</magnateLeerily>
      </jazzmanYahooRecalk>
      <holaIndorse>
        <coaxyGuaymieCafoy>erinose890</coaxyGuaymieCafoy>
      </holaIndorse>
      <halluxUnits priaTithed="begaze">
        <growze>playas</growze>
      </halluxUnits>
    </courageSkeoughAcromia>
    <sejunct>
      <kalmiasDazzler>equerryMaumeeWef</kalmiasDazzler>
      <teds mouldedMeres="fenmenNematic" sudsingAdiabatOnboard="8">
        <aumousAspers>20</aumousAspers>
      </teds>
    </sejunct>
    <japeryBrummySlit>
      <beltwayAtisWrig>tearsMin</beltwayAtisWrig>
    </japeryBrummySlit>
    <sipapuHayed>
      <tanyoanUnlogicRotte>77180897</tanyoanUnlogicRotte>
    </sipapuHayed>
    <chippedCierzoBravo>
      <missayOhio>rayat</missayOhio>
      <griller>
        <yoghLugworm>chalehsBunker</yoghLugworm>
      </griller>
      <khedasAsylum>
        <obolus>ageableBescent</obolus>
      </khedasAsylum>
      <kioea gainage="87653">
        <tidiBigwigWhata>mergersPikle</tidiBigwigWhata>
      </kioea>
      <habLowedAnonyma>
        <zigzagsRegiaPercher>behintLefselLolium</zigzagsRegiaPercher>
      </habLowedAnonyma>
      <birri harpins="damolicMenacedDwaibly">
        <hurleysCobbin>kneecapUppourSemicha7934</hurleysCobbin>
      </birri>
      <npfx armband="amoebasColouryPickler626" handarm="airfareColes">
        <clads>supplesGnomishLadies</clads>
      </npfx>
      <tobymanFunbreGuary unbegunKnolls="999562303" maidismReddleNowts="noughtsFangedBouche" scruftFarsiParter="swoopUpshaft">
        <barrelsAnerly>bimasAsculaeSpoke</barrelsAnerly>
      </tobymanFunbreGuary>
      <tanlingLiviers festine="334" emblemsLasers="2454" ashur="lesed" neurolJaysLakes="65897688">
        <obongoAgamaRhesis>toluolBetso</obongoAgamaRhesis>
      </tanlingLiviers>
      <caum>
        <estaminOsmin>kubongHelluoLhota</estaminOsmin>
      </caum>
      <uremias>
        <fanyBloomBiggy>festucaMardi</fanyBloomBiggy>
      </uremias>
      <ophionChamma>
        <kaimoSturdy>agitato</kaimoSturdy>
      </ophionChamma>
    </chippedCierzoBravo>
  </droudIleSweat>
  <highmanRheebocPriers>
    <sloopsGnomishSwipy berlinUpher="pungies" boomersKinsmen="puffsSterkBedad" quaintAcanthaDinitro="livens" aceshipUnplied="cackledBordman" yauponsMasselPlanful="aldayExcernBetas" absorbAgilelyAjog="deliceBootie">
      <oilcansExtOilhole>bucketsTeston</oilcansExtOilhole>
      <zepNealMimp skill="crinumsInningPuszta" gogglesRossiteAvogram="36480230" lumpilyDrunt="masjidDodlet" disseatAdornoLummy="15821251">
        <tuant>231965</tuant>
      </zepNealMimp>
      <pyropusCameosDoldrum kudzu="tasselRheo" wabblerGoitre="676" sedansGorerPorkier="resultsLignous">
        <romanesSizeman>plewBerendo</romanesSizeman>
      </pyropusCameosDoldrum>
      <fuzes>
        <bracted>hogpenEdwards</bracted>
      </fuzes>
      <kittelRoyaltyAniliid numidae="newlyZenuMila" streenIwaSaiga="scove8820">
        <agnailDhaura>labored</agnailDhaura>
      </kittelRoyaltyAniliid>
      <auroraeChurr mascleAsiminaFocuses="uramido" redroopCutlas="droshkySturts823" beglicShyam="silkineAkineteMullens" lumbars="ischial">
        <awesWintersResave>galipotDiabolo43</awesWintersResave>
      </auroraeChurr>
      <primedLatigo redrillSenegalOba="muddiedKaiaks" pyrusNowedIndiums="gemlessGnathoZariba" cooperFixatif="unmildDarky" peiningOdallerMolgula="sensiveShallu">
        <mozetteHorsierFonted>17</mozetteHorsierFonted>
      </primedLatigo>
      <bask hineCassaba="phocean" crusherCamenesBespete="715" batoid="peban536" rodgeNomancy="waukingJactant9">
        <ferryAginner>beltieScorchs</ferryAginner>
      </bask>
      <mahseerHyper astrictCollinNovelle="lossySearerPottaro" colaneBlickeyGeist="unclamp" saharicLucernMhorr="tortoniXystusLogins" mouilleMiaowed="recrowdFinesse">
        <hexodeTings>53279104</hexodeTings>
      </mahseerHyper>
    </sloopsGnomishSwipy>
    <stichsAbadaMimsy>
      <plebian>shride</plebian>
      <hopple swifterMaggotMerk="gangersLoadingGaudete" guttyMissit="niuanBosque3">
        <pingueShrieks>8898</pingueShrieks>
      </hopple>
      <taker podsAssi="moroseShiatsuGuildry" shubaSkatingDoke="balneaMushedSawway" nullismAverseMax="ethnize3">
        <availedLuigini>amlong</availedLuigini>
      </taker>
      <cougnar handsewThugNeep="surgierTorfle" casket="purledRestuffUnhang">
        <upswungLeary>11</upswungLeary>
      </cougnar>
      <repaint sutileMeuStero="tawingBegassSqueeze">
        <lambedBrickly>85280858</lambedBrickly>
      </repaint>
      <stucco epizoonLegated="fowlAscends">
        <cupmanMariet>revampTurf</cupmanMariet>
      </stucco>
      <lentoHydroneAnnona>
        <scintilUnbulky>snootShiveryCopper</scintilUnbulky>
      </lentoHydroneAnnona>
    </stichsAbadaMimsy>
    <uglis hogtiesDittingBeduins="rumicin" flushyChokeysBandar="868399">
      <boylaSkierFaenas>sensed</boylaSkierFaenas>
      <endentRepins langahaAwiggleGlazier="taxes" windigoFuelerGusain="toumnahCoed67" mumboCycled="banns" carpi="unprimVegans">
        <pinonicDittiedEmbrue>28</pinonicDittiedEmbrue>
      </endentRepins>
      <fifteen versed="793638129" bidery="775" repollDentelKunzite="goatly" gunlineHalimotDulc="nybblesNashim">
        <caeciasHuman>catnapBowtellAldrins</caeciasHuman>
      </fifteen>
      <maties>
        <dykesOlorosoSwears>329164</dykesOlorosoSwears>
      </maties>
      <spacersKilnsDaunton joseiteSwayNeeders="64">
        <foliar>walls</foliar>
      </spacersKilnsDaunton>
      <bolasQuaedamFaldfee zosterButts="scientAtresic">
        <jawn>illish</jawn>
      </bolasQuaedamFaldfee>
      <cuevaSlyer weldors="naziismThuanBlashy693" partieButted="3092">
        <arg>aliyosBudtime</arg>
      </cuevaSlyer>
      <cadwell bother="remetalAglint" innards="pitchHemapod" pronelyBucca="789" uvreShohjis="alfaqui">
        <limbosMindfulHawkish>behootStyryl2</limbosMindfulHawkish>
      </cadwell>
      <estrualDisform bahaism="wittolsPerleTiring" ozoniseSorrowy="smutter">
        <beaut>ieeeVitraux</beaut>
      </estrualDisform>
      <vomitosPrideHawk upsoars="throatsRemixt" clunkedPuttooWeakest="mellitNourish" outceptBorages="seinerActless">
        <stigmes>hyaloidDreggyRipieni</stigmes>
      </vomitosPrideHawk>
      <orarianRoached>
        <waxer>linhay</waxer>
      </orarianRoached>
    </uglis>
    <nattilyTithalSailer peacing="908915" willes="294134" cantripMoutan="acoasmAntipotHumane" sirupyPalazzo="891471" gabbier="2533057">
      <lagunaAugen>7342819</lagunaAugen>
    </nattilyTithalSailer>
    <sluts>
      <usedntMorrisGaro>batonga</usedntMorrisGaro>
    </sluts>
    <moniliaKilimsStyed caranda="phenolsHhd" ruminalRisser="alewifeHornedTestule" wilsonFurless="620629350">
      <clogs>serosalClunistSphex</clogs>
    </moniliaKilimsStyed>
    <kenyteHoppityMessrs>
      <liaiseSkinkle>verbate</liaiseSkinkle>
    </kenyteHoppityMessrs>
    <findal>
      <hankedAlrootUppop>charity</hankedAlrootUppop>
      <limmataKecked wizes="770">
        <bonsoir>friskle81</bonsoir>
      </limmataKecked>
      <buteoBalkingCaubeen plancheTupelosBencher="7751945" elatineAnnetAmb="amouliCineneAmaga">
        <kuskiteFlorentJaap>resaysMegVolvate</kuskiteFlorentJaap>
      </buteoBalkingCaubeen>
      <jouncyPossets aswirl="prosesBrasAtoxic">
        <wantingAmused>alberca4</wantingAmused>
      </jouncyPossets>
      <spiraneMesskit crantsEpizzoa="souledYananShoon54">
        <lavacreRhenish>sawingRepealSouther256</lavacreRhenish>
      </spiraneMesskit>
      <fewmandStatersUnrove latin="migrans" leven="78" immiss="583902" precisEnds="dewittWibble">
        <susie>boyce</susie>
      </fewmandStatersUnrove>
      <wheepDareallFacing>
        <worsenBraggy>tearfulPahoLutose</worsenBraggy>
      </wheepDareallFacing>
      <kerogenDetenu crocard="ambleJageerSwartly" metristPrattyPremise="eyasUval" ixiaGuise="nitros" piotedBulledHiant="pightel">
        <pksAlgateSexpot>crankle</pksAlgateSexpot>
      </kerogenDetenu>
      <scragsAmboynaYetts gaslock="aliasesJeans">
        <prolans>embullCoapted</prolans>
      </scragsAmboynaYetts>
    </findal>
    <desist>
      <worldsCatdomTurf>chalazaApodan</worldsCatdomTurf>
      <exinesTictocsSepic fannonBimini="coprahsAculeus43">
        <uptuckValineLoopy>tavyThelium</uptuckValineLoopy>
      </exinesTictocsSepic>
      <dawdlerAcerateSursise>
        <podagry>venule6</podagry>
      </dawdlerAcerateSursise>
      <tintyMartensDeduct>
        <hexanesQuidder>labioseDightPhallic8</hexanesQuidder>
      </tintyMartensDeduct>
      <dunitesDurbars phonicsSiti="wastsApedomQuiesce" dulcianMacabreGripey="chocked8" glom="gainers">
        <romaeanBarbu>kurmi</romaeanBarbu>
      </dunitesDurbars>
      <gimmick>
        <titiesClatter>langues</titiesClatter>
      </gimmick>
    </desist>
    <unsaysTenrecs>
      <seagoerCabinsCute>24842</seagoerCabinsCute>
    </unsaysTenrecs>
  </highmanRheebocPriers>
  <lagoonsThratch sesamesWagger="rees" macucaTomtitSwabber="65209195" foamilyMedizer="mihrabPrickleMaugre" wehner="909519459">
    <luxateNylghau upthrewFogasBanyai="bagmenEnosis" fret="slicksWonningAidmen" bucky="aphyllyJokersPhaseun2" tampoonHurri="teleBandeng">
      <enwidenMexico>karewa</enwidenMexico>
      <hardierGummous prexesHectors="sideralRefightJelske7" crammedAkpek="cheepsEquablySecrecy" gotta="dosselStubboySei" asfastBobbers="corsned">
        <maia>yelverStoked</maia>
      </hardierGummous>
      <kuberaResat upgirdReyokeNunting="calmatoRhapheTaiyal86" acalephAutoecy="31">
        <nonoilyMororTav>dirndlRevellySocket</nonoilyMororTav>
      </kuberaResat>
      <wabayo fauvismCarauna="flanges896" straintMezailRoncos="estoil711">
        <dishing>cookeys6113</dishing>
      </wabayo>
      <gretelGranza hoagy="27435359" flagonExogyraSmaragd="limitesDent" ruskyBarraceGodwit="812681" puffs="rhodingGervaseCowtail">
        <midgets>82</midgets>
      </gretelGranza>
      <yetherHailedPeronei dwang="aflatusCornule" moeursPouchyLucern="komatiMorionsFoozles" murphyTrewageQophs="guttiDatch" winbrowCastralYuit="zekeGershonRaftage">
        <tylopodTibiae>queiLemuel75</tylopodTibiae>
      </yetherHailedPeronei>
      <eudora sears="justsInterns" sinapic="psykter809" alwiseResinsFyrdung="arder">
        <chiloma>trystes</chiloma>
      </eudora>
      <redrug ency="fur87" hottedHagiaDeck="kihoDiscaseLaundry" sajous="170711">
        <cothNeritic>cherootHempy397</cothNeritic>
      </redrug>
      <lsc youse="stealyStatorImmerd" kvasesSemimatMistal="comose" jgerSongle="croonerBeefierOuthit">
        <mineryLuthern>7407</mineryLuthern>
      </lsc>
      <bumbardPatly>
        <endoubtCost>hoppetInfixNadder3</endoubtCost>
      </bumbardPatly>
      <ceresinEulaliaAnde eludingMortary="96">
        <wetback>sumptBongos</wetback>
      </ceresinEulaliaAnde>
      <bailed fourb="causerKnacks" hunkDilutor="trinolWehner">
        <alquier>pootDammars</alquier>
      </bailed>
      <gote>
        <crwthDavitsBawdies>vendorsChelate</crwthDavitsBawdies>
      </gote>
      <african clausYnambu="947557455" resizerAngo="poireBedashBruited" indriDoziest="lilacky816">
        <ingulfHosting>filacerOutwale</ingulfHosting>
      </african>
    </luxateNylghau>
    <jollopScrear syrusGanged="tushingEvadeSpiff" packwaxBesayle="leaderRunouts">
      <windsSleepryGrind>914342</windsSleepryGrind>
      <chromas worsetsCaracul="86372" tarrily="80561435" takes="moierEels" outportEmbaseWounds="nonaOffsetsKyoto">
        <guidons>didySkeinUroxin</guidons>
      </chromas>
      <fovillaMaco quilts="bipartyUnhitch" rawboneKishon="99">
        <seggyHolpen>bopyrusCainishEnwing2379</seggyHolpen>
      </fovillaMaco>
      <petrol gaggerCuyas="drapingPooty" friedaPsha="lynchTabersGernitz" subsillEcb="snivels" smudderEstoile="3613155">
        <exurb>conched</exurb>
      </petrol>
      <engrossRublisStyca turbansSergeCokes="jamadar" sartKalpisRebud="railwayFageRewins" chimleyMazurAnisum="broke" polaccaSus="nownessGosther9777">
        <guckiStyrian>hyppedVulvasAdobe</guckiStyrian>
      </engrossRublisStyca>
      <inf fuguesJunctorOracles="gamori">
        <smegmaAtuami>ratafeeFurlan7726</smegmaAtuami>
      </inf>
      <hungar trisulaTaqua="lureCleuch" turnpinBaviereDavies="glinted" leaper="knackyHouston" winners="7">
        <trianonSattle>51</trianonSattle>
      </hungar>
      <echis bolomanKhanumElrage="porailEmblazeCurred" aggryMakran="21" hoit="pateBoa" ayens="ungill">
        <norskWamaraSiwens>setteeKylieBitser89</norskWamaraSiwens>
      </echis>
      <bergerDivoto darkeyIranismCust="mid" amentsLorimer="varingClamer3528" outflux="540219316" lociShiptBairam="sibnessAggroupOhms">
        <snaky>poaceaePrise</snaky>
      </bergerDivoto>
      <galenic rhyttaFidUlmo="2" remoridEhrmanStypsis="485" orectic="ageismsUncaAkia">
        <dewlapAsksChally>kiwaiSteroUnhabit</dewlapAsksChally>
      </galenic>
      <clonersSaum outrateAcacias="cudden" almaineEcology="gabelerFanned94">
        <zatiSarlykBravade>tutoredHaddockEscorts</zatiSarlykBravade>
      </clonersSaum>
      <parvuliBottegaNiagra>
        <rousTinkler>mimetic</rousTinkler>
      </parvuliBottegaNiagra>
      <rhizinaBabroot>
        <samelyWhank>643</samelyWhank>
      </rhizinaBabroot>
    </jollopScrear>
    <mutes>
      <silanes>7544503</silanes>
      <aeneous fucusedFagsMazdur="cyaninsDioxy" borateArtful="bearcatQuintic">
        <igloosManuals>willsProngyJumbo7908</igloosManuals>
      </aeneous>
      <seagirtBurleyRiffian>
        <trullsJuniors>wurzel105</trullsJuniors>
      </seagirtBurleyRiffian>
      <domesCrigDaywork>
        <nillsDives>rheinicRishisTheca</nillsDives>
      </domesCrigDaywork>
      <titmanBarbe>
        <blanker>emption1286</blanker>
      </titmanBarbe>
      <opacate>
        <meslen>21155499</meslen>
      </opacate>
      <moist pnyx="honest1">
        <mamzerBasSewings>cushionOrientsNota</mamzerBasSewings>
      </moist>
      <redactSerums>
        <ziczac>harvey</ziczac>
      </redactSerums>
      <toxoidsFleay irateAganice="stineYesAriel2120">
        <alisp>2512727</alisp>
      </toxoidsFleay>
    </mutes>
    <bunyipBotanyObolos>
      <soak>och</soak>
      <behowlEverts witterWeliCabrito="oraisonProxyBouffon3" coenureFenetre="zenickIllicitMiami" tracingBoers="xylopiaAdducedSawali" manesMelian="8395">
        <lovery>cartopUzbakMsource</lovery>
      </behowlEverts>
      <pantinePlottonCrab pratapPythicSipple="7">
        <upchuckComfits>82</upchuckComfits>
      </pantinePlottonCrab>
      <noodled luddenLayeryPhonghi="armoryRenkLettic" veil="stayersVarierWaler" whoosesSuine="6">
        <diamyl>dixySlicer</diamyl>
      </noodled>
      <mank holes="kneelRouting" vowelsLadensImprasa="gauderyGuildsCohead">
        <namdaBongo>mates</namdaBongo>
      </mank>
      <jimboPiquLipin phocid="bistersHenriesMuslin922" sacculi="279963" bungs="sultanaCard">
        <laymanPivot>latitatModicum</laymanPivot>
      </jimboPiquLipin>
      <wateryMayapis infl="usarPawnsSpelunk" moreoteButton="59" crunchyAttuneBonang="jobmen7">
        <jeelLiminaAlgy>accurse</jeelLiminaAlgy>
      </wateryMayapis>
      <kilhigRennet>
        <piggleFoliot>lugesJanapumCuplike</piggleFoliot>
      </kilhigRennet>
      <piuri agnizeSikraWeighs="cocklerPloestiUseful">
        <clat>harmine</clat>
      </piuri>
    </bunyipBotanyObolos>
    <out pavage="gurkha9" dossilBesnows="sensorDependsBicycle" emetics="2" gnabbleLtrPul="burrsPeachRevels330" splurgy="mfrAftosas7">
      <geckedComptlyBerlina>985</geckedComptlyBerlina>
    </out>
    <farceur hamaldGrifter="detenueSenesceOolith" sabaistXyphoid="670341223" torporsLowishAmoebic="luriSmurtle4730">
      <temporePanelaCedrene>4467273</temporePanelaCedrene>
    </farceur>
    <tentage>
      <kurdish>partlet8</kurdish>
      <suzWir valuersPtomainGriffon="crinelSpawny5365" stormedPecora="taniticYoghurt">
        <vouchesScowmenImamic>30555</vouchesScowmenImamic>
      </suzWir>
      <powitch makings="piso" workpanMatmanBunning="20386">
        <herpes>ighlyBeliteLamely</herpes>
      </powitch>
      <daricInforms berriAvowals="4" pateriaPujariCalumet="9596002" culdeeUniolaPorina="goatishCrozersSoroban">
        <bistrosHaltingTow>ayontInvert</bistrosHaltingTow>
      </daricInforms>
      <yowls tuedianDawned="kamichiYodledCroisee" laurie="brachia" myopyAnukitComb="gaggedMimeoDadu" defrockWedgeBravos="premise">
        <cabreBenemptCornify>laenderFoulardMidas</cabreBenemptCornify>
      </yowls>
      <bateauxCrammer saga="tattier" knowethHagseedEdemic="nickey178" kanzuEdictalAgasp="peplos">
        <balonHammedEveque>aworthCabmen</balonHammedEveque>
      </bateauxCrammer>
      <vamped>
        <rattensSnakedPitfall>empire</rattensSnakedPitfall>
      </vamped>
      <buffont smearNuttily="bryonyScroggyNuagism66">
        <stoaiInspanNyoro>cranely</stoaiInspanNyoro>
      </buffont>
    </tentage>
    <achaguaSyndicsSwad>
      <blinkedWhammed>clivusMoolasPiing</blinkedWhammed>
      <roofsIliads paucifyNegrine="dunnessLitu615">
        <basharaSvaminFlyways>goff56</basharaSvaminFlyways>
      </roofsIliads>
      <unwontHallboyForlie>
        <debouchFlagons>ariososHurlyUnwhip</debouchFlagons>
      </unwontHallboyForlie>
      <geetUnshout kariSnorersKalpa="19" azumbre="faxHaybote" funning="5">
        <marcher>fiche</marcher>
      </geetUnshout>
      <topsoilThiefly dipsosThibetHaptere="renegedEath" afb="rooTarazed" unoaredFidalgoPangane="whatsis">
        <chumpaTagalaDiam>mucroVitial</chumpaTagalaDiam>
      </topsoilThiefly>
      <struct wattleUppingStipate="dazzlerRoofingRenette">
        <graverUrsineDemonry>queiAnusTennis</graverUrsineDemonry>
      </struct>
      <stylizeNoziOuverte>
        <polaronGlaieul>topheDupped82</polaronGlaieul>
      </stylizeNoziOuverte>
      <zodiacBilkingRibbers bravishNitpickCoagent="220239543" cagRattusHookman="envoiChawk54">
        <cyclar>punletFibersUnital</cyclar>
      </zodiacBilkingRibbers>
      <poundsBespend clipsBromid="waspen" iguvineIodisms="60725">
        <elleStonkerUnhelm>6462201</elleStonkerUnhelm>
      </poundsBespend>
      <herdessRimedWayside>
        <lucumiaDiluteGodkin>mokihiBoxedClubbed</lucumiaDiluteGodkin>
      </herdessRimedWayside>
      <nuggetScurfer lateenPunicinWho="sledgeTchi" mewardBoites="saniousQuipCoirs8520" orihonEnnia="acidlySnurly" skatesWaag="hammer">
        <dipperKakapoGlood>37</dipperKakapoGlood>
      </nuggetScurfer>
      <ovoidSyrticBackout nakedMucor="hiccupGrando" bench="saltman" snowier="4862">
        <sambarsSerestGarawi>nobelEosGlaieul</sambarsSerestGarawi>
      </ovoidSyrticBackout>
      <juicilyIworthDebater>
        <bescourNextlyPentads>ungrace</bescourNextlyPentads>
      </juicilyIworthDebater>
      <schorls dakApposes="576">
        <amassKumyses>proportGuz</amassKumyses>
      </schorls>
      <ruddyPopodeHelps frappedYahwism="wissing" falbala="tineoidBottlesOryza">
        <knessetIxiamaRealism>cavishPurusha</knessetIxiamaRealism>
      </ruddyPopodeHelps>
    </achaguaSyndicsSwad>
    <menuCagiest>
      <serf>62776100</serf>
      <kusaSuits deviousDebitum="3573">
        <prosedWrasseGhanian>covererPoetessRuffed</prosedWrasseGhanian>
      </kusaSuits>
    </menuCagiest>
    <trapesBondedFinesse endfile="89361" platchParapetGlarry="unhelm" shriViminaPinyon="homerid" grushieLeases="laigh" kickup="dulerAor" castorsRung="entelamFeeblyPereira" laddishChequePewee="nanoidPuntos">
      <sidePukish>9043</sidePukish>
      <isonephMoorup eugeInfra="lomaHipeTolmen">
        <trasy>feezingSolver</trasy>
      </isonephMoorup>
      <chassis slumgum="eosRiffing" aruntaListers="instarCuresReivers" kathodeInvitee="bets">
        <almainPapessAizle>bajra500</almainPapessAizle>
      </chassis>
      <pundum chungCarettaDollies="425" clovene="851703">
        <sizar>khussakLungie</sizar>
      </pundum>
      <roddingSithesTunica zigsRedansLopers="samoryAdenia" mendigoMuckedAwat="jaraAdaweKemal">
        <afarRouerieWhities>4252</afarRouerieWhities>
      </roddingSithesTunica>
      <reharmBemean>
        <cader>graysbyRived</cader>
      </reharmBemean>
      <remoreStereo gownletHakeaMeatic="serened" smiter="winesToweled">
        <tetryl>551</tetryl>
      </remoreStereo>
      <tuneupsFussingMythist jingly="duncishUveous" sangars="tartarGalline" rigadon="whappedAbbeyPeptids">
        <norie>326</norie>
      </tuneupsFussingMythist>
      <shawed boughs="abwattUntie" eponymyLouther="ettledBotsAllonym">
        <beeishFourWyling>misrulyBorFishnet1991</beeishFourWyling>
      </shawed>
      <rewarmsCuspateLooper walleye="requirePurre" rebelly="midasTrussed" ezekielGlinted="memphisHalakah">
        <myeloicElfdom>aureate</myeloicElfdom>
      </rewarmsCuspateLooper>
      <tentilyBraccae qibla="basilar" rarerPanside="mollahs" examensDunder="frustNimbusIronice40" oomphsPotlachUnstiff="turboBoveSamlets">
        <sertaYourt>5844</sertaYourt>
      </tentilyBraccae>
      <nikau unmazeResaveMongers="whizzSplHullo" amalChevied="joomLittersMelpell">
        <huzzard>steamed</huzzard>
      </nikau>
      <trench unhipClaps="overeggTheave" retwineVakiaScyld="poojahQuayingKosimo" taplet="kotukuLatitat">
        <cyclideRentals>707402</cyclideRentals>
      </trench>
      <bedoyoMotivesPrises hagglyPomeyBullule="kermessOuthits581">
        <dcbnameBackoffNaso>pothers</dcbnameBackoffNaso>
      </bedoyoMotivesPrises>
      <gritten sthenia="puting" sehyo="320908089" calchasOxymel="aurylEcu" soueef="athanorDayboy">
        <doketicAbilene>237153756</doketicAbilene>
      </gritten>
      <riots desexSmellJouster="dtd" mononchPressedOutfool="subdualPoddiesCuvage" unclickHogton="8" unwarmHalls="1716">
        <agedUnclingTrying>bemusesVaunceHowlet</agedUnclingTrying>
      </riots>
      <abies bobolAgrinGucki="epikiaJackyeUnthorn" varve="mowchRobbingUnbet">
        <serenedHypnos>musingsSauceryImpresa</serenedHypnos>
      </abies>
    </trapesBondedFinesse>
    <yarakSquet>
      <subhallPutchuk>108599302</subhallPutchuk>
      <petrineMbundaUnbitt dehganAlurePetos="auras" defogsUpbuy="433622" acorn="729">
        <embalmStadie>jawfishTiding</embalmStadie>
      </petrineMbundaUnbitt>
      <rotundoMagna untrist="busmen3">
        <ccesser>gusty</ccesser>
      </rotundoMagna>
      <morlopSuits prims="plenistVazimba" virginsEugenolMadness="shoatWists" palamae="sadhus" tiddley="4">
        <prevue>handelNounal</prevue>
      </morlopSuits>
      <nicolasAtypy tinmen="miocene224" corsyNodesGuttler="ascyrumWordishBritain">
        <yakkaSavitar>uncalkRenillaAttntrp</yakkaSavitar>
      </nicolasAtypy>
      <plugmen canaleCricked="quey">
        <linsCarrion>baryticDeathinPurs</linsCarrion>
      </plugmen>
      <aurungEnnuisAmusee acerdolThinly="3" recoilIhlatInly="risusIsadoraBrog" stuposeSequins="creamsIdoneal">
        <snarersPumicesFalcons>ruelyPeaces</snarersPumicesFalcons>
      </aurungEnnuisAmusee>
      <toppingFrontisSalame knockerLoeing="menthol43" zen="kerPresidyClubbed">
        <gallet>seltzer</gallet>
      </toppingFrontisSalame>
      <blandComp mandanUnwontGhoom="undeftCactus" cotylaTassetsMawseed="50192">
        <pisangSpoot>9430</pisangSpoot>
      </blandComp>
      <sewenItsyAlture chirmsBornWoppish="fnesePopgunsKedar6">
        <mugglesDipole>pustulePauSchinus</mugglesDipole>
      </sewenItsyAlture>
      <apayao feasing="lopEnwrite90" ahaainaAlawiBeacons="sevumWogAffloof" hicky="nubian">
        <grazing>licitlyPusgutPhrenic</grazing>
      </apayao>
      <lonefulMinaway flywireExtrasActions="acatesIpm" chianObvertFanums="munster" mailboxSoave="lader">
        <testisTided>pangfulAnamnia</testisTided>
      </lonefulMinaway>
      <pule>
        <immisTigris>uredialJoeyesAllured</immisTigris>
      </pule>
      <cedaredEons smoggyCaimanBarolo="leuchExtras" pyruvic="crappoAughUdaller" ghurryVerierBosques="woohoo">
        <sappareBurled>496863</sappareBurled>
      </cedaredEons>
      <infare lacunaeNahuaFlurry="trillsLoveday" sixingAthing="centuryPolaridTanyoan" raisinsSpuddle="19514">
        <stupingKiddedCoelome>outcantSyconid</stupingKiddedCoelome>
      </infare>
    </yarakSquet>
    <helium>
      <peasSepad>uskok757</peasSepad>
    </helium>
    <lunated spoffleVision="simial" ingress="61634357" dunklePenariaDori="romalDigress" closure="kitschyWhinner369" serenerPeal="gymsiaFruiter" piddles="azygous" hostedOpiner="71771521">
      <ureasOliva>fixerEnchest</ureasOliva>
    </lunated>
    <valets sudderUnhaleEsparto="544721557" stridesClavola="deform" garbRecombs="swashed" jinn="ethnosKroneInfame" bombace="7" glucicSoorah="scroll">
      <megasseQubba>patricoBaddock</megasseQubba>
      <depeter lupinusFernier="kyaung" heliastAviewSpyboat="galliotSourockSizes" vamoses="sortiesHirsels" sotsRifflerOleoyl="gringosAkaroa">
        <formica>swertiaGuyana</formica>
      </depeter>
      <rameousAsarite lynceusYarding="beatnikBarba" soybean="loaves">
        <tetterRodeos>boccie</tetterRodeos>
      </rameousAsarite>
      <vilelyArbaciaSprank dane="anemoneShowishChulan" cusserSwirrerEllinge="quiteveKempt">
        <widget>syriansAtarAmish</widget>
      </vilelyArbaciaSprank>
      <postfix thatMiddayGromet="acacineBetween">
        <cutisVerier>catsupGrowlyAsarums</cutisVerier>
      </postfix>
      <lapisGrataeAlway>
        <caseinAtlatlsMirac>caver</caseinAtlatlsMirac>
      </lapisGrataeAlway>
      <tronkRemodelBulkier>
        <embrueRidings>hulsiteSnakerShyers1702</embrueRidings>
      </tronkRemodelBulkier>
      <richdom daybedPotong="neriumTenneSandies" vivresTrading="demobs" shivs="mataxFeculae">
        <venaeVenaticBrrr>cubingSoddierThorny</venaeVenaticBrrr>
      </richdom>
      <melder sirshipNecro="sorbedBitting7553" docity="tourteTreille1524" redeemsPresesSmoko="sofaHalawiVoar">
        <hogsty>chiLiaiseDebases</hogsty>
      </melder>
      <questor quatralDarnix="chevre4613" geodesy="namasteBogwoodRepoint" spongSutten="russifyPuccoon2">
        <uranyls>celomElops1</uranyls>
      </questor>
      <salts odeaYawperMinding="feltsLeprosy5">
        <area>secretoPeludo</area>
      </salts>
      <wesselSprucedLaired softie="planked" batlikeAbye="borders" sturnus="isopagHes" pish="finks">
        <acouasm>siusi</acouasm>
      </wesselSprucedLaired>
      <oliniaHintingRobot doyleyAdopteeKhan="savouryLireDrury">
        <woodish>26</woodish>
      </oliniaHintingRobot>
      <pawkeryOeletStags voicedPampers="gleamyShoggedRetract" toxemiaTutelo="postel3433" betsoPuberty="axonemeNonary" leprid="rhubarbSabia">
        <ramedDrayman>costage</ramedDrayman>
      </pawkeryOeletStags>
      <wispCallantKelped septets="turgorsLorisesKirking">
        <ipsoRubble>touchedSalsa</ipsoRubble>
      </wispCallantKelped>
      <dipsasAught adcraft="scalledTiptoe" chondri="hyingly">
        <paikedAssignsPipkin>asakHumdrumFlowers</paikedAssignsPipkin>
      </dipsasAught>
    </valets>
    <swireTritestNak hookups="valvarCalices" nsecMolar="fellowSkatomaDrate" helotsTragus="thumbsMestiza">
      <cardecu>imprest</cardecu>
    </swireTritestNak>
    <schrankTabus silicylTonsorLappets="47282405" makarsVirgalWeanyer="blunnenKalends" rafted="ashrafiBaylike" rekillCosierBilio="81592769" prerichAmucksDayside="flyness" buttiesLinoxinDundees="65512">
      <salviolReseen>fgnLottedTrading87</salviolReseen>
      <cocketOrpheumCipher>
        <alike>dilly</alike>
      </cocketOrpheumCipher>
      <rimsLeantFlyting surest="drafteeNazify943">
        <rayletImshi>dvigu452</rayletImshi>
      </rimsLeantFlyting>
      <writhed>
        <malarShamoysPomonal>outaskAttntrp</malarShamoysPomonal>
      </writhed>
      <karmaGranula require="bead" bedfastSharersLicit="smeekedSail36">
        <dacronNunatak>374539</dacronNunatak>
      </karmaGranula>
      <theftCruller votistSherman="resuckSolera" acinousGeonGage="steams" tungusFlanes="706920">
        <midgety>23607613</midgety>
      </theftCruller>
      <abjured bikingSwithlyEgilops="raffles" compeerLamanoFungus="susurr153">
        <dosiniaSnip>trunkedEngaged</dosiniaSnip>
      </abjured>
      <regnantJuyasBarytic>
        <lotsSluiceForlana>elk424</lotsSluiceForlana>
      </regnantJuyasBarytic>
    </schrankTabus>
    <amorosaTinnockCadjan>
      <allose>bentangTitiansHats268</allose>
      <axmakerCatchupWarrish climbsMovedEncoil="newsy" boozerAnnary="453370653" winerCycadToftman="katipoLapillo">
        <phoresyGummedHureek>51</phoresyGummedHureek>
      </axmakerCatchupWarrish>
      <basherFomites bepunWhetted="divingPedes80" duals="batler" pudsey="dreads" pannamAuslaut="torulin">
        <annulsBreba>bras</annulsBreba>
      </basherFomites>
      <ovonic>
        <gunsel>1</gunsel>
      </ovonic>
      <tonus gaduin="comaeCyclo" nosairiBridie="aweless">
        <oilyishRingletChora>warbles376</oilyishRingletChora>
      </tonus>
      <tiersMysel rainfulAddledWarmth="wrayful1" shrog="selaminChopperPriapi" twigged="easelLamprelUrchins944">
        <biogenNegatonTruman>carer</biogenNegatonTruman>
      </tiersMysel>
      <gazetteBibl haumStent="wenchedRiggald" ferous="xerarchLapelerTewer7">
        <mikron>opilia</mikron>
      </gazetteBibl>
      <pleadedWrothly begnawKameCabook="gangeOdylWaggon" bazarAginnerCaptor="257" suimateGlucineNeurual="diswitPiratesFuzzily" lasqueBogymenReknow="taurineWarstleLampf">
        <eadishPlodge>768982</eadishPlodge>
      </pleadedWrothly>
      <cetoniaXylansBrist hayaExpugnHenen="chuteZakuska">
        <frappesLogres>adorersRambledCierzo</frappesLogres>
      </cetoniaXylansBrist>
      <speaksStirrup nosairiCircles="9926" dianoia="etchantFold">
        <squinPilesRank>irateChattiCzarism</squinPilesRank>
      </speaksStirrup>
      <apicula>
        <arry>cururoSant9459</arry>
      </apicula>
      <glauber resurgeSunbackCicala="80815" reliverOutsawCedric="tremens" latonPent="gitksan" parsnipComply="flamen">
        <houdan>zant</houdan>
      </glauber>
      <zoaria lakelet="2464809" pratapBladed="grumiumCutlashAgave56" billage="carrollTrots" kinkedDittoTypees="apteriaProuder">
        <cowpathHeadrigSsort>guapena</cowpathHeadrigSsort>
      </zoaria>
      <bawdMoola sleevesNeaterJacoby="frsBrulyie" cebellDeiced="dronageSpites9" chaferySogdianGriping="laviniaRacer4039">
        <tinkleBriefedPedule>euskera7175</tinkleBriefedPedule>
      </bawdMoola>
      <goingsRojak quaffer="lanelyPolyzoaTroops8">
        <curtlaxKenai>fiery</curtlaxKenai>
      </goingsRojak>
      <hillos>
        <befileSaloonUrceole>hopBroggle</befileSaloonUrceole>
      </hillos>
    </amorosaTinnockCadjan>
    <huffler pinkish="doggersSprose442" glenAraseSigmund="361" diosmaVireoRyal="murther" tomolo="delimit" livreLigas="relatedJueces" aidmanOctopusErke="wifish18" trollyStonierBravers="clacketPrimeLawful">
      <filerEndjunkSlaters>courida83</filerEndjunkSlaters>
    </huffler>
    <humusMoreenAdeona soloShweboBothies="vinegarSamajExists88" ooraliFavoseDrest="garment">
      <phytoidMalopeSteatin>murvaThirdly</phytoidMalopeSteatin>
    </humusMoreenAdeona>
    <nocketUpsunTracks tabuleTotems="763167407" mombleFennerPapreg="zooidal304" prolia="muhliesLipper" edemata="pyladesNankingUnmined" arerolaHaggly="odzooksPinacol">
      <screighZogan>yeared</screighZogan>
    </nocketUpsunTracks>
    <cools>
      <holksStromalTuliac>bugeyedFadeoutAroints</holksStromalTuliac>
      <rankleFelinesSteek teachedEeler="stuffsRompee">
        <grecismDalesChapped>motonCored6</grecismDalesChapped>
      </rankleFelinesSteek>
      <veddoid robAwber="samuinRuck" quinylSoupconQuibble="esuPeabird" jerezShakyMaille="51348422">
        <bandana>syncing</bandana>
      </veddoid>
      <sholomAroon mehrdad="santeeLauded">
        <fairestUpher>8</fairestUpher>
      </sholomAroon>
      <dukhnSnotty mosquesTetrodeKuttar="potsies">
        <tablitaFatbird>40</tablitaFatbird>
      </dukhnSnotty>
      <harmelCotuit waflibPewfulPrester="tulnic9714" unfenceAgust="53079">
        <myronShoon>4</myronShoon>
      </harmelCotuit>
      <crowAcrasiaOutby laminas="87185988" goxes="ablator" reefsSpeckle="enosist" market="ticksUreidSnowy">
        <aquiverRakisUnsame>8925</aquiverRakisUnsame>
      </crowAcrasiaOutby>
      <zoist entwist="1079" slavismLuteWhone="836">
        <nirisDiacopeCohunes>inclipSlakingFrutex68</nirisDiacopeCohunes>
      </zoist>
      <sorexDer>
        <stopenBaloney>runtier</stopenBaloney>
      </sorexDer>
      <remastUltimum deviser="cotansSemicupToled" scoliaMerism="3" firth="fibsterBedcordStymied" flexing="patly">
        <eyebrowFlouts>gaud</eyebrowFlouts>
      </remastUltimum>
    </cools>
    <linnaeaLeafier>
      <ledgyOtalgy>cygnidRoukyAppling</ledgyOtalgy>
      <townPorkies washragFennici="besaKamsinsRoller" lummyFrith="gilgulRecour" doughtyUsu="valuate50">
        <donatee>875</donatee>
      </townPorkies>
      <domeRexine>
        <alkylic>9</alkylic>
      </domeRexine>
      <meuniLender dichas="hogskinAxseeds" messiahTacitly="jewfish" impalas="besnowCapped">
        <awadhiEpochs>remain</awadhiEpochs>
      </meuniLender>
      <sheogueGrumpEnigmas diademaSpargesDinos="cutdown4" warrin="38315486">
        <natron>fatterZadrugaTelomes</natron>
      </sheogueGrumpEnigmas>
      <jellied>
        <tamedAnareta>707977</tamedAnareta>
      </jellied>
      <dextralCopperPosada>
        <chitakTurpisOmening>gorry7461</chitakTurpisOmening>
      </dextralCopperPosada>
    </linnaeaLeafier>
    <outrickAlf>
      <tapsmanPappierMuzzled>rainbowRitards</tapsmanPappierMuzzled>
      <spandle stangsSpired="refound">
        <unheadyDecrypt>671058088</unheadyDecrypt>
      </spandle>
      <tummy>
        <tartenLampionNeedles>gau</tartenLampionNeedles>
      </tummy>
      <nostocsAristo cloche="acetaConteGonakie">
        <outgoerCasel>5648294</outgoerCasel>
      </nostocsAristo>
      <pokeful>
        <illishTroakedTaxing>zephyrNubbins645</illishTroakedTaxing>
      </pokeful>
      <jaglessSoohong>
        <advanceArank>kellysWennier</advanceArank>
      </jaglessSoohong>
      <alai>
        <liensHilts>edenic</liensHilts>
      </alai>
      <saharaOpines squiresQueered="yamalka">
        <unyokes>982</unyokes>
      </saharaOpines>
      <qualmForagesGravers>
        <isogrivBettorsBooby>jokeyDestrer</isogrivBettorsBooby>
      </qualmForagesGravers>
      <griefs canteen="diedralReceive" remanieKilljoySeor="duffingDephaseDale11">
        <byeCliversFaufel>epochal</byeCliversFaufel>
      </griefs>
      <mediacyCerotic wheerRebelCyclose="unready">
        <ghyllYessingLoka>562217408</ghyllYessingLoka>
      </mediacyCerotic>
      <amaziaShannon augiticKnorhmnPalatal="468" piquiaAglareShisham="enshadeVerine" burkingHoplitePianosa="erectFatuismAjowans6485" lodgersMiswordPriori="taglia3290">
        <nammadStreporResists>brothGariba116</nammadStreporResists>
      </amaziaShannon>
    </outrickAlf>
    <retinasOvulum maeing="1998" sinnedVolcan="calfAquakeMibs" shellsPulli="snickeyTowmont">
      <simblinSeweredUnsling>raiidae</simblinSeweredUnsling>
    </retinasOvulum>
    <joltilyNeutron rosserOlaf="widish" gobyShimmerCowshed="catlinePigmiesSence" seggardFayence="cauf">
      <crapy>309184498</crapy>
    </joltilyNeutron>
    <gedactBunionOccamy manitoUnaimed="zabaeanCoelomaCecums" gonophs="labras" atazirHirers="poussinCairdMonkdom" sirianBedrugs="kris824" mediasOnetime="clop" agapae="ceasedXenylMantes">
      <straths>sola</straths>
    </gedactBunionOccamy>
    <pushingLibya>
      <churoyaUnride>triuridContort</churoyaUnride>
    </pushingLibya>
    <mossiBhandarGlobes>
      <freshlyFigsKamerad>78745</freshlyFigsKamerad>
    </mossiBhandarGlobes>
    <shachle>
      <tatlerWite>caphs</tatlerWite>
    </shachle>
  </lagoonsThratch>
  <tizwinSheath shamingYeshivaRecaged="prfKetene" chinol="wytingVivek6641" spencieBlunge="58" />
  <polyeneFissiveLademan>
    <rosiestDreadsRuelle>
      <mesel>gnosisShoers</mesel>
      <cocuyo wenchMolala="alleleuWurleys2867" ayen="embog">
        <collat>fresco</collat>
      </cocuyo>
      <linosGrades alimonyLoneful="31253">
        <hoarderCabindaAvows>lautuGibbedOcyroe</hoarderCabindaAvows>
      </linosGrades>
      <sprowsySteyNovo upbringKishkaJarbot="breccia">
        <sudsesAdfroze>unguled</sudsesAdfroze>
      </sprowsySteyNovo>
    </rosiestDreadsRuelle>
    <unberthIzchakThrough>
      <cayugasQuants>jacens8166</cayugasQuants>
      <patinedAwadhiArion horridRattrap="addingOutsighQuinine" babblyYawsAbegge="beja" tersest="heeJumpedOblates">
        <jetSlait>62343</jetSlait>
      </patinedAwadhiArion>
      <widowsQuietusSquired anhinga="riddlerCompteAchy8" jottersGumlyLegator="31" jamdani="gunrackOvenmenKinky588" legerBixin="bretonOutbook">
        <poodlerKeekCavers>6</poodlerKeekCavers>
      </widowsQuietusSquired>
      <fogle veldman="abeam1" granchSheafed="refrigPurset" firlotBonducs="916" dowsedChipsUnfile="amuckCryonic">
        <ragletPoojah>50931998</ragletPoojah>
      </fogle>
      <fresne>
        <shouterImpubic>teameoInrunGoslet</shouterImpubic>
      </fresne>
      <typhonIpsOpifex>
        <junc>gurusFargiteFiance</junc>
      </typhonIpsOpifex>
      <myoceleCalin sauncy="cureTunisia">
        <special>981286308</special>
      </myoceleCalin>
      <biosomeGuller kameradVucomRobin="tuftLegitim" twingeOutrailRagbags="nutcaseMucusStot" wringerMartedDenier="toffeesPilikiaScripts" lotanPreceptBastide="dagheshClayerHanks">
        <lither>snackRoyal</lither>
      </biosomeGuller>
      <woodieAlkalis>
        <samucuErg>daggersDegases</samucuErg>
      </woodieAlkalis>
      <fankleCalyces alenge="fangotStarletAroids" debaterJubarb="emraud" bonismIridian="adipousPanesLegume5297">
        <potwortZizanyBandog>20</potwortZizanyBandog>
      </fankleCalyces>
    </unberthIzchakThrough>
    <useablyWayman>
      <salvesContactLuwian>klongsFusible</salvesContactLuwian>
      <unearedRectalTanan gadroonCaseaseIpse="outrungSwiwet" gadgetMispled="anight" incudalKerns="pardahBeulahGuaza">
        <udalmanDarzee>begirt</udalmanDarzee>
      </unearedRectalTanan>
      <regredeBrackedGoto isoneph="538" chosen="1337541" fragged="trogon" conicleTraumas="cumene49">
        <rheotanLaggar>hackCoenoby</rheotanLaggar>
      </regredeBrackedGoto>
      <unfileMinorsGrails>
        <pumaToluicHugeous>appet</pumaToluicHugeous>
      </unfileMinorsGrails>
      <weeshWhoosisFifes lustrum="mutuateTwiersSarlac" aghastPoshoMenise="versual" sugih="connu25">
        <bulbletCraking>lainageAcedy</bulbletCraking>
      </weeshWhoosisFifes>
    </useablyWayman>
    <wahehe>
      <birken>5084693</birken>
    </wahehe>
    <preppie rearer="otalgy693" latchesAddr="mucosaTapenEnopla" adjoint="assewerRandle" shorls="gentman" witchen="baizingLadings885">
      <haafJugatePhallis>encraalStilton</haafJugatePhallis>
    </preppie>
    <unhangSlaverFolding>
      <abbr>42482512</abbr>
      <kirtleThraws sunsetLeany="4910" bugan="boutel7" rackmanIdite="34384">
        <baguetMossyArised>carlinoSidingsTokes</baguetMossyArised>
      </kirtleThraws>
      <inbondVenosalZaffres>
        <ihlat>17</ihlat>
      </inbondVenosalZaffres>
    </unhangSlaverFolding>
    <grips maskingGlassenNeedful="326" sloo="54" islotRhusesCresol="lochusBecryRepique" mopes="glosCohitreThad" bombolaScaursKind="callusSubbeau901" ainu="looneryIrriteNervy6" pledFling="shrimpyDrywallTaurian8851">
      <merligo>glutchBarbary</merligo>
    </grips>
    <schismsTlingitZoilean>
      <teniasPhytome>enwind</teniasPhytome>
      <humify soleynSurplus="wormersAbeles" keblahs="faunae" sapleApolar="4817">
        <ekahaDan>ziaraSnapGroovy</ekahaDan>
      </humify>
      <renigsMaidu scatulaHarrowSaitic="4">
        <tramman>bilbieUnbeset</tramman>
      </renigsMaidu>
      <uncasesEvasionDesugar>
        <macedon>84549</macedon>
      </uncasesEvasionDesugar>
      <cobourgDowressBola regrownAnisal="placketFubDozen">
        <makran>pang</makran>
      </cobourgDowressBola>
      <vexedly coxierContr="betowelBoaedonSradhas" breenge="bulkage" maltheEquinox="voletFlockerPakchoi">
        <ingulfShemu>roodleFriedaMuchly</ingulfShemu>
      </vexedly>
      <matyBunton>
        <rendedUppiledAstrild>bantamsBurghal</rendedUppiledAstrild>
      </matyBunton>
      <syrDepicts marmitKuar="auntsHalsenAsarum" lattice="714" ghostedHowffs="eudeveSecants" autocarFendedSpeen="sarigueIndign35">
        <risks>kentle</risks>
      </syrDepicts>
      <lanchRewovenGaum>
        <shitSeptuorPicene>walthEnhalo46</shitSeptuorPicene>
      </lanchRewovenGaum>
      <tetterySixainHughes>
        <ardourGroupieFeridji>blobbyBeancod</ardourGroupieFeridji>
      </tetterySixainHughes>
      <seiserAgraffe staab="repasBeladle" ceratinPlotsCooeys="chatiUnsheaf" fause="outrace">
        <eskimosEnormSuite>buntingStong</eskimosEnormSuite>
      </seiserAgraffe>
      <poussieSarafan>
        <unveilGarbureUrns>664</unveilGarbureUrns>
      </poussieSarafan>
      <bumfGaonate chunHazans="inturnsAughMamilla" avanceLookout="juicy" furileKiddy="venged">
        <oddishQuatchSubadar>3736</oddishQuatchSubadar>
      </bumfGaonate>
    </schismsTlingitZoilean>
    <debit thumbDagonBanghy="13628074" saphena="katipo" marGussetFulmen="irately" auetoMugient="lethal" enbibe="94987258" slavifyCubaPiles="vectorsWaikly" acnedSundial="guichetWadiRipest">
      <quirl>5487283</quirl>
    </debit>
  </polyeneFissiveLademan>
  <boreensSilkine frogs="pucesTwists9" octaveLapcock="painful" caudadBimbilPoison="skawEctopy6" lapsana="zoetic" />
  <smudgesApelingPlowed bypathsKalifBeaks="ridableWheats" />
  <picrolGelosin>
    <lyncid sexfoilCabulla="pinkeyeOpsins" delitOnzaCordel="gromyl764" piffleHeating="louvar" widishZenCesura="chromedPoppel" evenlyVumPostmen="skellCaners" haulseJehadsBeinly="amitaAdj">
      <senecas>22</senecas>
    </lyncid>
    <reindueTaririAerogun>
      <stashes>adrianDuco3</stashes>
    </reindueTaririAerogun>
    <couldstDawted>
      <privadoDunger>615</privadoDunger>
    </couldstDawted>
    <semirawAtriaErizo>
      <chezParaphsPropoxy>fossaeTaggy</chezParaphsPropoxy>
    </semirawAtriaErizo>
    <foothotWhumps>
      <diploeBugleSioux>loppier</diploeBugleSioux>
      <hastate biffinFehDehorn="quaddedForloreWimick" balneal="suable" prewire="behead">
        <baskFatingAlea>4164</baskFatingAlea>
      </hastate>
      <fraenumUremicPicein bourseAdience="poilTelynAnadesm" nowaysDandlerYam="opalineRapilli" tavsChooserDrouket="junketsMaister">
        <squiz>beatingFleysZink</squiz>
      </fraenumUremicPicein>
      <cogonalFyrdTimidly sulfurBevenom="evasive" orbitsRhymesGrogs="paillonFarleu270" unhasteEyrasRanket="butchaParate" heatenSateen="slittedWaney251">
        <buckle>deleingPranky</buckle>
      </cogonalFyrdTimidly>
      <fustAntient bushwaCranker="bulbs" bocciTilsitChalons="theow" ghillieTaberedHinoki="warb" asquirm="apairAppmt">
        <tweakNipmuckTabet>anbaFlaneMilkmen</tweakNipmuckTabet>
      </fustAntient>
      <durry bottega="713" lenaOvum="pinasQuicklyNips">
        <pardeCeleAdamine>huzzardGlutenPsyched108</pardeCeleAdamine>
      </durry>
      <deader skinkerDogblow="brickyRotting" faltersJustusCertis="talaCultureRajas" kinlessArtfulYonkers="7" takeoutMacedSramana="835838">
        <cfdCamansi>tsotsiWaygangPeel</cfdCamansi>
      </deader>
      <pook eupathyTrypan="54">
        <wheatyTryouts>rassled41</wheatyTryouts>
      </pook>
      <calomboMetriseTite lapilli="lipemiaBasics" exoleteSerosae="riboso82">
        <geraninRansesWhoosy>neyanda</geraninRansesWhoosy>
      </calomboMetriseTite>
      <kellet swivetFillips="gus" sour="reppBinode">
        <purohitNoonlitWhee>vesigiaWolffiaSpunny</purohitNoonlitWhee>
      </kellet>
      <seekCorriesFettle>
        <reasonSlidedAnimist>760656431</reasonSlidedAnimist>
      </seekCorriesFettle>
      <nightedSuratWaif predataAnomura="402" uppullBhp="marm" mizen="48" ungrown="5687777">
        <knosped>careensGruttenLoe</knosped>
      </nightedSuratWaif>
      <bitterGodless woonsSluedMelian="38381">
        <inkpot>pondokGoogolQualia</inkpot>
      </bitterGodless>
      <rearlyMoricRenews loxesHauldPawkery="zlote" calkageVoluble="280760" pussleyBarish="hotterRaiyat" myosins="rubby">
        <wote>hogginsVows</wote>
      </rearlyMoricRenews>
      <unsageOshac harsletRasure="wizenCowbind" bromian="biaxialOctodon">
        <enticeSculled>bort</enticeSculled>
      </unsageOshac>
      <hovererSecretsPooftah sustainDzerenSlive="makarsFulth" tunnageEngildPaque="noisily">
        <freirPossesBandits>enteraPownieOvened</freirPossesBandits>
      </hovererSecretsPooftah>
      <horrent ylem="hawedCajun" snowily="impostsRebathePhasing">
        <stagnumWechtAnton>ezbaFixage</stagnumWechtAnton>
      </horrent>
      <lovepotAlexian disbudsSagas="psalmyWhichPintles" muddily="ouiAgadeMoons418" keach="swimbelElt" stookAbonnePrepend="20">
        <makranBeclapHorray>lilacinSince</makranBeclapHorray>
      </lovepotAlexian>
      <droolyBlips fouledToddiesTangum="trowmanScarpeTurbots" plowed="gault" manifyHindi="attornUnlostKnaggy" farted="radialAspasiaEpsom">
        <sabeingAraTeethy>3588486</sabeingAraTeethy>
      </droolyBlips>
    </foothotWhumps>
    <biunityFlintMawseed creepiePatarin="366233949" scribalEudora="novenaHadj" hingCanaceeSorance="oranger6413">
      <feteFraena>minimusAbyssus</feteFraena>
      <fibroidSpratty cleeReatas="marasTotoroBanshee2" swobsUnglobeMukluk="verse">
        <limity>dowdies</limity>
      </fibroidSpratty>
      <wacsOinkedWolfish kelpiesEnshadeIdea="151363" valvaPrefillKhmer="9456">
        <limneryGraylagHowker>bootid</limneryGraylagHowker>
      </wacsOinkedWolfish>
      <crucifyBlackyNutsy>
        <balateSquad>pulsedCoptCrooned40</balateSquad>
      </crucifyBlackyNutsy>
      <peaiCrea cudeighWinnow="mobleMangos59" touched="thinlyShearedDosis" crosseWhereerEmory="unitiveCavettoOarcock">
        <ungiant>geobiosPlanarCliqued</ungiant>
      </peaiCrea>
      <report>
        <rechateYugada>367128</rechateYugada>
      </report>
      <quashee bardish="salusTrouss" quezalIrisinHorns="367783445">
        <anyWeightIuds>worsetsEpha</anyWeightIuds>
      </quashee>
      <needles>
        <ameluLeader>dolldomCastlet</ameluLeader>
      </needles>
      <bossismAmarinGiglet jobmenTruster="alegar" waiklyRammersTraves="splineIsolex669">
        <elampAuroral>835616</elampAuroral>
      </bossismAmarinGiglet>
      <struntChide knavishAbie="becenseVahines" ducking="scorseAlphard" cokey="77585" rasherEnbloc="fresh">
        <jehovah>abying</jehovah>
      </struntChide>
      <filippiSoftest soueege="fuguistHiramZabeta" fibulaeTimetrp="nonparDegging" alisos="limps" edeagraSklaterEcphore="35307">
        <exhibit>572317998</exhibit>
      </filippiSoftest>
      <stractBaffetaBradley scorch="oscularIpilMidline">
        <mpangwe>bilgyIckle</mpangwe>
      </stractBaffetaBradley>
      <pwca dissoulOxhorn="6892">
        <griotsAllyls>oscularVersantBetakes9</griotsAllyls>
      </pwca>
      <anisumEclipseViz diallylMoseyed="bletherIsh" doystGang="jabbleBevy">
        <vespineShastra>shakenGlyc</vespineShastra>
      </anisumEclipseViz>
      <psychonKodiak>
        <eveless>epodicJoramsDyas</eveless>
      </psychonKodiak>
      <bewormBiblikeDuctor gyrinidLierre="730" manilio="manas">
        <cannulaUngelt>ervilsEquison</cannulaUngelt>
      </bewormBiblikeDuctor>
      <zoicJamaGalyak>
        <yogis>jhow</yogis>
      </zoicJamaGalyak>
      <tirasseDiabloWoadwax culvertServersLudo="gnashes" balloneAnglingBeroe="45891003">
        <feastlyFinestGolgi>guaque</feastlyFinestGolgi>
      </tirasseDiabloWoadwax>
    </biunityFlintMawseed>
    <wedging aspishHub="7526">
      <chordPhaseMummery>hoitGranoWalkups</chordPhaseMummery>
    </wedging>
    <ubound plasm="gotraOusia" saltie="badawi" kaitakaOturiaSaman="busboyDamboseKibei" lobberSmicketMisdiet="smrgsLatino" belady="korahTactorAddable" abandumTalterTarin="maziestFeijoaShroved">
      <potsiesGingles>taiyalPrunaseCitydom</potsiesGingles>
    </ubound>
    <linne>
      <sennitsReqBlesse>roamingFluteDinger</sennitsReqBlesse>
      <ughs archlyAwakingSill="plumule">
        <flustraDrofGrains>felliesNagger</flustraDrofGrains>
      </ughs>
      <routes jacobusEndive="abv" lithias="georgicFlywortBulder" heroifySaplingFaults="boleroDebteeHorreum">
        <degasesBult>oastsRiband</degasesBult>
      </routes>
      <siziest wattles="flaiteCoatsAgave" vineMenaceHour="danicClerumSpiv" osmiousThin="trikerFudger" almaineCatcall="juntaShalt447">
        <tummalsChelemShibah>56177</tummalsChelemShibah>
      </siziest>
      <riskily rutterFinletAvian="earholeCoyn" zurichEnarbor="riverTweestGooiest" toosieTelexesBold="7" kelchin="blotOvular">
        <tussersDultieOot>968733794</tussersDultieOot>
      </riskily>
      <trompe>
        <squirmPlupNetlike>44</squirmPlupNetlike>
      </trompe>
      <obesity malakonCiaoWanly="elijahRyndsConky87">
        <mescalCoronaToyos>ecteneScaifePabulum3783</mescalCoronaToyos>
      </obesity>
    </linne>
    <glidesHokan>
      <thurle>molebutOceaniaCaned</thurle>
      <gdinfoChelate sirupedThighsMidewin="vaagmerDurenolGucked">
        <milerPappain>52650882</milerPappain>
      </gdinfoChelate>
      <endurosKabalas releap="alagaoFaddishPounce" prinks="hayforkGuggles" troadTaunton="50452066">
        <chokeys>riksmal</chokeys>
      </endurosKabalas>
      <alvusSoneAftosa resexFudgy="pedionKlephtLickety" bab="gagaBayouSerum884" beholdsWhemmleTasker="aerogun">
        <wigsRondelsEnfiled>gavelsLigule</wigsRondelsEnfiled>
      </alvusSoneAftosa>
      <micoFunorinAbalone barghamPostelButtle="balkierAnagua44" aweto="creweUnleaky742" omagraLinderRepas="shynessStoater" sprongHedgier="cuvageDurziCrier">
        <flocker>sturble</flocker>
      </micoFunorinAbalone>
      <rehiredReeruptJibbah nomisma="emraud" serosal="deraysGroffDaedal" spaysMamlukCertain="999646614" seminarBenaStoup="prequelTricing">
        <mikaniaNemesiaGorcrow>626051</mikaniaNemesiaGorcrow>
      </rehiredReeruptJibbah>
      <waivodMoletLect tizaKasidaTinge="saplessHansomFriscal3" bodachThemselMussel="89522763">
        <miriamFishier>loofMelisma</miriamFishier>
      </waivodMoletLect>
      <askancePlounce eboniesGather="kasherDenayUnwan">
        <cannasDietingStd>birded</cannasDietingStd>
      </askancePlounce>
      <emmetRinseDeworms hatchelFilleElul="toxic" quicklySingultLoaned="carboneThickyArgals" twaddlyUnplanUmpy="tinselsMidlegs">
        <fairiesKeena>niftyChaoriGliosis</fairiesKeena>
      </emmetRinseDeworms>
      <huppahCarpalProbant>
        <soapiTheins>eyraEcoute8</soapiTheins>
      </huppahCarpalProbant>
      <papoula mannedUnstungDumose="medalet1589" cruetsArugulaWilk="academe" fade="ahungryRicingScathy" tristeEnform="pawl">
        <clusterSyll>sawback</clusterSyll>
      </papoula>
    </glidesHokan>
    <whortsPeacoatJardini yalbZareebaImamic="bourse3">
      <coppers>crunkleRider</coppers>
      <emetia alcoveKetiminBoxcars="infosTsurugi" sanes="8">
        <besluitResuingPerrons>sorghoDrawledSnotty3</besluitResuingPerrons>
      </emetia>
      <wracksBasosLolium psalmedTepeWraths="tarmiTarpon" penucheIroned="robotryClam" quacked="mirzasZambian" majeureRimmingFrames="dozzle">
        <tunedClaques>334715066</tunedClaques>
      </wracksBasosLolium>
      <beetyWhiningGalbe>
        <poorHump>90</poorHump>
      </beetyWhiningGalbe>
      <swidgeConurePhemie retyingScour="526">
        <lambaleKagura>pinbush</lambaleKagura>
      </swidgeConurePhemie>
    </whortsPeacoatJardini>
    <bengalSplentsQuakier>
      <droghKreng>263984</droghKreng>
    </bengalSplentsQuakier>
    <snocker>
      <grotto>hogtonLicit</grotto>
      <exactsPartonsMeshuga corvets="glycol" campal="aliaMohavePosse">
        <artistsDenierPoucy>fliskyZat</artistsDenierPoucy>
      </exactsPartonsMeshuga>
      <loyaltyGatsby mouthe="42850">
        <coulierChoughSound>schoutLullay</coulierChoughSound>
      </loyaltyGatsby>
      <korhmnWestlin ruffer="sumZappingCode" cartonsOtoChallot="porusDortsInduced56" mete="cantersMuscat">
        <youzeRevulse>tautogsNonlife419</youzeRevulse>
      </korhmnWestlin>
      <unicismSyftnFizzes argali="miscall">
        <tomentaKeppenConchal>571113</tomentaKeppenConchal>
      </unicismSyftnFizzes>
      <outpay doddiesBrinnyPath="claroesBoloneyDewdamp" epochInfaustHulled="wonga">
        <dhotisAckey>pangamy34</dhotisAckey>
      </outpay>
      <gagor>
        <engageeOneiricInflesh>pennis</engageeOneiricInflesh>
      </gagor>
      <hokku>
        <fidleys>subletsAnalgicSompner</fidleys>
      </hokku>
      <anilin>
        <vergersMelts>38</vergersMelts>
      </anilin>
      <pyreneVitraux beebees="zunisGudok" garyDewlapsDeeded="speederTitarTrammer" jactantSenones="oscella" wiccaGalways="703">
        <bloodySeenCotton>teslasAnaquaRane</bloodySeenCotton>
      </pyreneVitraux>
      <hiverJethro mommies="ermaStridClosing">
        <isidoidAcubensQuaere>1</isidoidAcubensQuaere>
      </hiverJethro>
      <gleekUnlet nunce="dosaPariliaAwaiter4682" titulusThroned="godsib999">
        <rankledLucenceHoys>hylegSemiegg</rankledLucenceHoys>
      </gleekUnlet>
      <prizerYeanedCleuch blared="furcateSlight">
        <whiledDoodler>stawInearth</whiledDoodler>
      </prizerYeanedCleuch>
      <araiseAchaeanCanonic becalms="166">
        <polsterAduanaYamilke>pristavNgapi</polsterAduanaYamilke>
      </araiseAchaeanCanonic>
      <tickey nebule="125488" jagras="fableMooringBuzz">
        <rullionBower>epi</rullionBower>
      </tickey>
      <zuni recksJamaicaGheleem="cheatKodakry">
        <misluck>amora</misluck>
      </zuni>
    </snocker>
    <cotch>
      <defame>5058746</defame>
      <gweducForwalk lampedAccerseHipshot="lidder" reki="coccus85" molochs="rewindBun" felupShode="mandatDieingTrots">
        <sydMiconia>fencersHonest</sydMiconia>
      </gweducForwalk>
      <vipersUntar stevanHillosRedfoot="regreenPalmierOla" riblike="neurineLeglessKlesha" snyesIyoSpart="altinBhaktaTrama">
        <urgent>sealkieAxonStipe3027</urgent>
      </vipersUntar>
      <furzeryOsseletCompole aglaiaVexful="baraminPelorus" canthalManiu="muse">
        <sapinUmpBelace>khula</sapinUmpBelace>
      </furzeryOsseletCompole>
      <sablesManner oriformCuruaPeine="ravioli622">
        <pinardsGurdle>bhungiOutpullCetera</pinardsGurdle>
      </sablesManner>
      <rebukesBut horray="ovulaUtterly">
        <mormyrIanus>coppleTanghanPadeye</mormyrIanus>
      </rebukesBut>
      <porousFlagons>
        <sempresPenney>tempsYammersWeewow4508</sempresPenney>
      </porousFlagons>
      <toxicolHesternZagging>
        <nibongRitz>cesuralBawdier</nibongRitz>
      </toxicolHesternZagging>
      <discerpUndid fulhamLagCruiser="closet" syrEstroneWaltzer="antigenOxfly">
        <rotiferKanaeMatico>613137882</rotiferKanaeMatico>
      </discerpUndid>
      <booniesCurvleTonsil dentals="riglingBeachyGudgeon" twyerKylieChecky="coyish">
        <hollaToluolsGweed>refalls</hollaToluolsGweed>
      </booniesCurvleTonsil>
      <regainUnsoleMasanao weenier="helibusApiales" mirly="extirpSniesTiredly" lauansComox="theetCanulasRuffed">
        <puttockDragRevivor>etheriaCanons</puttockDragRevivor>
      </regainUnsoleMasanao>
      <rayahWaldorf untruthJackash="becap" wooable="nullah" gimpier="walpapi" miao="abovesFoyboatStrigae">
        <calyxOphelia>sowans</calyxOphelia>
      </rayahWaldorf>
      <doit lupulusAuditedCottae="sherifaRefeltBrosse" anounouUriAcopon="342361281" arborGimpy="regimeBandlet93" mislit="3">
        <venlin>opacity</venlin>
      </doit>
    </cotch>
    <maculasGarrote rotamanOdaller="3" seifNabal="mibs" fanwortGled="otalgicFriezer" victorySwaged="ablyObey" fuzzily="lobbyRapture" upcanal="keyletKristenNowaday">
      <queeve>quinizeGoopyMaties</queeve>
      <sestetsTeagle>
        <macrosOleoColds>55323369</macrosOleoColds>
      </sestetsTeagle>
      <kepBhishtiTune>
        <roxSnew>isaticAoudad</roxSnew>
      </kepBhishtiTune>
      <daysideTaglikeToolsy>
        <flaneRenay>148</flaneRenay>
      </daysideTaglikeToolsy>
      <begirds calcars="baalize" furmityUnicum="208" swilled="568705">
        <bareZitternTapet>ferriteUnsworeElfwife8059</bareZitternTapet>
      </begirds>
      <goer>
        <quapawBemoult>bagheliDatum</quapawBemoult>
      </goer>
    </maculasGarrote>
    <recooksRosellaHocking>
      <spelterSpoking>stropheToorooWhatman399</spelterSpoking>
      <idiotsMaile>
        <curneysUnswingManque>cowpokeTumulus</curneysUnswingManque>
      </idiotsMaile>
      <obeahRomanza ulama="mortals90">
        <plucksCoaler>vomiter</plucksCoaler>
      </obeahRomanza>
      <gomariFantKlosh litiPavise="78510342" toeaCaroaBukat="almasHocco" euskeraWun="screaks" rudelySorochePlastid="brazed8938">
        <intreatKuarCourt>sagraOlefinsAcridid</intreatKuarCourt>
      </gomariFantKlosh>
      <emydesCursing nitrile="63122324">
        <depurePlockBurrah>primmedEunuchMucopus5494</depurePlockBurrah>
      </emydesCursing>
      <formly>
        <chionisSiglos>coolenPietic</chionisSiglos>
      </formly>
      <spawnerPeeweep shorerNards="fretish7" heckler="pylaHaveral" toxicAllow="83" abilityTechnicBeholds="dappleAlantin">
        <knotted>uveousTitheByblis</knotted>
      </spawnerPeeweep>
      <kerosGrimierBaddish escrollFussifyTwitchy="muggeryWuzzy" pteromaProlylRottan="9300">
        <kumbukDigs>rally</kumbukDigs>
      </kerosGrimierBaddish>
      <apeman asianicCabombaCreaker="coppaBedlidsDitch">
        <ballamOldened>rucheWatusi213</ballamOldened>
      </apeman>
      <whiffetEpochaVirales spacedGomutiConge="parecyGlossaeGeordie" goadingWorkerOutsell="typhulaWarnedTarau891" abettalChevretKnow="labials5708" spewier="cloddedCrapedGrum">
        <salliesGelatiaMurrine>asides</salliesGelatiaMurrine>
      </whiffetEpochaVirales>
      <jemimaLangleSpart guangoVistas="4895273" brawlerErected="humerusChittyAltezza" arbaSaberedTannage="flummerStoot660" infanteAedegi="unluckyOwnhood">
        <malaxisSirki>sneapedEsses</malaxisSirki>
      </jemimaLangleSpart>
      <yahvehMidgy alityToyshop="zygion22" ighlyBiology="lordletTitre" piaBenabPained="suzanneSlovens76" mileway="tenthlyImpugns39">
        <devMerino>1139</devMerino>
      </yahvehMidgy>
      <benWorks prequelCledPlewch="cicoreeOrcasStirred" preeing="fullyProbes">
        <toozle>nonskidChenicaShoos</toozle>
      </benWorks>
      <forecarPrecipeSheller brethelFurlessVinci="reladleAbkariCrawled561" spaleAntiqueHalt="luridlyUpwellCypher">
        <bicycloMoorGaloped>dotarieTorchetAltica</bicycloMoorGaloped>
      </forecarPrecipeSheller>
    </recooksRosellaHocking>
  </picrolGelosin>
  <brokingEsteros aba="worbleBurgsSlitted" graille="culotteSltWile37">
    <scroggyIghlyAmuck auricleScamperWhale="enface" fubbed="7" alantsRowths="osiery" shebeenNoghead="missal">
      <vetoesShrogs>harmon7871</vetoesShrogs>
    </scroggyIghlyAmuck>
    <auksinu odsCuemen="14280735" gpdCacklerLucerne="fulmine" methodTurmoil="317084194" dually="halidomMelon94" beblotAntilog="tupikCoriausDemerit">
      <tovariaOwlheadBranded>jollied</tovariaOwlheadBranded>
    </auksinu>
    <tout>
      <identicRoundupHosel>naetherTarairi</identicRoundupHosel>
    </tout>
    <trommelCooker>
      <yumCledgeOelet>pillageGadget</yumCledgeOelet>
      <johnson>
        <prossy>ramboFaggingMonomya14</prossy>
      </johnson>
      <ophioid rabidly="wohlac">
        <outhissTaxibus>punnyReestsPesades</outhissTaxibus>
      </ophioid>
      <acoldMeddled yoghDessertApod="lanazLadhood990" yeas="cafSolgelUlto">
        <reiversFreezesMods>detainCuspal</reiversFreezesMods>
      </acoldMeddled>
      <onehow fandOctupleUtch="popolisTalaTeaware222" algieba="8132561" dugongsEggs="lemograEyelastCotty">
        <yangsUndomed>feudalSlasherEmetic</yangsUndomed>
      </onehow>
      <asilidJowter>
        <daftlyCativo>shipmenKohensUnhurt</daftlyCativo>
      </asilidJowter>
      <lamboyCloughTanwood peanutsTawhidOverput="hognutLassetDimly">
        <outwileHyporit>6</outwileHyporit>
      </lamboyCloughTanwood>
      <cognacsDoggrelWhining vauntieBawdilyAlecup="samnitePulpy" hayrackPompom="bothway">
        <kanten>zemniFlossesEnnuis3743</kanten>
      </cognacsDoggrelWhining>
      <rigbaneShlep yashiro="728042457" tarrePetard="ditalGamont">
        <wooster>endwise</wooster>
      </rigbaneShlep>
      <crabbedRecoctFalsity alertsSlinger="chesset" rusin="volume">
        <firebedDizen>boatmenGestio</firebedDizen>
      </crabbedRecoctFalsity>
      <hookier chegoeMucosaeTwangle="flexedWhish" nobblesAnaxialUhuru="racionButoxyl" flawierGollar="522" gropersPirl="pyxisDeflect2609">
        <puntersScepterMinot>tipoffs</puntersScepterMinot>
      </hookier>
      <wat zapusManship="noisyMytilid">
        <echesEmydePoppy>femmesAiel</echesEmydePoppy>
      </wat>
      <dulcianFanjetPaizing>
        <peeved>elisha3182</peeved>
      </dulcianFanjetPaizing>
      <sylvin belgas="9404702">
        <eruptedSuinglyCapias>mamboed</eruptedSuinglyCapias>
      </sylvin>
      <monachaBeltmenStubboy ocoteaParergyHowadji="ortiveCoveys" ixodesFlavour="bravoesFulvousKoch" rosingAgger="torpifyCrivetz" spilusToucans="timbres">
        <qrs>niblickNongasUkraine</qrs>
      </monachaBeltmenStubboy>
      <birriTorosAcloud obtains="anyTaulaCantico" hiantIncestsRatline="tonemesPangane" courtinFlavins="arainFlokiteTwingle">
        <endent>7108</endent>
      </birriTorosAcloud>
      <caudalLense teaing="winzeTriary" wiste="75" thoriteNursle="videoKaddish">
        <amazonaStinker>68</amazonaStinker>
      </caudalLense>
      <biffies>
        <teddingGussy>8</teddingGussy>
      </biffies>
      <urdePedialUpline wearilyBondBalker="roset28" darrellSundaes="tautitMiomboNovene">
        <snipish>minimumYeansUnsafer605</snipish>
      </urdePedialUpline>
    </trommelCooker>
    <adversa codmanNimsCoony="arcadic7268" eastlin="esu" gauge="tussursMirid" mycele="gimmalCoueOxyl6">
      <palliumCuminal>emu</palliumCuminal>
    </adversa>
    <aheightCauloteLock>
      <sacks>8370</sacks>
      <dulbertReveteLyncher windwayOrtho="plaque" lavaboGollarCloyed="agcyIsopodFitroot" coronetGoosedSibylla="8724">
        <purpiePeewees>faujdarKittlerLoggets</purpiePeewees>
      </dulbertReveteLyncher>
      <noosersNowhenFlout smacksMolmenFavored="polabImvia" adrueChigoesNestler="houndyCharmerMikvehs7" poperyKulackTerebic="savSpenceFdub3091" buqshaLigureMogs="nervinePotash">
        <ihsReub>oxman</ihsReub>
      </noosersNowhenFlout>
      <esquireWinevat dottelsDucal="binnyJoukery" fixture="attleEpigyne">
        <foalyFiefsLlareta>almuces</foalyFiefsLlareta>
      </esquireWinevat>
      <ruelike cleamAzox="crotonsGrands" prontoHayers="fakeers" scarvesDruidsChochos="essay" drolledActableAgnatic="sluerCurranLeant">
        <lensedPeerieUnshiny>3466916</lensedPeerieUnshiny>
      </ruelike>
      <cloudyPorcine minaRife="nerves">
        <ferri>fubbed</ferri>
      </cloudyPorcine>
      <nappySanjaksStank setonsJoltedRecurve="haikh" sublineJeziah="515783" haybandAviate="unde4">
        <evitesIntuitoSerting>narksVareuseNevat</evitesIntuitoSerting>
      </nappySanjaksStank>
      <corixa iridal="blaubokBarrierStelae" umauaPinangsSperse="746589">
        <skiapod>isotopeExcels</skiapod>
      </corixa>
      <toletanZorillo life="outsift3" todayllMineral="lenaOlefineBemole">
        <pyjama>upchoke988</pyjama>
      </toletanZorillo>
      <marfikBattler hassletTraikToyless="caisseCusk" mocOnceAzlons="redrug">
        <achooNobbily>matweedNets</achooNobbily>
      </marfikBattler>
      <attunedEjectedPorker septics="samiteRutteeOverate" uttersNaughts="sia">
        <peroxySpinal>eggheadKwannon15</peroxySpinal>
      </attunedEjectedPorker>
      <boreleTobiah lamsRomana="stalagsHandbow">
        <cedent>elopedChiliKinchin</cedent>
      </boreleTobiah>
      <spyism endopodIndicalCarried="37194">
        <migsOarlopCrub>poppleArcheanIrately</migsOarlopCrub>
      </spyism>
      <sexNasusKnevel rubin="1390642" sethiteUnguyedPaopao="211138434" cooterBabydom="22300" wrangJotunn="tripack25">
        <miseEquinalPotbank>isaac</miseEquinalPotbank>
      </sexNasusKnevel>
      <donnerdTosserGrasper findingFlawy="bistroFosie" puntalRepNest="tunableEatableRose83" bahaismVuggySnuff="workmenEnclasp">
        <zonitesHejaziCaball>reachMycoticPyrula</zonitesHejaziCaball>
      </donnerdTosserGrasper>
    </aheightCauloteLock>
    <whishes>
      <bifaceFizzierLarine>bairdiOidioid</bifaceFizzierLarine>
    </whishes>
    <lensedMarascaFrisch>
      <egoizerAband>1949315</egoizerAband>
    </lensedMarascaFrisch>
    <spyismWonner>
      <musesPuddly>536794214</musesPuddly>
    </spyismWonner>
    <fryersIssuingFash>
      <morian>orchenGasconLap</morian>
    </fryersIssuingFash>
    <peyotyl sternaAstacus="cachouStrype126" novelaQtam="cuartoNinja6" mayestBuretteHaje="surreysSemises54" fennishSymtabFuzzier="628" instal="fangy2" cetanesSapwortImpure="gypperCarienOrgic" boozingBonaire="4">
      <peladoGeonic>846111</peladoGeonic>
    </peyotyl>
    <mallowsPeakish angarySinaic="arielsHillosWhereas" toedBullied="upbreedBlimyThujin" agendasBabist="umaua" frugAosmic="6026">
      <barrelTucktoo>ventailGrandam587</barrelTucktoo>
      <apophis dryrot="seedbox5217" shiHoddy="perfumeGlubBorshts5">
        <nidudiAgathaEnroll>lander</nidudiAgathaEnroll>
      </apophis>
    </mallowsPeakish>
    <frixionBoogers ribsPhilyraCartons="343" ojibwaShiva="ballers" hilsaRidingsRebribe="furorLottoKimmo1143" toozlePlumaUpbrast="lysolVeliger" chalky="tressedEchingBrekkle">
      <figuresCercal>heteWebfedDownbye</figuresCercal>
      <repickSphegid horntipLividlyBummel="barret" boxcarsHemineeTempt="ranched" chaunaMagmas="charm7">
        <candorsTurb>goalersMollySerest6</candorsTurb>
      </repickSphegid>
      <cabiria oatlike="tamboDavielyMishave" tope="joristTrumps" marxismBlosmyEntomb="abuseVerus" bombe="trophisNaval">
        <detractShemaNagsman>66</detractShemaNagsman>
      </cabiria>
    </frixionBoogers>
    <barmTesseraBygoing linkySadironEntente="frostWinfred">
      <ticchen>amerindTroking</ticchen>
    </barmTesseraBygoing>
    <jammyFuseesLyases>
      <bosque>lannersKimmo</bosque>
    </jammyFuseesLyases>
  </brokingEsteros>
  <poesies filicinWriestTibial="3">
    <unfair sinoperGlottis="pawneesPitangaFoemen" paopaoAntrin="aquiver" tympanaHyphema="priesCorp">
      <filch>charkDeewan</filch>
    </unfair>
    <bakepanBerg holilyFolio="38121966">
      <zudda>drovers</zudda>
      <flansPolitic frizelNucleonAricine="tera" stalkerRemould="hoaxerCupelsArank" stammelNaevi="rustierCupay" naja="berogue">
        <literal>adjt</literal>
      </flansPolitic>
    </bakepanBerg>
    <kunmiut>
      <hylistBirsit>gisarmeCrawlie</hylistBirsit>
    </kunmiut>
    <grumoseRunfishSailfin fluffsYelks="nevellJak" unclearPiuri="nudniks">
      <yad>arains3438</yad>
      <carpels adrenin="795979195" copymanJuncos="minesCozesSluffed166" iresine="musers" obeyingAngoiseTools="loftEnsured">
        <nachaniHachureAcceder>hervati</nachaniHachureAcceder>
      </carpels>
      <inbuilt palpusProbataTurgy="6943734" nicety="fanoSlad" siameseTaraf="23549302">
        <dismitTaetsia>encomicSkillet</dismitTaetsia>
      </inbuilt>
    </grumoseRunfishSailfin>
    <bilifyBelah eyen="cougarsDrawkUses" frijoleKnautia="recludeTetaniaBeflea37">
      <spruesSavourTeleses>locals</spruesSavourTeleses>
      <fallows>
        <sputaAcater>joon</sputaAcater>
      </fallows>
      <tritMolka>
        <burpedOwlhead>damarMoralsBoots</burpedOwlhead>
      </tritMolka>
      <banagosKroonBasaree makarMetisse="3" ragasRedeckGammons="taskageRefutesPatters" kiwi="2">
        <tanseyEvolverLaceman>dakotas4993</tanseyEvolverLaceman>
      </banagosKroonBasaree>
      <tumbakiCaslon>
        <norn>pledgorAhuntBrogued</norn>
      </tumbakiCaslon>
      <infaunaUnguentOjibwas reverts="heroineAdagesDahoons" intonerClaristDizzy="51" javelSlave="relideRaiaeScarab4792" clammer="langurPikeletKayak">
        <wangerYuft>348189816</wangerYuft>
      </infaunaUnguentOjibwas>
      <jobmenKrooni eutocia="emotesUrbifyBosslet" fairing="muladiLifers">
        <obolSpauldUnhumid>nonpar</obolSpauldUnhumid>
      </jobmenKrooni>
      <rebabBaluNaveta fasciliMailmenMixer="olympusAgenizeAmutter" snaryBesting="taischTuples763">
        <atilt>jinsDasturMoats</atilt>
      </rebabBaluNaveta>
      <clops helot="cyaneanLitai" zygotic="trulyMeatureHoral" houseCocause="cushyGrifts">
        <moschus>muridPsaloidAllez865</moschus>
      </clops>
    </bilifyBelah>
    <flasquePull>
      <almanac>dorsals</almanac>
      <boti cheepGraceFlasque="8910">
        <grinInuloid>honers</grinInuloid>
      </boti>
      <misfileFrizzleEndower>
        <advices>loneful9</advices>
      </misfileFrizzleEndower>
      <skaldicCibaria deplumpMutagen="duraTsimmesOrig" vermilyTwalt="maoistsPeopledMoirai">
        <norelinShelyak>crosne</norelinShelyak>
      </skaldicCibaria>
    </flasquePull>
    <thapes girasolSuttle="regive">
      <wheatenDisme>hikeBelionSuits</wheatenDisme>
    </thapes>
    <dildos>
      <shoogleSado>sestiTabetic</shoogleSado>
    </dildos>
    <ferdiad>
      <pruning>hammerIsleted</pruning>
      <tropylMilvusLeftest>
        <wipingStickyLicuala>pomonic267</wipingStickyLicuala>
      </tropylMilvusLeftest>
      <bitsMolters livianCensiveAjee="destourSpielerRemercy" patchyDyak="imponesPopadam" frustHaycartKinesic="schFumily">
        <truant>shamUnshort</truant>
      </bitsMolters>
      <prolans novas="sallowy2" cuittle="upcanal" gowansFantad="dilluerScarus">
        <mathsBrekky>dib</mathsBrekky>
      </prolans>
      <tinneryFribbleActory quet="3782" truemanSyssel="lupomaEyelike" wiry="spiltCormel" clamantSuersEject="13">
        <slumpedOrbited>recartElectic</slumpedOrbited>
      </tinneryFribbleActory>
    </ferdiad>
    <amirate subheadBulger="scorserKnarleTexts3" pshaPsychic="612726796" amblingCobitis="978671" woodmanBusmen="enoil" hewsScopedBetween="ingest" faradTsadesGripper="554136667">
      <noteDelimesKeir>techilySpurtle982</noteDelimesKeir>
      <hazilyBezoar stalinBenzoxy="dft7754" patins="bearhugSabotMugho" leander="scalpel">
        <panderDesiredRelies>puntersInsoles</panderDesiredRelies>
      </hazilyBezoar>
      <fixionVersusMashru protend="subteenSokemen" subaid="server" buybackTamburaCopped="4509" subductRester="sinesEdna">
        <honks>thirls</honks>
      </fixionVersusMashru>
      <faddyTablitaJinx jammingArcuate="popeyeScholaPanicle868">
        <modules>noticed</modules>
      </faddyTablitaJinx>
      <zaxLanky minimaHestsBetony="sillies" duppingDoom="wyss">
        <salsodaMaths>loneful</salsodaMaths>
      </zaxLanky>
      <huariErgusiaMisbusy subtype="lithoidSwervesSorts" isurus="endurerSlavedAccur" suer="glancedCammockAgrest" fifoSymmistClubby="ionic">
        <synapseBirlMarengo>oftenPesade6</synapseBirlMarengo>
      </huariErgusiaMisbusy>
    </amirate>
    <wrungUnfarSporont notatorImpact="evecticHoboes" congestWhetileGreenuk="73575" kaylesLoofs="quackRuffesSpite" bonedry="anywhen" tabascoDebcleCoppet="75">
      <ripalQuaderMoiest>commendDuarchSinitic</ripalQuaderMoiest>
    </wrungUnfarSporont>
    <worstedWinless leone="koranaFindingBorid" outgrewLumpetKnuffe="pickLatusEarner14" slopedZincked="3" upboil="verdantRoomer" cuinfoPithfulCohosts="117693">
      <algousLeucineKytes>mostThouse691</algousLeucineKytes>
      <runite alagauBirdeWeals="152489" savateUnhealCinerin="diadema">
        <ragazzeConcert>rettoreReciteCafenet</ragazzeConcert>
      </runite>
      <denned unblown="hasanWesty" cutePeeoy="6978">
        <phaseDielec>scypphiPrasoid</phaseDielec>
      </denned>
      <keitaZymosis looks="aiawong3" anthillBelfryPitmirk="899670" demonioWakariRequins="semikahBleach" tempyoAshfallWart="altifyAlgum">
        <puddaColtishDonn>22</puddaColtishDonn>
      </keitaZymosis>
      <kelderNeptuneYuzluk staminMelitis="osages" cathern="avisSwobsSuccour" scutum="chosenFours7">
        <fathMummery>visOsmerus</fathMummery>
      </kelderNeptuneYuzluk>
    </worstedWinless>
    <cudava>
      <fidosEstops>piqureBlungeInwheel</fidosEstops>
    </cudava>
    <reclame mountsWaiveryPuddy="447119852">
      <stubbyUnstripMalax>conniesArcuale</stubbyUnstripMalax>
    </reclame>
  </poesies>
  <galerumMofette mushersSeizer="5508002" disterChymes="monkish1555" sparest="mythol" wigglerKwelaSermon="suredScotist" />
  <maharAport ravin="36988634" />
</buddles>