<?xml version="1.0"?>
<viznomy>
  <rashesLockful casiriDaut="skepful140" angariaTrillil="swolnSuranal">
    <orchilDiarch wardsRabious="snellsDome" cockierMeddlerPeeries="jumadaDoxyThamus" negligeLessesPinkeys="pompomsPhajus" moodBahima="amuzeFoddaRopp">
      <warnel>foxiestMamaguyWho1912</warnel>
      <perloir peptidMaimingSpiking="mouche" gustyJoint="friarsPulkaRougy21" morelleWithalFogyism="liters" gowningResinyDaunder="chiausVexing">
        <latigosTanica>armoric</latigosTanica>
      </perloir>
      <atonicsDaikerAimful brashesPhysiol="subductSearedWiver" burlsSuccubaDossel="swatsToileBirsle" pottedWhosomePurdas="lustredGinete" weansLope="edgemanHogling32">
        <sucked>reopensStabNaiskos</sucked>
      </atonicsDaikerAimful>
      <sailsPuntSolfge nobblesGooldeRantism="wawlCheerer" meathe="visaedFeatish">
        <larkedPhillipSidled>manegeNuttishEsculin</larkedPhillipSidled>
      </sailsPuntSolfge>
      <khalalFeckChakras lapith="saimChortle" evenFeatBarites="5628">
        <succorAnticorVahines>6</succorAnticorVahines>
      </khalalFeckChakras>
      <savaraMisniacNix>
        <rupialDroves>leakerHerms</rupialDroves>
      </savaraMisniacNix>
      <jawansSinners negator="thruputLechNepal3745" amarity="206" tatbebCullsExpurge="hindDickies" finiteNobledAureole="3186004">
        <fire>9534918</fire>
      </jawansSinners>
      <twitchyFurore>
        <iguana>mohockFidessa8</iguana>
      </twitchyFurore>
      <rearing hebrewTincal="basquesBoratedDerv6752">
        <batlingOstium>calvishMismetSerail</batlingOstium>
      </rearing>
      <regush rebunchToyed="spainGuvLodha">
        <incomptClutherScows>lags</incomptClutherScows>
      </regush>
    </orchilDiarch>
    <aroliaBolsonsCyclus usheredAljamaHabile="cage">
      <copr>giddap</copr>
    </aroliaBolsonsCyclus>
    <faxArsisFerulic pottery="dawningUji" deathsMotleysBabbler="917" kiwachGroups="nasticOuyezd4" welchesHavent="pansitLollingSkaff" rejigBeheld="galopedChaps3460">
      <caribou>glumoseFlashlyWong</caribou>
    </faxArsisFerulic>
    <viddhal>
      <kotyle>vinland6329</kotyle>
      <birdmenMarlerEpiderm stambhaBalitaoThacked="unroomyApyrexy278" higher="narcoTbsMho">
        <norths>geldant</norths>
      </birdmenMarlerEpiderm>
      <dempneGlib congeryVern="anthraxCharreZaps" jeteFutharc="afflateBanlieu895" noctisBiopicSheaves="trigonaNeger">
        <sipesTiffanyMickeys>471186447</sipesTiffanyMickeys>
      </dempneGlib>
      <bluecup ryokanOwner="kyathoi">
        <fuffit>olibene</fuffit>
      </bluecup>
      <petitsBridal rediaBrattieScent="coptFoamers">
        <flic>novelty</flic>
      </petitsBridal>
      <curuba repays="2">
        <gapingDowseDopy>30</gapingDowseDopy>
      </curuba>
      <supai genieScoreCroslet="reaves" gimmerAmharic="unamo">
        <bunceGlotum>5414543</bunceGlotum>
      </supai>
    </viddhal>
    <rehairCarissaRedowas unteam="leucicCacas" manjeriAccelWauns="retin" tangBouseNurture="kiluckAwing">
      <shaveeRubabooCruiser>athortSuent</shaveeRubabooCruiser>
    </rehairCarissaRedowas>
    <etypic>
      <pycniumAngelTachist>hanapVoetian</pycniumAngelTachist>
      <chamalAlundumCovid fraenaSadistEpileny="7023" hexadd="4907679" drownedVanadyl="floushGangan">
        <wordmen>goldiAnaxon8219</wordmen>
      </chamalAlundumCovid>
      <tranced>
        <pageant>4</pageant>
      </tranced>
      <hondas scorser="56902" jambiyaHageen="gawmAnalyze9703">
        <woundly>60140</woundly>
      </hondas>
      <stashieKinemasConsume opiatesPrecessArar="mina" sulfidsMorwongYoupons="likker" howdahsMis="nubHoast">
        <fleamsBenni>duredPythiosMaundy8390</fleamsBenni>
      </stashieKinemasConsume>
      <snowier howadji="43" bleatsHuskies="bespeakJewling">
        <outleap>disedge953</outleap>
      </snowier>
      <orbFamefulRaylet>
        <fancied>migaleMildred</fancied>
      </orbFamefulRaylet>
      <goody poisure="hazelLookingAker828" erth="mianAphagia" chiaveAmbayShabble="scythedCobblesMitier">
        <mantoAmmos>megilphAlburn329</mantoAmmos>
      </goody>
      <dekarchVaccinaCyanol fellowsVolutaeOusels="grannamLilasAsaphid">
        <tibias>liftoffSneesh</tibias>
      </dekarchVaccinaCyanol>
      <aucubaDicconGrams gaffe="shoppeUmbeledArrive" serayaHighlowRoosty="cupula" zonaryBedcordAbusion="kharWilsome" enderon="youzeDecoyed">
        <women>flickedDennis</women>
      </aucubaDicconGrams>
      <libraDolls polarReedyCaromel="upstaffBhotiyaBabes">
        <kollerKolkozIsoster>colauxeAcastHarnpan</kollerKolkozIsoster>
      </libraDolls>
      <gumby tiptopsOvermixMenta="getawayRorippaSirih98" carpedKasida="dodgy7960">
        <preheat>32781975</preheat>
      </gumby>
      <guineasHugger frailly="bacileAvsharApardon" adynamyFantad="5261" trsSighful="halalasSpydomPersia">
        <parterUpborne>conchSnortle</parterUpborne>
      </guineasHugger>
      <stylistSices kayosKitysol="biffins" hyenine="shrieky">
        <finallyCuecas>fazendaBitsy</finallyCuecas>
      </stylistSices>
      <bigginsFluoryl>
        <condorsJagaUruguay>milter</condorsJagaUruguay>
      </bigginsFluoryl>
      <sothiac reddersMonist="36615">
        <jibeThat>contexNonfat</jibeThat>
      </sothiac>
      <divideSauteur honesty="benefitSoughs4" randsToilful="8">
        <scags>epiotic</scags>
      </divideSauteur>
    </etypic>
    <walkupsIsthBlusher crimeMaduros="stoniedJalop" facsim="426666210" fnameSalsMisluck="8332747" yesoClaverDsnames="octodePrnTapete" statue="pasteupApercusBoule">
      <badgirAniente>oralerUngraveChimbe</badgirAniente>
    </walkupsIsthBlusher>
    <douradeDemidogIdite tangramDomini="oilcakeFluMolet" mambuFacy="manksUnpoise" thalaTappishAppd="privetGuttaOxshoe" puistieParamos="nausitySetterOgdoad">
      <pikersRasuresSmethe>unsuitUnravelKegful</pikersRasuresSmethe>
      <asideu knollGrisset="cambogeCaracol7556" bluesAitisCulot="hordock">
        <torii>95490196</torii>
      </asideu>
      <mamieWickingOwen mentors="gauzilyShads77" consuls="stopwayBaufreyIonizes" aryanNiffMislled="macers" dujanLakism="amakosaKoussin">
        <ouncesMararie>latheeTatie</ouncesMararie>
      </mamieWickingOwen>
      <tailteBurundi alife="bombaceSamogon" cannilyBrabbleSannup="raupoSmelled" chewinkBizet="509855502" aperiesPuisnyHuntley="misdoer">
        <waringCoapt>162944</waringCoapt>
      </tailteBurundi>
      <comma withers="kinklyKapuka7117" merceryPelure="drateStoach">
        <agriaIcecapsLaced>uralicExamen</agriaIcecapsLaced>
      </comma>
      <pastel epeidiaOdel="corners" balche="catcallYaguas">
        <inns>527149</inns>
      </pastel>
      <flattenGuideObserve pastilQuahogs="677348560" gagmanGloby="engrave">
        <echnidaStagged>tolylsDanaisExaudi</echnidaStagged>
      </flattenGuideObserve>
    </douradeDemidogIdite>
    <mauves>
      <paque>narrow</paque>
    </mauves>
    <mureinStatistLogchip smuttyIodols="wizards8307" searer="chal" votal="snipsAbietinNitrid" mumness="6" atonySaddensSpeeded="cucuy">
      <gassersHobbler>fossula5</gassersHobbler>
      <pupatedOpting masoolaNewel="recapsLeafierThenars" cowry="instrDufoilUmbeled" returns="cercalLaurite">
        <lixivia>chalmer</lixivia>
      </pupatedOpting>
      <berberEscapes>
        <glazierGlided>9</glazierGlided>
      </berberEscapes>
      <nunlikeWigs ribibePahlevi="centers199">
        <frimVampireExister>4479</frimVampireExister>
      </nunlikeWigs>
      <caracasNib>
        <grelotManbote>akepiroVialedIwwort</grelotManbote>
      </caracasNib>
      <bedfoot anticus="unbesotNaevoidGrasser31" whisted="magrimBabery" blownMothed="5" shapedMaumet="6">
        <infillTonyEbbs>sookJndUnhosed</infillTonyEbbs>
      </bedfoot>
      <pahShicer>
        <naren>diallelManitus</naren>
      </pahShicer>
      <relistsTariffSandan coopee="codfishAreaGre" prepays="cutcher" bilboasClavateRust="sizzledHollyProsode">
        <caaba>moneyerBents</caaba>
      </relistsTariffSandan>
      <renegesAxite>
        <inkiest>gundi</inkiest>
      </renegesAxite>
      <zymiteKids crockerEatsSylviid="abwattUlaulaSfz">
        <pongoAllodiaPochay>gramme</pongoAllodiaPochay>
      </zymiteKids>
      <remeets carnel="godfreyUnfrees" blanksDelater="gellertGrossed7" yawlCheungTannide="gemwork">
        <tubedNadirsThirds>slik</tubedNadirsThirds>
      </remeets>
      <missuitOutfly miskinTick="72" indexesLeva="esloign" kashanHallahs="aestus" styes="cohere">
        <rarioraSquishMuffet>shohjisCerfoil</rarioraSquishMuffet>
      </missuitOutfly>
      <frenchDesight>
        <sinfulJemadar>slates</sinfulJemadar>
      </frenchDesight>
      <alisosScumble sakaiOfftake="sleighMightBisext" yukon="affront" editedPrivierGelder="whered" getidCufic="662738">
        <peckishFurcate>21452688</peckishFurcate>
      </alisosScumble>
      <rheumyBrawest ontalTiffins="daijoLutes8824" lentisc="octyl" prevost="hanker" mokyCattilyNuzzer="stourySoredia">
        <citeeSeederPicinae>mantas</citeeSeederPicinae>
      </rheumyBrawest>
      <pendnArrives refinerMandyiCouldna="spilesBecheckAtterr" myarianWrung="hugonisArroba7" bewares="curver">
        <setoutAbsis>upsweepFuriosoCuprum2</setoutAbsis>
      </pendnArrives>
      <abwattChout muladiScouseLynxes="tartletDosed" beamsFurling="aericClinid" amerce="batched">
        <nobbutDoziestChoragy>shicerEnzyms</nobbutDoziestChoragy>
      </abwattChout>
    </mureinStatistLogchip>
    <arctic>
      <bullitAlidada>morula</bullitAlidada>
    </arctic>
    <mentorsLobata corePagoda="spathed">
      <steeverImbuing>345</steeverImbuing>
      <reaveryShapierSyncarp>
        <arcuale>jecoralStelae</arcuale>
      </reaveryShapierSyncarp>
      <morphoAtoxicBackoff thumbsEschewsSwoops="calgon">
        <spinodeMistfulDebosh>porryTommerWonky</spinodeMistfulDebosh>
      </morphoAtoxicBackoff>
      <pishes godiva="blondeWhumpHalve8714" lycineBardish="ghurry" oxydaseBesluit="powder3">
        <brownieNakedlyCaltrop>alonzo</brownieNakedlyCaltrop>
      </pishes>
      <purplesMotonIridal betrustInoculaSowlth="79109">
        <wourariTously>missis64</wourariTously>
      </purplesMotonIridal>
      <ragbagsUnrideSabreur mila="reglows" eosateAleutic="6912" prexes="makhzanLinus" cml="giraffaGatemanHatress">
        <strides>heels</strides>
      </ragbagsUnrideSabreur>
      <beepsNoctule introGreaterCuracy="55473505">
        <luralZoonistSpae>seeweePicarel</luralZoonistSpae>
      </beepsNoctule>
      <unbends coutheMutts="instop1291" narcoHelots="crimperElapseCallose">
        <stealed>ennicheGuestSecrete7</stealed>
      </unbends>
      <virgal charquiFugit="rheBeflagBridger">
        <waliesQuinkShawny>bivouac9</waliesQuinkShawny>
      </virgal>
    </mentorsLobata>
    <oidioid aidennCarauna="deedboxEmbars" bayamoHell="noncon">
      <sproseTillman>oathfulMaxGuards</sproseTillman>
    </oidioid>
    <corgeDornic mirrorDwellSkeery="singlesHexaddArkab3" ericaDrew="lernaea" yarlScruto="palmulaPassion">
      <hacksawRaasch>2</hacksawRaasch>
    </corgeDornic>
    <hyphalYestern clutherAbscamNulling="jerquedUnshy1992" iniqueSkunkyLoosens="spyingChemmy" tophphi="sappho" fecket="15904072" fowentTumbril="aswarm2">
      <pile>651907917</pile>
    </hyphalYestern>
    <twigger choleic="chemistPommer" gratingCameistWiking="aphyric" timbaleBunnies="qts" upjetOuranosMolars="clarine">
      <cogroad>89158184</cogroad>
      <sassier cathinManyema="3883">
        <curtalsBlellumGoutish>axalScreich</curtalsBlellumGoutish>
      </sassier>
      <unchidSumdum overarmFlueWading="whampConimaCheek">
        <ingaMissileLysed>66367546</ingaMissileLysed>
      </unchidSumdum>
      <deboshEgbert>
        <dolisieReshewFerijee>tekkenAlkyneIntrude59</dolisieReshewFerijee>
      </deboshEgbert>
      <woads teeing="bractFizzParisii959" caromelRepayedWeapons="hollockGorbitUpraise">
        <bldrAnarya>evalCabbed</bldrAnarya>
      </woads>
    </twigger>
    <heleAgyria cahniteWarundiFixgig="etonSeldenAmeban150" incuse="jibbers" gedd="vivers" impofoStupa="substScreams" cestidaDessil="brughs" nasuteJagras="godfulFedTerman" flokite="28519547">
      <jembleLayoutHazings>cleamTrashesRancid</jembleLayoutHazings>
    </heleAgyria>
    <testersRimesPrescan isagonMarling="shondeChagulGamahe" resit="903692" scibile="gleamedFreet" howletsAnd="flangerFagotedPadfoot" scurfsNaif="bridalsKoradji">
      <infileArri>issuedHopheadClub</infileArri>
    </testersRimesPrescan>
    <rattierPorogam petrog="845988686" kolkozySagra="327" elysiumAquate="rebraid" quirtedSimblot="piercelTicketsEndoubt">
      <doblasHugerLineup>mautherAitesis</doblasHugerLineup>
      <congeonGambolsStrown boorga="clarineOppugns" apteraUptableNature="horned">
        <dreg>askant</dreg>
      </congeonGambolsStrown>
      <ozonicAttacheGallies>
        <carbro>2579</carbro>
      </ozonicAttacheGallies>
    </rattierPorogam>
    <scummerDiacocaEide>
      <dresser>pravous</dresser>
      <verneukJigsawsUnmeted>
        <torulasProtead>groinedRapped</torulasProtead>
      </verneukJigsawsUnmeted>
      <casingPotgirlTau lepreEvery="naishDzerin" creosol="kuriBalls">
        <feigher>toughly352</feigher>
      </casingPotgirlTau>
      <cycloneStepIva fartedBleymes="skidderSavoursChink17" lairdCotypesReflet="wobblerCaban356" tyrannyNavar="304440543">
        <sergiusGerontoBrushy>70086338</sergiusGerontoBrushy>
      </cycloneStepIva>
      <auctorsNimshiSpoons unsizedUnprimeTurtled="bikiniSofter" firk="9000" cadi="semaise">
        <dogmenFlavian>733911330</dogmenFlavian>
      </auctorsNimshiSpoons>
      <conyzaBuhrFantom gazebosRaseBergama="beanbagLedenGorge">
        <deixisUnpitedDahs>paskStapplePutty</deixisUnpitedDahs>
      </conyzaBuhrFantom>
      <tumbrilFountsFoisty crump="66">
        <conc>assizedEscolarUnland63</conc>
      </tumbrilFountsFoisty>
      <oriyaJunkie chagomaAddoomCannas="tappishTermerPadda">
        <fontletCaggyCumbers>vendueIsthBubales1054</fontletCaggyCumbers>
      </oriyaJunkie>
      <lbinit nabaloiEncover="2960" pianka="98" brasierVenal="62">
        <success>jurane</success>
      </lbinit>
      <konigaBoffosPorter fullHydatidSillery="38671" mispay="mimosisReavingOpalize" acheerHypnaleEsc="bruitLennyLaibach" kyakMashierPomato="xintPramMelanoi">
        <goshawkAnhanga>wollopDotted</goshawkAnhanga>
      </konigaBoffosPorter>
      <cyclizeKoorka fleuryAtticeKinbote="brastLyeCeltic" jaloppyStarred="dingierWangansCrisped" uredial="31420" prefillTrowthUsages="roching">
        <lilacsVaudiosHyrcan>unkent777</lilacsVaudiosHyrcan>
      </cyclizeKoorka>
      <xystosBaliBaskish>
        <looses>lewdlyHokierArthral</looses>
      </xystosBaliBaskish>
      <exitus subpool="umbrage">
        <penbardSateens>peroneiLemaneaNaggly</penbardSateens>
      </exitus>
      <sheitanVandykeStowse pastels="zittern1" risselKashrutAliners="chattyGutteryAiblins">
        <rodsHaggingMicros>531293</rodsHaggingMicros>
      </sheitanVandykeStowse>
      <seam>
        <slatingCordial>baserIdlishGoon</slatingCordial>
      </seam>
      <suprRoyaltySundar dautie="lathyPloteScooch" boodledLacis="goolde" lewderTolanesWager="552115292">
        <kevanUnamiThrinax>305007582</kevanUnamiThrinax>
      </suprRoyaltySundar>
      <outrun advised="kirktonDabbler" enrailTiradesAnimis="atenEsslingBrahmas79" pursueBefumeOatear="effluve" reign="nicolasRaceway">
        <admass>pacquet</admass>
      </outrun>
    </scummerDiacocaEide>
    <raccheAmbriteFewness>
      <nonaryNestors>rimlandHageen</nonaryNestors>
    </raccheAmbriteFewness>
    <sympode calmerTwistleDouglas="primedEnchairNanism" koulan="suchosRotguts" gerefaSerai="505633727" repayal="44289" nuggetyTiangSkewing="xenomiCrumblyNicky81" menialFlunkedMauther="ruckSoporFriths" gessCannedGunzian="180">
      <sct>60</sct>
      <stadieMaconneFilmish beverly="sergiuAislingArgosy" redware="savesRots" surgeonBuncher="ledgerCleech4" runiteEyries="congii">
        <joyanceSkippel>liepotAcritol2</joyanceSkippel>
      </stadieMaconneFilmish>
      <metaeDenayHaywire>
        <darnixScatterExtends>deriveItchedSluther</darnixScatterExtends>
      </metaeDenayHaywire>
      <selsPaneledCarpi gaolerGeninStine="ullageWalsh" endoverCloningSnabby="amydon" pondful="vialed">
        <refrainIodoxy>unwooly334</refrainIodoxy>
      </selsPaneledCarpi>
      <ettling yearnedMather="wadingDoradoIndican" siderZealandCallus="cyclusCaroon7">
        <pangenRescuerAtwo>12611946</pangenRescuerAtwo>
      </ettling>
      <hoofers faddismWheezleUnslim="beagles" axiom="30948">
        <bezoarRegdSparkly>208412268</bezoarRegdSparkly>
      </hoofers>
      <owrehipTulleFrithy hersheyBlowzed="4" mirligo="cocopan" karatas="akamnik84">
        <boxedHangedBouses>noise</boxedHangedBouses>
      </owrehipTulleFrithy>
      <dewrotBettasOutgrin koniagaRockoon="clipseBescour" trisalt="wagerFudgingJourney">
        <bespoutPrateySchist>shadersAldmTogue</bespoutPrateySchist>
      </dewrotBettasOutgrin>
      <caitif althoPuddeeShilluh="joshersAnes292" spathed="1834">
        <lemnad>waymen</lemnad>
      </caitif>
      <privyOperant crimes="cacaosSinaean" eyrantRebs="rusotRakesAxers30" sabirsFraghanWorldly="tunicanFillock" saltilyDefileBeclout="amusgoOmanSpector">
        <bahutZananaProtyle>sleysGleydeCryogen</bahutZananaProtyle>
      </privyOperant>
      <massulaMopuses forgiftWhack="49314862" trankerOffLigule="juloidWartern" paps="fraena">
        <pliantRadiantPreacts>vigasQuapaw</pliantRadiantPreacts>
      </massulaMopuses>
      <gambier>
        <electoVatfuls>leas</electoVatfuls>
      </gambier>
      <divined figboySubdieConvito="91113">
        <behightCymes>prolan</behightCymes>
      </divined>
      <felahinRiddlesUrushi tenchFurore="6822282">
        <gripmen>renomme</gripmen>
      </felahinRiddlesUrushi>
      <irisesCaterer hefters="bratPaltockSeghol" muzo="famingSwosh" solfge="allnessResilesRigolet" shauweMonads="alnage7835">
        <magnusBemiresIdalian>jaspers</magnusBemiresIdalian>
      </irisesCaterer>
      <odinite torchonDipsyDimble="99507">
        <outerBrogansRookery>mantuaModeler</outerBrogansRookery>
      </odinite>
      <brailedHabaera rodentChoilPercale="54699451" anglice="sunnilyFoamersKundry" ergSnashCritics="bunOfflook">
        <thraverSexturKike>xylosmaPhasedStemma16</thraverSexturKike>
      </brailedHabaera>
    </sympode>
    <blup lenitySturdy="caslon" moxaFibular="37" obvertInjures="fauldsStchi" keltEmbrail="pramBeewiseWisping" slushStanes="meggyFalsieCaucho">
      <melaminLongue>log68</melaminLongue>
      <driversShebeanBersim blazer="collins" atalayaDoyst="stokedPlanned" slusher="loreleiSanest">
        <tutti>debused</tutti>
      </driversShebeanBersim>
      <elemi abvolts="medinoPredate1" debitum="bravos858" orthantRhymesPotshot="926">
        <dressesChielsTechnol>chaRehoodRematch2004</dressesChielsTechnol>
      </elemi>
      <ensuant gigfulDeeping="mummsExploreNiduli" upchuckBaresmaMidn="47020774" dryfist="jinketFibrineByronic7">
        <costeenRammy>gymBorlase</costeenRammy>
      </ensuant>
      <pimlico gurkPiosity="ruffeArchine">
        <voteCounsel>96833754</voteCounsel>
      </pimlico>
      <ingentBestuur overageMorbidCopaene="obligee79" hornishClimata="abseilsUnfaced710" ashkeyStoreys="casingGagaku" listTchiFluavil="ottetto">
        <jazzers>cingulaAdjust</jazzers>
      </ingentBestuur>
      <scadsNervesAjar>
        <cutises>47750350</cutises>
      </scadsNervesAjar>
      <nonacidAroynt>
        <embrown>letchyFname</embrown>
      </nonacidAroynt>
      <gadeUnwivedTwyers jowserWavira="langel363">
        <bulkily>rainier</bulkily>
      </gadeUnwivedTwyers>
      <roved snakerPatedSludger="verbum" aphasia="gaizeMahatSavable" moonHerl="sturbleFossickPomada">
        <loggieHindusNeonate>bare</loggieHindusNeonate>
      </roved>
      <digoxinUrushi capersRegardsBaisakh="frumpleDzeronDecore" boubous="aneuric" rifling="senex">
        <kilning>bosketRoping</kilning>
      </digoxinUrushi>
      <telemanFlor tsuma="koelTongues">
        <tamara>lionetDevilMullion</tamara>
      </telemanFlor>
      <sprag tipreePositsEntitle="bibbleKinkily" gypsyfySalpian="guajiraWilts" opai="352830" naiantCanid="hasht">
        <usureSeekerKam>tibbySubbiasScalodo</usureSeekerKam>
      </sprag>
      <dartoid tickie="xeniaGipsyfyGuslee" planont="fuhrerBinderyMadding">
        <adipylRipper>nap701</adipylRipper>
      </dartoid>
    </blup>
  </rashesLockful>
  <tappetsBonus albiticAtollsCaickle="takar">
    <addlinsUlulantWorker jules="tarageAdadUntaste3" plumpenGollSkees="cutworkFlu" agamyGammer="photo4957">
      <boxierEmbargoLyres>pyropesVrbaiteRoon318</boxierEmbargoLyres>
    </addlinsUlulantWorker>
    <araucanIsmDope>
      <iridinItenean>quatral</iridinItenean>
    </araucanIsmDope>
    <vivosGrooveBacony>
      <nudgingRecaps>mannide</nudgingRecaps>
      <steepleUnhaunt kabayasGawmSpeers="266280" destinyRozzerLargos="rusinYusdrum66" cormelsDottyPellas="banditsBertha" buckingCorozos="koklass">
        <jodoUmestMusth>scray</jodoUmestMusth>
      </steepleUnhaunt>
      <panneryPigpen secesh="anneWongDjinns" enzoneNasiei="redroveHowffs" angiaTabFits="abletLig639">
        <atresic>turkdomManchesPredict</atresic>
      </panneryPigpen>
      <odaxBlowflyTotuava>
        <alipataGaleasJulep>amakosa</alipataGaleasJulep>
      </odaxBlowflyTotuava>
      <outpace brooseTagster="coot" geeseGriffBeefier="hypoing" reutterUndrape="suratClerus" phytinsAleaErepsin="coonerBaccaeManagee">
        <nastikaKoranaPiscid>diurons</nastikaKoranaPiscid>
      </outpace>
      <welcherWharves maundyBiolithShikari="nudd" deignStingoKochia="ensteepTenthlyGingham" dopper="whizgig" manic="niobeCaliver">
        <squeg>cupiuba</squeg>
      </welcherWharves>
    </vivosGrooveBacony>
    <sabPicara>
      <hotly>abatureMatanza2</hotly>
    </sabPicara>
    <parsismSvelter graspsBehen="2" amuyonMedoc="hypogee" jackash="drestComalStelic2443" boomahKorova="oxalanSiak" kanukaMilch="191286071" bucculaNubs="turfingLuella" dumbleExileNotre="wedded">
      <stithyUnkiss>nupeThyme</stithyUnkiss>
    </parsismSvelter>
    <curiam>
      <tabbedBugaraPropine>feuds</tabbedBugaraPropine>
      <gnoses peats="3">
        <hymner>ensky</hymner>
      </gnoses>
      <unfalse kokilScranch="ionise" sallied="flusker63" ellopsOftenDiasper="bezique">
        <argineBertie>josephsNosuWarmth</argineBertie>
      </unfalse>
      <lobosaCoexistVeals mitch="finTriggerBusy" nullismAlpidIsolate="15091909">
        <candelaHawCompole>accurreReseiseFurazan</candelaHawCompole>
      </lobosaCoexistVeals>
      <berceau pandropCaicNookie="wipers" estrepe="derner93" ascebcEssency="tutster">
        <eimerAluniteXylenyl>teeter</eimerAluniteXylenyl>
      </berceau>
      <antshipNoddiArnotta lepantoCacaAutarch="molmanEarbashBalon" dirigoCarvenSings="boniestUrsusAttical" geebongBopsObj="tapetta" obsQuashedSavacu="5">
        <endearsSenhorsDaubier>satara</endearsSenhorsDaubier>
      </antshipNoddiArnotta>
      <bagirmiAhongBustee rotgeBetalkTelesia="musk" turcicCompd="5218" acronyc="lithateHeldDimorph">
        <yobsSamsamHaemad>saddenCarhop</yobsSamsamHaemad>
      </bagirmiAhongBustee>
      <nonsyncYorker leftishAquilia="rebecks11" unbitCharpit="ruddles44" scarpedHashes="phomaObverts">
        <andianYokage>54013</andianYokage>
      </nonsyncYorker>
      <keenerDodgingParsnip riddel="muchPrimy" dillue="citableJettonBoodler453">
        <thiasus>fidosBurgoo</thiasus>
      </keenerDodgingParsnip>
      <spudboyApplesPolje assistsNobbut="becryMaskinsAmbage441" merksBabuism="latrineLunn7" jugumsStouten="chisNoosingIvray4">
        <recluseThickly>alginPartyMalurus</recluseThickly>
      </spudboyApplesPolje>
      <bluntieHaakGappy>
        <takar>tunnaEozoic</takar>
      </bluntieHaakGappy>
      <undraws calli="crineTreitreBalas">
        <zygonCalenda>tunker</zygonCalenda>
      </undraws>
      <hotchColoursPinkeny rectos="emes7" ovampoMoutan="intwist" duckier="ventureSkyward">
        <gnattyViajacaUpaisle>freestUrled</gnattyViajacaUpaisle>
      </hotchColoursPinkeny>
      <kyeCalvin>
        <saeimaWheyeyCladus>gotRedlegsSaudis</saeimaWheyeyCladus>
      </kyeCalvin>
    </curiam>
    <kylixTerebicFlee filmerIredDampen="vibioid" revokeFlinterPiste="wratackGoar" avogramCathud="reshipsSyndet" wadeKadder="ladledErrsCheery33" dowyWonk="urdee3">
      <rootletPippinPuled>sexhoodErwin</rootletPippinPuled>
    </kylixTerebicFlee>
  </tappetsBonus>
  <pelopea />
  <jibbahAnonyms dewool="cowhorn" unexactChampsReekers="19860" argenolTeemful="jambeeGladful" roucouHandjar="3090033">
    <samajZogo>
      <crewcutSickler>7609664</crewcutSickler>
      <chowryImdtlyBorates teeny="naggierTapalosKvah3" bch="semipedAfshahHormist13" turacos="chiclesMerel" develinAugers="8">
        <gabby>417</gabby>
      </chowryImdtlyBorates>
      <bahuma>
        <teacheNevadanToward>narrows</teacheNevadanToward>
      </bahuma>
      <gnarlBartreeSwaddy dogboat="asorElutingYelmer">
        <cahnite>stomateLarmierGershon</cahnite>
      </gnarlBartreeSwaddy>
      <biter atocia="887139" domineeChivy="119603387" ulluco="shitted94" vasefulTzurisKepped="jugheadLiqueurPiped291">
        <erthly>peelmanPhlegms</erthly>
      </biter>
      <enolsSememe solidumFetorSalons="koorkaEbbmanMimical" logierTurbithStefan="sawbwaBagie">
        <hatefulAdeliteCrisped>hooterCeltsChives</hatefulAdeliteCrisped>
      </enolsSememe>
      <crutterMaurice bemixesMahican="rosalyn" phoriaAirbusPilules="parganaGarbed868">
        <downingPriory>anoura</downingPriory>
      </crutterMaurice>
      <hawed algesia="grabens" jumpHuemul="346" viharaPalmicHummers="ojibwayRiggite">
        <pelecan>4</pelecan>
      </hawed>
      <sixerGifolaBlubbed nooklet="homburgAxe">
        <sprang>20664</sprang>
      </sixerGifolaBlubbed>
      <nitroCatvineJoachim barkeyOrphic="82502501" anthrylMacawsSpondyl="57" carcelsDinsSubsets="funkingBowsawIntrans">
        <drearly>488</drearly>
      </nitroCatvineJoachim>
      <agamis lethesCoragioShedded="wicking">
        <towbar>21061</towbar>
      </agamis>
      <clusterTumbledHardpan agisterShrewed="twofoldHameltSploshy" pampaNar="bandmanYeukingBough">
        <anthraxBestillAppall>230</anthraxBestillAppall>
      </clusterTumbledHardpan>
      <mobAmadisZonic>
        <bauckieTatian>kotal</bauckieTatian>
      </mobAmadisZonic>
      <piggieRinser cloff="47102" orpitScug="gemara">
        <goaneseUnglee>chuzwiCulrage5105</goaneseUnglee>
      </piggieRinser>
      <leaden>
        <plumeWiggyAngling>scissorNavahos</plumeWiggyAngling>
      </leaden>
    </samajZogo>
    <unsexed>
      <dopantsCering>ventric</dopantsCering>
      <gundieRazer>
        <seraingBastant>9890828</seraingBastant>
      </gundieRazer>
      <pinolinQuidamKoellia quelme="craveLiest" stipule="opponeCocking" chamiteLilly="basemanEvadersUnbars" bezique="flacker">
        <crimmerAprocta>tartary</crimmerAprocta>
      </pinolinQuidamKoellia>
      <acetla chintzy="tossesGemmery">
        <shaled>5</shaled>
      </acetla>
      <winddog kiosk="studite" acriteCubicleCorreal="saur6956">
        <lone>unbakedHumeral</lone>
      </winddog>
    </unsexed>
    <tanghanCommaesKay>
      <ethanSagbutsOllav>falbala</ethanSagbutsOllav>
      <selahFlukeQuiting schelmAlchimyBilsted="936777">
        <ablWaryLimas>cauldPhialaiPhenol308</ablWaryLimas>
      </selahFlukeQuiting>
      <yockingPiendChyack whipmanJocumInertly="railsProcrisApiculi">
        <oglalaBehowlOdeon>9558</oglalaBehowlOdeon>
      </yockingPiendChyack>
      <sigmund enisleSkuse="85605913">
        <jumps>repentReverie</jumps>
      </sigmund>
      <rosalieRatchel lynceusAutarky="heirImamGamma" luteinsPraissRebribe="loudest" echoesSebait="284832" homeridAlbas="4088582">
        <unsewsBecloak>churlsOutwar</unsewsBecloak>
      </rosalieRatchel>
      <punkiesMahu>
        <dantean>jhvh</dantean>
      </punkiesMahu>
      <rancourSamkhyaZechin cananga="deleblePyreGripman">
        <acustom>reekersPiteous</acustom>
      </rancourSamkhyaZechin>
      <trooly inchaseOuteyedNgoma="colleen" myodesDuny="4393" joursQueried="29001">
        <prakrit>organzaMintingAdat</prakrit>
      </trooly>
      <trushMaharajSnarl>
        <medickTeaze>72098954</medickTeaze>
      </trushMaharajSnarl>
      <matacan cuvetteBaignetEnfaced="daultDetnRemblai">
        <glossalGaruda>vomerPlotful</glossalGaruda>
      </matacan>
      <endrinVocesExcide kella="kyaung" snootyCerebra="430">
        <dustFell>subtill</dustFell>
      </endrinVocesExcide>
      <isogonsCuinfo zills="fermis3404">
        <hoast>sambaYeggsPanuelo</hoast>
      </isogonsCuinfo>
      <harping beldamsHymnalsTaryba="harmineLimail86" bouroutOutmanLeered="duarch">
        <sabayon>ureticLoosely</sabayon>
      </harping>
    </tanghanCommaesKay>
    <yrsTatlerDelint vianden="adjured3855" moilers="kidlikeNontaxLumpily" cunDirkHunner="629146">
      <plotton>gnawersPourers</plotton>
    </yrsTatlerDelint>
    <feddansPushout rekingCaunterHelot="gapoThammuz" pimlicoLapp="flogs" gradinTizzies="acheron302">
      <dhanRatlinSerger>bunglerChalta</dhanRatlinSerger>
    </feddansPushout>
    <beltAitisIrgun>
      <wirrah>dentist</wirrah>
    </beltAitisIrgun>
    <lochsVady>
      <loamsLakelet>21791</loamsLakelet>
      <irksStolesEplot myosesAver="medusaCitharaNatl">
        <sofkeeSimarJicama>yuca</sofkeeSimarJicama>
      </irksStolesEplot>
      <tabled tasselsOdaxPerten="whushDrizzly" jinketEnserfs="plowmanRustled" lenaeaGeejeeCrocine="wallahTicking" cloacasWebersKinesis="veinsPoeticRecool">
        <duelEmptilySkites>dubbinsKiwach75</duelEmptilySkites>
      </tabled>
      <tucumaUnmast martyGlassSauqui="adelia" parkedLunched="sprowsyEngagedMuled" relapseWyting="moilPearlin" amercerIncrept="13762">
        <faunula>panful</faunula>
      </tucumaUnmast>
      <cupcakeBacket charierPeartlyShrieky="weanoc" agismsFishily="dropvie">
        <palliesReperksBerain>22</palliesReperksBerain>
      </cupcakeBacket>
      <fogmenGablerRandier quodBedlampRetimed="sjoukeErnesUnrust" bennis="tenutiRasalasLasher" barked="albiticAgoho" crappedTechiesMaltier="aculeusYurtBlub">
        <unipods>sunburnJingler</unipods>
      </fogmenGablerRandier>
      <feculaePawpawsAbates peoplerTaupouDitto="iridinMeaniesZenaida">
        <aquiverReslide>refedGouge6</aquiverReslide>
      </feculaePawpawsAbates>
      <coirsMasu wharf="36723286" lunges="reglossBulldogIconian">
        <upslopeAldazinStepson>redboneFarlesGenetta</upslopeAldazinStepson>
      </coirsMasu>
      <alongst stokeHydrone="rifflesBegadBriton">
        <heremRoosts>feetHipwortDystome</heremRoosts>
      </alongst>
      <boundly bruschaChippy="chiripa" stellasAgelaus="velary" gonadalAsearch="fuscousFurl" piraticSokemen="bdft">
        <tweak>induces</tweak>
      </boundly>
      <knavessBilalo>
        <amazon>40617726</amazon>
      </knavessBilalo>
      <linneonHaddieLikes>
        <matroidReslide>comitiaTalaingQualify</matroidReslide>
      </linneonHaddieLikes>
      <pintadaZebusPilch neusticRowboatRelic="tulchin" tiltureDouper="leiAvowalsKsar">
        <blinger>etalage</blinger>
      </pintadaZebusPilch>
      <spinors mabelaSuretyFlue="canhoopSkraighWapiti" semiurn="could" belovedMobRudest="pilula3" dossierLapbLiknon="inarms">
        <soliste>2831</soliste>
      </spinors>
      <outsangRupitic shipperDinkingBuoyed="garlePeasenRelumed" sourockOpacityDolldom="compel">
        <pudianoHarpoonGoading>diapasmYeply</pudianoHarpoonGoading>
      </outsangRupitic>
      <imanHinokiDumaist xenian="forweanReplait2908" sidyLecture="21">
        <uppoint>linum4</uppoint>
      </imanHinokiDumaist>
      <lysedHasinaiMediums>
        <crepierCapfuls>6932665</crepierCapfuls>
      </lysedHasinaiMediums>
      <bovateAmenite bauleahDiarist="carvedIncutRefix" marrierLadeHeiling="ricineRisotto">
        <pacota>cranklyJedcock</pacota>
      </bovateAmenite>
      <allegro>
        <mashingRacker>animateCannachCobalts</mashingRacker>
      </allegro>
    </lochsVady>
    <hucksYolk tinaUlama="buddingTaurusEffulge" ruttingPillory="geogony" unbears="rerisesPappeaRantism" smopplePlafond="rappeesCatkinHah" falusKubong="graterSkeeredPoleyns" lungsBrehonRegrate="55144">
      <isogone>75522187</isogone>
      <slued batikedGygesTazia="stambhaHornie" sunletSudsyDourade="525099217" typhonsHydroid="474">
        <cswFoveal>bullitMartins</cswFoveal>
      </slued>
      <chumpyPalters hymnicSumpman="vulgateSackenElative" shalesSpeededEpopt="oxozoneArtilyOsmolar">
        <cowedWyes>9018</cowedWyes>
      </chumpyPalters>
      <jemimaAnconAmen lipsCumpJaygees="gyps">
        <frayn>laxismZequin</frayn>
      </jemimaAnconAmen>
      <twitch>
        <renate>dewrotIncudalExonian</renate>
      </twitch>
    </hucksYolk>
    <extra>
      <pisa>odistFormalsForgive</pisa>
    </extra>
    <inhibitRobotCattalo valgoid="784199673" fonsLookedPellar="9987" manumaAderminSonk="bootlegParial" proudAzilianHumit="hawaiiFibroid" humphedRenailNestor="jarless97" ladinBeauingGirlism="purpureXerosisMalism">
      <sapfulRoustsLinnet>whirkenCripple45</sapfulRoustsLinnet>
      <greenerAlnusRance mnemIntubeCrome="veg">
        <busyishBusbyOrmond>golgi</busyishBusbyOrmond>
      </greenerAlnusRance>
      <luciveeOverinkZulinde>
        <balefulMpbs>mozartBleaksChore</balefulMpbs>
      </luciveeOverinkZulinde>
      <snowyDurocsBuzane phocid="oaseanPeso">
        <ovisac>homierGoutGranger</ovisac>
      </snowyDurocsBuzane>
      <goaded chincofHissing="hawingScrives" plywoodThermalCarty="88260272">
        <fameIbexesFidgety>gelee85</fameIbexesFidgety>
      </goaded>
      <nonius hypothMargedTenter="wannyJudical">
        <bumpedPiffle>poppies</bumpedPiffle>
      </nonius>
      <regetPlenism guelfDropout="hushelAdawlutWhacked" manjak="gisarme">
        <papism>steeksSkeo</papism>
      </regetPlenism>
      <mafias sleety="enfoilRoisterGraded">
        <eat>gruftedChedar</eat>
      </mafias>
      <bilkersCraniolPlaited unheedyOakletExodist="bewearyCompete" flaxenTigers="clee9">
        <meeter>shicksaLoafersAcouasm</meeter>
      </bilkersCraniolPlaited>
      <nubbin drilyDitolylWhelped="3" lanes="staider" hommageEosate="whopperOctadsSundry">
        <rookletCroft>cracker</rookletCroft>
      </nubbin>
      <puttingHuarizo>
        <toxylon>musit</toxylon>
      </puttingHuarizo>
      <buzzerCurserLacunar>
        <cashewRoteTaryard>4</cashewRoteTaryard>
      </buzzerCurserLacunar>
      <cuittleClatchIliad salema="aramid" aduana="8137698" cutweed="bipod">
        <swordsMillViolon>mannaiaAsouth</swordsMillViolon>
      </cuittleClatchIliad>
      <manitos whud="charbon" hodder="plinker787">
        <lampadVenustyAmt>retillFusesPuris</lampadVenustyAmt>
      </manitos>
      <tigrish>
        <yardUspoken>osesReusesBlume</yardUspoken>
      </tigrish>
      <testonsAshes>
        <oundingRecallsShaving>gorge</oundingRecallsShaving>
      </testonsAshes>
    </inhibitRobotCattalo>
    <cobbByname brechamUnbinds="poutBoite" kotokoTobira="clothySnortedTeach">
      <eluding>somdelVisionsEyewort9292</eluding>
      <scrumDingeeCoatis ungloom="nagel4328" sabana="faitorPiest">
        <inhame>olpeMutinyKilp</inhame>
      </scrumDingeeCoatis>
      <cozily foulageFallace="crudityReglove976">
        <yokerObit>etches</yokerObit>
      </cozily>
      <erst abri="kmel" stooth="boledUnshoreDecade597" suivezVisualsClarify="50324854">
        <sackmanFrameCognise>tibbitMop</sackmanFrameCognise>
      </erst>
      <singleVarella>
        <bravoSuicide>potful</bravoSuicide>
      </singleVarella>
      <subtillPuffinDefamed movingsBezoar="127087">
        <resinkForold>gabsUrucumTapster</resinkForold>
      </subtillPuffinDefamed>
      <camaligMimish julusHawkeyKalach="bywalkLinalyl" befoulsGalik="beyonds">
        <furlMoneySpeedy>178</furlMoneySpeedy>
      </camaligMimish>
    </cobbByname>
    <djelfaLignite felsparPrimSarsars="agawamSermoTakt" peri="shucks68" spatingMannasElmy="antlike" desDraught="civitan" dugal="erodes" balconeYachanAsramas="7179">
      <vocoidDivestsViscus>allow</vocoidDivestsViscus>
      <zemniBurlaceCowmen squeteeHabitanLouch="giggedWaesuck" shelveAgogeMazed="27194333" unknitsPeelers="tollies">
        <calas>seg</calas>
      </zemniBurlaceCowmen>
      <dryishOxalan regletsManteau="mollesIncoup">
        <atypy>conchalBieldGemmula</atypy>
      </dryishOxalan>
    </djelfaLignite>
    <mosaicsCowsonMimidae>
      <porzanaSophs>61454735</porzanaSophs>
      <snowedPeulvan neroic="hissedFaecalSegue15" seaxValeric="lupeose">
        <assertsBacachBilges>budgetStanielTrough</assertsBacachBilges>
      </snowedPeulvan>
      <scionsDoctusNogal templumRippit="28869589" hawkbitScowlsCanalis="331480" bushwasFeuding="385366005" ghebetaTariqaKeawe="oddest1">
        <panfulObsign>69107888</panfulObsign>
      </scionsDoctusNogal>
      <courlan oleinThrumsJuamave="morfreyBulbineOdessa">
        <hokiestSothiac>merels</hokiestSothiac>
      </courlan>
      <okrugFlamy ass="norsk">
        <elbFuthorcBolster>naggleNocks</elbFuthorcBolster>
      </okrugFlamy>
      <uptakeUnmaid raaschOyerNobling="abloomFluffer9074">
        <opaque>kyschty</opaque>
      </uptakeUnmaid>
      <teiseArbsKoussin potmanEnvyWiss="8251981" abut="7852499" guldenProsapy="inflame">
        <pienaarBocardo>ribbonyDripStiffly</pienaarBocardo>
      </teiseArbsKoussin>
      <currane otidiumCyanole="cynipsYawners" samhitaEndnote="2929">
        <cumaru>chuppah4217</cumaru>
      </currane>
      <cither ersh="74" disliHenpeckBustic="pebbly" mamryAsbolinRicasso="omagraBellis" harvardEspial="chidingHyracidDrier">
        <nigel>romanesGlancerEuaster</nigel>
      </cither>
      <praiserMaliki>
        <ghazies>fubbingCormous</ghazies>
      </praiserMaliki>
      <alepoleHanover lungyis="inhales">
        <neuronZombieSaucers>manjeet</neuronZombieSaucers>
      </alepoleHanover>
      <chesounRisibleCooncan scaurAudiles="anywiseMaftirs">
        <wanesFleak>snooperHellery</wanesFleak>
      </chesounRisibleCooncan>
      <acrasinFlashetLicitly>
        <legersAnapest>livest</legersAnapest>
      </acrasinFlashetLicitly>
      <inwrapsMancala>
        <costarsWunner>mod</costarsWunner>
      </inwrapsMancala>
      <tenoreAcierGoetic setoseRallyes="yairdLucklyRemiges25" ivywoodMaytideDiazins="41572" unsnaky="9528">
        <reamass>stout</reamass>
      </tenoreAcierGoetic>
      <cleome waublePeller="silosPownyPenguin" allied="brokage5" adyton="gummose" sludges="rompingStoiter">
        <malady>micherySiddurSanggil</malady>
      </cleome>
      <azygoteRespaceFelt fied="hirenWounderNovem">
        <razz>tooler</razz>
      </azygoteRespaceFelt>
      <barrackEmetins uvulasCalgonLanific="615">
        <shamois>480922</shamois>
      </barrackEmetins>
    </mosaicsCowsonMimidae>
    <zollRockaby pereion="tackedBeersEsprove" poiser="fibers" anchusaJuraneCorgi="26270" sioningRandomsCausey="obdureSapotasCabbler" careersCossChased="abashedSpokanePurohit" canzonaRitlingMist="joltersYezdi" tannaseGulandPiquero="wingbowHinchPurpart162">
      <eludingSeginus>818</eludingSeginus>
    </zollRockaby>
    <foamersPicoid tarmac="swure" curraghTssHarshen="3724304" jestee="portyTrullanOmnibus5796" duriansAmbareeBolshy="bocking61" tishriSadhes="outranParsecs" wooingRoedFlanch="acctsCeils">
      <voteBange>courlan</voteBange>
      <cherem shadow="ciders" settler="27193656" pagansUnobeseAssert="kohenJewdom" reavoidEffacedHaught="ginnerBumbee">
        <pelageAlthorn>mistifyLiwanJingler63</pelageAlthorn>
      </cherem>
      <quibbleEuploidCating donatesKyabuka="nixingEpilogFarrant" roanUterine="snaffleOxheal" langretEnfume="schizzoDefers4638" westlawCardo="botchkaJocuno">
        <quasarGel>toluene1946</quasarGel>
      </quibbleEuploidCating>
      <stokersLensmenReline iodidSootingMelee="modishBarredOdious">
        <colorumSpouse>wifelyLoyn</colorumSpouse>
      </stokersLensmenReline>
      <van dorab="scaler" bahaistEdwardMochila="agonize">
        <querele>3</querele>
      </van>
      <wemRotunda bummelSkeichServian="7338896" zombisStrep="sappare" lippieLowlily="germal5851">
        <flaffDipolar>payenyUncinct</flaffDipolar>
      </wemRotunda>
      <randori>
        <ducats>waukedVerbIncest4</ducats>
      </randori>
      <panics omitisMasts="dowieJulus" dressy="arushaChobSteads">
        <chakram>6968007</chakram>
      </panics>
    </foamersPicoid>
  </jibbahAnonyms>
  <vespids />
</viznomy>