<?xml version="1.0"?>
<telsonsOutfed>
  <tabaccoLignite enodal="amorosaTafwiz" nestledStegKacha="destinyOsteome2237" />
  <squallVax otalgy="bahurMoiraiHeeler" smolderMiaotseClanged="angelo" vesselToothy="904896416" capitleUnawarePiceous="26">
    <jondlaKissing cowbindDentesCatlins="shirredAstonedSubsoil5" murkerFatingTeachy="reprZanjona" genetic="fanoutKrinaNeavil" raphanyPankin="acateUnhoodsAtone" diallyl="flumpLooryDzungar" rafter="anusGranthi" elzevirBifoliaSmytrie="sememe">
      <dopantsAlienee>24781</dopantsAlienee>
      <filmyUndiked refel="245433" defacer="perdie">
        <chemisePluto>acknew</chemisePluto>
      </filmyUndiked>
      <gemotesApiecesTrowie cohort="copain">
        <osset>redragCuif</osset>
      </gemotesApiecesTrowie>
      <panfilWudu owsenScrazeReffed="yeukingOximeRecule" fibroseUnegalCingula="lynceus8515" pumper="smazesSaintlyWeewaw" daywritForeact="malison">
        <tariqatSinward>worritPhrator378</tariqatSinward>
      </panfilWudu>
      <racemed birded="20631827" dibbleTemperaDomify="skelpitLearoyd">
        <albany>619411071</albany>
      </racemed>
      <ambariNasusRochets namelyScornyHermae="ejaculaGrainer782" earclip="hempsPeagesIdism" athensCuruba="suberin">
        <strewedVanningReady>pesante</strewedVanningReady>
      </ambariNasusRochets>
      <carcass>
        <tankle>acolythHairpinMobbers</tankle>
      </carcass>
      <portentIndigenOllock lyrics="incaseThalian">
        <cloaks>justina5164</cloaks>
      </portentIndigenOllock>
      <abduce>
        <lungingGalerieIscose>465241</lungingGalerieIscose>
      </abduce>
      <nostocRamboOinomel>
        <lacworkReseaus>deductsAgaze</lacworkReseaus>
      </nostocRamboOinomel>
      <oddishSarcast anoxicAdjudge="tods" shrogsRetwine="nestledSmuseDecal">
        <becurl>caupTwirlerQuoad</becurl>
      </oddishSarcast>
    </jondlaKissing>
    <potencyAnconei caudlesSimeFives="dictumsPackallTonguer" wauchtCavies="tonikanSkimosWelds" carest="malt" faufelModerne="alerted">
      <usuaryAbigeusStork>thallicFaucal</usuaryAbigeusStork>
    </potencyAnconei>
    <iacchos>
      <ropemanUprendTowpath>strafesLigulasFelsic464</ropemanUprendTowpath>
    </iacchos>
    <fagara>
      <karandaRecodePhthor>44</karandaRecodePhthor>
    </fagara>
    <gemsScolocPeaker>
      <unjewelHubbubWrither>77623855</unjewelHubbubWrither>
    </gemsScolocPeaker>
    <yogisStailWaglike cital="famine6853" forzatoLangeelDickies="almnersEtchers7805" nocentMalthe="chasty" marageKoupreyUrsus="508634" rentalAtoxicArith="celledHaptere94" duffelsAhoy="8" castane="whydah">
      <whipsYaruranLedged>acridDattosCharlet</whipsYaruranLedged>
      <fribblePleaser>
        <dipware>corriveMucker6696</dipware>
      </fribblePleaser>
      <edestinCosmete>
        <braggerFifer>bedbugPuntal46</braggerFifer>
      </edestinCosmete>
      <slutsMushru seat="nanismYapsCentner" lapis="peucylOrlonQuinta">
        <cantaraGonoph>sklents</cantaraGonoph>
      </slutsMushru>
      <tunkDixWun turkmanFurdleSat="betoyan" inwoveSchlockTribuna="aparEbonistParfey" karmicLimbatHeaten="586853">
        <scyphaCarportAids>fleecyInciteApitpat1</scyphaCarportAids>
      </tunkDixWun>
      <deersPerhaps arkosicWash="94" defierPanditMetus="kinked" pimlico="kirningMetis">
        <nightyPyeJazzers>azafrinOrbit</nightyPyeJazzers>
      </deersPerhaps>
      <gnusBeecher>
        <dauties>318806</dauties>
      </gnusBeecher>
      <designsCoatis mongery="65" blisterSurahsCretic="disgustBinder" buffedKaraka="beetleDrogues" almucesWessel="70655485">
        <unselth>tiptoesDrabber</unselth>
      </designsCoatis>
      <vesicleValvata neapsCobbed="samoansWawa" blokes="cascadoTowbarPerdrix" steppes="9785" angerJackmanQuiblet="unbasedSunbelt">
        <swizAuratedPoliced>bezzled</swizAuratedPoliced>
      </vesicleValvata>
      <hebamicWylingBedkey cheminsFagotto="bewary" ketenMordvaStrig="tunnaInkbushTangun">
        <almanacPongidPsychs>behenFranticInning</almanacPongidPsychs>
      </hebamicWylingBedkey>
      <soonlyHircineUploom hoising="atomicImbrex" knifingOxhideAnoxias="rictalFusateAugh">
        <halid>1983</halid>
      </soonlyHircineUploom>
    </yogisStailWaglike>
    <semeGnomish>
      <sorghum>1827488</sorghum>
      <lodged ratwa="mushruWiccaParcher" caproicTrigger="aimEvolve">
        <shoddyLeigerNavaid>haiverOkieSkiddy</shoddyLeigerNavaid>
      </lodged>
      <capsidsPhonosDatch teentyIranShalwar="taximenEpuralFauna" victorsWaisterPetti="goeticDaggly" cavingGenualAnubis="19" lignifyCoffinRasures="earwig">
        <poresIneuntOutwind>ryalGlimpse</poresIneuntOutwind>
      </capsidsPhonosDatch>
      <sachem quests="481743453">
        <lassikyJinxed>xiiiChelp</lassikyJinxed>
      </sachem>
      <fizzlesRagingBeamier mideGruffy="exesionSui" ganoineUpsit="fallacyClongChordee">
        <slubbedMirable>mycosinNegrosGauk</slubbedMirable>
      </fizzlesRagingBeamier>
      <robbersLekkerFishman asellusFroskGuys="arollaJahvismJowar9938" kareaoMuslims="wavingFlavidFuzes">
        <perterKyurinPapally>boldo</perterKyurinPapally>
      </robbersLekkerFishman>
      <revvedStorksBogatyr korea="beavery" pruderyWashup="snedded" netted="32042895" humblie="treeful">
        <candilUnvenom>nival5978</candilUnvenom>
      </revvedStorksBogatyr>
      <rorqual spliceYttria="mislitFuriantTwirk" outsingPersianWhirrs="grieceIntue">
        <girePsecHumbuzz>prosodePogge</girePsecHumbuzz>
      </rorqual>
      <rehangsAkela obstantPunishSirene="daysmanCloggyQuezal9656" peraiPlating="respire">
        <auntishFoundedMendee>horla</auntishFoundedMendee>
      </rehangsAkela>
    </semeGnomish>
    <clewTzarism planaeaTruchaEchinal="spiryFlukier" reliantBayardKyaung="glaverMannose9">
      <tongaPeptone>hulasMoonja</tongaPeptone>
      <oustMurph burelle="oaricAmoristTrended4" radsSuretyThomas="ferbamsWinkle" lyasSuberinEmbrown="tieringUpbuy9">
        <donee>sawsLethied</donee>
      </oustMurph>
      <measureBurl>
        <viably>miterer</viably>
      </measureBurl>
      <coshery>
        <fluentVacandi>agtShawyGlassed</fluentVacandi>
      </coshery>
      <bereftRecodeCherry>
        <workbag>lipletEnrollJagla</workbag>
      </bereftRecodeCherry>
      <eveseFirlot lanazRoiled="207692700" panamanJacalsUphove="leucinSuslikGiftie" anqueraMutillaBacksaw="midwestNaiverLucid">
        <dillingHeathenFenster>chiggerAubrite</dillingHeathenFenster>
      </eveseFirlot>
      <bartPinko>
        <shielsLeveler>gnatooMistionAcolhua</shielsLeveler>
      </bartPinko>
      <stumorLactant anitos="arecunaCracoweDruse" fecialsSylvic="lintier">
        <barkeryOstrca>whallySedile</barkeryOstrca>
      </stumorLactant>
      <seggioJewel rebold="ciseauxSouffleYoga">
        <gitoxinFlot>buretteLoiter</gitoxinFlot>
      </seggioJewel>
      <danOrbiter skoalsMirbaneTussur="6" leninPitpitMaskoid="vibistsUmbel">
        <renewal>puckrel3</renewal>
      </danOrbiter>
      <puppied side="nebrodi554">
        <sorosisDampestPenful>91</sorosisDampestPenful>
      </puppied>
      <decimalCheminAssize>
        <decodeMidisKoines>haram</decodeMidisKoines>
      </decimalCheminAssize>
      <exiesTautly pernelSweetieRamiro="bowline98" shatSapplesPeri="3049" araba="sicanaMarged">
        <emptiedForwelk>leaps7</emptiedForwelk>
      </exiesTautly>
      <salvy oannesEelfare="ocean" gyronNauntle="tincalCloveneCorsned">
        <idylliaMezuzas>bisabol</idylliaMezuzas>
      </salvy>
      <rgenSnippedKpuesi blinkerDream="nougatUnpaint" abiosesMommetPlummer="hollersMedille">
        <schinusFloggerGarrot>harlEscoutRefresh</schinusFloggerGarrot>
      </rgenSnippedKpuesi>
      <kiwaiSutras dentinsFelahinLuffing="hau">
        <shimmerStringy>tourBuntineInstate</shimmerStringy>
      </kiwaiSutras>
    </clewTzarism>
    <creakyChalaco scivvyEnzymMucous="baltiOursGhettos" metran="aridedSubseptChamiso9" perreiaLegersCurval="eriaFylgjaLunate" priapicPunt="scoter" erasesJacht="uratomaTermaRatteen" verry="975">
      <deniers>jesseGymelPatte46</deniers>
      <outrakeDazing roupyBobber="judderBoris148" maywortInconelPrie="unbAdagesIllipe" gruft="slubberCarlinVisas">
        <spalledDittiesRubian>gambangKellegkDufoil</spalledDittiesRubian>
      </outrakeDazing>
      <gieaway okayedPirogenMurillo="arentRelayer" whomso="nilghau9" melanoiOutbid="8199182">
        <harveyLvalueCampi>33</harveyLvalueCampi>
      </gieaway>
      <cannons glisStuporsHoar="unlit">
        <fearfulPresoak>revile</fearfulPresoak>
      </cannons>
    </creakyChalaco>
    <chore horrah="nomesDubberUndewed" reuseLoselry="tussalDipsas" hydriaCohobGutted="strigesBrassesPositor" scribal="1">
      <mesonsNombril>murgaUnaxedBestraw4</mesonsNombril>
    </chore>
    <oroidesShotes>
      <hsiVein>flipingRoamingFrying</hsiVein>
      <upstage forJanetJoshers="bouchon202" titmiceArtier="55019" editorCalifOmissus="1">
        <caslon>bruinAlible</caslon>
      </upstage>
      <melania heeling="pairleAstream854">
        <dudleyaGoura>donshipSexistRadulae</dudleyaGoura>
      </melania>
      <bougarUnrudeBeck unstopsSnotsOutrank="muley" leelaneMegilpsFudging="armour" gyron="ratites">
        <syrphusFplotUnboggy>cageyHeptosePontius7637</syrphusFplotUnboggy>
      </bougarUnrudeBeck>
      <kiltTraikedGluers doodled="sonnets171">
        <flaneTopmost>congaFleersBrewers</flaneTopmost>
      </kiltTraikedGluers>
    </oroidesShotes>
    <unamend>
      <knobbed>168588</knobbed>
    </unamend>
  </squallVax>
  <inflesh />
  <choyaToglessBuddh />
</telsonsOutfed>