<?xml version="1.0"?>
<pipilo>
  <mslUnroofAnisole oppressVoyagerSniggle="scorseAwfulGoanese76" guanineCrawls="164" quinoylGalliumGramash="guywire" shaupFuriesGroten="forteQuidamRansoms829" />
  <khedahsBombleOtolite />
  <salivaOvoliKareau wergild="46677" shrieksPunta="12459592">
    <convito acrasinRastik="talkiesLagersKemelin" supportLimbos="14899852">
      <externe>baraka</externe>
    </convito>
    <tatouayOribi>
      <musilyBoomboxChurrip>gunportPerfay</musilyBoomboxChurrip>
      <roudas>
        <reedenTapajoRetrad>rebreedChasmRevie2683</reedenTapajoRetrad>
      </roudas>
      <semeAlkanalDawk>
        <gnawing>waysideHaught</gnawing>
      </semeAlkanalDawk>
      <trovers bblsDretchDeploys="437697909" dildoes="kenchesPerry" subnoteDautedHaps="lisleMbayaTaxed" burgallGeogonyMumsy="dimble">
        <irrupts>retenue</irrupts>
      </trovers>
      <koryTumefyTapuya pyrexiaTurtler="cadent" lessnTzendalRogues="onmarch">
        <briefed>wearedLucerns</briefed>
      </koryTumefyTapuya>
      <coscet doormenSwidge="sowable1" chaufer="conv" sizersAuxotox="tappoon" gieawayPolaronEelware="terefahPosh">
        <parelDlr>torfelSlich5093</parelDlr>
      </coscet>
      <fontinaOlogistRecit fifties="covine">
        <feuterScrushZimme>6653568</feuterScrushZimme>
      </fontinaOlogistRecit>
      <bonnyIpl fealty="swipingIngests7905" typhia="hitchedSmitesCestus" baeBeatingServal="walled">
        <nosairiTurm>septs78</nosairiTurm>
      </bonnyIpl>
      <obadiahWhatso fautorGuddledSell="nimblerRarietyWhatnot">
        <mundaneMazumas>hipplePriesParture75</mundaneMazumas>
      </obadiahWhatso>
      <baun tlnSloydRilled="17696872" poser="paresis">
        <tholliHorsily>ingressHassel</tholliHorsily>
      </baun>
      <etheredFuryToma piasPrimsMenura="354663014">
        <ferularRetinicDromond>excidesEncoded</ferularRetinicDromond>
      </etheredFuryToma>
      <forthSweered load="ende4" priesPrimp="loto">
        <crepesHeyratGrades>alcaliInwrapLingas6</crepesHeyratGrades>
      </forthSweered>
      <seamasEleidinLiable deltaicRarest="5498" chuseTurbethImbrues="champer" layette="coarseAtomy" teethRykingEtcher="sookieBlumeaDiarist">
        <extanceSuets>uvito</extanceSuets>
      </seamasEleidinLiable>
      <repleatEnlock seriesStugBinate="kee7160" kyatNaggleScrabe="retialFabulaPolian" suggYayaCluppe="gougingNalitaAnam" groped="braidedPortaCarty">
        <hackiaHamfareDamon>727956</hackiaHamfareDamon>
      </repleatEnlock>
      <wagaunInrushUpknit flutyElzevirCissing="kickish467" jereedCloserMousees="wenlockIconism4813">
        <bawdricChicksCrakow>shag</bawdricChicksCrakow>
      </wagaunInrushUpknit>
      <faailkSmackedTrypsin soccers="letchSubalar">
        <bumbler>finnipNephricEgested</bumbler>
      </faailkSmackedTrypsin>
      <maggingStruis chivey="36866">
        <jirga>wholismArcae</jirga>
      </maggingStruis>
      <hussarFatting codingChauveSmickly="2367644" pulers="6">
        <foliotSwarfs>6</foliotSwarfs>
      </hussarFatting>
      <housedGodroonPanyar dims="arguingGurgeIcaria" trussesKioeaKed="planetsComfyCrambus" takingsPikleFahlerz="9069" hisser="snouch">
        <pomes>duendes</pomes>
      </housedGodroonPanyar>
    </tatouayOribi>
    <arrisesTrogginKhajur burys="426363" ajowansAcoria="repot" bedaubsEluted="motives" cartons="96624695" hyponeaChinnedOutpry="knucksPharCorolla8971" tebeldiSibsSylvic="udders69">
      <foilsSarsaCarica>towzieKalekahLimpsey</foilsSarsaCarica>
    </arrisesTrogginKhajur>
    <implumeFustetHigra detectTapemen="arachGadean5770" briardsQuakesFaciest="ducatsObelism9891">
      <fanzine>14496</fanzine>
    </implumeFustetHigra>
    <cuinfo osteria="devas7564" abashedSnavvle="arcusesShoad2213" invar="grozartParringWhiffet" gremlin="decreamKeloidStagne" twiceCumolIffier="jazzierTentersFrutify" cobalts="domusAnatole" aptianEngagesVerdin="31607">
      <bramblyMusesRetards>135</bramblyMusesRetards>
    </cuinfo>
    <pizzSawmonLodes>
      <villain>ruths</villain>
    </pizzSawmonLodes>
    <outfastTinnier>
      <gimped>60437021</gimped>
      <ambroid unplied="sahliteOkinawa862" aradoEvacue="726347" uragogaBuyouts="reived980" fizzledFauld="larnHuddles89">
        <bestoreMidtown>1267</bestoreMidtown>
      </ambroid>
      <tubtail samelyWangCowgate="notchyAdulceDisrump581">
        <connive>skenai9986</connive>
      </tubtail>
      <cockneyPealikeFells repleteTitlene="kaberuSimmonsMislain8">
        <segolKeverNetball>87097</segolKeverNetball>
      </cockneyPealikeFells>
      <yummy>
        <lapsfulFewness>decineTuilyie</lapsfulFewness>
      </yummy>
      <toitishMeratia facsim="9" zarfs="durrasCapocheSuiform" dada="armband" petardSew="723">
        <repen>papelonDizzardElliot22</repen>
      </toitishMeratia>
      <himne rosinHelloReelect="104682987" sweensCumuletRhino="raylet" dogfish="deerflyDrawnlyShaver" perronSketchy="walling">
        <hiphalt>muraScaffieRepulse</hiphalt>
      </himne>
      <signman bodo="flagletKaury" brownWhoosis="mishmi" famesBrusker="500545">
        <erisLungingRebless>615626940</erisLungingRebless>
      </signman>
      <gowansTwyer cheetahBrowzer="betingeArrided" tummels="whales">
        <xylenylLobefin>jiggetyPales6</xylenylLobefin>
      </gowansTwyer>
      <drinkVinyl sliderThiggedMirfak="caraculFreres" penile="42" hajji="gemless">
        <snodWeepGlist>exect</snodWeepGlist>
      </drinkVinyl>
      <tutaniaHandler>
        <svceCoinfer>terrae</svceCoinfer>
      </tutaniaHandler>
      <vespina baptScoponeHurden="veuveDeice" ablutedRhyme="troaksSheComptly">
        <quaichUpboltClaye>chairs</quaichUpboltClaye>
      </vespina>
      <zonnar tetrode="kaka" bufaginConcedeIpseand="gleesEtheric" nappiePeeke="5260">
        <toughly>stabileSortes</toughly>
      </zonnar>
      <skibbetNogal sellersWabunga="ravelSnells" poesie="hypOunce" conuzorEnd="anaGreithRevving" genii="sacralsPactsDumbest">
        <caestusBatefulTissue>perigonCatchesBlaugas14</caestusBatefulTissue>
      </skibbetNogal>
    </outfastTinnier>
    <rheumBrangle gauferCtenii="gallah" fustierSermons="quatersCloghadKyaung" retem="avolate" almahs="fowlersAskrSlake" clarineManners="greeveArteriaHidel">
      <nurryRhagonProtome>ochringPardoBehoof</nurryRhagonProtome>
      <wincer>
        <nuraghDeessPronate>winierBulbel</nuraghDeessPronate>
      </wincer>
      <troat oftenerLolls="fluoric" dacryaAsok="abysm">
        <gambol>nidge96</gambol>
      </troat>
      <modistBerrySurcoat woppish="grueBalls" alnus="syringa" freyja="punkishAxillasIodin64" tapholeErerPotdar="oxland">
        <labite>7763</labite>
      </modistBerrySurcoat>
      <unmanBegallsTowing>
        <wayman>updatesBehowl</wayman>
      </unmanBegallsTowing>
      <caudle caudle="grailleNovitySquare">
        <dodransAngaria>377554</dodransAngaria>
      </caudle>
      <joked>
        <velaria>tambacsDreepy</velaria>
      </joked>
      <dicolonEntally medizerPruned="allayedGuarri" boardCanteen="proctor">
        <crakowJai>rusines</crakowJai>
      </dicolonEntally>
      <iraqiCourie fosset="incuseHeraud" galliumGushes="yukking" asquirmPomRoue="enwidenAgilityMorocco">
        <varna>neskhi</varna>
      </iraqiCourie>
      <pucheroShurfBlitzed naphthoNightyPontus="23555" iffierVexed="trining" thoughtTiddlerMorion="trembly" revampCanion="brumes">
        <teetingHaje>quickedMuckite</teetingHaje>
      </pucheroShurfBlitzed>
    </rheumBrangle>
    <grebes>
      <bonacePinsons>retimed</bonacePinsons>
      <plantar pungiesUnmoodyValval="patrin" aymaraBurgee="906579005" fourierAntrin="dias">
        <kerbs>4</kerbs>
      </plantar>
      <tobiesNasrol volcae="chwasPermits">
        <pentoicGiglioHomager>lobipedColon</pentoicGiglioHomager>
      </tobiesNasrol>
      <dieticInmewHovered>
        <propaneChyle>9831949</propaneChyle>
      </dieticInmewHovered>
      <darerPartageExclude esterosGulfingRanker="snoozesAmirSimling8192">
        <limityStrumaDallas>brummer</limityStrumaDallas>
      </darerPartageExclude>
      <scomberThyrse belterEndure="cimicesFurnitTerzio" bellyer="gryllid">
        <takingsTubmenCuvette>waird</takingsTubmenCuvette>
      </scomberThyrse>
      <bulkinSakeen libreWhisht="lionTrillsTurgent" lucrousAfrican="drapery">
        <tamoyoJunketSthenia>honoreeMallReflown</tamoyoJunketSthenia>
      </bulkinSakeen>
      <rettoryFluoric tetrodeChorus="cebilUsneaBeefily85">
        <basquesChesses>fikeBlunged8379</basquesChesses>
      </rettoryFluoric>
      <tentureCoyestSudd>
        <weeshy>8462</weeshy>
      </tentureCoyestSudd>
    </grebes>
    <liever>
      <shengPightel>maidPalta7</shengPightel>
    </liever>
    <cordsPizzles ovidaeImmixed="loviersMounds" machanBelue="spraintLouk92" monnion="caning" thieves="seimasThrifty" filosaMonaxon="rajpootFuhrerKvetch354">
      <becapsUnmeantAcystia>1524200</becapsUnmeantAcystia>
    </cordsPizzles>
  </salivaOvoliKareau>
  <buckram />
  <suentMurrionDioptra toledoSparest="loggedRepryPelotas" kohlTineolaAureole="verserEchinalAttaint" pestles="torqued">
    <boyarDocks>
      <annusBonsoirCuprum>1</annusBonsoirCuprum>
    </boyarDocks>
    <tape>
      <semangLurchedDamask>91448</semangLurchedDamask>
      <coveys livableDeals="46">
        <poncaBakraAlibis>hadjisOpenOndine</poncaBakraAlibis>
      </coveys>
      <mayhemDhanSlowly neezePolkaBrendan="hattismVipera" yoginiIdealyChudder="muralUnwoof" peavies="unsheerEftsoon" twinkleChoateKetine="goafSturochYummier">
        <loosenCrutch>harperQuantiWavery</loosenCrutch>
      </mayhemDhanSlowly>
      <devein>
        <smockerQuipperTrenail>savant</smockerQuipperTrenail>
      </devein>
      <noshesCandideBlusher cinchaRayonColombo="beholdNoaSynod" notalCoplots="249421314">
        <dewanSestetKneels>1</dewanSestetKneels>
      </noshesCandideBlusher>
      <terpFylgjurWindjam>
        <lintel>vainly</lintel>
      </terpFylgjurWindjam>
      <immuteBunnellPrewarn contrKiosks="sayingChichRumbly" feazedWindlin="versesSouchieRabbled" unbriefHummersTownies="lignoseTabuingLucan" unbeast="belugasDesert607">
        <urgers>staio43</urgers>
      </immuteBunnellPrewarn>
      <curcasGuestsVoiced fishpotScrogie="talkingPloidy">
        <racisms>rissianLampmenDigits</racisms>
      </curcasGuestsVoiced>
      <patta hadland="tuftFizzles" engridThuan="fikhAndaquiRissle">
        <supersEdplotTakins>9</supersEdplotTakins>
      </patta>
      <dightedWerther topicsRebent="roofersMerrowUncased" hempBeshag="albumCoedsPicae" berinse="34337" lustralVicetyAzotate="suncup">
        <loxedUrachus>843388942</loxedUrachus>
      </dightedWerther>
      <lcmWorkbagDreads>
        <ciwies>cresylsDeodandMatsue</ciwies>
      </lcmWorkbagDreads>
      <chut nurhag="stauter" subwayNiter="ericoidInnuateBateaux" pumpleDino="137029174" mahalaLobated="rhymer">
        <cesiumEnlardBangash>taxable</cesiumEnlardBangash>
      </chut>
      <drooptCabletsSetnet columnKibbled="quetchInflate">
        <coe>wahineCotorosCwrite44</coe>
      </drooptCabletsSetnet>
      <adossedRecking demeOutjutKling="feu" boreanAftosaNifty="fainantLosings" ploddedGungBanshee="dusteeBaresSquader" miscalDelawSayers="mopiestPielike4114">
        <filthy>cowlitzFordoes</filthy>
      </adossedRecking>
    </tape>
    <kiyasMand prudely="apneicSoups" talletIndigos="websterBeteemHyped">
      <baymenDrinkerGanyie>aspics</baymenDrinkerGanyie>
    </kiyasMand>
    <chocoan>
      <forcedTurnipPicein>372577</forcedTurnipPicein>
    </chocoan>
    <tektosiStonyOstrich>
      <hydroneTalmudInachid>glettyVinny</hydroneTalmudInachid>
      <dondiaRaisine cazibi="psalterKambalVariety" heeling="atenistPoleaxeAssize" steep="pooledJoggled691">
        <slapMajoonUnhewed>vaalite</slapMajoonUnhewed>
      </dondiaRaisine>
      <chakariFriszka simeOregon="grugrusFlaxierButeos" erase="madweedBengals" deeveyThurify="pilageNicherWields" caftans="goteFieldy">
        <efflateMopy>gaels</efflateMopy>
      </chakariFriszka>
      <eartab ragging="torrent" hassled="befrizNephronLinus" kamikaKeleh="keyseatUnliver9855" redans="texaco">
        <acapu>3154</acapu>
      </eartab>
      <kronionRiccia>
        <kaffirNoising>unwindy</kaffirNoising>
      </kronionRiccia>
      <mustilyBaun upcanalConky="tarseSinewHolmos" pesteTheinSunket="procris">
        <flasqueCurdlerHazelly>proseLyssa</flasqueCurdlerHazelly>
      </mustilyBaun>
    </tektosiStonyOstrich>
    <perseaBreakValley fermiOxidate="7049" grotBovine="uphroe" tuaAlfinKriss="idolum" aoli="helpsVoluptySorbets" mondain="bedfast" leninClival="restes">
      <haisla>norelinNestleUnlust</haisla>
      <fleckyNucelliMomuses yurunaAnorthThermel="coppedLenaeaBistro159" gazebos="dghaisa">
        <wheensModoMarine>sighterYogeesDucklar</wheensModoMarine>
      </fleckyNucelliMomuses>
      <cozilyEncheatHymenal alidadEpitomeMaana="goaveHathi">
        <eloahAgenizeLogcock>greeterSoggingBeman</eloahAgenizeLogcock>
      </cozilyEncheatHymenal>
      <jollDineticCobbing estangUpgazed="909485" halesiaMorularGoldie="aguamasErogate" perfidyRomancy="oorialTaiyalBrow" mallus="onus">
        <mucosa>souponAgaric</mucosa>
      </jollDineticCobbing>
      <schloss fidUssels="hosemanSinian" beglic="garrote7992" dairaWangheeOversee="odeAnselDieri" pitocinFeminie="prettyInitisSolely7111">
        <fetcherSottingSettima>forradRapidly</fetcherSottingSettima>
      </schloss>
      <cantut courser="squaryContribKeeper" bunnellJawlessTwier="5087" gunnedEphebusUnready="attunedSkyrinBeetfly98" stam="hunh">
        <keelage>73</keelage>
      </cantut>
      <aarrghhFlagon astorTurkeysTorfel="pcf" centersZadrugaBlaugas="zonulas" wolferRinsersHarries="quatrinBahooAvenger">
        <horsteCorral>latestsGonofPropman</horsteCorral>
      </aarrghhFlagon>
      <migg buggiesBlaffKibbles="191122">
        <twifoil>samghaPropyla70</twifoil>
      </migg>
      <neerArabanaBarny>
        <ibicesReles>bolides</ibicesReles>
      </neerArabanaBarny>
      <spraintWadsNiacin oberonSpurdogPunta="96" maskedAcetals="celts" curringHoldingIncuss="soubiseThereat">
        <organdyTepanecRenewal>unspilt</organdyTepanecRenewal>
      </spraintWadsNiacin>
      <dnieperJumbuck cravoReinedGuidman="erucInheritHumiria45" dottrelWireman="bauldKhanate" brisksRealesStunner="liveyerUvulae">
        <spakedMyxemia>agurothMonkeysWelk</spakedMyxemia>
      </dnieperJumbuck>
      <maghEndeign thalia="483948714" pialynChuhraGessoes="7751459" uncutePandoraDeme="ululantFeeding" joyceanNetopsSaite="finalePullet">
        <unsinewBeaksTranka>300254</unsinewBeaksTranka>
      </maghEndeign>
      <precise asramaIbidem="93959375" phacopsStamina="durrsCottiseProxeny" middenYerth="uirinaGlozedInclasp">
        <slappedSucrate>dialogHolster</slappedSucrate>
      </precise>
      <velures>
        <idyllic>runteeAvives</idyllic>
      </velures>
      <chiotBajardoSmoke opahsShowdomAnimize="echarMarrersQuidam" nucalVie="caracolGilpy306" preppy="verst">
        <formatsImparlPlica>lichi731</formatsImparlPlica>
      </chiotBajardoSmoke>
      <straths amolishEmpaleAmydon="urinousEngram" door="augererMutant52">
        <kolos>doatsDistentTillaea</kolos>
      </straths>
      <paritorFitche rebuy="arefactPurdahsWaybung" apronsViceHolloa="84394" unrareSibylla="157">
        <sulphurSowtCopalms>jodelrFarming8077</sulphurSowtCopalms>
      </paritorFitche>
      <satineWekaAoudad>
        <envying>cosetsPeaker</envying>
      </satineWekaAoudad>
    </perseaBreakValley>
    <lions>
      <diminue>peckHarim</diminue>
    </lions>
    <contosCakierStubby redry="abacateGildingLoathly" leakageCantut="listRipieni" theorum="dobbed">
      <amintor>uppings8614</amintor>
      <bluerFragorMojo>
        <quattie>donaxRoric</quattie>
      </bluerFragorMojo>
      <decants stoaSaccate="havered" rodlet="plagalFifing98" argyleOkapis="donnerdCelloidAwater">
        <skeps>naiveRatwa</skeps>
      </decants>
      <isthmicSunnilySanger pinkeyScotinoFumish="dogearsBimanePastile">
        <climaxEggrollGrailer>amaroidZapara</climaxEggrollGrailer>
      </isthmicSunnilySanger>
      <mealedCoeloms bondsChibrit="refs">
        <ammoTeratic>peelmanFlathePinfire</ammoTeratic>
      </mealedCoeloms>
      <wincherVugh unhosed="donary">
        <griquaRowensLollop>rattyCamansi</griquaRowensLollop>
      </wincherVugh>
      <coxcomb noachic="copyist" junkiesSaddhu="elemol">
        <letupResat>copepod</letupResat>
      </coxcomb>
      <dogtieDoggieCrisic glycine="72551" isoamid="hoey75" clewDitoneBypast="naganasAround">
        <paleateVageSedgier>389176</paleateVageSedgier>
      </dogtieDoggieCrisic>
      <dirtilyTidyingVerite bieldyHolard="honkersHanking">
        <oromoBlitum>duchiesToyersChomper1</oromoBlitum>
      </dirtilyTidyingVerite>
      <karela mesquitKudizeUnnew="sillMimamsa79">
        <turrionYodels>fucusedCrusileMowhawk</turrionYodels>
      </karela>
      <afaintCamb tylose="prebendSangei" repeatsReprobeHoller="resedasDassiesSnoke">
        <duskedProliaAladfar>finallyBushers</duskedProliaAladfar>
      </afaintCamb>
      <treatsRanineAlgine pyriteBawdricBebaron="issuingBoris" adoresAuteur="744293632" force="7679133" yeastedRebaterTalonid="232115489">
        <eeten>llama</eeten>
      </treatsRanineAlgine>
    </contosCakierStubby>
    <cynthia>
      <dioxidThenarsBeauism>ugh</dioxidThenarsBeauism>
    </cynthia>
  </suentMurrionDioptra>
  <spice nidaryCuraris="muskrat" smitter="dagosGreceCathrin">
    <pegaMiasmasBurgess>
      <frden>neumsHubrisPeaks</frden>
      <rice weazenyRibsFierte="41608422" doruckPsiQuae="793" jounceBuoyant="72245" mamaloi="844748">
        <potong>exactas</potong>
      </rice>
      <unhateLapful shooiTrotty="53065" bevorEnsnare="pianka" sudsCrusca="pashka" curucuiPesadesOtotoi="63168942">
        <outbowl>colonsAnienteAerie4</outbowl>
      </unhateLapful>
    </pegaMiasmasBurgess>
    <stacherKaraganDangle>
      <rekeyedAnomia>satara</rekeyedAnomia>
    </stacherKaraganDangle>
    <helve>
      <angusGent>dibsNull</angusGent>
      <begobsRenins>
        <sentBeveled>befumeBiotaFifer</sentBeveled>
      </begobsRenins>
      <dartoidThugsBakli peucylEyotSqueaky="ermelin" redsear="valerieFiascoHawok" fife="illanoMass">
        <guileryShrubs>bardism69</guileryShrubs>
      </dartoidThugsBakli>
      <rhynia razzlySpry="satura">
        <nipple>cacanInkbushFillip</nipple>
      </rhynia>
      <slashedDomageLunt>
        <loatuko>54907173</loatuko>
      </slashedDomageLunt>
      <skibbySantolsBonder begaud="skirrs">
        <peekeGalgal>65</peekeGalgal>
      </skibbySantolsBonder>
      <bravoesProturaChooses muggsEricius="upslip" mischioCoonerYander="pharRaidedMedrick5" quoadYirds="neriteReunify">
        <cistronPiezo>pacifyEndueYeso</cistronPiezo>
      </bravoesProturaChooses>
      <blackeyGabsShied>
        <japyx>6653</japyx>
      </blackeyGabsShied>
      <alix>
        <bakairiViseed>nishadaCiwies</bakairiViseed>
      </alix>
      <worderArray gangueLiens="102">
        <tagalCanersSakai>schemed4</tagalCanersSakai>
      </worderArray>
      <setierCururos jellied="africCashier" burbledMasha="jotsCroape" unrraLumpingGundog="predusk" nieve="ectiris">
        <atticKinkier>eureka</atticKinkier>
      </setierCururos>
      <dielecGilaBumping raptusKibes="truantEre">
        <pistilsHny>brighidFitchewPolys93</pistilsHny>
      </dielecGilaBumping>
      <remarks oakboyLoathesAlypin="8204961">
        <mollahCoseDivata>unmoors</mollahCoseDivata>
      </remarks>
      <dockingStankBoget misdiet="7568" nritta="730537496">
        <beelike>agilelyOnicoloAlima</beelike>
      </dockingStankBoget>
      <noblerTenserIonium>
        <lempiraReapersHunker>patdPikersRicotta</lempiraReapersHunker>
      </noblerTenserIonium>
      <tsubaOrationRoamed contestCamp="9" tylotus="parral" snurlGlassen="sebum5">
        <clots>424</clots>
      </tsubaOrationRoamed>
    </helve>
    <wainmen iddioSkinchRaucous="1014" misused="1">
      <parodos>73517191</parodos>
      <bonsWasty repayedDiiamb="behaveDizain2322" graalsEupneasMelilot="elsehowPretaxBismer" fleece="gloy">
        <creches>7194145</creches>
      </bonsWasty>
      <enationRgen forwake="691701482" wahhabi="unredScouterZulinde2">
        <veiler>dwaibleDemerse9</veiler>
      </enationRgen>
      <ovistic caseboxSlapper="shools" eirAccostAvouch="crucePatarin" wincingCretaFarced="thenal">
        <siouxLolliesZeroes>9171</siouxLolliesZeroes>
      </ovistic>
      <lesed winnerTowpathDeepens="36962" dengues="stripedNicolasTangka8">
        <nou>desmansExamCaroled</nou>
      </lesed>
      <judoka cawJorums="duffing" testor="mortalsShoaly">
        <isthmicPigfulBaclava>lowthDisleal</isthmicPigfulBaclava>
      </judoka>
      <sourishOadalSifaka baroloBrushes="ruskinJehad" yaffUnroted="silkFixedHimatia" stuck="quapaw">
        <outfledCaurale>beamedAcy</outfledCaurale>
      </sourishOadalSifaka>
      <onyMagentaMarx niveousMus="vesanicGombo" theses="spettleNabkTegular">
        <daleths>gospoda</daleths>
      </onyMagentaMarx>
      <citrulCroniedFled dotterAerogelTitans="yogismMagasinPosole" punkt="orielErical" caseate="315558896">
        <phialWinteryRedans>abrase</phialWinteryRedans>
      </citrulCroniedFled>
      <jemmied locumBoxful="uswardWadna">
        <fondaco>lepa</fondaco>
      </jemmied>
      <comfitsCoitus>
        <hagmenaDuckie>demihagMocmainLugsail347</hagmenaDuckie>
      </comfitsCoitus>
    </wainmen>
    <tiendaDerails cibolsEdileHempen="gutting" buriatNacrousOutray="floozyStadia90">
      <apodanNowhere>drivesCrumperPawkery</apodanNowhere>
    </tiendaDerails>
    <foreverSilicylSendals>
      <offeree>chugStrifesLoppet</offeree>
    </foreverSilicylSendals>
    <aces>
      <pakhtunEaves>nookierSyphRuffles3</pakhtunEaves>
    </aces>
    <epodeAware podFollisPitylus="6" stalksGilsMoister="perloirHydrid">
      <boro>sugihTenour9</boro>
    </epodeAware>
    <actValeta>
      <beekiteGleet>benday</beekiteGleet>
    </actValeta>
    <tries>
      <chefdomMusica>miswendLeary</chefdomMusica>
      <yadavaStoshIda scamps="1981656" goldieBespitKiaki="oeuvres7" mwaOblastiSemiorb="spooferCoypu">
        <lammErthen>knishesRiveredNurls</lammErthen>
      </yadavaStoshIda>
      <kwanza brannedZeroedLimu="unhastyPapishCedared">
        <recoupeSweetsBalant>scaffleDourahDestiny7</recoupeSweetsBalant>
      </kwanza>
      <oldie sexturMatacan="mimersCuprate" cooeySubahs="taxMafia">
        <fakeerAgists>shittedRaughtAnthers</fakeerAgists>
      </oldie>
      <consumoBurion>
        <gilver>455158627</gilver>
      </consumoBurion>
      <totalDegauss fanfish="comviaBarsGushes" sepianPrado="8905">
        <scumbleOxazinRepone>umbrateFalco</scumbleOxazinRepone>
      </totalDegauss>
      <moetLikest shirazQuilezOzones="hymn">
        <scienceGadiXiphoid>cequiNavarch</scienceGadiXiphoid>
      </moetLikest>
      <ankhImbrierKnoppie>
        <skip>heremHuddle</skip>
      </ankhImbrierKnoppie>
    </tries>
    <rerail kumrah="jammingCank7" affectsProetusChinner="sandfly" tagalogFreathTruce="ascarisMarksGirshes" zitAskers="marwariEnglobe82">
      <airheadMoueMmmm>hexamerCloine464</airheadMoueMmmm>
    </rerail>
    <gidsEthnize>
      <orogen>gars</orogen>
    </gidsEthnize>
    <anakesAnta induingHoses="vertuSinkageConquer">
      <cytoidDatingDaleman>378782</cytoidDatingDaleman>
    </anakesAnta>
    <paleronBehelp>
      <aerocarAttacca>santimi</aerocarAttacca>
    </paleronBehelp>
    <svarajCheatryChromyl myxemia="greaveAkaakai" mididae="poppets" braceroPellockMatkah="cscSemicupNeats" protyleCururo="skirts">
      <arecaShemRevoker>naigueNarine</arecaShemRevoker>
    </svarajCheatryChromyl>
    <equilin>
      <hayeyBaharUppile>plannedUpgapeElshin</hayeyBaharUppile>
    </equilin>
    <mtgDipsos>
      <toggler>hulloedLeiger</toggler>
      <hougher vertuQiyasAnakes="swiftieManagerAzotea2">
        <ramieOxamideFrough>horaInbeVestige378</ramieOxamideFrough>
      </hougher>
      <butterLawingBoghole earableVelte="rainsKelpies">
        <kinkly>liqueurScolia</kinkly>
      </butterLawingBoghole>
      <fagottShreddyEncowl decadiHadeTequila="sunckeProlong">
        <depthen>auleticMuongKongoni322</depthen>
      </fagottShreddyEncowl>
      <pawers hersedUnfix="cansTheliumFooyung1246" droolsSuqMegilps="ctf" airmanDeseed="punnersWachnaNozzler753">
        <wibble>984</wibble>
      </pawers>
    </mtgDipsos>
    <corvetsSerialProv spongyWarsleOvibos="worldVeery" bowfin="pliably" henninDeirdre="60226158" burgusAppmtAcapnia="meadsChigga" sauquiUnsaid="rabiousLauding">
      <pimanOcas>anglosSunnudCracowe</pimanOcas>
    </corvetsSerialProv>
    <plowboy elixirsDealer="jib" hospicePrevue="minahHalos" sarodLosserPapyrin="unshookDamolicMonest" inqilabElevons="776" loglet="cutback" magiricLacatan="chafe" bailoutShoalBedust="dobeCuscutaColling">
      <marinesAladdin>dismask</marinesAladdin>
    </plowboy>
    <cassock>
      <aggro>burbark889</aggro>
      <carbo scots="effeirMandomWatteau" sphagiaHummed="schelmMastras" willowyAcoineSunkets="shapedLukasBijou2476" berwick="regurDiablo">
        <afeard>86</afeard>
      </carbo>
      <parcae>
        <clauchtStoryCloine>skyphoiAbusesArtemon</clauchtStoryCloine>
      </parcae>
      <enolic opuntiaKirmewCabbagy="prayersSextanColds" loveday="immewStirrerDemes" dotiestArilledGift="kirkmanGlossyTames" meindreVire="bosky863">
        <andersRewashCorgis>tonikanDolefulSchmelz</andersRewashCorgis>
      </enolic>
      <crumpleYirm>
        <heckBulgesSyrians>rosPorrigo</heckBulgesSyrians>
      </crumpleYirm>
      <deodatePatibleSerang>
        <debones>lecheLeslie</debones>
      </deodatePatibleSerang>
      <uplaidAtangleBerskin rainbowEnglynScharf="castice8">
        <danesUnited>meletinMeatySammier</danesUnited>
      </uplaidAtangleBerskin>
      <kieye>
        <uvres>datesNagana4</uvres>
      </kieye>
      <emda>
        <shrinerSnugGypsied>85778</shrinerSnugGypsied>
      </emda>
      <desmansNectonHerp orlHeathenChintzy="decreet" gourmetMusterTabic="prevoidBodrag" mogueyFlocks="jaupingLyresDehorts" trinityRotamanTogo="73">
        <belying>haybirdRosyAffaite9</belying>
      </desmansNectonHerp>
      <jakun antonymReran="maganiUnkidAddles">
        <kennellUnstingUnite>cameliaPedlars</kennellUnstingUnite>
      </jakun>
      <pocky headedCopping="nerve" upmastWiglets="sneest2228" brail="4102988">
        <seisin>naviAshingLogchip</seisin>
      </pocky>
      <benthicDusk meticFrightsPastels="liquefyPliedWurleys" picarosAlmoner="tgn90">
        <bernard>utterly102</bernard>
      </benthicDusk>
      <baggyImprevu dulcity="6">
        <infillSoulter>4815</infillSoulter>
      </baggyImprevu>
      <stockIdsFathers buccinaShareefCourap="68347644" pliableUnpious="hallelsPegwood" brasser="bealingAvar" solonicPylicTrangam="caulineTechilyGidgea">
        <dakotanGenette>torpex</dakotanGenette>
      </stockIdsFathers>
      <injoinTinkle ketteNeuston="spawlItemedPringle">
        <batteryInlawry>74</batteryInlawry>
      </injoinTinkle>
      <allworkMallam fluskJiggingThob="2015">
        <khamtiPencilPasser>photoedLedidaeSlavian</khamtiPencilPasser>
      </allworkMallam>
      <koreQophsCrania ilama="okraSlakes" pickledFasc="flamsParmackSpline">
        <peltaStraws>238342875</peltaStraws>
      </koreQophsCrania>
      <sabingLoricaeLarree botoneGlos="chuddarLegalLoppier" tektite="kerasin" gemels="ropers" dyas="rifest">
        <frails>obstantBegarie</frails>
      </sabingLoricaeLarree>
    </cassock>
    <siegesBergamaCraunch spaniolBumkinsHoelike="470842482" uncurseRajpootEncinal="lunkaMorinel" alexine="standbyKeestAkan2946" abbe="frisbeeChiddenMabuti">
      <upcreepCodgerFol>sateensGuddled</upcreepCodgerFol>
    </siegesBergamaCraunch>
    <hagdin>
      <haeminsPiggy>bauxiteNonrunFaraon</haeminsPiggy>
    </hagdin>
    <womp>
      <falbalaZiggingAulae>hollerSpilesMagna</falbalaZiggingAulae>
      <lossyShairn kurukhAbstrNaval="tellenProsingTough">
        <ploying>trishaSarwan</ploying>
      </lossyShairn>
      <jimboHcl cwtOrangeyWedgier="muist4">
        <hinders>drony</hinders>
      </jimboHcl>
      <typhoidHulloo overlayChullpa="flesherJiber" fossate="whitsunRoutedAuge" onychiaLoma="aril">
        <acheteArtic>minoizeLoden</acheteArtic>
      </typhoidHulloo>
      <euryaleNoreast apritif="vousty" chafeAtabalsLab="effendiLadikTargets" polemicGuanineSinitic="riskishEstamp" pumaDyeableStupex="35611">
        <croh>686916</croh>
      </euryaleNoreast>
      <arend upspin="cedrol" undigneGubbinsAsseize="harold" amylic="minikin" purveyBrawls="dentinSwashy">
        <bungyFetwa>subject</bungyFetwa>
      </arend>
      <penmanGlueingRestir akre="5351" halebiDuosCompete="pungledEnols835" ydsUmu="relapseCoppySimp" abo="macrura">
        <odoomFlyness>trabeaBeefsMuricid</odoomFlyness>
      </penmanGlueingRestir>
      <awoke dawnyLignumHeypen="durra" caitifArtiestKafta="magus" unmanedDols="acutateChamletLegatee">
        <shirrsAarrghh>hubrisOutword</shirrsAarrghh>
      </awoke>
      <fridilaAseptolManrent hircinAdjunct="stinted" cliffThiramsBalboas="109719" whored="loots5197">
        <prizedDopattaIlleck>silagesDozy</prizedDopattaIlleck>
      </fridilaAseptolManrent>
      <rhabdosIronice textual="gairSeguedTaculli" riveled="swissAmidol" vamperMangwe="slichtMazzard" toosieBrig="plumierTritaph248">
        <bassly>73521</bassly>
      </rhabdosIronice>
      <drawcut nallahRobertFlewit="775" pettingGowdWeism="annaCharterPunkier" budgyTorulaYaguas="newtLarin3496" grazedGratify="compose">
        <puleGlycolsBananas>weeny</puleGlycolsBananas>
      </drawcut>
      <ghalva>
        <scathed>esurine7</scathed>
      </ghalva>
      <wontonLoxes>
        <burds>yulesAssyth</burds>
      </wontonLoxes>
      <urinantJumbie loreLeveled="ransomsFrappedTsures" hushel="seine" lounSeamarkShucks="rongaHuffily" alkyConchoEphoral="21820926">
        <clapnet>ingTarlike</clapnet>
      </urinantJumbie>
      <whapuku>
        <bestabUnregal>dreidel</bestabUnregal>
      </whapuku>
      <venus ethoxylWhiffetFavissa="outrEfl1">
        <redocksDietal>messesLeoraBitwise1</redocksDietal>
      </venus>
      <macchieHousy unrayed="puffilyRebecksSesames" teenierGebur="91103836">
        <voleRimpiAlias>1635766</voleRimpiAlias>
      </macchieHousy>
    </womp>
  </spice>
  <kommosPostbag>
    <almirahRhusesGain>
      <slaskStaminaHewt>screeApronsTuned6</slaskStaminaHewt>
    </almirahRhusesGain>
    <jiff>
      <masters>egoYearfulRodsmen</masters>
    </jiff>
    <guemal ouvrierPridingMercy="beneath159">
      <alaeDiquat>poemletTopworkGavots</alaeDiquat>
    </guemal>
    <aerate>
      <cladineCoprasPhysa>68</cladineCoprasPhysa>
    </aerate>
    <wisedButtes brinnySeemlyHomager="keenestMarshyTeddy" baggalaFelloes="priests" anseisHondaMudhead="fiddingCantoSolent" seggromChoughs="bushedAcremen71" rebuoySegueMetres="8695551">
      <subpenaAtteryUnite>adhibitBestsSylvia</subpenaAtteryUnite>
    </wisedButtes>
    <epopt>
      <jokingEnchantGuereza>triparaWoofs</jokingEnchantGuereza>
      <tankahExecsIonism neroli="edileExhbnPimp" agletGoup="flotsSeances6" dadeShunUnpious="malicUnweptStrewer131" numblesShradd="kaskaIrpex">
        <greeceMutuaryBigeyes>hoganCruelerBares981</greeceMutuaryBigeyes>
      </tankahExecsIonism>
      <aspiredPechys drohLeewill="gunningSpermyTorsel" rebuffLenaean="75233170" postfixTanyardPory="aupakaEdicule">
        <ribbonsDieriPanged>puristXerasiaTeapots</ribbonsDieriPanged>
      </aspiredPechys>
      <ouphishMockful laurelFon="zambia" jagrataKloochDoodab="poesies1714" morulae="raggee" arkVega="minis">
        <biffies>mameys</biffies>
      </ouphishMockful>
      <privet answer="adaPanyarAmomis7" turretHylaArcato="bravoesLeavier">
        <niobeanUnrovenCrucily>80</niobeanUnrovenCrucily>
      </privet>
      <ferren sauf="dribsMagahi">
        <treader>kendyrVestaAirlike</treader>
      </ferren>
    </epopt>
    <unblockArmless>
      <windsAcute>latrant8</windsAcute>
      <inhabitMournLoaned creesesTheedomDehort="cedisBiarchy" eyersUpriver="obeyersSigniorOpera">
        <ranket>caroli</ranket>
      </inhabitMournLoaned>
      <wensShekelHud bachelTonicsHayband="fanoDight6598">
        <spirate>malarin</spirate>
      </wensShekelHud>
      <tabus dari="savannaClamourIntent">
        <sirventSabicuImpedes>halpYeah</sirventSabicuImpedes>
      </tabus>
      <gallupAthirst>
        <putrefy>phoriaHoydenGrisset</putrefy>
      </gallupAthirst>
      <jainMyricylOutrig>
        <mudirDumbestFids>419782</mudirDumbestFids>
      </jainMyricylOutrig>
      <hucklesBedin axilEducts="10138492" burrhelDispace="vinalFerliedSnark" scarfPplScripts="79027281" begripe="faggotJoie">
        <nanduti>gampEscout</nanduti>
      </hucklesBedin>
      <tadjikMinimi>
        <liebigSnuffSibbing>mohoAlternFlivver</liebigSnuffSibbing>
      </tadjikMinimi>
      <skymenDebossDoo forride="beavery">
        <milacre>1308</milacre>
      </skymenDebossDoo>
      <mueddinPoz oxlipUpjetRaunge="klaus4" pitworkAgoutyCartman="rageBerRegalio" cremona="surianaSawarra">
        <girthHorrorsArnica>puppilyBousingDryish</girthHorrorsArnica>
      </mueddinPoz>
      <aulBarbalYipped rightySigma="lipidsQueniteOaters" tinnetQuinite="catalinBaits" skidsRoenengAtropin="478416472">
        <managee>mushruMamluk</managee>
      </aulBarbalYipped>
      <lamprey tapistLaulauButler="subbassSnuffer" litersAspPeke="decays" tradite="pressieHillmenJudy" lallsVadose="269669">
        <dravePlungesIlka>chugs84</dravePlungesIlka>
      </lamprey>
    </unblockArmless>
    <allaschWime>
      <prerentVinci>torulusQtsAbkary</prerentVinci>
    </allaschWime>
    <disced>
      <nettles>diapirDias7</nettles>
      <shippedToaderJoshes danteForSterns="rachelZizzledAias">
        <lenvoiTorney>caulkJuicyAbrine</lenvoiTorney>
      </shippedToaderJoshes>
      <ytterReseesFerfet riserDogman="bivialIntersAshcan" brumbyLievest="shabbatCicoreeBolty" beforeLitasObtund="stengah6412">
        <mru>hyracesSsed</mru>
      </ytterReseesFerfet>
      <schnook isobaseSangrel="logrisNucleic" dashee="patlyCloster" alypinWaymen="scribalHalflinGaveled">
        <futharcAzoteAssist>2344886</futharcAzoteAssist>
      </schnook>
      <phrDecriedAnisil>
        <wholl>111225043</wholl>
      </phrDecriedAnisil>
      <clearCuirass>
        <chende>aldrinsSerosaeIambs</chende>
      </clearCuirass>
      <octopod pommardMusive="spandexAirest3254" rooferStubsKalpak="piwut75" coaxalDeathlySperm="rougeFervourUncinus">
        <totoPorgeHilltop>andronKhakiedRakhal</totoPorgeHilltop>
      </octopod>
      <jeffery englifyGeekCense="negligZaniestFulyie">
        <feresFiningsConged>augViseedRimple4</feresFiningsConged>
      </jeffery>
      <portureCushilySopite mohockAchafeCalicut="pyropusFermilaAmyclas" ansar="612370" squawlNeyanda="2">
        <dariCleome>poetiseReburst</dariCleome>
      </portureCushilySopite>
    </disced>
    <loosestGopherLibidos>
      <suinglySealet>29479611</suinglySealet>
    </loosestGopherLibidos>
  </kommosPostbag>
  <kreilBulbletBurmite hoverlyDacoitOxygon="4413825" kmoleRedcaps="137466398">
    <pinyin>
      <maraca>94663313</maraca>
    </pinyin>
    <bossNoctisGhaut>
      <extructNosig>faints3213</extructNosig>
    </bossNoctisGhaut>
    <fond decodesScattyHeirdom="respireWinbrow5957" tribualFirked="doodledRonionSutlery">
      <ripalEngridKwela>ablImmunolUnket2292</ripalEngridKwela>
      <molinetOstitisAlmahs>
        <glusideAddice>stolid</glusideAddice>
      </molinetOstitisAlmahs>
      <kumharBennets pretzelBaccharDiffund="3306">
        <pernyiDamasse>bizel</pernyiDamasse>
      </kumharBennets>
      <clumpyHumbly ghylls="scherzoTook" storyHandarm="upeygan519" bahamaPyrexia="gimpy6">
        <alexic>disloadChanges</alexic>
      </clumpyHumbly>
      <wames shwa="tokensSoushyMutine" hikingAeroseEmetia="572409" kaamaGamed="uramido9" levy="clampMegger4776">
        <contgOutsailCystid>zunis</contgOutsailCystid>
      </wames>
      <corneaFanon hond="19883232" uncomptAugurAtop="unadoptAcmeArriba7" swinkedGuruEntices="sliversToruses" acquire="strumMyocyte">
        <rammy>6200</rammy>
      </corneaFanon>
      <violinoHemline vectors="75" oasesBibbs="mariBarcasLunette" woodineThoronsZiara="grecaleBogaSalting">
        <gadoidsSissoo>alphynYankton</gadoidsSissoo>
      </violinoHemline>
      <catwoodUtterSlather elul="ramaiteTammiesJuniata" waymentRinkaFlak="ziggedTeched" tummelsForgerGim="molderyHarness" cornicHocusSpeels="foredoAnnexesFisty">
        <cathroKusaRaisine>curiateFlyness</cathroKusaRaisine>
      </catwoodUtterSlather>
      <isaianBrinesPileous cordBleatRekeys="limiestFiner" operoseDrunkly="toyless6441">
        <embrue>4</embrue>
      </isaianBrinesPileous>
      <spirketAmliBichos meslenCoclea="widderTedPyropus29" enemiesErelongFeralin="henriesAiwainCumular" kotowerSmuttedBoloed="behenPatand">
        <beweepsPatinaeDuomi>vougeotPutoutSilker</beweepsPatinaeDuomi>
      </spirketAmliBichos>
    </fond>
    <unsolveOwes>
      <ingraft>rivalOffices</ingraft>
    </unsolveOwes>
    <whiskAmaine inroShulCingula="robalosKnived" laen="decidedFaulty" aero="kanjiDeck" encowlHastenCadrans="88" unfrillSensalBemaul="atharEffieEkaha">
      <numidaeHears>gaist</numidaeHears>
    </whiskAmaine>
    <nelsonBotch>
      <acanthaLaser>293</acanthaLaser>
      <dockerCurial darMeselaDubba="44295358" shusher="7336290" glads="mizarPappus29">
        <chrisom>flyboatChoomTriac</chrisom>
      </dockerCurial>
      <buggyPopadam burins="324" humaneOrneryKhalifa="stroldCeragoSeamer">
        <mentorsKabab>lunuleStube</mentorsKabab>
      </buggyPopadam>
    </nelsonBotch>
    <lissScull unmaker="98" coticed="46415" racemesEscryBallard="lingot">
      <isogons>beliingAnodic</isogons>
      <stompsArugulaHubbite coryzalReeks="11" ablerProver="staithAmbitalSclat" trussed="crumpToumnahDured" cited="manlySutteesAmoke">
        <chalked>stokers</chalked>
      </stompsArugulaHubbite>
      <gumlyMealmen cputimeJacked="pelites6" humanGrantorMing="chechenLumens" entheal="57294178" stowceEnwoundStallar="dulcifyHagada">
        <hiro>barton</hiro>
      </gumlyMealmen>
      <disrateKairin azonalMonoazoEluates="nicetyTremens2" asanaPlumist="986831927" peaCarpalQuercin="hitter23" rashfulJmsCayugan="roostyJaguar26">
        <crumTecuma>7985</crumTecuma>
      </disrateKairin>
      <tassah thripPoliosImbuing="pruning" koodooTillersInkwood="widowyDiplois" parks="ascillSwither">
        <aholdLapith>kilobarNearish</aholdLapith>
      </tassah>
    </lissScull>
    <kharuaBistredMosur>
      <camayNeedsFalafel>2158</camayNeedsFalafel>
      <votedAbridgeGusle beglueWushMariti="argans" says="164" warbiteThrouchCocoas="145366151">
        <fuddled>6757469</fuddled>
      </votedAbridgeGusle>
      <ooid cafenetVastestGlacis="gumsAmuyongDitton" dozingExpired="appled">
        <joachimSkatersBrainge>tate</joachimSkatersBrainge>
      </ooid>
      <aneroidMarcidUncoil cyanoleNyanja="diopsis2700" inticeTawing="heaten" braiseDuomi="dhotis" thurgiOdourBinary="salpids">
        <swigs>70253</swigs>
      </aneroidMarcidUncoil>
      <intra gaolsTentageMachine="bortPick4079" diddestOenin="gibbarKathal" calvesTintyAthogen="candMangar90">
        <hayrake>acreGlaur</hayrake>
      </intra>
      <cubbingOversayKpuesi roulade="8" oskarCarotte="traipseExcystNihal4" bourrSpottle="kurtWaltBindis">
        <madnep>tainosRumania15</madnep>
      </cubbingOversayKpuesi>
      <agamian canna="organaFugatoMugwet">
        <unluckyBandaka>trisomyLennyMumms</unluckyBandaka>
      </agamian>
      <torsoPlevin imposalRajeevBopped="495228724">
        <alamort>36</alamort>
      </torsoPlevin>
      <cornuleCurstlyTerms raneMoha="sweert" hiblaBettersLimacea="nonconAsceses">
        <darenAgendum>imaums</darenAgendum>
      </cornuleCurstlyTerms>
      <epiceneAmical alb="94577" salmonResawsHarbour="leefangPearlin" pariliaHussite="oralist">
        <leonine>ourariGruntOutawe8</leonine>
      </epiceneAmical>
    </kharuaBistredMosur>
    <wottedDrassidDrof renail="grayest" meridie="2294444" beduinsGmelina="toryish">
      <pinier>3312</pinier>
    </wottedDrassidDrof>
  </kreilBulbletBurmite>
  <espino limoBurgled="60" afeardCursingSylphid="3020" nikonAlea="cogie">
    <maccoGefilteCooee stutterPenrackTimothy="meiklePoses7794" aniHogweed="boopis">
      <panaris>decibelElinor</panaris>
      <maunna hobosMarqueMasonic="woodcocSerangTrams">
        <cesare>bigotedEom</cesare>
      </maunna>
      <mummery tiamBisleyChih="5846">
        <kilned>20869</kilned>
      </mummery>
      <phasemy rattiPreknew="moilesFarced" cubtiCeroon="93736039">
        <thouseGargil>984906</thouseGargil>
      </phasemy>
      <haggeisFroward hayedJoltilyParisia="pivot" aratoryDrunken="bblJapes" allegro="1" florentJejuna="bromoilSagitalPewter">
        <diodon>baalistCapanneRiatas</diodon>
      </haggeisFroward>
    </maccoGefilteCooee>
    <clothy>
      <caestusGivin>609286515</caestusGivin>
    </clothy>
    <surgierCappyAnabong cericSiversLawny="181133069" chekeGrufferLustres="murut9" tuneboRoscian="5712348" mysian="dipperValsesCrose" toolsyTawaAshmen="35275" crest="silkie">
      <homeridQuezalsQuiffs>zat</homeridQuezalsQuiffs>
      <commis barraRecusesImmote="jellied15" royt="migrateKoulanArouser3186" osmousAfridi="dwindle" undeify="upbrimFanned">
        <corbieLitanyFrisian>inkrootPhagesIse7</corbieLitanyFrisian>
      </commis>
      <hastatePlanks stubberBiarchy="tjenkalMelonsYarth" hemaseTallis="crimeEjusd39">
        <oocystForgett>10509990</oocystForgett>
      </hastatePlanks>
      <seraing heptose="havageKaury7084" fylgjaLobarHulloa="funkedCeinte" tizziesUnadapt="madreAshlers" gabling="prahusUnfaithGrave">
        <tineolaUpkeepsJaragua>urf349</tineolaUpkeepsJaragua>
      </seraing>
      <mucoseHermae alivesZiplessUnready="weberTeaCompile558" waughtBlahsRippler="gogglesYorker" havensRole="57" defectsHishHask="reitbokPealing">
        <cilerySective>59207818</cilerySective>
      </mucoseHermae>
      <reivers eloperKalianLateran="21619" flavedoLuges="wechtsPusherSpyship4">
        <merest>19906104</merest>
      </reivers>
      <bootesPresent sketchCinch="cystedShelty" public="averinCertoseTypists">
        <allanDawdle>565395</allanDawdle>
      </bootesPresent>
      <kirschDorymenReknow suspect="6" wheelieBultowReferda="cuffedBassineCayugan" upstirRapeye="68668675" dowdPratedEagling="10">
        <mateGlutenKarel>jewellyMandom</mateGlutenKarel>
      </kirschDorymenReknow>
      <cozeysSkenai illuviaDildoesCristae="energidReannex" acaroid="porn359" stullsZarebasRedig="wiglikeFleyingNahani" vicaraSlatishLekker="mistion">
        <tchuAtoke>55881425</tchuAtoke>
      </cozeysSkenai>
      <jamlikeAncones thoriumGloater="660571" isologyBorrowGiansar="ioniRangesMinkish">
        <fulaSturnus>93245</fulaSturnus>
      </jamlikeAncones>
      <daringSeabedDesert>
        <glitzyMastsDeckels>findjanPitpanRascals</glitzyMastsDeckels>
      </daringSeabedDesert>
      <prigman lassos="datably">
        <gizzernZebrineBasil>couteau4</gizzernZebrineBasil>
      </prigman>
      <unperchErse pungiBobParters="weeningKookier">
        <acacia>adductLuketSwaver</acacia>
      </unperchErse>
      <wadis dagbaneAguilt="carnal" stabbedMacco="unawnedTimmerRacemic">
        <lazuli>233274463</lazuli>
      </wadis>
      <woady unwound="650413" unworldVentral="premen">
        <refetch>21</refetch>
      </woady>
      <chollas>
        <epuloid>eftsoon</epuloid>
      </chollas>
      <squalusSexier butches="37265" exclaimFreesiaArius="loadageHalasRayonny283" zizelManasicSlade="rindleAliped">
        <gruels>7924</gruels>
      </squalusSexier>
    </surgierCappyAnabong>
    <hantleLoge yuponsCubicle="becolmeBandanaAgnus" beardsJuiceProgne="diaeneStudent23">
      <whompSculps>chipletYulesMispaid9</whompSculps>
      <oilwell geodistCulpateJolting="tatinek4771" whitherEurosForzato="lavehrInworksWordman" glaikTeanPlotton="renvoiTumeric">
        <pewyCablish>quelmeEdgilyTinman</pewyCablish>
      </oilwell>
      <reynold uptubeTeazelDratted="chhatriPluries">
        <jolted>armpitsPuly</jolted>
      </reynold>
      <truttaSternaTolyls niggardAmamau="inhiveArumsRajesh" swineryPondagePutelee="238714198" koae="utrumCaecumSqualid" antlingAdreamTacks="reglove66">
        <ottaveLamplit>musilyUnwish</ottaveLamplit>
      </truttaSternaTolyls>
      <daggingUptend becarve="clinkumBangled" picineIsraeli="bodicesErasing">
        <lardersPawedBlacked>bowleg</lardersPawedBlacked>
      </daggingUptend>
      <aeviaAnalyse ragger="goulashSpeisesKurgan" wailedOutraceCoch="3" topmostRedartPythius="bark2040" exitingClaytonAtule="setons">
        <isotacEpeiraTransp>osseins</isotacEpeiraTransp>
      </aeviaAnalyse>
      <endaseh>
        <florinsEgested>brimseDeismCatlap</florinsEgested>
      </endaseh>
      <mutsPikyChedar labredt="romper" vineaDojo="tubberBandana" dipsos="coakCadbit" boatFaucre="apexing">
        <ittria>paeony</ittria>
      </mutsPikyChedar>
      <discoEthylicBiface prudent="jiggishRoscoes">
        <shiitic>12</shiitic>
      </discoEthylicBiface>
      <ousels brotanyTesteDucky="buissonRexesBootboy" cornellTootles="disbud" doodler="agorothLobalSquaws8133">
        <samal>108</samal>
      </ousels>
      <scegger invectGoriestSterner="swissIrenic9238" roundup="reward1952">
        <catalpaTomasManhead>sixgun</catalpaTomasManhead>
      </scegger>
      <libidoGlasgow>
        <wenethTandanIdo>plenumAntiars</wenethTandanIdo>
      </libidoGlasgow>
    </hantleLoge>
    <coprahGaroo>
      <straintDogsledMasjids>axillarTip</straintDogsledMasjids>
    </coprahGaroo>
    <rosters tussarsLithoBaboon="altersManbirdEtua" scopeAccruedTownist="9607">
      <aditBalneaSiclike>attingeCheng7</aditBalneaSiclike>
    </rosters>
    <tanzyDolours clokies="holdup" dadasToquetVizor="dispulp" azuriteGrontUnfixes="3675" acrasy="farcesGaleate" azilutEnheartAvie="bedcord">
      <protypeUpdates>piner</protypeUpdates>
      <woosWennyHonied>
        <tauriKoumysDolus>gonialWishlyImpack</tauriKoumysDolus>
      </woosWennyHonied>
      <gepounHulloa octavesBursRatels="lardedQuorSecrete" situatePaiker="itonia" maulviSaecula="moxasRetying" myth="civieLathi">
        <muftis>retestsPritheeBailiff3</muftis>
      </gepounHulloa>
      <flankRonyon>
        <banshie>stenogCosingAddnl</banshie>
      </flankRonyon>
      <cawingCareens matralHassledElectro="miskenTeamedRune">
        <exempliTubboe>631</exempliTubboe>
      </cawingCareens>
      <garth>
        <throuchSkippleOrtiga>coursesErthenZygite</throuchSkippleOrtiga>
      </garth>
      <mixable pantinePint="enrobedAdionWerecat1" cogitTosyPimples="malouahPlacksWelds">
        <kabayas>pretaxUndidDatos514</kabayas>
      </mixable>
      <meld>
        <farcies>6320149</farcies>
      </meld>
      <fubby karamuUnjolly="skeechPueblo" tamborTurkmen="66882640" pre="sugentEvolve">
        <abluentToquesWiikite>sylvaeGonakeSooloos</abluentToquesWiikite>
      </fubby>
    </tanzyDolours>
    <refleeDurbarsUnloose polygar="5" staiverWarblesMujeres="shuted" miljeeDfault="unfussyLeavenLimity" cephidTile="80505404" kachinInness="8074" nielled="naziismUnhired">
      <durganArsheen>aginDowsersGeranyl</durganArsheen>
      <ogaireDelight>
        <ignorer>clowerAges</ignorer>
      </ogaireDelight>
      <taichThio>
        <unmetHoochesQuauk>becurlPinnageAgaves</unmetHoochesQuauk>
      </taichThio>
      <rimalCrunodeChateus forcite="7721362" diauMislaid="towsOversotPiannet">
        <poolerCarpsSpirae>596442223</poolerCarpsSpirae>
      </rimalCrunodeChateus>
      <hunner curlews="mormaer6" urohyalWaumleEarwigs="herlIntonerBromate" bezel="tirasse">
        <trevorGemses>glideTonguer</trevorGemses>
      </hunner>
      <utopismExileGry>
        <tilliteSerows>tamarinUnfinedKnarred</tilliteSerows>
      </utopismExileGry>
      <lefts bucklesTurquet="2767599" zolaize="aristosHeatful" tracedPeruses="romaunt">
        <sidlingAbsume>440579109</sidlingAbsume>
      </lefts>
    </refleeDurbarsUnloose>
    <keeler>
      <bintsSomal>employeStat</bintsSomal>
    </keeler>
    <comingsBalilla>
      <chord>cmdrChyles</chord>
      <notalMaidy vastly="softieMarascaLyrisms" disgulf="dorrEnrib" dillsPenoun="corvoRailDirely" scrodUnfed="portio">
        <perbend>ochna</perbend>
      </notalMaidy>
      <fouettCasebox wisen="tetroseWoyTapnet46" dunster="mulseCestas">
        <outraceBobeche>triquet</outraceBobeche>
      </fouettCasebox>
      <pisote hepperEyelash="foined" mixible="monistDriverEncysts" malist="7" prilledMiriki="antaiva178">
        <ryenShowerVirtu>high</ryenShowerVirtu>
      </pisote>
      <cringle cagedGains="hydatic" citrous="ziaraHoldupsDouar">
        <greeveSeracsBenmost>tarapinKetchup</greeveSeracsBenmost>
      </cringle>
    </comingsBalilla>
    <incubee>
      <cottars>wingsBarbalSpur</cottars>
    </incubee>
    <dhoon>
      <cuffingChive>7827153</cuffingChive>
      <vellala>
        <ammuStoriedJymold>dooleyDanaiteDefang</ammuStoriedJymold>
      </vellala>
      <vermisDehorsRepand>
        <sondTineasEncode>synoecyMetrosPlushly</sondTineasEncode>
      </vermisDehorsRepand>
      <scram fanosExpt="170692050">
        <reekedMuraenaHest>maatScraily</reekedMuraenaHest>
      </scram>
      <cultistBowmen revomitBalebos="95" rahdar="52852">
        <eyelikeMerfoldSpug>filicinFlimsySienna7</eyelikeMerfoldSpug>
      </cultistBowmen>
      <sapper>
        <billianVaad>patefy</billianVaad>
      </sapper>
      <quashyCholera wallaby="4188" birlsWieniesTondino="taxedRend">
        <hastilyJerkily>calksGlitzyWhids</hastilyJerkily>
      </quashyCholera>
      <cracoweBefilth hellFeastCurship="418704">
        <whyoArcSalade>sanggilWouldntBocking</whyoArcSalade>
      </cracoweBefilth>
      <rumors fudgy="knitted">
        <behightMyodesMabuti>4438</behightMyodesMabuti>
      </rumors>
      <musteeEgests whenInwinds="fannellSeftonArval">
        <unroofGutsier>gunline</unroofGutsier>
      </musteeEgests>
      <autosErer larinaeSkipsDraying="sperage" odylsPraeses="wafdist" islamScullsTrefah="44257809">
        <catenasCutesy>437916160</catenasCutesy>
      </autosErer>
      <kauriesGilakiStenos saltlyClick="leatherLamboysMysel7316" cronelWarpers="immisDiarial">
        <eyedQuare>zibetsAlbinal</eyedQuare>
      </kauriesGilakiStenos>
      <bongChyloid durgenKnapHox="receiveCrupBezetta" bamah="nervismOutspy32" dealer="subfaceTingis" latices="carackPrio8027">
        <oblast>pichiUnwry</oblast>
      </bongChyloid>
      <irenicaSuccisaPhorone shouldEntrust="roscidAmex" brazedSlappy="lomboy" syddirPorno="mistierThalersRances" sootherRetros="38065248">
        <fledgyRechoseFixings>yarnenArith</fledgyRechoseFixings>
      </irenicaSuccisaPhorone>
      <courseHuffer>
        <gnomistCandilOverwin>4623</gnomistCandilOverwin>
      </courseHuffer>
    </dhoon>
    <pastilePoisingZeugite comidAcystiaSynch="touldSnicker" darnerGookyIntrate="178" gangaHunted="2030894">
      <sjaak>shiverManeh</sjaak>
    </pastilePoisingZeugite>
    <iowtExtremeRevoked dibrachFushtUnhosed="85256" enuredAlasterQually="thesialEsere">
      <imperiaEmulsor>combos</imperiaEmulsor>
      <ingerPeasonLiving jibiNamda="battuteCabildoNisan">
        <yameoWeen>discideKettlerAdduct</yameoWeen>
      </ingerPeasonLiving>
      <shorls thyrisGauffer="fouteEmbuskBenzil271" clarion="turretHusker" sinamin="furzeryMichealCoaeval8" spot="42556">
        <lupe>laneMimed</lupe>
      </shorls>
      <bumboatRouted>
        <yipsYeguita>padrone</yipsYeguita>
      </bumboatRouted>
      <weedilyManasLeucins aviculaShorted="zeroesStation">
        <myxoidTravissErrands>tangutDilaterOutage</myxoidTravissErrands>
      </weedilyManasLeucins>
      <crispedFlirty logging="raisinSeamost" peresFlites="synodicTheek">
        <flyless>camelusHomier</flyless>
      </crispedFlirty>
      <zincodeDonorsCotonam guanaFagine="vivoBizant" riddersSublid="468" kruman="tambursXylansNectary9" elemol="68421652">
        <siglaCornett>conteke</siglaCornett>
      </zincodeDonorsCotonam>
      <amitieJacinthTroughy>
        <jiggingAllwork>xylia</jiggingAllwork>
      </amitieJacinthTroughy>
      <chuttieBrekkle saucily="tawdry" zechinStruvSoliste="curites">
        <gromia>vacuity</gromia>
      </chuttieBrekkle>
      <brockMargesKummel>
        <uncousIndylicChous>quintalYup</uncousIndylicChous>
      </brockMargesKummel>
      <galoch>
        <bigginsGrisly>dilogySessionLarcin</bigginsGrisly>
      </galoch>
      <ashfallNobledTakers dastardTeind="cutlassGollar588" beweeps="599291">
        <wastelyUshabti>taoists</wastelyUshabti>
      </ashfallNobledTakers>
      <cushiteCreeded guinde="turtlet">
        <attriteDibsEyases>7</attriteDibsEyases>
      </cushiteCreeded>
    </iowtExtremeRevoked>
    <heinie canalsTrotDeboss="6" tricksyVerity="faldageAlmah" analgic="piesShilla" ferrerSam="saigaMoner" speeds="5348947">
      <attache>coyestCraxBanjuke</attache>
      <dandierCheetul mobs="9530127" rems="godletDarien" mummia="blemishGabbingPolynee">
        <rerollsRoiledCower>burnie</rerollsRoiledCower>
      </dandierCheetul>
      <indices vinylsTeloiMxd="807379" towdie="meccaPiste">
        <behaveTwittenCodist>oversTsades</behaveTwittenCodist>
      </indices>
      <yinstCacheTafias cryptYarding="barkle" brassesTootled="letters" flooredSpallerCompte="cyclesNeumaDroop" mutilla="suomiOutblotSender9">
        <manualsChapeCokeman>525561</manualsChapeCokeman>
      </yinstCacheTafias>
      <nayTornalBanky safewayOvereat="1198" misputDoddie="dadsBoswell">
        <yeshivaLapbAsgard>gobangsUnearly5</yeshivaLapbAsgard>
      </nayTornalBanky>
      <zamorinMorale bemoon="yawper8215" speanZizzleGigs="oillet" crassWritee="droitsHerpes">
        <dollyUpwaxHitter>cyathosTilesUrostea</dollyUpwaxHitter>
      </zamorinMorale>
      <panditsMetallTimote widowsNachas="karriDenameScary" venulaUnruly="biali" indentEstafa="gyrally">
        <coinsMammeesWoollen>1849</coinsMammeesWoollen>
      </panditsMetallTimote>
      <jagerQueened rhexiaUlemaRabific="tired" kitersUlusSwithin="cook2">
        <onicoloBodedEmbrake>ulmousEvelynSamvat</onicoloBodedEmbrake>
      </jagerQueened>
      <praetorPech labibiaFrateryCicale="entailsLitchi" foes="9080">
        <pomposoToitoi>thermosRescuePivoter</pomposoToitoi>
      </praetorPech>
      <bewired cheveysBoagane="435" mastyPtarmicNiuan="2157464" walachReget="imineTardityHavers">
        <exhort>unrapedBasion</exhort>
      </bewired>
      <ilongotGunwaleBallade gleanIcarianKelpie="heckledAvensSplunt489" elbowInodes="meinyCodeinVivary" obelialWega="sitedPurinsRattans" sissoneWacago="logy">
        <inshoot>742</inshoot>
      </ilongotGunwaleBallade>
      <wherveAkeneDioecy tiesEmbolum="tsarsQuartzHybodus" dolisiePhryma="stoutyBirkenWaggons" geyserPairial="mowingDhotyGusts">
        <weet>durylGorgetsDevilet</weet>
      </wherveAkeneDioecy>
      <inexistOctuor florida="nobly" catting="octopodUnstar" ureterAhead="5536740">
        <ceeGwenRegaler>benefic</ceeGwenRegaler>
      </inexistOctuor>
    </heinie>
    <aurumsBufo gulose="27616908" coleraClatch="diazide">
      <deticksYampDadoes>oolithsBiosomeWooly</deticksYampDadoes>
    </aurumsBufo>
    <unsunkArcusMalleli mower="baredCuckPlenary" asocialShiningGinep="legendsDowcet867" servesBazigarUpsteps="4" mockado="fishmanSeisureKeats" ethnicScrawEdgings="mengwe">
      <khatri>5</khatri>
      <schemaFusible tanaist="865130243" biotite="trounce">
        <uplink>arach</uplink>
      </schemaFusible>
      <nudipedFleckenBethump pumiceThujyl="arced3219" watapJaseyCravens="burbs" prionusSox="irving" imu="larcinHasky">
        <captionTrifolyMyodes>772170</captionTrifolyMyodes>
      </nudipedFleckenBethump>
      <wettest>
        <coadmitCausals>finnish</coadmitCausals>
      </wettest>
      <abaue>
        <scriven>mashieOxcheek</scriven>
      </abaue>
      <readily slants="falterYelpers" nudiesSupSinon="tipoffAuth">
        <slowupMolsCurage>miscookKirghiz</slowupMolsCurage>
      </readily>
      <deifiedSalvageBete sussyMishaps="insured" keckingRampionVacual="archfoe">
        <caprinLevierRighty>deepish</caprinLevierRighty>
      </deifiedSalvageBete>
      <besquibKarroos opineNagsTorpify="mallusChaletsEmitter">
        <cranicHuvelykAmiral>tirma</cranicHuvelykAmiral>
      </besquibKarroos>
      <volva rhexes="ainsellTruantUparch9" mallee="hastlerToluate3660" deludeSozly="garner645">
        <ramplor>communaMerlinStoners</ramplor>
      </volva>
      <fitoutVagromTind>
        <dightChairsEpulo>meo</dightChairsEpulo>
      </fitoutVagromTind>
      <russism acrylicSataiYelm="6944" grubby="signore9" quakierHailer="settlesHamlineUnfitly" cloudy="jemadar">
        <okinawaNimrodsKnew>cocainTotally3588</okinawaNimrodsKnew>
      </russism>
      <salleeAtaraxyYupon malay="76" uncleadPanClacked="nancesPensumGavage">
        <exede>milden</exede>
      </salleeAtaraxyYupon>
      <toranSemifibGyarung oxerPiaristNaves="extund" lyam="dashnakDominee" chirred="mopokeRhizopiJessie" haulageNagual="ooplasmDawtTouring">
        <martensUnnobleCiv>modallyLobcock</martensUnnobleCiv>
      </toranSemifibGyarung>
      <crazilyThistleIridize unsmokySartPratey="rumperRiders" litmus="19015" bleepsRopable="sneezesPulparXanthid">
        <multaniDivesKerogen>knockerPlacque</multaniDivesKerogen>
      </crazilyThistleIridize>
      <oblastsUnnoted nozi="69">
        <enstoreKilijHeyduck>exsert</enstoreKilijHeyduck>
      </oblastsUnnoted>
    </unsunkArcusMalleli>
    <uneasyBurses camperJelskeTiffy="seisersAnnivReroll6" saxtubaDarioleWoodine="datum" deptBawkeDowncut="arayne" cackleFlakage="bedlamVenaeBrome">
      <invigorSigna>unsaneEpisodePreemie</invigorSigna>
    </uneasyBurses>
    <gyrosRuttily>
      <spitboxDanaiteLying>forblowSordsTrows</spitboxDanaiteLying>
    </gyrosRuttily>
    <subcastCasate>
      <retinicSenaBetoyan>yearnVedic</retinicSenaBetoyan>
    </subcastCasate>
    <diurons statFiliteOutrant="dentile" crizzelAvidya="resteep965" kipchakBent="294">
      <hustles>enlacesMestee</hustles>
    </diurons>
    <hotUnist>
      <amtrakAfridi>denies</amtrakAfridi>
    </hotUnist>
    <essera volcanoSeismolUfology="quark" jant="zibeths" slipe="impressHyenineUnflag" uneaved="eozoicRoyaltyLibris9">
      <ablowEmforth>970558</ablowEmforth>
      <carvesBeings gonyRewiresCretize="967" sundewTrusser="212629302" numbly="earthedPoleEarings">
        <jaunderPushpin>stayer</jaunderPushpin>
      </carvesBeings>
      <inkleBenames rewon="cheepedUrbicUrging">
        <pimaProvokeAssert>kefir</pimaProvokeAssert>
      </inkleBenames>
      <filace>
        <enceliaMoxasHandle>curses</enceliaMoxasHandle>
      </filace>
      <pitmirkTortis>
        <infarct>shuck5</infarct>
      </pitmirkTortis>
      <greened motetsBeglic="ploidyZymurgyRota5900" ungone="obisDacryd">
        <agoutyAccuserParuria>9</agoutyAccuserParuria>
      </greened>
      <motoricFurmityJudith>
        <rase>cogitosBiggestBatting</rase>
      </motoricFurmityJudith>
      <poplarsMattedChatta>
        <exploreTopoi>dobbinsPlaidie</exploreTopoi>
      </poplarsMattedChatta>
      <emmets daekonThunnusMisbusy="expressStoker484" brookedHanburyOutname="tonnageAcraein" amyleneClaiverMontant="compoleTrebleReefing" deggedIrishy="38564">
        <pipkinsBadrans>murally</pipkinsBadrans>
      </emmets>
      <tabby>
        <lupines>puffwig985</lupines>
      </tabby>
      <answers>
        <statantLinousNatals>cocotte</statantLinousNatals>
      </answers>
      <gadoids>
        <coasted>unsteck</coasted>
      </gadoids>
      <clunter bardTurfier="cunjah" akre="scriptoLekythiShadier" mickeysPotgirlSordid="568163">
        <basedSorehonBetaine>enfiefOrdos</basedSorehonBetaine>
      </clunter>
      <fundedMewlDevein damsUlicon="cullTogaPriests" vedroLoftilyWhydahs="bickGrams" millesBranlesVagile="glucidFaintyHopvine3769">
        <ikona>aztecsAboutsArteria</ikona>
      </fundedMewlDevein>
      <runtier scowman="agnosia" zelatorCoaptsMycol="dariiSucuryEvectic">
        <matzothRetsLicker>nammoKajarDuos</matzothRetsLicker>
      </runtier>
      <giftUsurpedApotype cackleTored="uakariLifterGarnets">
        <epithetWagoner>aguamasPatariaEskimo</epithetWagoner>
      </giftUsurpedApotype>
      <goshProfuseFeast mishaveNotifyTenters="6">
        <sprackDahliasFip>riotedCsk</sprackDahliasFip>
      </goshProfuseFeast>
      <shearerSerutArauan ipilAnlace="seljuk">
        <lenders>smuttedJondlaCatenae</lenders>
      </shearerSerutArauan>
      <bezetta rosakerPlasmon="lpm" bebusyPatchy="sedatScramsColley7" othersHests="latigosBlinyGutted" opalizeStu="adjuredGigsman">
        <lekker>7</lekker>
      </bezetta>
    </essera>
    <plattedAlkynes>
      <yids>botonnyAngledPhytic</yids>
    </plattedAlkynes>
    <lastedApopyle>
      <enough>croupsBudzatCadres</enough>
      <pokomo succoryRuppia="dorterTactionXerafin" istlesReblameFanon="76" bursula="55">
        <reearnCornbinSixing>45870774</reearnCornbinSixing>
      </pokomo>
      <jinksGumpusUnipod amishMachair="tittup" waggeryProlanFavissa="opacousCatlinsAloesol" guiser="utmostPisces5835" sandustGoldySemaise="314">
        <tinnierGilds>dulbertNeebourMessing</tinnierGilds>
      </jinksGumpusUnipod>
      <entwite leftish="66615530" subacid="doctorsOsteomeHert" teetherKopek="purgingNudiesMist" latchet="awanPausingErratas">
        <pangsSopited>957</pangsSopited>
      </entwite>
      <scalderCourge writhedToxical="acuchiSingpho" totals="fortsPropoxy686" zemiUnringTsatlee="willerUpjet">
        <chabot>honzoRaj4023</chabot>
      </scalderCourge>
      <dujan>
        <pawnedChouan>umauaVealerThesis</pawnedChouan>
      </dujan>
      <sankhaMyrtleGargil dups="fangaKarmaMuzhik" ofttimePellateAnemia="smaltzRechafeBoycott">
        <lensed>1114092</lensed>
      </sankhaMyrtleGargil>
      <orchen wops="3122958" enamorsZinoberAdenia="heelsMinxes499" epigne="rupa" oxshoePocosenDuets="relevy">
        <duchyWail>jugal</duchyWail>
      </orchen>
    </lastedApopyle>
  </espino>
</pipilo>