<?xml version="1.0"?>
<sonovox>
  <anconasTypesof dogging="64" achaguaEnvaultDupers="arrieroTasker15" pyeLyncid="1">
    <scudi>
      <gigot>sidi</gigot>
      <curdles>
        <tandemsDrury>thumminLulav</tandemsDrury>
      </curdles>
      <oximsAkhaToyland kittarBirders="prickerDaimyosKor" scaff="uncanedInconyBudder" annulsSever="2141">
        <picamarAlnager>cuadra</picamarAlnager>
      </oximsAkhaToyland>
      <cordy mystesNaiadsTsuma="inbringThawyMudland" papyral="debitorYonner9" exurbiaWailfulHiro="474392">
        <varierMovant>sandbinIneye4</varierMovant>
      </cordy>
      <olomaoPutingDroned unethicMalaiseCarcase="1" ogtiernScautGol="seawall">
        <shutCedrate>abeliteCovingBeblear</shutCedrate>
      </olomaoPutingDroned>
      <mussuk>
        <mousier>becheckLepanto68</mousier>
      </mussuk>
      <juridicScopus lendersUnfiredTumbrel="ppbAft51">
        <slaw>apogeeWotsUnovert</slaw>
      </juridicScopus>
      <basellaAtoms tellers="myope">
        <rockiesMogging>rosilyEkerVenusty93</rockiesMogging>
      </basellaAtoms>
      <vagary sandals="4" mootersLiparis="ecuadorEndableInisle" cortian="ditsUnuseRaging">
        <citole>beliefsMiliaKurung</citole>
      </vagary>
      <basifyFaunist>
        <prontoVicine>feroherMenial494</prontoVicine>
      </basifyFaunist>
      <avensesJenny dense="6920750">
        <riptideConcupyBettine>gardens</riptideConcupyBettine>
      </avensesJenny>
      <batful>
        <yearner>3213103</yearner>
      </batful>
      <pecklyDassent dogleg="snobsAgricDivvies">
        <ajee>3604267</ajee>
      </pecklyDassent>
      <mononchRewin azole="stanzoPiosityCatnep">
        <artsyHaika>limpRocheHereout</artsyHaika>
      </mononchRewin>
      <zionDunceCapsize forfendSnooted="weltingTalabon">
        <cathudForrardSmacker>tabuleCoulomb</cathudForrardSmacker>
      </zionDunceCapsize>
      <ferijeeCurrs sylidShottSlid="epoxyedBeratesMulse">
        <secondoEmbowel>22</secondoEmbowel>
      </ferijeeCurrs>
    </scudi>
    <galliumArouser>
      <clove>woozierAracana</clove>
    </galliumArouser>
    <recrank crapple="swelter" setdownGidgea="bichy" shittleGratiaAquaria="filetsSawlog" bentsAgadic="flagletAlmsRelives" unscarb="ingots" lobiFrit="ayontBraggatOmasum" shiest="depitPshaOrdines2598">
      <adonize>fustetVoidsMocking</adonize>
    </recrank>
    <carerRegress afield="40836" hulloesRaisinsLyfkie="tampoyDiversEartag78" listenRefaces="knopite3314">
      <kajawah>strift33</kajawah>
      <agral snoozer="trialActuate57" madison="cretic">
        <wahwahCoreboxBonagh>peaseFinnic3446</wahwahCoreboxBonagh>
      </agral>
      <glims spermySearer="gusainNovityTarrie" kashga="jossesRemord" muniteScytheEntases="cows" gudgeon="34">
        <taborsAdmit>hgt</taborsAdmit>
      </glims>
      <isogony goteSubdial="sirdar" cedrineShelvedJowter="zaribasMeridieLawyery" paregal="huffierQatsBurhead" suttaOrchidOutdo="701444687">
        <zestier>aloddiaReheelsHelots</zestier>
      </isogony>
      <awsharUnhelmsHellery annerrePalule="comtist2" rhedaProsalKetyl="28704" xmases="lithify" noodlesNessusAmoved="viridinGens">
        <omalgiaScrobStylise>pleasedReloadSulcal</omalgiaScrobStylise>
      </awsharUnhelmsHellery>
      <isidia>
        <goolahNitellaBabist>aubadesWaghGulfier</goolahNitellaBabist>
      </isidia>
      <aquilia canamoDees="deltaMeatmanGodkin" nitpick="mtxNeemIrisin" ergodicAcron="ducklarTran5060" moose="cypseliLocn">
        <duck>wingcut</duck>
      </aquilia>
      <duets>
        <brack>unluckyQuinoyl</brack>
      </duets>
      <figwormKetoneAngula congridPlaty="tiarasPreseal">
        <gitter>raciestGroot7</gitter>
      </figwormKetoneAngula>
    </carerRegress>
    <teeveeKodiak>
      <minyan>lochiaFavelaAsians</minyan>
    </teeveeKodiak>
    <rakePaletSoteres>
      <bobberyCombTitlike>dartoicWistitiMotivic</bobberyCombTitlike>
      <halala>
        <tresGravenRegr>leakily</tresGravenRegr>
      </halala>
      <dryishFiannaYusdrum newelLamnoidResight="geomOolemma" rerubAirdrop="zloty" umbrine="habuOvermen">
        <deports>califsLeamer2647</deports>
      </dryishFiannaYusdrum>
      <beatsAstian uncoreChitted="mopery52" anoureNonportResized="halberdArmyCompend8" kuficSoojee="bluntedSchillu" faitChkfileAtebrin="77">
        <theekCircut>thetinRebaits</theekCircut>
      </beatsAstian>
      <plateauKnivedYarry hubbly="cannelsClawersIgnored8867" bowpinPeorian="69621468">
        <festingThensSues>705629</festingThensSues>
      </plateauKnivedYarry>
      <dasht mird="becloutDivFable" bonacisWeet="pigheadStilly" gnome="centime" instar="doray">
        <cadmus>zonated</cadmus>
      </dasht>
      <dunts>
        <gpm>484</gpm>
      </dunts>
      <chekanLawk bauckie="2055" yugada="atonesBlonder" atweelZachun="wizes" gazabos="dints">
        <oremanRonyonsDuadic>hordaryMasque</oremanRonyonsDuadic>
      </chekanLawk>
      <stoaiRnd unicistNotaealEnzym="vagantSexistWillow" brevit="fazesOutrodeEngin" mamHyaliteElvers="gabbackThurst390" marsiPiansInbody="litersKetupaFeculae">
        <eudemonSankhya>enserfsCacanaJordans</eudemonSankhya>
      </stoaiRnd>
      <cajeputBesteadOdd mikvothFructedNosey="8" spoking="unwille" turnpinWightsLenaeus="75">
        <hauteZabian>sallooFragor</hauteZabian>
      </cajeputBesteadOdd>
      <where>
        <sursiseHonking>balnealEphraim1835</sursiseHonking>
      </where>
      <kefirsSynfuelSuchos macbeth="3239443" biforinVincula="scrawny">
        <flanken>heyduckKail4</flanken>
      </kefirsSynfuelSuchos>
      <dundees maddingFerrean="pedionBacklog" ogiveFicaNosine="slitterBoltingReflets" eyerootDyker="fetlowMarrys" podlikeGastric="sailyBarbara3">
        <pussley>stichid53</pussley>
      </dundees>
    </rakePaletSoteres>
    <kamiya chsMoulded="kakaposVinataTopman">
      <zapas>591253</zapas>
    </kamiya>
    <oomiackTasserMulet>
      <looseAnnal>labaara</looseAnnal>
    </oomiackTasserMulet>
    <gliffsZaffar>
      <sangir>roggle</sangir>
    </gliffsZaffar>
    <wretchGrumose>
      <strolldShabby>arsinoRavinedPrayed</strolldShabby>
    </wretchGrumose>
  </anconasTypesof>
  <bases>
    <unnighFarlsBall>
      <abwabSilylBiorgan>albataDiscureLeftism2</abwabSilylBiorgan>
    </unnighFarlsBall>
    <farsiOrmazdTandour canoed="carriCaladeFollyer" writhed="8" guiled="12" lofterDerris="ammonalDorayIronize2545" scrivanAmarvel="weened">
      <vitrite>sidearm8918</vitrite>
    </farsiOrmazdTandour>
    <chela>
      <lech>91799</lech>
    </chela>
    <toluids>
      <nelkenSicariiCurara>haitsaiBusters</nelkenSicariiCurara>
    </toluids>
    <scattyScalare upbuoy="crispinNotaeumTercets" lieuWeesheePoggy="seak" lowaKetipicFatuoid="peposDurbarInbent" confabsBogan="guarrauVav" wappo="688" bancal="microbeCoryzal" firming="chefsJndIsolead">
      <plume>2</plume>
    </scattyScalare>
    <edithMunich gruffySestiaPooler="arightCobitisFet" muletasWiniest="3875" roey="gagsCotoMelia">
      <sawbillEnroughMudden>cultistScarves9</sawbillEnroughMudden>
      <piitisFanti strafesTrimly="889">
        <cowboys>tatu</cowboys>
      </piitisFanti>
      <guloseFoeti sunnudPepinosRain="hung" enzootyHangup="stupexMtgePulpit4774" stuckTerrierLeafy="hallelsMaduros">
        <gringoIroners>stimyCloy</gringoIroners>
      </guloseFoeti>
      <thugHorsteWaybill nahaneThrope="diskerIsfahan" riders="vengeSemesBlastie">
        <sordesCraalNegates>sieclesKerriDene</sordesCraalNegates>
      </thugHorsteWaybill>
      <mujikDagbane foilPrunus="victors" knesset="gravy962">
        <wiselyHellion>maimingVoiderSughed790</wiselyHellion>
      </mujikDagbane>
      <upframeRooving>
        <owenFirbolgTabus>70872</owenFirbolgTabus>
      </upframeRooving>
      <torses guhaIncubiMado="thigDawed" alumni="exurbanRatelIsotony" chytridLoamierBrevity="843">
        <laticesGerentsTelesis>6</laticesGerentsTelesis>
      </torses>
      <simalOutput viroledDatary="suraheeAzonItoism" barihBeento="192187928" milkedHynde="comfort" hotelsDamageVivos="goncaloHuronDolose">
        <noyauOblongsUraei>fishmenShillooPhocal</noyauOblongsUraei>
      </simalOutput>
    </edithMunich>
    <paque elyseeCleanupSpirlie="swarmerJagaTotuava44">
      <tarsiSelvaDevelin>94063163</tarsiSelvaDevelin>
      <cawky navarchActivin="gader" malvalScagsStory="402935" jow="43896" bruskly="anisate">
        <strLongearBrevit>bocage86</strLongearBrevit>
      </cawky>
      <uraminoBedub bircherKatinka="cagesIngrown">
        <balledBirdingDaunton>dioptraPujari</balledBirdingDaunton>
      </uraminoBedub>
      <tallateDeveins yachan="carboys10">
        <balmilyMonauli>49421248</balmilyMonauli>
      </tallateDeveins>
      <pinguidNeonate grittenSyntagm="chickenScutchs">
        <chinela>hicket</chinela>
      </pinguidNeonate>
      <denialPoduranFooyung>
        <wistlyPodagryRake>ersatz</wistlyPodagryRake>
      </denialPoduranFooyung>
      <parrock globingWanierDeboite="friesicBlotsAirwise6464" brocks="46" oouassaAgapae="53340139" ulitisOedemaStrafes="cunanSaltest8">
        <tonikanWeaserTrochal>pivotalAlantolButters4</tonikanWeaserTrochal>
      </parrock>
      <sagiest rub="stract">
        <ruddier>inlierSeriosoAlif</ruddier>
      </sagiest>
      <owes puce="impairsTabis" smurAbacay="lintie" treronTotquot="velunge" deafLenos="peaiAuhuhu9592">
        <thighSickoutGalumph>802</thighSickoutGalumph>
      </owes>
      <ship lesbiaBowbackStratig="coaming">
        <rankerAshine>myelineFilchesTellus</rankerAshine>
      </ship>
      <liliesMozetta>
        <styliseEmarcidKufic>mannasYohimbi</styliseEmarcidKufic>
      </liliesMozetta>
      <clowderJoltier>
        <ebonNonceSis>cytonZoysiaRedo</ebonNonceSis>
      </clowderJoltier>
      <abrazosImmyOutpush maskerFretizeSickled="94610577" bedawnRookingRangers="pulps" comby="pygmyAtheize" lunoidSplents="bettas">
        <flambesPulse>hore</flambesPulse>
      </abrazosImmyOutpush>
      <cappieAgeings acknewNauntle="number" frden="frugganKnife" pawkLatona="fraile3108" tiniestAlgums="8">
        <spikyForcatKeen>49</spikyForcatKeen>
      </cappieAgeings>
    </paque>
    <biontWeaker>
      <cryptaJiminy>alvite</cryptaJiminy>
      <portlet labroseFowlery="iratest">
        <vertOsideNuque>loory</vertOsideNuque>
      </portlet>
      <jefPiuri fenetreUntaint="burgles" gundieCabret="spunkyEntheal" stocahCooed="tissu4">
        <obrienDrowseChoana>3400336</obrienDrowseChoana>
      </jefPiuri>
      <loessSolipedUltima reequip="448131156" nicotiaDioriteAskoi="sunnsLewdestMummied6">
        <doocot>feccheSailfin</doocot>
      </loessSolipedUltima>
      <betsyFashBensh strad="harriedDulosis" bowleg="kickeeNachoMelaena">
        <untownPetrolsCand>drenchNangkaNetsman</untownPetrolsCand>
      </betsyFashBensh>
      <beefierBlankerGorrel>
        <doses>alureDaftar553</doses>
      </beefierBlankerGorrel>
      <gamey shankerFlaps="rousesPinicShopman" shrogsCumaceaKoosin="avocat" scypphiZymoses="morphonDagabaHaji" dhurrieGironny="tumfie">
        <yaponsEnspellSobeit>daddles</yaponsEnspellSobeit>
      </gamey>
    </biontWeaker>
    <lura upperer="819" brockleGlanceBluecup="ssedHousers" cedryUtsuk="flongsParedNolos" dioxanIlocano="efreetNixon" datival="outpoll" pledgeeUrealMunchet="waxers" rut="matsue">
      <rudish>curiaBurdock</rudish>
    </lura>
    <gerip>
      <frazing>gooders7482</frazing>
    </gerip>
    <fiscalsDaymanNikeno>
      <deltoidTuchunSportly>basonRetreeNugget</deltoidTuchunSportly>
    </fiscalsDaymanNikeno>
    <plowsClued>
      <sodasGalilee>serosaKodakry</sodasGalilee>
    </plowsClued>
    <michtBaraniTosk>
      <lache>shrubsHuloistHazle</lache>
    </michtBaraniTosk>
    <insert>
      <antijam>algasSip</antijam>
    </insert>
    <athyrisBarberoDigger>
      <hens>anted932</hens>
    </athyrisBarberoDigger>
    <lutaoRelatch bursaeTeton="wrinklyProodeLedol">
      <hormigo>khevzur</hormigo>
      <tabiraAnisoylBoke>
        <glunch>cahot</glunch>
      </tabiraAnisoylBoke>
      <guitarPreludeLoaners amixiaBemailArrased="erika" adnouns="sappedSudsingOutspy" heratDiker="anchoicHumidLayman9485" enamorVaultedHypoth="potrackUmbrelToroth">
        <tuneupImpedor>decays33</tuneupImpedor>
      </guitarPreludeLoaners>
    </lutaoRelatch>
    <psocine curua="jimjam">
      <scarryKagos>korovaPrexes26</scarryKagos>
    </psocine>
    <filches>
      <apoidea>mohicanSeminar</apoidea>
    </filches>
    <berhymePulsars>
      <boxers>302184</boxers>
      <aholtKinguGuyed ravedSurahsBabble="wakiup" duits="ovology">
        <mensalHusht>antrumTeem</mensalHusht>
      </aholtKinguGuyed>
      <tanak jaleeNashgob="lessenBroigne" rewake="uraSpursArabize" disroutBrendedYeuked="changarDofunnyTenuto3" cur="warwolfCerevis">
        <yang>21766</yang>
      </tanak>
      <nova abrasePotassaZinsang="validUrsoid">
        <jettons>gripedDoppiaGurries9005</jettons>
      </nova>
      <beswink inyoiteBecovet="iberiWooersPapayas393" lampersTenailUspoke="rob">
        <zeistLevelSchavs>5</zeistLevelSchavs>
      </beswink>
      <biotopeGypsiteFoveal seedily="smartieStoners" adobesMidsts="9826">
        <brollyFrogbitDictate>crybaby</brollyFrogbitDictate>
      </biotopeGypsiteFoveal>
    </berhymePulsars>
    <repinNutgall>
      <audiblyLadroneVenom>doesnWhaps</audiblyLadroneVenom>
    </repinNutgall>
    <epeidia>
      <gates>plodgeOft</gates>
    </epeidia>
    <crumen>
      <riblessDynes>66312143</riblessDynes>
      <sporalHumped mahzors="letch903" acidy="tutsReproCeroma" urnaeRagwortUcal="7243177">
        <osmolal>amositeSheenyMarline6828</osmolal>
      </sporalHumped>
    </crumen>
    <piaffedFoozles tetroleReliantKolhozy="4622" jitter="416306" edgiestJacales="8" citternDaudit="92778" bixin="luskBaburdNarrow" cogonsSooperGreens="2821095">
      <zaman>epiky1388</zaman>
    </piaffedFoozles>
  </bases>
</sonovox>