<?xml version="1.0"?>
<awelessPlanaea>
  <updatedBrender besteerCrowtoeAlphas="wadyXerasiaDaw918" blowerPremiseUnfiend="courageMugsYuppie" />
  <deads rhapheAnoli="exsectsKoaHeaumer3421" />
  <smerked fledgyUzbek="lovers537" infusedAstute="peatFlaxman" eugeIrisherToft="scarierBerakedVeiling617">
    <axilsWappoWhorly>
      <asseToadish>sexistMetring</asseToadish>
      <deviledTalpa>
        <redrew>reefersLitters</redrew>
      </deviledTalpa>
      <unscrewButmentPataco trombe="zohak" fecit="moed">
        <sarsonHildingGrided>osseousBowfin</sarsonHildingGrided>
      </unscrewButmentPataco>
      <linaloaAcerbas>
        <josher>ollapod</josher>
      </linaloaAcerbas>
      <owenizeSulfoneClaudia manful="macularCuarta" sistani="tallesSinaean" godward="rebukesTermer5">
        <bobacSnecksDemo>outmostPishes</bobacSnecksDemo>
      </owenizeSulfoneClaudia>
      <tannaimChasmsPurply>
        <bilioCoostImply>9913220</bilioCoostImply>
      </tannaimChasmsPurply>
      <veloursHaratchFurores dadeBieldy="canionsMonied" ananterZeugiteGirrit="atelene" taxmenAmorWeism="plisses" cycas="tsadeEdgingMalonyl">
        <toppleGambs>cycad9</toppleGambs>
      </veloursHaratchFurores>
      <carditaAvidly geotic="untomb" tholes="saftSkirp" ericas="tuathPinbush" rerow="chaucerMallowSashed">
        <vougeotRituale>1958631</vougeotRituale>
      </carditaAvidly>
      <terrierToeing ochroCowbane="fallsYanquiEvils" thingalBambosOttave="smyrnaCanopicGloboid9167" clash="roripa79" zaguan="unwebMagsSikar">
        <prutoth>ravages</prutoth>
      </terrierToeing>
      <wadgeDiptycaBoomed solfege="397" sheafedUlvaScag="gorUndewed" nubiasLunkerHyraces="ingrossUnitiveBananas">
        <eker>16</eker>
      </wadgeDiptycaBoomed>
      <rosttraPostact>
        <septateLayoverHvy>crtsFleshen</septateLayoverHvy>
      </rosttraPostact>
    </axilsWappoWhorly>
    <ingemSkeins acute="possumAstertLewanna" petrelBroigneArdito="mummingBeshine" durionsSarcomaSourtop="palmedSlate" eugenicCucurbIgnobly="7272797" toomly="gipsies901">
      <grapeyDiorama>74626755</grapeyDiorama>
      <accentSlatierToupeed glaurExplaitJugful="locatio" westlin="satiMotives" olenaPeeredBivial="thiram419">
        <pangen>daphnesDorbug</pangen>
      </accentSlatierToupeed>
      <inleakBullomSkirp drammerRecure="mahmal5543" cahitaTarnAil="modred">
        <glirineUnjaded>566071026</glirineUnjaded>
      </inleakBullomSkirp>
      <snasty>
        <potomacValkyr>chiasDolt</potomacValkyr>
      </snasty>
      <occur telegas="lawmake96" soryFavism="unroast" talwarDuhatGedeckt="bangyUsanceDamnous" lacunarMondain="shawyDelves">
        <sheersAguadaUnipods>olpes</sheersAguadaUnipods>
      </occur>
      <copus>
        <decantSpaysRebreed>756880</decantSpaysRebreed>
      </copus>
      <outnessSparClouded bethumb="avariceRancher" equuleiBloreChebog="usualEnviedCosmati" condosClingyUlulate="997746">
        <ciruses>enfants</ciruses>
      </outnessSparClouded>
      <athwart burgeesCaulkedUpspurt="hares20" cacumenPutherHapped="humans" getaway="7563351" laccolGeladasLansing="241427">
        <cromeDelates>morsure</cromeDelates>
      </athwart>
      <frizado coutureRuntime="trug" wirewayBess="bazarsIncubeeHitless">
        <pembina>browTilden</pembina>
      </frizado>
      <sclerDisport>
        <gummasBlawnUpset>hither</gummasBlawnUpset>
      </sclerDisport>
      <rissoaSpunny>
        <captiveAngild>eleatic</captiveAngild>
      </rissoaSpunny>
      <beaver gyn="sleb755" lovage="unspitCuts" begorraWeakerLazars="mockadoNausetPlonks" puruhaNobberTamas="38">
        <toronja>iminoCubits</toronja>
      </beaver>
      <tulip outlawPatise="cuspsUnpegRamson" cresolBerme="doaterMoodir">
        <chanduiBesourSpiered>8753</chanduiBesourSpiered>
      </tulip>
      <osteria>
        <beiceLefsen>zodChoraThen</beiceLefsen>
      </osteria>
      <madridRecurvePatrols nauticsGuglet="elkslipUroxinRevery" torta="tursioReeshieHaratin" sumachsWhales="your" taluhet="liparidBrussel">
        <prussicChasten>tiny</prussicChasten>
      </madridRecurvePatrols>
      <reskinCycl tagmeme="3980" tunned="snacksFogsMines" camogie="juicierIntilCuller">
        <iguvine>melica</iguvine>
      </reskinCycl>
      <brume ironmanRebankFormed="mazard9" sealineDecartKarts="jigmanReboxUnbell" shottenHaj="pistickRhizina" inductCoyosMint="amarnaBedgoerSeawant">
        <nificUnsheafAmeiva>ancienRabidly</nificUnsheafAmeiva>
      </brume>
    </ingemSkeins>
    <sway helverTitres="hanch" teelMiekZelator="2044786" pyrexicInion="581580" bigamy="yowiesWhealedBunkers" goumiAgre="coupeMulgaTavert" bondsTossutGem="ethionsAugCampane">
      <moult>incorpDaseinVatfuls</moult>
      <skunkedCrossedCroft ller="9">
        <samburMacheerLacquer>daza</samburMacheerLacquer>
      </skunkedCrossedCroft>
      <strums prior="jahve72" schermNemoralPulpar="sokaYampTypeset" cephid="remanieFrigorTraces" frippet="sundraLeadmanSurtout">
        <chowLepcha>hammalSparm</chowLepcha>
      </strums>
      <oophore gyve="2" spoolFylfots="unqueme" lathe="upborne" roxanaWeem="69">
        <gloomsWadsetsDiwan>curacaoFierilyPeytral</gloomsWadsetsDiwan>
      </oophore>
      <eelworm unweldMacupa="piddock" hance="7" cauline="lenvoy">
        <poppet>25038993</poppet>
      </eelworm>
    </sway>
    <yaud>
      <peery>advowry67</peery>
      <lineage hatteNombril="shelfMirificTacker1">
        <cesiumsShaped>carpent</cesiumsShaped>
      </lineage>
      <lurkedThiamin eccrineDomptMootmen="peopleDoomer" slugSmift="taffetyBoobishLunting" envayeWolvePrn="hoddins" apepsyJagger="tunicaOunce">
        <prittleRaught>conjectBields</prittleRaught>
      </lurkedThiamin>
      <momish faginLoppers="acaudalMyrrhisCondone" ichthysRinkiteLaud="porus">
        <burbotsSowable>apogeic</burbotsSowable>
      </momish>
      <outswum apopyle="cerineOesogi" opposit="adultsTariqat">
        <rabbinSlitty>ferio40</rabbinSlitty>
      </outswum>
      <korecCanzone centumHirer="pistolMoored" nere="728">
        <tsarina>winnle</tsarina>
      </korecCanzone>
      <plywood yowes="asquirmSneeryKetosis" lumpetTossing="shillsUnwayed1" lacet="kinuraSermonBakery">
        <doucetSerfdom>folkmotTyddyn</doucetSerfdom>
      </plywood>
      <waygoer>
        <remixedRovings>talleroSeidel</remixedRovings>
      </waygoer>
      <guards bougies="antuUnclify" enwiden="sardGraphy">
        <skibobHerbish>pyrazinMannWauked</skibobHerbish>
      </guards>
      <miasmsProagonArcade mumbler="ulcer" bignou="205" vergerPostic="tareqPlutean" spanked="935029">
        <scaffleUnkey>nymphaWhervesBissext</scaffleUnkey>
      </miasmsProagonArcade>
      <hajesTushieAlantin khutba="epigoniPinchesWirra" mushingLasius="arbelaPencilsFluffy">
        <goitreUnbayHillmen>uvverHighMimetic95</goitreUnbayHillmen>
      </hajesTushieAlantin>
      <droghUnlax flytingLaroidUntripe="semimatLupeolPurdah" ardeaVerily="nationsMugient" percoctBibbler="946">
        <joieCellFract>gleeman</joieCellFract>
      </droghUnlax>
      <alodium razzedBulbierBuskers="smeeky9077">
        <tonemePleads>813532</tonemePleads>
      </alodium>
      <pellianUnwraps skylikeVincent="rarelyGraisseKarite">
        <aglare>kueTyrosyl</aglare>
      </pellianUnwraps>
    </yaud>
    <fatalsColyum>
      <ramps>7703291</ramps>
      <perukes begohmAvijjaBrinier="dicksArrgt" orbicDrest="narrowXylinaCredit5126">
        <goutteImbodyShinto>summage</goutteImbodyShinto>
      </perukes>
      <sangas regretKidded="pharianDomNested" hyakume="portlyMetonicCow">
        <thurify>quinaryAutismsNagara</thurify>
      </sangas>
      <smelter>
        <stoupsAurure>lungersCopiedEmbowed2239</stoupsAurure>
      </smelter>
      <behenicMennuet>
        <taniticMethide>hogling</taniticMethide>
      </behenicMennuet>
      <arumsAbsoilJigote>
        <pressieSkimoFlights>nitroso</pressieSkimoFlights>
      </arumsAbsoilJigote>
      <mayday stoops="latents" crosseSayeeBelli="valiant" upsurge="sturtinAdaptsSeptet">
        <shimmeyKayoesJelloid>zonulesHoofing</shimmeyKayoesJelloid>
      </mayday>
      <haltere>
        <oranteSubiya>dingingAwardGigue</oranteSubiya>
      </haltere>
      <talahib frizelMactraNargile="11330" hippyPagrus="foxilyGanofsUnposed24" hau="redeyesEscheleOvoids">
        <upsidesSpleet>outjutsTitmen</upsidesSpleet>
      </talahib>
      <ziggerPirogHeadily griegeTailpin="odds954">
        <bellic>ichibuPieterMacula</bellic>
      </ziggerPirogHeadily>
      <scorseEbraick bago="wairsHeirdom">
        <forleitAcresSlurred>matax</forleitAcresSlurred>
      </scorseEbraick>
      <hulloa hasntPetitPewmate="soarSquirtsDgag" jigsawnJezail="ain">
        <cabocle>shipful</cabocle>
      </hulloa>
      <mirkBacchar gumboilNasrolHurlers="loperPianismUnder">
        <crawlMasselVilli>fondedIctic</crawlMasselVilli>
      </mirkBacchar>
      <subjeeXarque aesir="rechart" sadhesTrioses="barberoCrowdFriseur2254" spidgerCariama="arbors">
        <sunstayCahill>5</sunstayCahill>
      </subjeeXarque>
      <inlandMummsPursed ovensLedger="currsWracksFels" cornualMutageJavas="beclogAcremen" sunkieLaccaicMeniver="picariiSimsRefines">
        <tutler>ausubos</tutler>
      </inlandMummsPursed>
      <relaxes adjtTrinedMoonset="46095" indictPatapat="unlustySat" snicksWhalishSolions="seizerNeat" enduros="pelonSaguaro2183">
        <canezouWhoopSloshy>544</canezouWhoopSloshy>
      </relaxes>
    </fatalsColyum>
    <nowhereRobingSeisins alveloz="heifers" reyokeInvars="kischen" intilAnseisUnhasp="genl" zygoidXraySolver="tolesOutwept" unblentGlowflyHumbler="glaik" fugio="7993455" nodated="813350">
      <suretyReemishAblaze>devDerthZimmi</suretyReemishAblaze>
      <jubilarDolesLiszt>
        <orfAmarantRepad>5681</orfAmarantRepad>
      </jubilarDolesLiszt>
      <britherSecuresPalters dvorak="unpaidDikkop">
        <surerFlockyLustred>comte456</surerFlockyLustred>
      </britherSecuresPalters>
      <lobusFolioleForbade ovoidalAvenyMizens="loriesSparser643" swimYorkistContort="lucule16" lushyLogwayLotter="vomited">
        <thomism>nootkaLiversTriple</thomism>
      </lobusFolioleForbade>
      <rummagy jonahsPleiadsPossies="676202">
        <epigoneVersusRein>meileYont</epigoneVersusRein>
      </rummagy>
      <jauntyErf>
        <precony>peel</precony>
      </jauntyErf>
    </nowhereRobingSeisins>
    <chilion cahierSloopsStrette="stropCyul" prinSchorls="55">
      <argyriaSurphulCroatan>pekeGratis</argyriaSurphulCroatan>
    </chilion>
    <eryngo justusJamie="5958">
      <cycloseRandem>909714078</cycloseRandem>
      <debased sheals="rhebokUncocksBumkins" spikyBoil="hempy" royalsHaycockArchine="xat2102">
        <bothie>fervidWhse</bothie>
      </debased>
      <cameoIndult spacesBiforin="rld" attalidYaka="haffleAfearedStriga" sabana="abaskBegirdInfamed" rebecLoxicEmbrute="stichosShaitanFibrous">
        <tining>dabby</tining>
      </cameoIndult>
      <needsCasimirRoister>
        <galvo>hootingAmins</galvo>
      </needsCasimirRoister>
      <reddVerminRelaxed hadstLolium="layupDarlingSmugism" cressy="signorFelloeSakeber">
        <falding>hettie</falding>
      </reddVerminRelaxed>
      <evelina lindaneCurvy="moplahComourn" miscuedDeboiteGrotty="unhaleWondieProcess" sapiensImmote="135988021">
        <strobe>scranch</strobe>
      </evelina>
      <graperyMsl>
        <mandyasEstado>915740521</mandyasEstado>
      </graperyMsl>
      <brechamParava essenicHasting="perronsFleamAiwan" cuppierRoosty="vault">
        <legateInkiestFloody>6030510</legateInkiestFloody>
      </brechamParava>
      <apologyAbseilGley rehaulKrithiaSigmas="aphyllyDapping" domboc="ablFermacyCapsids" carwash="babiana" werther="butsuDoorba">
        <penibleHexingOrantes>ochro</penibleHexingOrantes>
      </apologyAbseilGley>
      <loopingUtopianAdder pestful="151224" obsceneValouwe="lallandMossesFlux" acetoinFogbows="bromous" plummyCiliaryLechosa="musetFasciasCarneol3107">
        <rectWeznGeleem>flunkyCain</rectWeznGeleem>
      </loopingUtopianAdder>
      <dogfallBovidInly chomp="6065921" towdTiaraedMudhead="hearst">
        <pangful>onfallKaifStremma</pangful>
      </dogfallBovidInly>
      <kabuliAntar leigerLamperAzimech="atimon" piscine="stanchCorah">
        <natchez>458941</natchez>
      </kabuliAntar>
      <iodousEyecup foxiteWavira="169865" serosae="gloutLanelyPlatly" cloneTrinalOrwell="elected" faysDittoedShoq="becallGyrus">
        <titurel>tissuedCreatinRunsy</titurel>
      </iodousEyecup>
      <medleysFlotsam nevoidUnmildWhey="crowhop">
        <chwas>retaped</chwas>
      </medleysFlotsam>
      <marcsHypoxis topicalEvadesRetest="tete9778" veninesPedlersGlod="buriTrinilDodgery8" roggleOctonalAnre="cahuitaAsweatBardier">
        <skoutOmelie>balker</skoutOmelie>
      </marcsHypoxis>
      <cormacKeap omicron="djelfa" ellingSubmindDeletes="unpaledDrugEdgings" padri="ugli">
        <epichil>abodingHumeTimet2681</epichil>
      </cormacKeap>
      <croodle podsnap="ferriteBurling" anury="93171142" bagheli="bunniaRampler">
        <kist>cotylarFlitterEremite</kist>
      </croodle>
      <soukDisegno pagodasTercetMurk="lipemicHirsute">
        <tyromasBeekMerl>hymenicUnwaryLivid</tyromasBeekMerl>
      </soukDisegno>
    </eryngo>
    <tenfold>
      <peacherLysol>upworkTurkeyGult</peacherLysol>
    </tenfold>
    <kiaughBarmen>
      <kumariAdvisor>borax</kumariAdvisor>
    </kiaughBarmen>
    <inheldeBunks>
      <unrebelTurkeys>osloMuncherGraved</unrebelTurkeys>
    </inheldeBunks>
    <nobbilyInchainAflush vali="khedaFanum" panarySortita="dirlingLactyl7200">
      <epheboiSpear>hoaxesKvutza3109</epheboiSpear>
    </nobbilyInchainAflush>
    <funicleSantee wonningProggerDispond="aramisKophs9" saves="fili" roamers="twoness" limpsPonying="9452582">
      <variaRetool>stembokBestabMustela</variaRetool>
      <carneysWaumleFeints filmset="sublimeDormersLudgate" valeweWheatyRowdily="lobularRiyalSesame" rhachisPrependCuffer="lineupsShoful">
        <spreadyOutribMinar>clumsy67</spreadyOutribMinar>
      </carneysWaumleFeints>
      <hat>
        <cepWannaReflog>zebecTollmanBitt</cepWannaReflog>
      </hat>
      <panurgeDharnaPliers ardellaFelonsMucopus="adrue">
        <divestSkited>inorgRacesToasted</divestSkited>
      </panurgeDharnaPliers>
      <ternion>
        <shellak>3</shellak>
      </ternion>
      <earingGamutRorqual pareQuarrelMimes="miniums" wolferLatent="31100050" porogam="fibrilMimmock" airMuggily="13993">
        <bousingHikedRatcher>valiant</bousingHikedRatcher>
      </earingGamutRorqual>
      <dibhole>
        <amotionAbear>padle</amotionAbear>
      </dibhole>
      <bugSilphid diffame="453">
        <droukanGanzie>resideLicuri</droukanGanzie>
      </bugSilphid>
    </funicleSantee>
    <brest leep="2287" morgenDanaid="tindal" afaceEquesRizzom="7" tigtagCamanay="reffeltAtavismMakale555" pereiraPercaseCrew="pyralisArcheusNese" crasis="3654491" motlier="spitkitDipseyChapah">
      <cearinPredraw>nonegoSpruesSmarmy</cearinPredraw>
    </brest>
    <fellers>
      <pyuriaUnlashCheerio>atween2002</pyuriaUnlashCheerio>
      <twixt typicaThed="39083283" ignoblySquiresPitwork="drumlySwamySudsed">
        <becomma>vest479</becomma>
      </twixt>
      <guttier resit="passen" peonismChapped="plf" metiersOphism="unshakyBowkerDebit">
        <nuanceBoxing>7127</nuanceBoxing>
      </guttier>
      <omander koolauInfidel="smashesShankarAmylase">
        <trope>testacyMythistMuskie</trope>
      </omander>
      <pagedomValvesCheeped enkiduBlowie="82">
        <tup>skreelWadiVastity</tup>
      </pagedomValvesCheeped>
      <tineidWeewowDecoy cabbalaMegass="itelmesArtus" snawed="becasseDefuse63" florae="326158" kugel="swepDank">
        <effieLapDroning>52930733</effieLapDroning>
      </tineidWeewowDecoy>
      <weensBandakaBidpai>
        <golferSpirtedLection>melaDoncyJesses</golferSpirtedLection>
      </weensBandakaBidpai>
      <thaness fribTopworkMaidish="uncharyRabbinsScowing" trawlsFoxBegalls="charpieSpaked" nocturn="alix">
        <wacksDecantFungid>suchosNeseBumbaze40</wacksDecantFungid>
      </thaness>
      <biodPanamasCiliola rostraCuemenSmitter="cadentCayapa" belikeMedine="mether">
        <fibryPrises>forminOvicideEugenic76</fibryPrises>
      </biodPanamasCiliola>
      <ingem picrateVaivodeLudibry="impalaChymics">
        <begobsCantata>13867</begobsCantata>
      </ingem>
      <fleeted nuggetGristCods="hypogeeTomboys" beclapBafflerArayne="oxtersMirdaha" luracan="suckedBustianSpews">
        <guardee>closetsSexists</guardee>
      </fleeted>
      <unicedSummers puri="ullucoShiksa">
        <favorsAnswers>retallySkewPrequel</favorsAnswers>
      </unicedSummers>
      <sorbsCaprateAdin>
        <dali>roanTexans</dali>
      </sorbsCaprateAdin>
      <spoorsMuddeFoozler ratteen="tph" lappicSubtray="dildoe" tigonOvertoe="800901" congiiLooker="19">
        <ochryJarbird>heliastStethyKoswite48</ochryJarbird>
      </spoorsMuddeFoozler>
      <manterJustLignous goodmenBourbonCort="roles" adretTeathe="koradjiStark782" earnSledderRaced="dottles">
        <poxyEileenDoitkin>bancoNigrous</poxyEileenDoitkin>
      </manterJustLignous>
      <bollock vexful="seinerProtyleKayan84" chaggaGalecheEgglike="moplaPlatensServist9395" genecorLiqHotkey="sikatchPropmen22" ovenmenJowterAliene="272089">
        <laminae>reproofVisitaDipyre90</laminae>
      </bollock>
      <aloddiaDictaMailbox>
        <milled>walkupBreakup</milled>
      </aloddiaDictaMailbox>
      <prisereInvidiaAymoro kasidaNimbed="muzzyAnemoneDumble6546" playboyDefuzeGrama="incusesSyconidShivvy" korahJufts="flexura">
        <lesion>4097751</lesion>
      </prisereInvidiaAymoro>
    </fellers>
  </smerked>
  <grotsRibbyUnline laminBunches="upskipNaricFise" blamingIliaSatraps="visor" />
  <nouns waxilyCoannexRebecca="16" wambuguVulvas="trishaPiscine" lippenForsarLoaches="droved" />
</awelessPlanaea>