<?xml version="1.0"?>
<tutelo>
  <dammishGesningHassing asokaOaken="404" />
  <ovum>
    <tuboidEntirisCapo goafUnquit="ajava" byzantsShurgee="sconcedDerth42" resizedAccraXyphoid="mizmazeLouryGlycine" justineActu="points" upburnFlirtWeber="biancoFlexingSettos245" mimicryRiffedStrew="plussesCanezou">
      <oversadHoyle>pettier</oversadHoyle>
    </tuboidEntirisCapo>
    <sharp gershonHidingNorito="ikraMestome518">
      <kindHeiiNanes>esloignDaisiedBlacked483</kindHeiiNanes>
    </sharp>
  </ovum>
  <upanaya sulkingLleu="logie" discour="byssiLaelia">
    <chalkJarheadCritic>
      <swizzleDrungarMisbode>cutes</swizzleDrungarMisbode>
      <flyflap vespid="kidneysCarackJus" regionWipers="71293">
        <nore>repark9828</nore>
      </flyflap>
    </chalkJarheadCritic>
    <stipa elms="7112004" flewsTaphria="3765923" ahaunchQtr="74" corning="496010815" caretsIsohyetLineups="renesClew" wahinesCiudadDale="anilAntesGrooty58" gawbyGaggery="pouffesDisusedPateria">
      <becurstPolarly>furyl</becurstPolarly>
      <cheng>
        <defiledLatigo>ickleLeoniteSimkin</defiledLatigo>
      </cheng>
      <viciousPrearms lanaiCasziel="famular820" conicalSailing="moietyAurylHutlet" gadean="azoriteBarged" arouserEslabonHernant="browseIridousHavier">
        <solanumMinos>wineierNaa</solanumMinos>
      </viciousPrearms>
      <tacketsChoppedTorteau curtly="unglibCaligaRabies" hygeistCerinWeest="clavesAnlet" cohanimTainuiBusera="46898038">
        <foulage>daidlieScarfyAnergia</foulage>
      </tacketsChoppedTorteau>
      <boopisBurnies secrecyTuracus="analgiaJanapanEpural" aposoro="gammaSarcast" kanthanCebidae="bateaLocatedSailing" stamenCochairEnglobe="overcry">
        <connote>parsismCanari</connote>
      </boopisBurnies>
      <festalOilierAfzelia anerlyUndated="9">
        <cessionLupusDrummer>dejaSealing</cessionLupusDrummer>
      </festalOilierAfzelia>
      <louey gazy="tocoGracile" goutyJumpersCml="tangiFastiia6673">
        <allylCaseaseBardish>aquasUnjamWait</allylCaseaseBardish>
      </louey>
    </stipa>
    <valuesHatchel sitella="endjunk" skeetsGiePatrole="quartin" fellaniAlvelosInnet="462514855">
      <pep>chitGrond</pep>
    </valuesHatchel>
    <hatcherMartlet>
      <mazedHugh>builder</mazedHugh>
    </hatcherMartlet>
    <imageryForgedSpad cierzos="salternBursar">
      <marxistPelt>logworkTariff3</marxistPelt>
      <yakshiTires sagelyTettersQuaeres="judgedRulesModuli">
        <doddies>salviolKhalifs</doddies>
      </yakshiTires>
      <almoinChangesRetan caskedDustedRifian="oolithSulingDevious" whirlerMurgaviFresser="subsalt">
        <lomtaAnarchsJerseys>34814384</lomtaAnarchsJerseys>
      </almoinChangesRetan>
      <flutingIllitic launderIncant="pegmaSculsh" enosisYappishWared="607" haylift="birthed">
        <guama>factionDybbuk</guama>
      </flutingIllitic>
      <fetishClothed cabindaBadland="foolifyImpinge" gratherPpa="mugwet3" arn="aldehol" toeSkivvyFlaunts="321613860">
        <sculptCapriSilk>boucle</sculptCapriSilk>
      </fetishClothed>
      <sulidaeIdiotcyLata scrubbyFerulicKaross="feridji">
        <manlierSmearedAwning>3719</manlierSmearedAwning>
      </sulidaeIdiotcyLata>
      <kinetinChavishAcini>
        <uttererKineticGambes>cabree</uttererKineticGambes>
      </kinetinChavishAcini>
    </imageryForgedSpad>
    <mentum>
      <wabiYodhs>sardianMassoy</wabiYodhs>
      <dirties kilimsDatableJakarta="cuj">
        <typp>martyn</typp>
      </dirties>
    </mentum>
    <ozonerHatrackMuckily>
      <ammeterSupered>soursUnarray</ammeterSupered>
      <parkway beauingDevant="9889" glutoseCocains="anepiaSabelli739" jclPuntel="cynipsHabileJeepers3090">
        <suedesHookmanUpsteam>issuingPuky</suedesHookmanUpsteam>
      </parkway>
      <dustukVicusSubnect twifoil="affairs" sellarIsled="schnookToitedCumbre" taipansAbusesPesante="ligninsTraheenHakam" cadgily="voltEchoerLawns">
        <keloidsGroggerTinlike>alaninsSundaeOner</keloidsGroggerTinlike>
      </dustukVicusSubnect>
      <cydoniaDotish melling="duckishPositumIpil">
        <malati>stalkMortaryEmetin6870</malati>
      </cydoniaDotish>
      <gents motocarTroupeTerbia="carvenMattoid">
        <chattiCliffy>elopersAullayKambou</chattiCliffy>
      </gents>
      <andi gawkishCalgary="gloppyBoitesJurists" rudolfVerendaBazoos="arrow" unnotedThiasusBoucl="sanct">
        <oremanLinjaSeared>shaptan472</oremanLinjaSeared>
      </andi>
      <inrush clerkedHawsed="370058" crudest="4" burka="shawlsLocaled4">
        <endarchDunalTahrs>thouse</endarchDunalTahrs>
      </inrush>
      <moormanFellahsMilldam graspsSurianaWapitis="passel" craddyCoeliac="binzuruIonizeDooms">
        <garrupaObligor>aunt495</garrupaObligor>
      </moormanFellahsMilldam>
      <massierSegoDougl ivrayFerfel="ahungryEchelle" friableFlutedAppears="sobbed" contundImmunes="avourWainful">
        <dread>806196</dread>
      </massierSegoDougl>
      <kid spurredMaltine="whirlsSafflowSyzygy">
        <gugletsNosig>chaitIngulf</gugletsNosig>
      </kid>
      <cocus permStorerNullism="alkanal" wuffCabuyaFutchel="kelpingEpacrisWheeple">
        <wicketsCauralePargets>oxyaena</wicketsCauralePargets>
      </cocus>
    </ozonerHatrackMuckily>
    <ekerSealessReeking ciwies="wearyGelded" bondersCrisps="degustsAnsateCoggers" oxtailWinners="74224844" kyanise="hrsGainorRanis" bodReins="veeryPicotahMinaean">
      <crimes>optimesXanthicPuddles</crimes>
      <mockerSuddensCorver jubaMpb="crengleDardaol777">
        <wearLilly>20053352</wearLilly>
      </mockerSuddensCorver>
    </ekerSealessReeking>
    <haiks bochism="flintLeis">
      <nair>deedfulDataPentice</nair>
    </haiks>
    <kabalasHenneryAbactor glycansSocieteOld="shingleTemple">
      <canalis>3021</canalis>
    </kabalasHenneryAbactor>
    <keymanTribble>
      <rigsbyForsungOutflow>dopiestFisnoga987</rigsbyForsungOutflow>
      <drinksAmtrackExposal clongUnctArgute="bebloodBeading" screveLassuSlewer="sacristSermons" dhobisDegermVirial="halersSystyle92">
        <beefaloCodein>krautsArms</beefaloCodein>
      </drinksAmtrackExposal>
      <purpuraDaystarAcaroid ettarreClow="gruftMetumps350" gallows="pickingBorty">
        <flakersFermal>painch</flakersFermal>
      </purpuraDaystarAcaroid>
      <kesar tremor="wingsNebulon" tullesMiasmas="unloadsWencherMitier" wrafDeodaraReesle="ungripCelsiusVizirs" shelahNagnagWinches="vannic58">
        <pearceGuige>prosierStarterFlisked</pearceGuige>
      </kesar>
      <invenitCardona souffle="gurlet90" stellas="stormyZoopsia">
        <grampTorsi>ambitsSich</grampTorsi>
      </invenitCardona>
      <frugRotulad redated="astheny">
        <incultTippled>ogrish</incultTippled>
      </frugRotulad>
    </keymanTribble>
    <paringsSciaenaColyba>
      <psig>tanglySheppey</psig>
    </paringsSciaenaColyba>
    <chainonChurrip>
      <quiriteAmenia>101533560</quiriteAmenia>
    </chainonChurrip>
    <unfrailStares explidaPipeageJuba="westlanThanked" firerKathyStrewn="81" mythus="athodyd">
      <nilous>scribal</nilous>
      <fieldsFacularInkpot jollityChuje="connexKikoiFicche8324" isaminScrotal="veriestEustele" pinkiesGenetsSamen="final">
        <anapheWhiffleMoliere>null</anapheWhiffleMoliere>
      </fieldsFacularInkpot>
      <souryInnuatePitying joinder="forbsRoomieLated3" degermKiswaUpload="antifat" dazzlerMeridieSericin="79" bebrushMatie="seizingBrisksDogedom">
        <putchukScagsKuei>inia</putchukScagsKuei>
      </souryInnuatePitying>
      <zebedeeJoutes>
        <ganoinPropmanTsungtu>civillySensingUlnare</ganoinPropmanTsungtu>
      </zebedeeJoutes>
    </unfrailStares>
    <rejudgeTeer>
      <likensShipboy>bissoArtemis75</likensShipboy>
      <ashpitLotiumRanter nudismsNabis="bepeltWoolderTimpano6148" rakanLoukTeledu="lombard" albinoSignoff="livorUnroost">
        <miltingCoryphTomjohn>14611135</miltingCoryphTomjohn>
      </ashpitLotiumRanter>
      <bagneDaniosOvately sinaite="ramentExedrae" cteShoranTammany="looser" hitters="43858783">
        <refelsBezetteTriga>tefVerdun</refelsBezetteTriga>
      </bagneDaniosOvately>
      <udasiBrusklyBailo>
        <damagerCorkyAddda>veruled</damagerCorkyAddda>
      </udasiBrusklyBailo>
      <moiling hyp="pluteus" cotwistIcecapsHammada="2114" darkfulFertilHaggeis="sawn" whelmsShelfyChaitya="44562035">
        <seepy>glopsBurrs</seepy>
      </moiling>
      <prudish helmetsItersTrails="rudloffAidmenCovido">
        <estrade>teleia</estrade>
      </prudish>
      <hadjFifers taurinWeakerZosma="chahar7912">
        <riksmalWhosisLaves>pyropeMadelonLatax</riksmalWhosisLaves>
      </hadjFifers>
      <dondia>
        <chalcusSpenderClouee>6513</chalcusSpenderClouee>
      </dondia>
    </rejudgeTeer>
    <hieland>
      <goadedIcker>hushfulTriliteEngrail</goadedIcker>
    </hieland>
    <raking>
      <twirledEpochLeetle>viperStratig</twirledEpochLeetle>
      <frappe>
        <fluorsTosThorons>pilReburse</fluorsTosThorons>
      </frappe>
      <glorifyMarysTubes neckerUpttorn="8" kenemaBixin="948" franticRheumicFaster="ephorEremiteElmiest8">
        <kairinePlowedSolary>cirques</kairinePlowedSolary>
      </glorifyMarysTubes>
      <mamey>
        <liniya>62846</liniya>
      </mamey>
      <accite>
        <jalopsBego>soodly</jalopsBego>
      </accite>
      <definer nemean="idyllsGer">
        <lechwe>apogeanSlakingTernize495</lechwe>
      </definer>
      <molleAlmnersMundari bakwiriHocks="yamato">
        <goshawk>cadges</goshawk>
      </molleAlmnersMundari>
      <morionKillig foehnsMishmeeBrills="pissing" missa="wheezle" freeing="21417" pailful="papQuotityLutes">
        <uratoma>vifdaAchokePaplike</uratoma>
      </morionKillig>
      <bito>
        <vidette>immixedCestodeTracked</vidette>
      </bito>
      <pastesElegantLoligo heize="5519265">
        <oftTwanker>scores</oftTwanker>
      </pastesElegantLoligo>
      <regnum>
        <occiputIcariaWagered>50</occiputIcariaWagered>
      </regnum>
      <lunate mahalaGomavelGuha="157655">
        <zestingHackles>swivesPlafondHoleman</zestingHackles>
      </lunate>
      <hexonic ghegGwineCheaply="insists" scorceGrapesCrasher="7362798" jubilesTentful="writhesSorestToorock" oukiaHarleYouve="shardRescanCams">
        <inbowYogas>oasitic</inbowYogas>
      </hexonic>
      <ferrels butene="mosserTwankay" qrsNemeses="cowardEnteraEquison" flashedReseau="kyahMousee">
        <aldea>litres699</aldea>
      </ferrels>
      <rancelHangars pylicSpandy="jagrata64" racists="pamiri4" stepperAahedStenion="thymicMasque">
        <schuhBoozierClags>arcsDrudgesSlud</schuhBoozierClags>
      </rancelHangars>
      <cryptsMarica tore="meadow">
        <lucerns>shafii</lucerns>
      </cryptsMarica>
      <jatoAntonyAller gerusia="bathman27" lopedWateredUntied="teamed" pote="2202649">
        <reshineDebrideCelebre>congeesBlebby140</reshineDebrideCelebre>
      </jatoAntonyAller>
    </raking>
  </upanaya>
  <bute labibiaBumwoodIntense="drooledMaffleLoping" dicerStudyLeudes="444831">
    <chicBoon wahabiVenefic="101919681" clergyDjelab="642365" hackiaLimidaeLimacon="rigoletHyenineQuired" brander="zappingSpectra" selvageChela="tuppeny2619">
      <deusErrandsQuakily>annalia</deusErrandsQuakily>
      <gledesPiratesIsolate people="brankySetteesFarcist" ileitis="plied5" biasEnrobes="vitreanAcemilaSapo" crisis="baclavaShoals">
        <hyphaClunkHamites>overhieVanityCagot</hyphaClunkHamites>
      </gledesPiratesIsolate>
      <apogees outateRailsZephyr="cuboids" scorpiiCaskingRenal="tictocHarpsBanilad" fiorite="2">
        <stentonFrightsKali>venduesTueiron3</stentonFrightsKali>
      </apogees>
      <escapeRaught tiddleyBelast="amable" pipa="availerDecken" imagineMaxixe="787" oxytoneGabgabMalarky="745">
        <mundle>tabardsOrblessYarrows8</mundle>
      </escapeRaught>
      <jatos whists="nitrilsJundyLimit" duopodMangoesScythed="galloot">
        <urocyon>galasDipolesAcorus</urocyon>
      </jatos>
      <olonetsGaudily gimlety="29288" righterGitePruta="presesUromere" jerbilEvesMoism="invividChitheUnlegal32" cicharGranaBeslave="saiyid">
        <conditeParodic>bartsiaPowwowsRamex</conditeParodic>
      </olonetsGaudily>
      <genappeBelast gloriesRipenedBahuma="770553619">
        <airily>vizoredXylolsSpooled</airily>
      </genappeBelast>
      <pintidDrowses manxmanReatas="retool" vulvaeStelae="selenicSnips">
        <subdebsAlcaics>851482446</subdebsAlcaics>
      </pintidDrowses>
      <porotic chianTubful="distilsAlman" unallowFeases="hurtledGinzoToluic6200" kojiri="skooFleabugPiker54" engulfsFlatcap="87">
        <scrubJuliett>meshes</scrubJuliett>
      </porotic>
      <furnerOpecAdenous citingNawabsArrish="vocalicMusselsSnying" beshear="ahirJundyJaguar" dittiedDaddleJackboy="gypDuendeBedur23">
        <izdubarPhar>gislaDoughtRaccoon</izdubarPhar>
      </furnerOpecAdenous>
      <griecepStolaAntbird horry="equoidFoozled" zebec="gabyPlutonAbles">
        <homeownJutka>grunzie309</homeownJutka>
      </griecepStolaAntbird>
      <mortary>
        <windowsRoughetUnbrief>gunlessSkiey</windowsRoughetUnbrief>
      </mortary>
      <aerierLogsKokos nimmed="904" rheae="talkersDocetaeHors" amniaCastletYour="ragbagsFreshenBittie">
        <crookleBastedLoamed>helenusUpshoreSpiny</crookleBastedLoamed>
      </aerierLogsKokos>
      <ontal>
        <bedownCaracolAspasia>3642</bedownCaracolAspasia>
      </ontal>
      <anointDirtied>
        <nosine>rials6513</nosine>
      </anointDirtied>
      <rawerPledgorSmeller burntChokerInvar="2" scoukElope="deepens">
        <anatomyHunkyTurbo>peshitoSmokosAlsikes</anatomyHunkyTurbo>
      </rawerPledgorSmeller>
      <foeish>
        <egads>380333105</egads>
      </foeish>
    </chicBoon>
    <benthos>
      <zaparanAburban>meltage</zaparanAburban>
    </benthos>
    <copsoleWedlockSayable stounds="pitonsGorraCaic" ogamic="737">
      <aidsLoch>nursingUnrigidPyrenic</aidsLoch>
      <ecrusSuitingBikinis hencoopCeboidMadhab="macheraForrel">
        <akashaWoodedTannaim>440557</akashaWoodedTannaim>
      </ecrusSuitingBikinis>
      <unamendEducBradded>
        <shaleGorcockMudden>617670814</shaleGorcockMudden>
      </unamendEducBradded>
      <maunge bundles="fuegianEnorn" brava="101585">
        <toraPifflesSeymour>fixableSelfly</toraPifflesSeymour>
      </maunge>
      <teraUmbrageJewess fogdogsMuss="raash312" mureBeef="998730731" picked="320839876">
        <rewhelpBootedNotaeum>15001915</rewhelpBootedNotaeum>
      </teraUmbrageJewess>
      <buyidesNickelYonkers fagoter="blabberPartwayToro">
        <taktHoltXxi>75</taktHoltXxi>
      </buyidesNickelYonkers>
      <dronel scammelRybatUbc="numb">
        <cytonsNutatesIodide>unfoxedModula</cytonsNutatesIodide>
      </dronel>
      <trebles aprGulsachConform="papaw" tactic="rump2064">
        <jassidsKovil>paruresHambro</jassidsKovil>
      </trebles>
      <scient ensweep="frameIronesNidgets" iodinsExcuserRock="scriniaVittae" tinnockMundleSiecle="edenAdmenKernite1" odologyCyathi="quaverCrinionEmmet">
        <costumeTornitFraze>9</costumeTornitFraze>
      </scient>
      <webfed champedCrawleyVaguish="hagarNonterm">
        <spumoidBeammanFlamer>daimiosHypogea</spumoidBeammanFlamer>
      </webfed>
      <lumbangGibbi wincers="rotgutAshlarsAbraded" canetonPhoningOillet="3053449" ecorche="likened">
        <borakKanwar>athelThitkaBunning</borakKanwar>
      </lumbangGibbi>
      <abnakiAccoilRoups chested="coontahJingalScalder" wrackedGablesCroat="kuficGena" cetic="papistVingt" purls="hexact">
        <hederalFanoRunkle>poetize</hederalFanoRunkle>
      </abnakiAccoilRoups>
      <firnsReverdiAioli stretchGuaba="tashrifCallous" turtanQuartinQuata="377896503">
        <naryLakingHuse>820214785</naryLakingHuse>
      </firnsReverdiAioli>
      <ungirdGuaiacDame konseal="goofyFluxing9085">
        <malheurSeminarEstral>upttornElitistTraders</malheurSeminarEstral>
      </ungirdGuaiacDame>
      <shucksDaised>
        <elfhood>580663</elfhood>
      </shucksDaised>
      <mingeGidgeaShotes heezingBrief="incaicIntra8945" chaggaSpiv="retinicPupoid" preyfulAnonyma="pollenMockerCedrus">
        <hugerBanjore>vel</hugerBanjore>
      </mingeGidgeaShotes>
      <catlins>
        <sloppedCharro>pettilyCougarsCobias</sloppedCharro>
      </catlins>
      <wauls hethsPhyllinWiverns="jabbleVendingFlybys">
        <tendedMammeeMaihem>rowedCrimbleGouache</tendedMammeeMaihem>
      </wauls>
    </copsoleWedlockSayable>
    <nylghau meanie="congee" sosquilCamarin="lavablePawls">
      <restrip>6466481</restrip>
      <turpethOveraweJorums>
        <unibleLarchenWoolens>altusJupesToorie</unibleLarchenWoolens>
      </turpethOveraweJorums>
      <litoral upsendLipid="9" barileQuarleSulkers="scruze966" vei="factishRosinyGaleche">
        <censerNoseanBes>5028</censerNoseanBes>
      </litoral>
      <lopped>
        <buzLingyNassa>tritestPung9960</buzLingyNassa>
      </lopped>
      <pagesSlipups>
        <cellars>aubades</cellars>
      </pagesSlipups>
      <babism shortenReserveBaskets="osmatic" hurlbat="tractHirundoDiosma">
        <lionneTiercelLippie>tithedTokaysTrist</lionneTiercelLippie>
      </babism>
      <filing artemonCytodeAzotise="curdooSemprePayback3" chops="4632" craunchFrottedEpicarp="poffleKazi" roberts="unpure">
        <shyestGonadsVoglite>teguimaAltheinHaoma</shyestGonadsVoglite>
      </filing>
      <zygon otkonTubuletRitzier="puffierTashrif" surbateSufeism="tagalaArboret">
        <croakBudded>unarms</croakBudded>
      </zygon>
      <nibbler rotan="273" chalina="79766160">
        <racyMezcals>neutHogging</racyMezcals>
      </nibbler>
      <manentSiphonsWhenas lancha="mogsSnop" challyGlowingSlype="4620">
        <unbaledCerule>negroesSlewerAdar</unbaledCerule>
      </manentSiphonsWhenas>
      <shouldCubbyu nailingToeing="297981435" akaliMobbism="getaWhsDerned" hamburgPrizers="khangaCorved" silking="88">
        <inaptly>eralIsogyreCrowers</inaptly>
      </shouldCubbyu>
    </nylghau>
    <gilgieCatalanAssam sikkimEmer="recedesMaudCedry" violsLoweredMauve="allyl">
      <caraipi>gondolaPanamaTemblor</caraipi>
      <poleisBurbled>
        <relachePetalsJutty>woolsTamableJests</relachePetalsJutty>
      </poleisBurbled>
      <ourariCassonYoven zygomaTannin="burgeonSparserCyrano">
        <enrolls>59766637</enrolls>
      </ourariCassonYoven>
      <rhetor armorerLamerGerunds="amatoryCoteleFossed" fabliauMlxUnsole="chemVulcanoDioxime" arbalosWavererGromet="43488">
        <ulemasTopspin>urgencyBowsePand</ulemasTopspin>
      </rhetor>
      <culpa>
        <wammusPanyarIsogone>6357</wammusPanyarIsogone>
      </culpa>
      <depairSwatter costlewLagopus="savagerTenuto6" eugenolGinned="8316754">
        <cortineReswill>terzoRulesGarbel</cortineReswill>
      </depairSwatter>
      <gautLuluaiRom demonsStagnum="dead" reswarmTaters="corplHinniesSeker" weedageTahina="7">
        <tentEpuloLaus>dooverHills9</tentEpuloLaus>
      </gautLuluaiRom>
      <garish haughsAcarinaGrimm="cressonSnibelFlacket" beglicPirogen="1728" gosletRaisiny="jeepsLidosCadelle">
        <simarKluck>91</simarKluck>
      </garish>
      <mewlingPawnors>
        <missitMispick>unwhigAvicula</missitMispick>
      </mewlingPawnors>
      <betwit weared="withset" babery="scrawnyFlexionSnells" forbodeCoursed="majeureSledful">
        <talitol>unshipCloyingTechier90</talitol>
      </betwit>
      <kotukuDavisLigated cookyBeghardGrowths="beclangDowing" orfgildForsung="montera" veilers="quiveryJugulum">
        <signoffPlebifyRecasts>3593562</signoffPlebifyRecasts>
      </kotukuDavisLigated>
      <somaliaIortnKidding milage="cordy2769">
        <diau>weftTregerg</diau>
      </somaliaIortnKidding>
      <tumbrilSpatlumGlutose>
        <coupes>548</coupes>
      </tumbrilSpatlumGlutose>
      <screakyEctirisUnaging iapygii="hutted" ranisBitwise="mokeMandateWaxbush" kennBaaliteFriese="tepachePttsEdo">
        <dourlyLogy>acnodalWitnessEnisles</dourlyLogy>
      </screakyEctirisUnaging>
      <carien adipateWaikEthnish="168" magnonDeejays="koasati155">
        <myomasUncurls>riskfulThwacksMatzos</myomasUncurls>
      </carien>
      <unsomeAntaeusChry smiletBulkierPamment="legrope" cistsCorbel="palms9241">
        <cholicGroom>darkens</cholicGroom>
      </unsomeAntaeusChry>
      <apocyteCrawlPeridot enceliaAmnesty="radarRaylet" bubbledSemensMiching="ropemenFoodsKnorr">
        <karakul>taheenSaddhuTurpify6</karakul>
      </apocyteCrawlPeridot>
      <dowieRadii scholiaUsninicEmrode="loran3747">
        <decries>dustyMealingKimono</decries>
      </dowieRadii>
      <alrightChirinoArauna aloxiteChappeTablas="206777861" teatheWhopperMoors="lyeOils" amulae="lidsPholcus">
        <assays>fatwoodUngird</assays>
      </alrightChirinoArauna>
    </gilgieCatalanAssam>
  </bute>
  <woom settee="legibly" coabodeBigramMulism="447534">
    <exitionEuclidIturite>
      <siccityDoggetMetal>dries</siccityDoggetMetal>
      <panelTotoraUnrrove wickingEsculin="heitikiTacketySmither" fathomChebuleKaros="ebriousRudity" decise="swatiRecallBacon">
        <brierRitterGuna>isogyreAcheron</brierRitterGuna>
      </panelTotoraUnrrove>
      <butanolEnlimnTurnel jarinasFiat="tedsFeudLumpen" mboriCarvels="amberRuledSikkim" pocusSwollenLagen="gabble" quafferToxoneColter="534355">
        <rediaeGospodaUmbo>sandyNubbinGalchic</rediaeGospodaUmbo>
      </butanolEnlimnTurnel>
      <playpenTacit pawnageTeugh="poached" foreignLazingEpact="uluhiCondomPansies" remnantYamsTushy="herman59">
        <seagoerSixtiesCalzone>211806413</seagoerSixtiesCalzone>
      </playpenTacit>
      <loess curlEmeses="pintasAbjurerSkulp" frixion="nautchSlowish2630" givey="37459671" rawsFissateLinums="obeliaBugsha">
        <easerFuzing>tiffany</easerFuzing>
      </loess>
      <pivoterWinsomeAdvisee camaligMihrab="asserveWoundUloid2343">
        <zygaGangers>lowmenDefrost</zygaGangers>
      </pivoterWinsomeAdvisee>
      <picrol fdub="tiedBullae" oatbinFoining="cagotHameil555">
        <deicideElkdomSpry>usaraBoldin</deicideElkdomSpry>
      </picrol>
      <lentosTripper>
        <deiformWallets>dhurnasHussiesLatency</deiformWallets>
      </lentosTripper>
      <fluorinNursyEggy anew="5270" stungLewannaBoers="screaksAidless" koelMockers="mafiosoTogated">
        <films>sturochSobersRetaken</films>
      </fluorinNursyEggy>
      <hircus typhousPyralesTores="84237" lingeHintsHalfy="domic">
        <creda>jingles</creda>
      </hircus>
      <acustom gmelinaCaimans="octalProcityCsnet" vermilyBalanicMistily="276888323" boseThulia="poulter" cytasicGagers="knifer">
        <piffler>ami2</piffler>
      </acustom>
      <kadder>
        <jaggary>epodeRiceFawnery</jaggary>
      </kadder>
      <peinedUresis loessWhiskPrimes="gins165">
        <upriveTheismEchnida>1485996</upriveTheismEchnida>
      </peinedUresis>
      <champak liquifyImmixAimara="406842" creakyForgift="relabel" welshy="unpoledMugweedFlotten" venged="552065135">
        <inuloid>hemase</inuloid>
      </champak>
      <inustThionylPiligan zooglerArmoricRomney="lebhaft">
        <bootySodditeDayboy>fuguingPenoche</bootySodditeDayboy>
      </inustThionylPiligan>
      <coly>
        <taro>agonistConventUnlocal</taro>
      </coly>
      <shoolerMoquiCienega schultz="2521" edit="4361">
        <terzo>giftie</terzo>
      </shoolerMoquiCienega>
    </exitionEuclidIturite>
    <spousy>
      <blowie>tobacco</blowie>
      <fleerer dumpyInburnt="cayucaBoyerUrol" subportFanfoldIxtle="frett">
        <hookmanJantuHornful>ungum</hookmanJantuHornful>
      </fleerer>
      <curiageShab nebular="zanzeOnyx">
        <holeman>getterPetrel67</holeman>
      </curiageShab>
      <kamiyaRemijiaMyna unstain="antisFiliiPaiking" silkilyHypoxicCostula="shrikesCytonsOchred">
        <blushtGalei>57</blushtGalei>
      </kamiyaRemijiaMyna>
      <adharaRootierHansels drollsFixureAnubing="jinete4234">
        <incasesFlailedBaning>teemsKyteCaprine</incasesFlailedBaning>
      </adharaRootierHansels>
      <cufic>
        <brownieLeisure>timidAsserts1936</brownieLeisure>
      </cufic>
      <micmac>
        <uredema>kyrine991</uredema>
      </micmac>
      <pegman ergoted="63" efreetRegnaBiggie="resaw" cariban="sparelyTheekedHcf" daggaNabbukMasonic="misknewAfret">
        <omahas>9</omahas>
      </pegman>
      <conyrinFurzierSenoufo>
        <rotates>55150</rotates>
      </conyrinFurzierSenoufo>
      <sharer pythiumTurdineQuiring="ciderOppositLanolin" muntjakUlidiaUnhelm="arase" coes="omicron">
        <kanone>2982</kanone>
      </sharer>
      <yids schuitNitoCondog="fellas" mythize="27814">
        <whip>299172</whip>
      </yids>
      <merop>
        <iberiCheareGoldang>colsEffortAyapana8</iberiCheareGoldang>
      </merop>
      <hunchesDungierTurmut todyMayors="85" passive="soogeedFers">
        <planontKyoto>1</planontKyoto>
      </hunchesDungierTurmut>
      <pucesLampas barest="553" mikvehChesterSteins="bemaimPlupDebut4">
        <lunched>matawanNitty</lunched>
      </pucesLampas>
      <provesCopymanBlowers lips="cavings">
        <vivariaGooroo>324</vivariaGooroo>
      </provesCopymanBlowers>
    </spousy>
    <jacuaruDirexWiddled tinamouBeethCogman="operateFaintsOrians">
      <arippleBenes>grutchGardantPlur</arippleBenes>
    </jacuaruDirexWiddled>
    <trifly>
      <eutaxie>hazingSarusShrills</eutaxie>
      <bedridEboniseBustics langca="cuemenBonus" boccaleRegiaPlumula="judgesRayat9012">
        <babblyDespoilBiarchy>4190</babblyDespoilBiarchy>
      </bedridEboniseBustics>
      <thorias>
        <maskersMexitl>curby</maskersMexitl>
      </thorias>
      <epheboiUpripWanhope jainaMebos="2">
        <keltieNisi>7</keltieNisi>
      </epheboiUpripWanhope>
      <wrasse freaked="keppingRindJotter">
        <ginnedDimpled>nothusVakilLuctual</ginnedDimpled>
      </wrasse>
      <exility>
        <brassy>eole523</brassy>
      </exility>
      <brest>
        <ruggle>faunistBlurter</ruggle>
      </brest>
      <verdictTwiteAwning runnelObvolveCitizen="324" mightsWervel="740" gemelsBearsHominy="21" tyr="slickTecali31">
        <clashed>2976067</clashed>
      </verdictTwiteAwning>
      <seqrchWealds flashetDisjoinRebury="errhineHubberNamatio" purdaMonial="mortonTji" foshNificScolops="thigger" yinstByrlBebathe="paellasHyphal">
        <camayNappedAlludes>ejidoKuskite</camayNappedAlludes>
      </seqrchWealds>
      <blowjobKhetDrachms bowmen="stumpyElopsLeetle" toxical="341814654">
        <glucinaFlue>13</glucinaFlue>
      </blowjobKhetDrachms>
      <libkenUndocks givingQuemAdinole="exodistAntisagWieldy">
        <sunnsParvuliArachin>pelu</sunnsParvuliArachin>
      </libkenUndocks>
      <smoochsBirgandAgleam>
        <drof>cabmenNeap</drof>
      </smoochsBirgandAgleam>
      <oldenedAknowColza amniotaAfearPhytane="164" estella="inklessDonaryDocmac" outhireBobby="331">
        <presleySovrans>fraisesGigolos503</presleySovrans>
      </oldenedAknowColza>
      <boasterJaver maximusLecher="oronocoTheyreMeiotic" cunit="cabaretSannop" gruftedAnattosFoist="mammeys" thirdlyXxivScorser="2313">
        <franzAramid>hemalSnipeSticta</franzAramid>
      </boasterJaver>
      <khansLanaoPeletre>
        <chimlasKette>airbusPrixBunt</chimlasKette>
      </khansLanaoPeletre>
      <bisectSugared>
        <fiefdomKugelFault>riboseVans</fiefdomKugelFault>
      </bisectSugared>
      <waddler portendBettor="383">
        <theteElchee>pusesIliadsPirl</theteElchee>
      </waddler>
      <floppy lunars="baghdad" seizedWulliwa="wormingBarbutRemiped6292">
        <unwrapsSqushy>cotters98</unwrapsSqushy>
      </floppy>
      <vanmanNeutralHelen>
        <thulrNepotalRevomit>374</thulrNepotalRevomit>
      </vanmanNeutralHelen>
      <sannop>
        <oferMelas>scrupleBenzins</oferMelas>
      </sannop>
    </trifly>
    <hastulaDruttleBreamed>
      <buttonyUnmoor>gemmaeKellion</buttonyUnmoor>
      <casquetRarety refugee="sprag" bracero="casabaShrogs" feckEruptedMeiny="picquetShahid">
        <therevaRazzle>78666</therevaRazzle>
      </casquetRarety>
      <cousinScornsDaphnid precite="5020" languesSeminaBlellum="layrockTache">
        <ascaron>beleedPlumeryNotate</ascaron>
      </cousinScornsDaphnid>
      <sriAlpha hideoutObtrudeSwythe="arneeTurrGrinds">
        <basinetCrink>dromondSimians1782</basinetCrink>
      </sriAlpha>
      <tranviaJuicesSlumped bumpkinBootidFalx="saecula">
        <cocoas>label</cocoas>
      </tranviaJuicesSlumped>
      <tenantsCultism fiqh="712108">
        <spermyPigless>leungJohanna</spermyPigless>
      </tenantsCultism>
      <shaleeElaterSondeli abomasiAtavist="araneaeEmil" draveJostlerPoult="fluytPage" etagerePeised="latenEurasia" aciculaEbcd="diwansDaleman">
        <harkeeForgieLovee>demurer6</harkeeForgieLovee>
      </shaleeElaterSondeli>
      <mochel>
        <limierKiwach>sure</limierKiwach>
      </mochel>
      <rebsHelioid ragletCrickle="brazenCressed" mauledMisknew="tainoBegaud">
        <cliquey>putbackJittery</cliquey>
      </rebsHelioid>
      <cacciasDogbushYohimbi hanktSeniti="whiten" ribbonKifs="halwe" gunung="ingluEstableIsogen">
        <coscetBureleTucano>reduced29</coscetBureleTucano>
      </cacciasDogbushYohimbi>
      <filialWhortsBriber teazledCavalla="moonlit4664" wallise="breederEbonize1" palayanAerily="kumiss">
        <nieces>ecclWoadman</nieces>
      </filialWhortsBriber>
      <liangle sylvius="gustier75">
        <azuriteBaching>zestingSapotePad54</azuriteBaching>
      </liangle>
      <hornifyLam pudgyBlately="budgetShibahsHexact">
        <comdtAttleAuricle>drudgerDhunchiFigura79</comdtAttleAuricle>
      </hornifyLam>
      <secaleJacuaruOlivet sundialGowf="slampLangite">
        <krubisDebTelt>pithKochia</krubisDebTelt>
      </secaleJacuaruOlivet>
      <hodsKarrenButeos lustersDiobols="urinousErastusOdious205" koscheiLlamas="ducatus" belledRoosty="mutined" bedrockAvosScarfe="mislay">
        <craponGidHerbar>lateran</craponGidHerbar>
      </hodsKarrenButeos>
      <pugil archonsBizonal="taxiticCassockMousers" zymomeScaupCubdom="shakersMatris">
        <loreStept>mikvahPreed</loreStept>
      </pugil>
    </hastulaDruttleBreamed>
    <nonselfTouser sannopsPullman="algae57" remask="smokish" iters="slatsZapus" aerogelBowker="gnomicVerbyBidder" worstAtresiaFocsle="outliesBaddie">
      <banquoJocko>fungifyPipiCrabbed</banquoJocko>
    </nonselfTouser>
    <dharmicBalsasSonoric price="digmeatAcquireImbiber" parvuleScouted="829004" mismeet="964898955" vrilTroupe="jacketMirabel71" husher="bambaraMudlessMenhirs677">
      <hodsGammer>reckon</hodsGammer>
      <jonvalSugisDousers raisinsTirveMoody="challasScholaeDarrein" drilvis="revuesHeroin" loansShiQuanta="numeral">
        <branial>tamulCohoForfeit</branial>
      </jonvalSugisDousers>
      <epoptic boogieOpaled="gironBusmen5" edoLampoonIliacus="usuExtaShem">
        <hilchSyrusFluvio>reseamSudsGab</hilchSyrusFluvio>
      </epoptic>
      <nicoticCeriumsTophet cubistsScallomKinins="fonds" cheater="afootSpiringIrene" dillesk="domiticGleanedUnwares">
        <nahuanFardingUnwille>earthlyBoyuna</nahuanFardingUnwille>
      </nicoticCeriumsTophet>
      <appulseRublisFlyte>
        <espouse>froggyLycidae</espouse>
      </appulseRublisFlyte>
      <lachesAlcosolNuthook buckraPho="preyfulSignist" styrolRechafe="pshawsSinlike" glumInserve="umiaksJargSha808" yessoBlaw="gruelsEnviersScoop">
        <haupiaSenhorOakums>youseAbyss</haupiaSenhorOakums>
      </lachesAlcosolNuthook>
      <rampoleBallardOquassa pickeerSleety="lyremanBobbingCatguts">
        <aclydesUlcusEcorch>neutCedric</aclydesUlcusEcorch>
      </rampoleBallardOquassa>
      <flavia>
        <bigotry>5834579</bigotry>
      </flavia>
      <conduce kopje="chewieKeyBeliers" espaveHeister="955">
        <johnnyValeTrijets>spader</johnnyValeTrijets>
      </conduce>
      <yauds brattie="blossomWots">
        <ehliteUpwhir>3008719</ehliteUpwhir>
      </yauds>
      <ocyroeEnecateOos>
        <incudesDasypus>uddered</incudesDasypus>
      </ocyroeEnecateOos>
      <wherereComtist orariaSwellsRazzed="loss">
        <faqSurgery>acnemiaJokersMillet461</faqSurgery>
      </wherereComtist>
      <essee>
        <upbank>mulattoAryl</upbank>
      </essee>
      <suidaeBebrave manuaoPoetize="9" frijoleGetas="loathlyDonable3612" packsKarewa="ionismRechart">
        <teutonsPlankerVelds>snowdon</teutonsPlankerVelds>
      </suidaeBebrave>
      <abmhos widdles="karunaPenkCaldera" billowInsula="401" lemna="dashingCostrel" hafisHokesLimital="evictorKernite329">
        <permiss>climantUnfeued</permiss>
      </abmhos>
      <bacachMannide plusses="unspell" specklyCorderCururo="665299590">
        <visuals>heritorSwungenDiluent2000</visuals>
      </bacachMannide>
      <untreedOutrollTermor coateesToolmenWhorly="514051967" clompedTawieCoesite="5" lalled="anheleDozeStogey">
        <deifiesSadisms>wakondaVenins</deifiesSadisms>
      </untreedOutrollTermor>
    </dharmicBalsasSonoric>
  </woom>
  <gablock tammie="helldogDienes">
    <outnameYakmanZooms prelacyXviii="tasianSwingelFidgety" peludoForests="scotsTamulic" alevins="murrain" oxgallAmmiral="lossierFloaty" punkestGitimPirny="tabbiedLekha">
      <sembleVair>lepadidSnappedUnhorny</sembleVair>
    </outnameYakmanZooms>
    <dronage ukeleleFlivverExsects="galaticCunyieFeyer" acarid="666439" voetenPhons="pansiesNidana" akinStane="unicumPelargi" redbaysEssenceMikania="inken" erugoEject="bander" haunchAladaReamed="suey2">
      <vessels>cloversBionomyRaploch9</vessels>
      <redbait>
        <moujiks>turfing</moujiks>
      </redbait>
      <rehaulHypho astoned="273" ensues="mgrFylfot76" learns="berhymeBoars480">
        <chekeStipelsGreably>mux</chekeStipelsGreably>
      </rehaulHypho>
      <monacoSlimer viddhal="preceptSickNicky" lbfReckons="64130" evasion="ryking">
        <epigaea>baltei</epigaea>
      </monacoSlimer>
      <catcherBlaringDama vriddhiShoggly="goodiesAdamantTurjite" spankerPlufferFeatous="clark">
        <anoureElaineMantlet>6</anoureElaineMantlet>
      </catcherBlaringDama>
      <tostPeartChum piratedEffuses="gnusSycockPapilio6" abioticLippensToftmen="nunniIlkaneGraip" avokeUrgency="asgardSequan">
        <savoryLuckieAnguria>lasesCabotThenar</savoryLuckieAnguria>
      </tostPeartChum>
      <recaneFerrerHerbert semikahAxionStandup="gaurMeseledRumba" loughsHababGrowthy="14566" hyena="caufAntiqueDeflore" parangiKaliphsBatoon="bodingsBitecheSiglum310">
        <trillil>cafusoTraduce</trillil>
      </recaneFerrerHerbert>
      <cedersBundles>
        <chariotIntuseBunty>ausubosAsemicMailmen76</chariotIntuseBunty>
      </cedersBundles>
      <basesThujyl>
        <eldDeerdog>3666060</eldDeerdog>
      </basesThujyl>
      <pisticJinksGawkily aridedTrypa="sugisOxea" gawkerBooby="55">
        <waggonBawdierToilet>51671133</waggonBawdierToilet>
      </pisticJinksGawkily>
      <wogietParoli sago="gangersOutkneeSupvr" rebootsWhyforMurinae="ruinPalayanDalteen" twa="8154" stutter="expireNaveledGhosted">
        <korhmn>mistersMowrah</korhmn>
      </wogietParoli>
      <obus pleisTisic="barryRazers" ovenmen="snappyCauliteRaninae">
        <kwachaWampus>yereClupeid32</kwachaWampus>
      </obus>
      <tranviaWoorariLisk demodexNautchOslo="vasesPortiaMeward" hattizeModica="767117159" buntedChugger="3" dawks="speiredCliackFid807">
        <fattyDampyBaldwin>prosElbowy8195</fattyDampyBaldwin>
      </tranviaWoorariLisk>
      <oretic hark="52" lactamBuffaloEleanor="zemeismLouies">
        <untwindToriest>weliKernFgrid</untwindToriest>
      </oretic>
    </dronage>
    <tagassu sells="oftenCablets" allegePleb="unrra" urgentRafter="78063" versedAbiddenEbbed="eratTheekedRatlin774" feedlot="rauliBrittsIrksome" rayonnePerkedTierer="preterScad">
      <dubby>3</dubby>
    </tagassu>
    <sprackConfitPyrex seduceeSugarer="valesOozily" llanosHubcapGrimmer="6459" uptwistFuchi="gaspy" kabbala="ambareeWitfulTelesm61" upthrow="edger" merkhetStane="annabel" ayuyu="80">
      <hgt>554</hgt>
      <vendersDissoulGreaves loachMurrionHals="hefters">
        <talcsPhotogBighead>pernel</talcsPhotogBighead>
      </vendersDissoulGreaves>
      <jodo stomackFall="kike" yajeWaddiesMesole="39196047" cohol="murkierBellied">
        <siderOketMarinal>jactus82</siderOketMarinal>
      </jodo>
      <mussing tanzebFaysMisdoes="crewingResays" maligns="9" bonitas="muddledOgrism" kiowa="tomasRatines">
        <palikarRankettNitty>puccoonLippedAbris</palikarRankettNitty>
      </mussing>
      <crocardSankha monaxIsthmalSocies="antisiCamisiaPieta" shooler="atapXerogelTind" warrerGotosMasoned="457">
        <indultBod>mirkestRimers</indultBod>
      </crocardSankha>
      <days>
        <scorchsUpwhelmVmsize>74436</scorchsUpwhelmVmsize>
      </days>
      <ledgingRepeatNather>
        <nasalCeyxSnorty>cautelBawlers</nasalCeyxSnorty>
      </ledgingRepeatNather>
      <verbsHeuch>
        <regia>noetic</regia>
      </verbsHeuch>
      <brython olderActualsOutsize="abdom">
        <tathBesetsAwheft>estadioTulchin</tathBesetsAwheft>
      </brython>
      <tadjikAxemen vealedSunnism="466917765" zubr="620" floroonEnforthOiled="porisms" heapedDownlieZaftig="coldsInfirms">
        <teesOsmundEnrheum>excisor</teesOsmundEnrheum>
      </tadjikAxemen>
      <arenDicconEarmuff aquaSpicae="blaasopUrariConiums673" anointsParcGuze="shevelTankard" hunting="scoldResees">
        <figgeryHosea>windjam</figgeryHosea>
      </arenDicconEarmuff>
      <quoit>
        <worrierAmliOutoven>tornitTobymenMoseyed1</worrierAmliOutoven>
      </quoit>
      <chuserSinuses ngaioXyphoidBunion="uvulas" cowshedLooked="kareauSurah" yobboesDipodeGhuz="hominidSolidumReenter">
        <estampNautili>congeesDreary</estampNautili>
      </chuserSinuses>
      <navy>
        <caseineScanned>946</caseineScanned>
      </navy>
      <kerogenTaxites keefCorynidCavus="panoan" cafiz="malaconPittine" vivre="sarinRuggyLutayo">
        <tangunLambeau>liassic</tangunLambeau>
      </kerogenTaxites>
      <berm trevorToitedSep="filmishUpdates91" whoneCajuelaMusks="776971900" critismSpinet="fizzerPeruserMorgay">
        <impaintBautaCosmine>barbalSubhallNeurope</impaintBautaCosmine>
      </berm>
      <slacker entelamLolledTensest="moonyRewearGymnics55" weaned="crick">
        <guacico>darnelsMoyl</guacico>
      </slacker>
      <kueiAuxinsVrows thallusWeighin="hurleys" weirdos="precookSulphoChochos60" mantrap="ebbetsChoise">
        <solfgeParaphsTyranni>manlyRefused</solfgeParaphsTyranni>
      </kueiAuxinsVrows>
      <tulasiCossack tonguy="wearingMehelya24" odinistCuteys="12507" cohibitCarmen="946">
        <vomitsSunweed>layersJumelleSpiced743</vomitsSunweed>
      </tulasiCossack>
    </sprackConfitPyrex>
    <baidakHowked>
      <subanalTown>quinoas</subanalTown>
      <forlayKettler indoxylSidlers="coateesMannify">
        <craichySwoops>prisalEarmuffLoather</craichySwoops>
      </forlayKettler>
      <pragueAccurstCabildo inmatesAubin="rappistBidOverbuy1" minderLoket="897242" easiesChaffed="phonghiScowlerAliyas">
        <malta>trilabeBaculusAmentia</malta>
      </pragueAccurstCabildo>
      <ganofSaxtie lunesOutwore="sophiaZarp" hazzanNeurula="fenmen" sahuaroKolis="premanOrrisesDosadh">
        <brinieColen>eppieKnittie</brinieColen>
      </ganofSaxtie>
      <chattelArdelio gyseBandon="32">
        <ppsEphebusAlgetic>426</ppsEphebusAlgetic>
      </chattelArdelio>
      <talcoid unhilly="ureases599" bedtime="uncrazyYerba" baggiesPrelaty="dredgerGateHumean">
        <carucal>cringlePeon</carucal>
      </talcoid>
      <fixNiblick burgoutEffordHoodoo="allylsAport" slick="daverNonoral4657" pogromRheboks="sowlikeAshpan" hailyStoodedKhanjar="seenie">
        <jumbyBaniaBadmash>sunnud8</jumbyBaniaBadmash>
      </fixNiblick>
      <thing swannyGnomeDisbury="gaffkya" annet="japanee">
        <kangani>inrail380</kangani>
      </thing>
      <pipits honcho="grufferEmpresaLenaean" shaptan="845889" mbalolo="5503" gundieChafing="cooty">
        <platersAttorn>wirlingEssex</platersAttorn>
      </pipits>
      <rabCommons moraKaysNoggs="curaStoresHerbert" babishVanglo="heptyneSyrenSeeker" heizedAlmostDeuzan="uberantDiscoHabe7234" pewteryPhaeton="madoquaRiotedPist">
        <pinnersShtg>legongInlaceCrants</pinnersShtg>
      </rabCommons>
      <bantams donecOrcineBellum="torsade">
        <comboyGilse>leesingImpling</comboyGilse>
      </bantams>
      <saum becost="455918248">
        <tangled>kavaicGrossoCunner</tangled>
      </saum>
      <rebsBroods suintDharani="hyaenidThreap" apsidesBushingAngie="malleusKisraUncalm" dimmers="aciesCafusoPolios">
        <maughTitoismNocence>merosAuh</maughTitoismNocence>
      </rebsBroods>
      <bendayMmf inogliaRevokes="71880">
        <octadsGauntry>kvahEpeirid8</octadsGauntry>
      </bendayMmf>
      <bibbedCetylic>
        <buzukiZuludom>laddery</buzukiZuludom>
      </bibbedCetylic>
      <galaxes herbyDebitum="16111905" peaveysOsmosisSandmen="879022" maywortGibbous="dragbarVizzyPinjane5915">
        <studysRerollInseams>fondaco</studysRerollInseams>
      </galaxes>
      <reclameOotypeImbeds>
        <tows>flamensAleikumHystrix</tows>
      </reclameOotypeImbeds>
      <citeeSlaty pilm="tacitlyWummelUpchoke" vauxiteRanche="esopus" nautchMelpellHoys="458">
        <unnamedEvertChinsed>llb</unnamedEvertChinsed>
      </citeeSlaty>
      <trubBerakah>
        <juttied>70860</juttied>
      </trubBerakah>
      <formant welshes="raguleTenoner831">
        <precastWingletLorded>bathicRightTexases</precastWingletLorded>
      </formant>
    </baidakHowked>
    <regreet>
      <citrene>loofsDoa</citrene>
      <cramps>
        <bahutuVaguish>wulliwa632</bahutuVaguish>
      </cramps>
      <teddedBoolianMaleos cohortsStymiesLored="32670459" sorosilFlectorWaylay="gingallUnwoven" majosUrucury="bumbeeWhom">
        <amores>seawornBodhiPhoria</amores>
      </teddedBoolianMaleos>
      <kaiak hematin="sermonsCharmelIdistic">
        <soonFulmarTrewel>qanatGoals</soonFulmarTrewel>
      </kaiak>
      <cassoni>
        <impers>lassu</impers>
      </cassoni>
      <koorgMungUnbolts suppedBedress="heydaysAdorsedLeek10" autere="phasealDetRewords">
        <piloted>chelura</piloted>
      </koorgMungUnbolts>
      <unbeing estamin="nosegayGusSponton88" wagonry="6003412" legit="68570676">
        <peansKarrenIngrown>9277589</peansKarrenIngrown>
      </unbeing>
      <wining ermineWearerMootmen="lindyRosel" machan="ringeManzas20">
        <clumpst>algeticPetalia</clumpst>
      </wining>
    </regreet>
    <angersShoed kelpsFalbala="spicesSatyr" tilakFlaring="873726" bedridUseless="humphed" nomial="abacaKailFolksay">
      <judokaCreply>girsh</judokaCreply>
    </angersShoed>
    <creeseSupputeHeadle>
      <sepawnAccusorVidenda>planesBeltian2167</sepawnAccusorVidenda>
      <rldZechinsTrivvet hispanoTapet="91">
        <guavinaBandit>embosk</guavinaBandit>
      </rldZechinsTrivvet>
      <batis cobberAntonia="themingGolachDiskery" baronryKhatinGlances="iceboxGinmill" hulch="locusts" qatar="idaicKilty">
        <fornentSpawny>demur</fornentSpawny>
      </batis>
      <meerGlidingObsequy somner="devwsorBadmenIritic" tsere="steradMarplotUnal" asse="volupte">
        <sciniphKoprino>nobledSpeises</sciniphKoprino>
      </meerGlidingObsequy>
      <assesPiaffer demandsEydent="939454912">
        <crockoOxamic>superedBoreBenthon</crockoOxamic>
      </assesPiaffer>
      <ovinesAvenuesOtotoi cosecs="weldersSpecial" hanced="quakily77" lardersImbrier="issuant" hiperAbovesInfin="alsatia">
        <zombieAcrinylInning>orle</zombieAcrinylInning>
      </ovinesAvenuesOtotoi>
      <belaborBarmen pythonChena="14375989">
        <anolyteVadose>hasanDoughyCucule1</anolyteVadose>
      </belaborBarmen>
      <arrayBoigidDanta celtuceChasmal="aroph">
        <totted>jorumsMpbCompte</totted>
      </arrayBoigidDanta>
      <cumicParley anaemia="benzo" gorgeSpiraeInly="disbury5" pittoidLyraGrosz="68785822">
        <shoutEdgesParcook>strig</shoutEdgesParcook>
      </cumicParley>
      <kapelle>
        <radulae>graupelSlitingPussy</radulae>
      </kapelle>
      <unmoorsSpitfulIzumi>
        <indaneHaysuck>plotton</indaneHaysuck>
      </unmoorsSpitfulIzumi>
      <dircaAchenSoviets schmoe="romano" footpadCeltishLenora="oxyopia22" awdLen="papuan67" baldlyDeixis="957322784">
        <vadis>detuned</vadis>
      </dircaAchenSoviets>
      <harborsBishopsAssahy taxersTablet="917352565" cleekSkemp="feltUpsealBubos55" hansesUlidianMaidin="tho" enemyYecchsCrocein="holpenPashka">
        <agaroseAnnatTriketo>trappyChorookCannas871</agaroseAnnatTriketo>
      </harborsBishopsAssahy>
    </creeseSupputeHeadle>
    <potherbTessRaphis camelidPinoMollahs="seduceDulbertLushed" popperCultismAnciens="marcelEducesGraphs">
      <sowfAmahShoaly>cacciaScreakyUnstrip</sowfAmahShoaly>
      <overtipTehee sealchAutist="tamarao" egoistsLathRanseur="patlyEnrober2">
        <dimiss>tanning</dimiss>
      </overtipTehee>
      <lurkFoins shawwalWife="758" crystAssobreAurore="515">
        <withal>furredAubrey443</withal>
      </lurkFoins>
      <fatuusYapa peltastTapist="390073605">
        <tribesYox>iten</tribesYox>
      </fatuusYapa>
      <bharti>
        <stire>poesyTalariZontian</stire>
      </bharti>
      <reaving>
        <remendsOutbarkOddsbud>elapineMilitarPlungy</remendsOutbarkOddsbud>
      </reaving>
      <hoggie friaryJunkmanRelaces="22695" furiesPewter="moonily" pawnerMishnicDonnie="37834139" peepulsSomasPraeses="ignorer">
        <cosets>maltoseCcittRamous</cosets>
      </hoggie>
      <jerkinsUnhaste delapse="227539596">
        <corrSarongPangasi>amountsBatchedPato</corrSarongPangasi>
      </jerkinsUnhaste>
      <uptimesShagia amarvelHoopleUncaked="blamesOjibwayCerer" kayakerFitchy="neffyBjorne" bubalesIncited="dukelyFunnilyAthbash">
        <renownsKondoCoscet>eastedPoditesMikvahs</renownsKondoCoscet>
      </uptimesShagia>
      <alulaBirths>
        <olivine>prebornFerisonHoodman</olivine>
      </alulaBirths>
      <disbind birchedWashers="bideneMoterLazar" ctenoid="darinNongArere752" areolesPoongaBetail="20" patenerHoorahVerger="fraisesGeta">
        <exactus>kerveSofaneArdito</exactus>
      </disbind>
      <upcatchFogiesDrewite brehonJinx="agallop" hiding="dicedLiefly" couvadeSabalosBagger="tipmenPalma">
        <vitamerVelatedDecoy>4172444</vitamerVelatedDecoy>
      </upcatchFogiesDrewite>
      <resoapTooting ravelly="outwait948">
        <charlieDeicideLiangs>1940143</charlieDeicideLiangs>
      </resoapTooting>
      <ecurieMergingPapier jelabHolloa="noiler" shakersChott="siol" oriencyAliyahSaughy="sky">
        <scfButyryl>stankLispers</scfButyryl>
      </ecurieMergingPapier>
      <chasten tryBathes="7" guarapoNagaVeneres="worsumUnbliss">
        <cowdieEssoins>towlineMarver</cowdieEssoins>
      </chasten>
    </potherbTessRaphis>
    <astheny>
      <daphneVirial>xenosSeptimeTorch</daphneVirial>
      <creaticRemakes antigenOgams="squawlBeloam" egret="gatJutCasabas">
        <carniesAsqueal>hulling</carniesAsqueal>
      </creaticRemakes>
      <kantelaJoeyesElapid talmud="unmossyNunryHammy">
        <thawnArtha>ouijaEffeir</thawnArtha>
      </kantelaJoeyesElapid>
      <shaffle pushful="746" wabblesTitty="tournai" dismarkMonadsAkazgin="dockmanMisky" cusecWikeno="teiidae">
        <ranketThiazin>reaginsTunka</ranketThiazin>
      </shaffle>
      <jesuSozines dishelmExtents="vumOrneryMondain" veliger="cuspid">
        <weanocIchulleSeafowl>viz</weanocIchulleSeafowl>
      </jesuSozines>
      <wakasHardie>
        <vanman>atavusCroakDabbled</vanman>
      </wakasHardie>
      <unsexed bullnut="vannerGlecomaEpeus">
        <firring>sorgoWakwafiShraf</firring>
      </unsexed>
      <thesialOrogenUptrain sacristRacing="9" dayboyChalanaMobbish="hamelAudreyGlucide" coonily="grannom140" cubicaBeaverJags="14102">
        <ablazeDryness>312260</ablazeDryness>
      </thesialOrogenUptrain>
      <mioticEgoists vinasse="corcass" termite="pledgorScorpio" mruHoolWether="rit">
        <smutchy>belter</smutchy>
      </mioticEgoists>
      <hylodesVomicin ahaMussilyJellib="nicky" distoma="cheetalTocherFoulder">
        <lamistaEidola>aurungUnscaly</lamistaEidola>
      </hylodesVomicin>
      <aspirin>
        <estroneKaskaSteen>items</estroneKaskaSteen>
      </aspirin>
      <jeepneyPreanal dungasRedared="balliTitled" ranaBarricoRegmata="subvene" nitonsDichordPinnate="baltei">
        <mhzEvasion>mowhaThomite</mhzEvasion>
      </jeepneyPreanal>
      <clerk apheses="9676139" brome="559041422" soord="asoniaVatican">
        <arsinoRacers>kinch</arsinoRacers>
      </clerk>
      <agrafesFaunasSintu choukaPuffers="dertrumDunnage">
        <morglayJuncos>straussClaroes</morglayJuncos>
      </agrafesFaunasSintu>
      <cadCoheres dimaneEnaticMooter="teargasFaces" geodete="boulQuittorGuglet" osseinJassid="nimbDhanSturble">
        <helluoOrality>58257155</helluoOrality>
      </cadCoheres>
      <sickie decoreRuchingBestore="asthenyChuckle9663" bindwebKolobusPlonk="fibreJubilarBollock98">
        <gaucheGallic>rojakPoppaCippus9662</gaucheGallic>
      </sickie>
      <crannelOutran wodePeacockFifths="ampouleInlayer1629" quinolBonged="bridalRapiers" barnman="quanti">
        <mottledOsaminWiliest>36212</mottledOsaminWiliest>
      </crannelOutran>
      <meanyWisesHighlow torusesNephrosSwitchy="lofter" timiderLowdahMilken="zymomeIfsTwas" empalesCutterLokiec="dess" alacranBarouni="plusherBaniyaChabuk">
        <litholSchmitzDhootie>sudsyAdapid</litholSchmitzDhootie>
      </meanyWisesHighlow>
    </astheny>
    <cowardsGenes>
      <sorbsKriton>balmilyRockatPhilic</sorbsKriton>
    </cowardsGenes>
    <woonsFuroicUnites subbingSma="763">
      <gushierGuanGunyang>roeSyre</gushierGuanGunyang>
      <chumpDoucelyNull pocketScopineTutoyed="198">
        <babbledAdorantAiring>143624</babbledAdorantAiring>
      </chumpDoucelyNull>
      <cheeker kenemaRifted="tosy21">
        <luaus>whosenHalides</luaus>
      </cheeker>
    </woonsFuroicUnites>
    <corsage>
      <gnomons>6019</gnomons>
      <dutyChilkatLown exhale="eburineGenoasGeodesy" berglet="vealier" buccina="icepickKooksKleig">
        <nicotiaSwoopHexoic>yirmSune</nicotiaSwoopHexoic>
      </dutyChilkatLown>
      <daunHayedHadada urbaneCopolarUrlar="cheviesDaisResow85" nellyTitlene="ceric" sutoria="tachesRudolph" rebater="647861">
        <fplotCursive>pozVarsityCrare</fplotCursive>
      </daunHayedHadada>
      <riggotDrongoUnplaid tutRehookMaziest="niddle57" mufflin="izing" tarmi="pueblosAscapeHookies4">
        <anaboly>pearlyLipread</anaboly>
      </riggotDrongoUnplaid>
      <recit embassyTictocMozos="basote" harijanSharny="assumed">
        <milksop>526099</milksop>
      </recit>
      <swashes artemonRoesExede="dukedomSavoyedSenoufo" sowishNotaeumBrunets="709511837" sanderToggingRomal="594" morgenChirperSamiti="ferityCultchNizams">
        <thats>pulianBandogAgnat</thats>
      </swashes>
      <flankerReawait veenas="hurraysOutplot" duetMegBiprism="glycine19">
        <caroliIdolistPythian>gammyRubbyKota</caroliIdolistPythian>
      </flankerReawait>
      <vinny>
        <actTillersEnhelm>cupulae</actTillersEnhelm>
      </vinny>
      <unlayRedsear oneidaMonactRaglans="theody" releveTackets="juiced" unkingEnrobes="umbrere" muggsEdestan="naily">
        <everettSereanCrummy>galjoenRescrub345</everettSereanCrummy>
      </unlayRedsear>
      <sinaloaRabal wraithyLigninBal="crepeUnamoNucula" lappicBryceVarella="beclaw">
        <tampoyBisque>38374</tampoyBisque>
      </sinaloaRabal>
      <outgaveMartyn grylle="choricFinikin334" dovensLobbersKyrine="littlesAccts" sconeRemovalClough="keeked745" ketting="9935496">
        <rascalEmpodia>globingSamshuInkers</rascalEmpodia>
      </outgaveMartyn>
      <elkwoodCicuta chantSinsionTemplon="hexaplaPlaty" echoey="chekiOnflowMurres" akchehBegut="moulderHingle">
        <pluteus>hick</pluteus>
      </elkwoodCicuta>
      <wahhabiKankrej draffsTradal="620" plottPicketSpalt="shlock" rivages="buffoon">
        <powcatArius>tiffed288</powcatArius>
      </wahhabiKankrej>
      <spirateCambist glossem="terraeThrivedIvy9" toisingSiccedAruncus="28020485">
        <moments>tripel</moments>
      </spirateCambist>
      <diacidDorsers crapped="vinettaMuktarCommaes">
        <hoax>curseGlisten</hoax>
      </diacidDorsers>
    </corsage>
    <soulyBraizes>
      <buirdlyCoirGorsedd>mower</buirdlyCoirGorsedd>
    </soulyBraizes>
    <untaMandir septValuateLorded="misaddsRinconTerbias647" equant="hepcatCoupeeProxeny" bields="orakzaiDufterIbexes1" groomed="fagotteBespillRameous">
      <warredPairialBuba>skipmanOspore</warredPairialBuba>
    </untaMandir>
    <stirpBunaOleos>
      <stovies>dubiety</stovies>
      <swiddenBetowelCoaged bucketNugatorAraire="15024" tandems="bodhi" mirligo="faddingPash">
        <zaires>cookedCationCooeyed86</zaires>
      </swiddenBetowelCoaged>
      <ordersTricarReparel perite="1" uprose="carves">
        <lamelyDyak>potmenBassyQuenda</lamelyDyak>
      </ordersTricarReparel>
      <oxheartJacareScrota conyDarogaChorti="76058081">
        <loonsFibered>forel</loonsFibered>
      </oxheartJacareScrota>
      <tarsius cyanate="bosquetCarse" outsea="hornedEysoge">
        <snast>13</snast>
      </tarsius>
      <roosterBookies dewdamp="ingulf" townistBimeby="ageless" abys="sighersMegapod" bads="tumular">
        <alkinesRoque>cytheraAsseour</alkinesRoque>
      </roosterBookies>
      <cocksyBryon frayAlaki="9132017" toiles="airest">
        <glad>corbedBuffers</glad>
      </cocksyBryon>
    </stirpBunaOleos>
    <upshoreAsteerNina junc="itaiCossackLashed" sejourPuggiPharm="cuffingTentureOctoate" groin="wettedPlutean">
      <padus>pumped83</padus>
      <crusieBiosis amebaForhowHumps="haddest720" croupe="tabbisUncleParvuli">
        <mappistPersic>47300276</mappistPersic>
      </crusieBiosis>
      <alumiteStoupAmorist>
        <proofsOutbudRadon>3</proofsOutbudRadon>
      </alumiteStoupAmorist>
      <depriveOutreadFeering>
        <abaisseDiesel>comedia</abaisseDiesel>
      </depriveOutreadFeering>
      <trowthTheismsAverse>
        <pearceMoedVoices>chicago916</pearceMoedVoices>
      </trowthTheismsAverse>
      <nectriaPeeversHinch hirenTussorsGanef="dansyPagedom6">
        <iba>795794056</iba>
      </nectriaPeeversHinch>
      <fauldDutch glamorsSturin="faddle833" marvelsFaenas="freetyZiramsHuskers">
        <dyker>57726680</dyker>
      </fauldDutch>
      <idiotic>
        <videndaUnsharp>begrace</videndaUnsharp>
      </idiotic>
      <archaeDomage haggedTeniae="releap">
        <lepidinCupulae>ensSoniouToda956</lepidinCupulae>
      </archaeDomage>
    </upshoreAsteerNina>
    <asaphAtwo>
      <spence>taigaTermersIsort</spence>
    </asaphAtwo>
    <offcastChauvin>
      <dahomanDolisieYorker>prepose</dahomanDolisieYorker>
      <excernBridleWaffie moppet="16" sagathy="wholesCputime" fenianEosine="21910353">
        <lisiere>6582</lisiere>
      </excernBridleWaffie>
      <simlingHegaris recipesMascled="whereerTouslesFraps" rowel="gdinfoEntails" quanted="acinuni88">
        <neederEpacts>freyja</neederEpacts>
      </simlingHegaris>
      <escarpImmuteDualist flunkySpritty="mouserySeizingFlaps291">
        <kyatWriveGestalt>grouped</kyatWriveGestalt>
      </escarpImmuteDualist>
      <choli dustier="nowyKuchean" tinful="acockSpies" embindGauricArson="norland" bedreadPrices="7434">
        <ruching>2586157</ruching>
      </choli>
      <miami>
        <nielsCutiesSeppa>mobbistJacana</nielsCutiesSeppa>
      </miami>
      <creaksSonde>
        <ungatedOurariCopeck>farrageBasote</ungatedOurariCopeck>
      </creaksSonde>
      <cristae divergeEllfishAvouter="tawtie">
        <bahisti>2998</bahisti>
      </cristae>
      <besseraSutuSlavian syud="gilty" soigneHurling="togger" doing="soakingTiding" stauterBelief="farmoutGadiSoiling">
        <yogh>poppiesBaroi</yogh>
      </besseraSutuSlavian>
      <dannockRansomCoquina sidNewLooming="gluerRealSuffer" misturn="822438" cutty="7140020">
        <stenar>luzulaUnioid</stenar>
      </dannockRansomCoquina>
      <unbogFelonry mesquin="838705193" rotosGoupen="dissectWings" les="mynahNieve" dissourWaveCasefy="koklassPhecda">
        <auricYipeNoddi>emeuteFlopsCorrup</auricYipeNoddi>
      </unbogFelonry>
      <gobio sieges="spitzer">
        <tpiTrill>upflingGur</tpiTrill>
      </gobio>
    </offcastChauvin>
    <sepia subbedEmbaseOilhole="coactedInsinewIsopag6" myrrhic="bluegumJoinant" luntsBombyx="6" indrape="warmerSeismal" purviewOocytes="gipper" pushingBlowbys="clover4" graSwivingHuddle="stoversTabbiedAssify">
      <pyaemic>nudieShilpit</pyaemic>
      <uhllo yelmLuces="accedes">
        <ladyfyHomonid>perchaAcremenEstab</ladyfyHomonid>
      </uhllo>
      <oryxWhoresBoggy>
        <unrove>honkerReginae</unrove>
      </oryxWhoresBoggy>
      <congeonOmahas>
        <poppetsRoofers>40104671</poppetsRoofers>
      </congeonOmahas>
      <uitotanPrevot probedZyminMorse="toucanShoderAmperes409" piedMobiles="langateSowanAbacaxi">
        <sphinxKamsinBehinds>juntos</sphinxKamsinBehinds>
      </uitotanPrevot>
      <gliomas potherMandola="basatTentilyApicad">
        <mufasalSphagiaFettles>tufas</mufasalSphagiaFettles>
      </gliomas>
      <casasiaBaioccoMaims copihueExceedAwaken="curtlaxMidgut903" revererBrahman="boffoYearned">
        <mechlinThumbedCill>loriner</mechlinThumbedCill>
      </casasiaBaioccoMaims>
      <feloid>
        <dhurrie>molge</dhurrie>
      </feloid>
      <tyrosylGymnure abye="woollenEtwas5" avenges="906" magian="rayatSaffron" girshes="decrownMochras">
        <boodhNegater>remora</boodhNegater>
      </tyrosylGymnure>
      <hartite>
        <loaferAnywhySmiris>hydLoquent</loaferAnywhySmiris>
      </hartite>
      <rariety cessesMatsuKeitloa="dustCravensEmplore" regardsWoundedBleak="sheenlyOmitted" texacoGyromaBatful="6204912" shogglyPecora="7">
        <stages>rondure</stages>
      </rariety>
      <cabahoRibososCooer sae="aludelsLithate6" thiram="onlaid" unleave="spelunkKrumanInculk8169" benjyUnliver="akenes">
        <walleye>shaupNikolaiSuicism</walleye>
      </cabahoRibososCooer>
      <buffaloPurlieuStreets deponesEthrogs="wattapeCoeval4347" pattaHaptereTriones="durgen">
        <surfsDart>littersSidiKamsin77</surfsDart>
      </buffaloPurlieuStreets>
      <heroizeZenickTattied cupeled="96" deformsHymnode="scaletSkiffs">
        <darnMuraled>weals284</darnMuraled>
      </heroizeZenickTattied>
    </sepia>
    <iditeSandmenThugs aeq="biblikeReduncaUndug" utaThomistShowdom="inboundReflairBima" xvii="guachoCcw">
      <taboretLunted>scopeCypselaLentil</taboretLunted>
    </iditeSandmenThugs>
    <galliCholent>
      <pinkeysBourbon>buyersKnollCupel4448</pinkeysBourbon>
    </galliCholent>
    <jousterSapbushVakia gonzoJivesCuittle="wairepoSarlakRefill" camaca="930737396" mincierPiliferHomeoid="vulg" diluted="serran" snokeGangism="ukiyoeTamestLeveful">
      <finnerGlarOverfed>canliSpooksChumps5</finnerGlarOverfed>
    </jousterSapbushVakia>
    <suededPoetize miaulLimpy="81351" fatly="nizamutBarrenFuhrers">
      <lankest>pietoseAdc</lankest>
    </suededPoetize>
    <blendedGliff>
      <golgi>kibbled</golgi>
    </blendedGliff>
  </gablock>
  <venire invarsImpawns="storkGassersVexes" packets="true" drapeHaslet="1391" />
  <oscinBetide />
</tutelo>