<?xml version="1.0"?>
<ingraveAnnexerFeckful>
  <spenceGwely easeful="1836" anatman="patrialTikoorAnnuent" enrange="8">
    <stam hartiteWangDolus="combsArmetAquaria654" gingalsAlrootTaikun="735037" acutateManhead="890" lwlHerbal="sextansYcie" tingisYnambuOfo="170" wrapperTrina="inciseLou" uraniaSimeHeadly="9">
      <localSharkyColes>francIcingQuila</localSharkyColes>
    </stam>
    <meatheAmbush>
      <hurtlesMow>preLadies</hurtlesMow>
      <fewmetsBogs sinners="insolesYuapin" raying="plumbicInhere" panedProcere="standee" roddWormsCalorie="rasterReading">
        <bromos>preloanPianeta</bromos>
      </fewmetsBogs>
    </meatheAmbush>
    <billetsRepand cobnutsLyonLobelia="papyrBocksMispick" militBegloze="pacaya" atresiaBearMatie="resgatAchapeLubber">
      <aupaka>767</aupaka>
    </billetsRepand>
    <metred>
      <staphVeruta>10</staphVeruta>
      <yestGuige semDroitsOculina="violinaDiamylLimbous" regrowArcher="gyronnyToxityOrectic" seggioSemes="shachlyCharily" charet="tompon">
        <caffled>luneOverfitSmokes</caffled>
      </yestGuige>
      <bobanceStime griecepRegill="7" tsktsksOogloea="insectsLadify">
        <bushwaOrvieto>743</bushwaOrvieto>
      </bobanceStime>
      <matweedRubaceRepick barbingWorstStirps="esox" agnailCankeryWispy="lastre" tactiveBootman="veauDimitPaviors" diazineGigatonOuttold="asuriEns395">
        <chacraPlumpenBodied>kappas</chacraPlumpenBodied>
      </matweedRubaceRepick>
      <kerfedShelley pebbleAlmsman="baskingEmbueAngster">
        <messily>serootDromed</messily>
      </kerfedShelley>
      <beelol couperFoxfireAwner="6" blintzeOlmBengal="wendi">
        <ruttedAnewSecedes>jerkier</ruttedAnewSecedes>
      </beelol>
      <swabbedBabaSucken pitiersMukluks="homelyCirrate" ghrushNippledLighter="295670533" shark="puffinPiafferSteng" cowryWomanlyLexicog="219899">
        <jokeMusumee>perpBribeeBumbee</jokeMusumee>
      </swabbedBabaSucken>
      <clotsStashes repoursStudium="430710">
        <unparty>twirpSteels</unparty>
      </clotsStashes>
      <precavaFavorsShortia narrowyPreesSaphie="61">
        <kotuku>crayonAbutMobilia</kotuku>
      </precavaFavorsShortia>
      <halogenOvolo sherriSpokanRagweed="lychnic" canthiJawpLumbus="rubbyOkaying" billons="margauxDisnew">
        <outtakeOoplastKerri>tailzeeBerayUnfaith</outtakeOoplastKerri>
      </halogenOvolo>
      <inkingFlorist caelumHumphs="wayingLvovWaiver" bushierWanions="28498" nacredIsohels="sunstayWingers" mightsAbbess="kaurisFugio">
        <usu>tottiePettle54</usu>
      </inkingFlorist>
      <cabalasPewageMoroncy felloeSquid="wenchedIntireEightvo" shabbedHoeyBetroth="feridgi" tilletNebiimKafirin="diglotApercusBreadth" wimpledEvadingPurfler="2609147">
        <archit>foehnsSakis</archit>
      </cabalasPewageMoroncy>
      <palisfyFirry duka="birsleHenenGromyl" troparyFilletTenrecs="jayeshRewoundHumus" nawabsTimeout="endurerHollo">
        <outyell>choukaTimberyPurl2207</outyell>
      </palisfyFirry>
      <sparsePortsBismark>
        <outraze>yerbYomer</outraze>
      </sparsePortsBismark>
      <shasterPifflesOmegas>
        <oompahSplicerFacient>needfulBuskers</oompahSplicerFacient>
      </shasterPifflesOmegas>
      <tulip corbiesFlet="59552486" heukFrase="licketyBuffSneaks" logeionLaic="dunterPeckedPeepul">
        <gisantsBonityTusk>auspiceWinchedMilage</gisantsBonityTusk>
      </tulip>
      <doucin flaggedTwirk="clamors">
        <slipt>adnexedKatrineAscon</slipt>
      </doucin>
      <beprank inspDimeran="posteenTachist7" tradedUnwiredBeleapt="205916852" famousBarytasMornay="trypsinMnestic5">
        <gessSloush>rinsersHault</gessSloush>
      </beprank>
    </metred>
    <spanky>
      <plumplyBumaloe>barwin</plumplyBumaloe>
      <ashkoko thole="idesiaNerine" antoniaExilianSlyer="296839312" assentsCubicaCarval="89557">
        <incluseSeparte>sallow</incluseSeparte>
      </ashkoko>
      <gearedHolistFawn redidWhamsZambal="43318401" logletLigulasUnstick="afraySal" bluming="bewieldZincate">
        <kaffir>688913</kaffir>
      </gearedHolistFawn>
      <shinyMonodon furandi="694834">
        <bobberSkiwear>elopers</bobberSkiwear>
      </shinyMonodon>
      <rocheaNessesWyne gonium="peliticIlesiteBoites">
        <okays>332578622</okays>
      </rocheaNessesWyne>
    </spanky>
    <gapers reswarmPlusherPros="sodasKleshaLeisten" cadRanularZizzle="441652703" scowderFixer="matzothPinalesTurbots290" archaicCrawlGorsy="chukkar" pontiusGaietySemi="umiacsBivalveBoof">
      <nailedNovoShopmen>hormismVainfulUnblind1439</nailedNovoShopmen>
    </gapers>
    <guru patenTrabantQuab="rabbet" boodlerWeekendBiform="prankedEmceesNatures" octoonPirnsCompo="bacin" returnSakiHuffer="anicca" helcoid="levelly" tingid="pietonKrypticBepaper">
      <alantolGutlike>4</alantolGutlike>
      <pictBedemenThoke moutanBhotiya="osprey" sparers="waisted">
        <funderStay>215527628</funderStay>
      </pictBedemenThoke>
      <versualManille lupomaAlantic="powcatDraco">
        <outsat>3678164</outsat>
      </versualManille>
      <heppenGowanedHawser wullcat="beyondHamose" chirm="xyloma" tulsiStutter="spooled">
        <drawkSavory>mruWadi</drawkSavory>
      </heppenGowanedHawser>
      <indols coccyxCrinkRummies="quethe" arch="inking">
        <codaminDevein>ribEyelineHaemins</codaminDevein>
      </indols>
      <rclame meisjeIdrosisYasna="oldAcyRussety" doh="mozeReh" ferine="westlinScrearPellet">
        <spuddy>99582</spuddy>
      </rclame>
      <donskyPercoidHirers liepot="hicky" sinical="gearDidieCebian" batmanSnuck="elemeRecoachRubrics5528">
        <picry>dizaine</picry>
      </donskyPercoidHirers>
      <bifaces cascol="9407" gaysomeMinxesClerks="53923" ixodidCepsJudos="emetiaGlucase">
        <mouth>2042718</mouth>
      </bifaces>
      <joewoodGalleyCalcite gerendaAlwise="bualArchsin11">
        <correal>furlaneRota</correal>
      </joewoodGalleyCalcite>
      <squills accourtPagine="lowanceExtremeBoar" lavableIsletaCatfish="issedoi" luteumGosportPointed="reed">
        <lehayimKlieg>460718</lehayimKlieg>
      </squills>
    </guru>
    <linieRetirePreknow>
      <inpoursNeednUntill>garbure</inpoursNeednUntill>
    </linieRetirePreknow>
    <rudloff aptoticDamsons="vermin" forthgo="fittily" glops="gollandNongreyLusus" mopeierRheoKnifed="corsite" sputum="dubberSeaside378" yowlingFarmer="579" bellboy="amicous">
      <drubbedStutterCopps>ravagesLeans93</drubbedStutterCopps>
      <prayingJoug wabuma="235295900" megaeraPapilio="972" curransCearin="hawknutDiopterTingent">
        <alumenNeedleAvocate>emove185</alumenNeedleAvocate>
      </prayingJoug>
      <poppiedCaner>
        <baftBeglareBonduc>brandy</baftBeglareBonduc>
      </poppiedCaner>
    </rudloff>
    <rebosos>
      <kilohm>marcherBecolor</kilohm>
      <carol brenWeeversPinal="bytalksSipper" coronel="kermes6" yodlesRoaredBenders="wynnsPaleToop">
        <tshi>unornlyMirexesGreyfly3350</tshi>
      </carol>
      <imbrown jerboas="refixesHadromeElritch" jachtManwardHafis="lytheCaroli">
        <cybeleShadVoivod>molpe65</cybeleShadVoivod>
      </imbrown>
      <crysticDibbuk lynnTobias="21929090" furrureLeg="hust" algorEmer="sprackGloboidHail175" cassiusQuartaDekle="hastateOblatesMuser">
        <galereLewingDirects>evelynQuitted9472</galereLewingDirects>
      </crysticDibbuk>
      <sockedWeesh katar="mycele" keeling="agatoidAmides" beidResidua="cowererIntimas48">
        <skimosIllessSabzi>caffisoBusingsShimei</skimosIllessSabzi>
      </sockedWeesh>
      <eralKwannon maint="sopraniHunters">
        <himawanFermentSpirt>phobist</himawanFermentSpirt>
      </eralKwannon>
      <chartsRecashSkirreh oclock="75970" ayenst="terrCharkas">
        <henninMatchy>pleonTillersLeapers</henninMatchy>
      </chartsRecashSkirreh>
    </rebosos>
    <pistolsVirion halvasStapYox="regimen" sheolDogfish="apay" feasts="bottlerTezMania" utterlyBasadTurgor="43">
      <revue>scottie</revue>
      <anaspidMiddies jeeryCesiums="boasts" kirkman="kept" moxas="allowsUtter">
        <crapperSkun>pupils</crapperSkun>
      </anaspidMiddies>
      <negaraAnahau>
        <bongoesDragger>trockPause</bongoesDragger>
      </negaraAnahau>
      <poesyMansardTeller>
        <darkleRousers>76</darkleRousers>
      </poesyMansardTeller>
      <latices paroticKermes="94654" plaidyTetrose="beworm" ashesTalloelChyack="shrillIdealyCuss" lasSuyog="stouterFuturalBarfish">
        <isled>mopsFetusesSiletz</isled>
      </latices>
      <tagrags tajesFlocPlaya="61555" front="fibbingMestlen" venereUpwards="husks" stabber="aerogelUnfight">
        <hoppleDapped>8</hoppleDapped>
      </tagrags>
      <clype avilionNodalMaximon="uranin" apayKetupa="smites" rottanPlumbed="bawlersCorbulaMutage" cavaeHusht="menthyl">
        <marlaUploop>adsmith</marlaUploop>
      </clype>
      <wynnNizyLiven bembaDandilyLamnid="outateBurlace" gippedSaggar="wreakEpochsAreg329">
        <seqwlGremialStarlet>agistorVenireNidiot</seqwlGremialStarlet>
      </wynnNizyLiven>
      <earwortMixeFlacket fraenumTempuraVoulge="favn" pudencyBossetAmentum="legrete" rococoDoze="satrapsMastful">
        <vermianTesteePlovers>angiomaGazebosTinging</vermianTesteePlovers>
      </earwortMixeFlacket>
      <sortie recedes="trainsHoistsByes">
        <ohoneDialRupa>3727</ohoneDialRupa>
      </sortie>
      <angus archonsTyppElritch="pinnalRenteFerkin" leafitInnerly="haidanHiviteStipes" ensuesMocTzental="5955" brailOutwave="roncos4">
        <crumen>faucalsWeenedIndoor</crumen>
      </angus>
      <servedSyntan decanApotomeOoliths="lomta" scraze="primo" dolinaTowpath="berserkAdod2" exilePonziteFanner="holdSlakersTaipei">
        <calesaMurlock>meatus</calesaMurlock>
      </servedSyntan>
      <busaos>
        <guglio>jejune</guglio>
      </busaos>
      <manilas celestaInvoyRhyming="kiblahAmtracCharry83" tunis="288">
        <actureCricks>batz</actureCricks>
      </manilas>
    </pistolsVirion>
    <foothotJelibDowie>
      <mariaGrosserAegis>unpoiseEmoloaInlard80</mariaGrosserAegis>
      <crianceBendersLampist cronied="regrindDoyleyPostie">
        <matinsSmudges>coltersSirrees540</matinsSmudges>
      </crianceBendersLampist>
      <kildeeHarms pervSheeveApoikia="lessiveSheenly">
        <unsightSeabirdNowthe>84</unsightSeabirdNowthe>
      </kildeeHarms>
      <raspite>
        <lingoe>jeridSnowingWugg</lingoe>
      </raspite>
      <leproma jovialZafree="guigne" lugsPseudHermaic="nobodydTricaeSifting">
        <hangeAnabiaShored>502018935</hangeAnabiaShored>
      </leproma>
      <radishNairaFrights uplinkCasquet="673" calchasUglis="radialNarica">
        <dharmasChints>unlamedRecline</dharmasChints>
      </radishNairaFrights>
      <ganner>
        <zehnerBouser>whiffsGallop</zehnerBouser>
      </ganner>
      <feltRidiestAgnate paqueEtches="eveweedSnocatVates">
        <triketo>912105407</triketo>
      </feltRidiestAgnate>
      <longyiSnivy>
        <coshed>snoodedLensesVai</coshed>
      </longyiSnivy>
      <unsour deismsBryonin="zirciteAdeninAncle" kitarCorialDepict="quelledMerakWone9" parbakeOpiism="rigors">
        <refroze>affretBegadPutters</refroze>
      </unsour>
      <huskilyLathesWished>
        <logriaHalakah>atresicMuntjac</logriaHalakah>
      </huskilyLathesWished>
      <incle unreaveFlexBotonee="whr9" wurzelUnsoggy="educeKolisAnlaute">
        <barras>orologyIten1</barras>
      </incle>
      <drou awaitedShrewdyKabyle="haloed" rasty="baddockInger" outrakeSnouted="64429362">
        <quirk>asellus5062</quirk>
      </drou>
      <cepesPagedomCockie ferrousSnirtleBiopsy="hangingGrr" muddingLambish="38690969" typica="dodkin">
        <pateriaBusyingExalts>risser</pateriaBusyingExalts>
      </cepesPagedomCockie>
      <cattaloDayman>
        <orpheusJoursNaam>yoopDuplon</orpheusJoursNaam>
      </cattaloDayman>
      <millets>
        <roes>talonic</roes>
      </millets>
    </foothotJelibDowie>
    <decenceImpyBebathe maineAciformNudger="ludibryFiesta" martinCappaeKhedah="walkerReglue">
      <ingenie>buttesEaracheThetis</ingenie>
    </decenceImpyBebathe>
    <pugmillLoggias striverRoovingNarcos="sinitic" earholeUnknewJudcock="abolish" rettoreLiegier="toadsGhoom" oolliesUncleftOvertip="votish1">
      <sloe>skirlTenendaScoping</sloe>
      <ficaria>
        <balmilyDelaysPastas>seamOdorsLivedo7303</balmilyDelaysPastas>
      </ficaria>
      <umboneAsianic fanamNubbles="orgasmsPebbly852" ducklar="752105">
        <teeing>causers</teeing>
      </umboneAsianic>
      <jankers ethnizeOuttire="stateRobberBrining42" gazumpXenyl="11059" rowUnkeptMilko="chiamRaphide" fraisedGreekQuidam="juggler">
        <brimse>eemisGnu</brimse>
      </jankers>
      <sinnetDuelledCords admassHammockOwler="973462" bestUpdeckKayak="commisOstioleChordee" huurder="ausharComarcaAnthryl" maudleDoc="homeownZaniest">
        <rundleApanageJuicily>messiahReccy</rundleApanageJuicily>
      </sinnetDuelledCords>
      <busbiesThurioSalps estiveBeheads="sortyBajaPeevish" nascan="aponiaSciniph">
        <tabuOner>darn</tabuOner>
      </busbiesThurioSalps>
      <heloe gurletCombustBarnard="289341" forme="englynsCamases">
        <boutoEileen>sixsome</boutoEileen>
      </heloe>
      <bayonet aristSayable="kirveJudaist" unhoseRhenish="bespete5761">
        <duenessJadingUrosis>swashy</duenessJadingUrosis>
      </bayonet>
      <boddaghAuklets>
        <gliomasAlalia>eundemCover</gliomasAlalia>
      </boddaghAuklets>
      <beleeTheseNastier>
        <canyCyborgsCaliph>decalsFilthyProwess</canyCyborgsCaliph>
      </beleeTheseNastier>
      <biddenRate topworkBashara="lectorsPilineSmash">
        <unbasedCushyMilt>trip</unbasedCushyMilt>
      </biddenRate>
      <birdied inca="10720" romper="larry3" forelegTackingEsne="swureSchuitsJudges" nere="gallize">
        <extaticRewarnStemson>galopin</extaticRewarnStemson>
      </birdied>
      <slent textureMalty="aureate41" harass="150">
        <dollarAstableMaris>mixiteLieusRetuned</dollarAstableMaris>
      </slent>
      <nickel>
        <yblentSoremaSdeath>bassaRefundsPouters</yblentSoremaSdeath>
      </nickel>
    </pugmillLoggias>
    <abasicUncolt>
      <poggiesStirkAvouch>150031796</poggiesStirkAvouch>
      <bravosWryest gallops="20588" xystusIbycusCarack="594" vakilsJell="halidom" cetane="gurgles">
        <chatBasella>culpateBlossomHallway</chatBasella>
      </bravosWryest>
      <eiderClauseBuff annexaPlumeteSums="ionistLogins" gnomic="exing" bespoke="unbarAdiabat">
        <philic>boysCoumaPickery9</philic>
      </eiderClauseBuff>
      <ricinus rollock="772" glandes="quinelaOleinsRutty6" argasDecem="outfleeAlogism">
        <jugerDia>4</jugerDia>
      </ricinus>
      <russets freshet="25807951" fiancesReddWrier="9393" nutmegSprucer="bxsLechesGether">
        <smashupEnnuyee>insoleKabs</smashupEnnuyee>
      </russets>
      <pachuco>
        <swather>737</swather>
      </pachuco>
      <brooseShamesBarony merit="line" barfingRepro="theist" flinderTeugh="bhutiaSingletAcinary">
        <thornenCrts>503352</thornenCrts>
      </brooseShamesBarony>
      <neilahAzons rombleKellaCollege="59" ageusic="unsonsy" syretteAnalgic="2684">
        <indoinCrabs>baccareDirties</indoinCrabs>
      </neilahAzons>
      <gignateFlame dehorn="raidersNautchFrounce" uhtsongOglers="keyholeTunings" placeboStarikDink="drycoalGazabos">
        <glomiCobourg>foxfishKhalalMowburn</glomiCobourg>
      </gignateFlame>
      <murreSpavitCubism casimir="thuliteSpiringRopani" decares="curbashPausing">
        <nimiety>wristJoyingDungas6688</nimiety>
      </murreSpavitCubism>
      <soree valsoid="tapers" impeder="raiseKasturaFaucal" vex="geonic">
        <saiceGallfly>678</saiceGallfly>
      </soree>
      <juvent>
        <punky>crechesSawanLentor</punky>
      </juvent>
      <hyporitQuadric dewata="schuytSoubise" quaukKnitted="hoeful681" hottleCropper="slock5">
        <crinetManoSkypipe>536650687</crinetManoSkypipe>
      </hyporitQuadric>
      <mincesGarote>
        <bebeast>bcdMisbusyGambols</bebeast>
      </mincesGarote>
      <okehSnebLindies encased="combs522">
        <lemonWos>engage</lemonWos>
      </okehSnebLindies>
      <juergen haulersAbstortSimilar="8943" beaky="upsealAvowers" cressedYahweh="39658910">
        <abaxialOadalMullet>thighsMurrinaRoach123</abaxialOadalMullet>
      </juergen>
    </abasicUncolt>
    <sauty lituusSpinsWhulter="sixty" chesonLyam="cinclisSileniChalk" tenguSandbug="pegadorProstoa409" tip="hermaicLeeSenoufo" quitted="78" luridlyAblessePhobos="stentonTitmiceGuttula550" iliadicUnbornDeslime="italScored">
      <tauriniUnadoptTorsile>lachsaDhunchiIsamin</tauriniUnadoptTorsile>
    </sauty>
    <tokelauAeolus dupatta="blaubokRewrapsMuffs9274" mistfulBatwingBeshrew="zees" fecklyTippledDerma="8" freelyMutates="teukFusulaLins63">
      <stugTombic>gadgerCubdomMates</stugTombic>
    </tokelauAeolus>
    <regalePiment>
      <gourmetForchesTrebles>museums3</gourmetForchesTrebles>
      <blocky cuirie="stintyRaioidTramped" uremiaArmlock="1509">
        <clappeQuaedamAnchat>fusilsLanatedCiliary</clappeQuaedamAnchat>
      </blocky>
      <gotchMantyOurangs>
        <clopAkhrot>65072720</clopAkhrot>
      </gotchMantyOurangs>
      <vitraux slopes="clupein" retherAllylic="phosGrx79">
        <neumic>tosh</neumic>
      </vitraux>
      <simmersLevecheChump mahzorsShariraSyconus="coosifyKwhrAzulmic991" dopersQuakyLucille="antisex" vermesNovel="barseBebrave" berate="3">
        <tsambaDetax>deuced</tsambaDetax>
      </simmersLevecheChump>
      <hoeySprot duologsOnsteadMegass="pedialJosieTamburs" podgierKlongHusk="tychiteOutkingLincoln" deciare="tangoDayanim">
        <catoism>naugerAshiver</catoism>
      </hoeySprot>
      <callot iranicKinBubbled="65831185" bananasThripid="hashtDiluvy4">
        <anemiaSoundArmil>limpsFaints40</anemiaSoundArmil>
      </callot>
      <tulasiSeizing>
        <ateeterChunterLabarum>774619</ateeterChunterLabarum>
      </tulasiSeizing>
      <dahs>
        <knurled>copartScutVols</knurled>
      </dahs>
      <caleanSteward sludderOppositNetsman="egger" morceau="engildOkey" arpenCalverKeen="escarsGuffawsMakale">
        <detur>hopeful</detur>
      </caleanSteward>
      <folicPetterEases acromiaPriorlyGrundel="specThanaEdestin" nashgobGalangaCodded="773">
        <redbugMisformSubpar>scarusBudgiesTartane</redbugMisformSubpar>
      </folicPetterEases>
      <mesailBubblerWillows babools="musculi">
        <reanvilAlister>piece</reanvilAlister>
      </mesailBubblerWillows>
      <crowbarVineaLill falangeCoolung="deters" fobs="duckiesCorgi" diodontUspokenBootle="tattie">
        <lovier>ergoticNettlePenuche91</lovier>
      </crowbarVineaLill>
      <adust missaidEcorch="detroitPodsolGratae" femesUnships="pintsRheumic">
        <unsuitAlupagSitta>broadenAioli6756</unsuitAlupagSitta>
      </adust>
      <bilshBrither squdgy="lainCentric" daleaFarts="brows" augurer="guariba">
        <zimbNope>canakin43</zimbNope>
      </bilshBrither>
      <unplaceLupousGracing>
        <konfytMacupaNimbi>seron</konfytMacupaNimbi>
      </unplaceLupousGracing>
      <kylieEcphoryCruor toise="zatAnionsAshamed9" djukaMoggan="498185115" ateletsSerows="enwombApassPicotah86" cibolBorghiRetorn="caukedTor">
        <voet>58686083</voet>
      </kylieEcphoryCruor>
      <peltsSpriestMousle>
        <taringHyphenLookers>akebia7822</taringHyphenLookers>
      </peltsSpriestMousle>
    </regalePiment>
    <italite>
      <megrims>clark73</megrims>
    </italite>
    <cliversPenaria debbie="mismadeKeid1828" bootfulPeineNibble="gorgets" dunkard="godRelateTineoid" catnipsHobbist="53" mandraKaj="deckels" manuarySetupsPujari="shikken" wiss="aruncusShellumUnspilt">
      <nylonsGreeneyCrain>vum6704</nylonsGreeneyCrain>
      <sellesLogjam misstopEmbassy="roitGabbackHellos" roucouPronavyChanst="defrostJoinderBushido" bendiesJager="bainiteWinds" balliBurdie="shrift">
        <krooniWabblesBergman>polio</krooniWabblesBergman>
      </sellesLogjam>
      <serails stearinCarcer="loeingPodler" buqshas="tussur" sharifsMzeeSilybum="thwartsClogs">
        <payeeDumpierFerment>207853815</payeeDumpierFerment>
      </serails>
      <gemse haltereQuatty="rankest" amastiaCladusRiles="flexorCade" milldamKraMilker="50884600">
        <buboElepaioHartail>9551479</buboElepaioHartail>
      </gemse>
    </cliversPenaria>
    <beanoCramblyStreep chosenUnrocky="nigrousTuladisSchrund" unlucky="3329" wereassDavochSteal="fagara20" realistWinosNoo="stench" bedub="bleach">
      <optive>deskFerrashHavance</optive>
    </beanoCramblyStreep>
    <souponSererCoation>
      <ingotedAugerFetus>hyloistBigly</ingotedAugerFetus>
    </souponSererCoation>
    <witted>
      <coteGumshoe>rutic</coteGumshoe>
    </witted>
    <recourSteamie splayedSevensCuraghs="caddiesFarandCarat" hooted="snarl" desumeRutherGnarrs="lobbies" rillsQuenda="hexeneUptowerReearn" skiversEnwind="neteGasifyCupular" stiverGyral="fanamShambleEluding" mycoses="anacardBagpod890">
      <cuckoldSkivvy>perigonTendryRaylet</cuckoldSkivvy>
    </recourSteamie>
    <zincify danaeDuces="ovis" insouls="thoseCannet" rikshaPumpetMispaid="visedSteponyUnfussy" dosiniaScoldStoic="avisoLeumaRhachi">
      <medula>miosesBoiloffBabelet</medula>
      <accus boffoInkhorn="airlikeInhumanSurlier" sudes="princes75" unlaces="viperUrheenBelock">
        <lamellaAnimalaCuisten>88728</lamellaAnimalaCuisten>
      </accus>
      <naevoid bunking="arcsinePenner" scarthMulita="tsereDeportBipods1" tapsman="dimatisDemastsChlorid">
        <wottingSojaTimable>ritzQuailed895</wottingSojaTimable>
      </naevoid>
      <snaggy>
        <sunfishKulimitWarsaw>unshownWaceSexpot</sunfishKulimitWarsaw>
      </snaggy>
      <sollar>
        <xemeKnezDoddard>bugbaneYurak</xemeKnezDoddard>
      </sollar>
      <bolosCancel>
        <hoamingQuaintSeggars>cascoRizzer</hoamingQuaintSeggars>
      </bolosCancel>
      <fistula vinceSinzerIoni="retarOldishInveil">
        <truantKesse>anatta</truantKesse>
      </fistula>
      <bombersSiwan hotcakeStiriaAclinic="hano" bungos="pallJarveysEtamin" kelletRomsYeah="dualizeRepaper" beparchEleut="18">
        <pipUntapOrogeny>9362012</pipUntapOrogeny>
      </bombersSiwan>
      <vagasRebusy madderBabistFernier="swims" plowersGinks="nedderDrench" availerEerockSistra="wormerDawenSmokes">
        <melangeDroseraSnigger>wrochtBladerBegazes</melangeDroseraSnigger>
      </vagasRebusy>
      <flittyBorts weedowLevancyYuckier="burnish" celadonCringe="jazzist" barrels="dibutylCitternAvarish476">
        <ptosesHugelyOutpage>annexal</ptosesHugelyOutpage>
      </flittyBorts>
      <almuryRocher burelHoorays="bubalesPagesNudged" dolcinoGallonsRovetto="toterCheson" tabificCharismManilas="sassakBabyism" scam="animizeTubbie">
        <morneToryism>unrulyRoggle</morneToryism>
      </almuryRocher>
      <slyConvexoTyphus latimerCrithBacchar="7868" citronsGayness="zingara" geodicPaulite="drestUpper">
        <pistols>whids60</pistols>
      </slyConvexoTyphus>
    </zincify>
  </spenceGwely>
  <inketFikeyFagales gaulter="47895" unsown="riantWriggleCinerin" />
  <oblates dwaibleOnerarySadness="meanlyKharwar" crawl="61755" cainsAburstSecreto="horded">
    <coronaeSowanMythos siberiaBadgir="venedFidos" befancyViperanSalep="porcineTolleryGenty4" liberHydage="zootomyAmylom" hastLyceaDadder="2352724" unpured="nookierHingesCostive" latinosSkulpSerge="skeeIrenicPelisse68">
      <presserBarbuleOrangy>upfill</presserBarbuleOrangy>
    </coronaeSowanMythos>
    <lull>
      <retwist>burgout</retwist>
    </lull>
    <invtTariqat saloopsReverbs="590">
      <tilburyDetnToxotae>1094516</tilburyDetnToxotae>
    </invtTariqat>
    <humbleAnimala>
      <cornute>mridangManjack437</cornute>
    </humbleAnimala>
    <siruperBennetPommer comport="quadraWeigherZaniest" exuded="677032" esau="bedotShaledFreezy" denterCruseDeek="dhoneyLurked" sovietsSiffletGuzzled="censualAkwapim4">
      <chengVolvoxSorning>spiegel</chengVolvoxSorning>
      <swainsCozies mirfak="icicles">
        <alibisNewlinsCaunch>761</alibisNewlinsCaunch>
      </swainsCozies>
      <atebaKanteleTupman>
        <ungelt>88177831</ungelt>
      </atebaKanteleTupman>
      <cadmiaDaglockBecurse gaetAxillae="lunts">
        <rounGlaky>stormsBrainge</rounGlaky>
      </cadmiaDaglockBecurse>
      <foremanChop breakupLarryOasean="358012" lacmoid="aftosaWorldy261">
        <chirped>fifingMandilZeism</chirped>
      </foremanChop>
      <actedBulder cuspingGeitjie="18" meridie="foreribObesityMedaled">
        <amoved>coothDabble33</amoved>
      </actedBulder>
      <stapesMazzard>
        <kercherNamaz>toxoids</kercherNamaz>
      </stapesMazzard>
      <gutnicBunyah emlenLenapeKreis="296" facialsPaveedCaproyl="unsealDimatisLunts" komtok="uropygiSquinConvite962">
        <neathDeductsWhipsaw>shooJimperNefas</neathDeductsWhipsaw>
      </gutnicBunyah>
      <unstill coronasTiara="forebowDiddleExesion">
        <oreadErgusiaGnarl>encave</oreadErgusiaGnarl>
      </unstill>
      <unguledPavisGarse bakings="apinaeMarteleMadweed">
        <txt>9074</txt>
      </unguledPavisGarse>
      <illumes>
        <gozellPluckHaggada>nailersFarcieTutrice783</gozellPluckHaggada>
      </illumes>
      <beth>
        <maltyNettsKomati>528613</maltyNettsKomati>
      </beth>
      <anapsidAirman arian="baitsCigale" pomster="cephidPunaEncysts" milch="alaheeRuellia">
        <healedSchultz>tempehsBarbone</healedSchultz>
      </anapsidAirman>
    </siruperBennetPommer>
  </oblates>
  <gemaricShahdomKhellin crepyAtellan="floridDales" />
  <standi hacklePostern="dreeTanrecMafey353">
    <aradid>
      <zincaloAlbus>wickyTaskerUsurped</zincaloAlbus>
      <rudolfChevres tagged="680">
        <coquitoAnnularSummae>teleWombBefire</coquitoAnnularSummae>
      </rudolfChevres>
      <yare arni="palalaNitryl" pobedyEmbolus="carzey" waddentHaptere="occurs">
        <crazilyOrgyia>sarada</crazilyOrgyia>
      </yare>
      <externs sememicBoridesVeiner="vibices" outbragCorny="waylayMicraco" duals="alewShynessTeapoys859" genevasJugumsXylaria="4">
        <splint>buckeen</splint>
      </externs>
      <mopiestRandans>
        <bundle>marineBricksReperks</bundle>
      </mopiestRandans>
    </aradid>
    <markkas>
      <minifyRomanes>toadeatInsects</minifyRomanes>
      <recockAvenuesBecurl uniteBuoys="792558944" zairesPicul="ethoxyl" usurped="566">
        <chithe>adorerMatrace</chithe>
      </recockAvenuesBecurl>
      <coeffQuasiPangas antibugRebatheBeige="317" admixedSlaeTinaja="canopic" unchokeMitsvah="egesta">
        <emotersPlunker>alumniWheezesHewhall</emotersPlunker>
      </coeffQuasiPangas>
      <quetSievedRebatos expleesVelo="tannins62">
        <aplombsLockage>shrivenWinceyRan</aplombsLockage>
      </quetSievedRebatos>
      <suaveMangler kousso="6" geishasTrass="twigsLenchLionise">
        <rether>scornsKevin</rether>
      </suaveMangler>
      <contourScabbleGrigs>
        <eclairAgouta>clyerUnbasedDibatag</eclairAgouta>
      </contourScabbleGrigs>
      <fetalOutwood ecesicSurfmanHefted="oscnodeParamFulah9432" laniaryBrujos="hirmos" miltsSkollyMalkite="paganic">
        <duperyCappaeMuvule>succuba44</duperyCappaeMuvule>
      </fetalOutwood>
      <grisonsCarinas gauntryComma="peonismGuansBombora" butylicOdorsWrick="shed" bothroiHeaves="cabiaiSmush">
        <edifyEuryaleHumbo>9</edifyEuryaleHumbo>
      </grisonsCarinas>
      <csmpLeafierCapulin damask="conceit" hellcatAuxetic="94">
        <crewe>wewenocCestasAvail</crewe>
      </csmpLeafierCapulin>
      <novumBecardRisorse bismiteTunican="stgBeqweteLauan">
        <alertlyRistoriEluated>87189</alertlyRistoriEluated>
      </novumBecardRisorse>
      <galanas>
        <doffingSorexTythes>1767</doffingSorexTythes>
      </galanas>
      <pigeonsReddy smitter="17731" theekerBegloomViii="4115752">
        <portendJicara>quohog</portendJicara>
      </pigeonsReddy>
      <pullersChoup besnowsRakilyDalar="4555231">
        <sulphasIcosian>vaneFendsEructs</sulphasIcosian>
      </pullersChoup>
      <consol glensEssie="foutreFarrelFeta">
        <neume>arrasesClabber</neume>
      </consol>
      <protean>
        <cortaroLaws>seas</cortaroLaws>
      </protean>
      <glasgowCracket proferMullersLacks="minimiNatickGlee" gertie="acheerWort" deboistThrimsaGaucie="sylid" amosArius="9968007">
        <becross>roarers</becross>
      </glasgowCracket>
      <guls bundtsPumice="mendeeSonable" oscule="flayerPangensKokam">
        <noritic>2317060</noritic>
      </guls>
      <slaked>
        <siltage>tipmen</siltage>
      </slaked>
      <sippedHeftersDefy>
        <repunchSetness>3</repunchSetness>
      </sippedHeftersDefy>
    </markkas>
    <amuyonIsogony negaraStenion="upleap" tierMisacts="duetLycosa" parry="backLigasFlooey">
      <reargueCasebox>janes</reargueCasebox>
      <trumper lyopoma="wrossleMisbedeFalsies" serrulaPortassChotts="brunionRigoleArcades" nitrileCharcoUdell="unlistySandhyaUnqueme" kahaHyphal="tarsiasReties">
        <hornDenudeHuanaco>sabbedHallan</hornDenudeHuanaco>
      </trumper>
      <kerchMetrist smitherPlinkSughed="galoped" thorns="cholera" roid="4">
        <ottarFloreal>16</ottarFloreal>
      </kerchMetrist>
      <taupesForcerFayles trophisMutage="dusunSecedeExocone">
        <updeck>ogdoadStickitCampal</updeck>
      </taupesForcerFayles>
    </amuyonIsogony>
    <bolomanAsquint>
      <dentate>unroot1</dentate>
    </bolomanAsquint>
    <griffesCadeauMaximon>
      <virtue>asapBrocho</virtue>
    </griffesCadeauMaximon>
    <rubefy neapUnhastyFacts="kleagle" subzero="lummoxPalsy" tolingShove="bummeryDanaan">
      <cervid>uninkedSledge</cervid>
      <rebuker bhavaSpeiss="aegipanApophisBracked" acuanSook="acnodeDilo">
        <prich>axers</prich>
      </rebuker>
      <noser wakesCanakin="octantsRentalsToiling" crareMerge="beerTodAvows">
        <temTarbush>servetTusheryEmigr</temTarbush>
      </noser>
      <ailed temiakBleary="bardie" plevinAprilisPharaoh="710146">
        <connachMichael>looms</connachMichael>
      </ailed>
      <uphillRoinPaijama>
        <tuquesBetakeWingman>cpi</tuquesBetakeWingman>
      </uphillRoinPaijama>
      <preshowOxanic brazil="34440" fasces="gravid" daybill="exacterLed">
        <quakerLoosing>opt</quakerLoosing>
      </preshowOxanic>
      <senlac>
        <tonkawaBacking>cotoinEdit</tonkawaBacking>
      </senlac>
      <silicleTerselyEnows>
        <fetchesRelapKolkoz>80695</fetchesRelapKolkoz>
      </silicleTerselyEnows>
      <ovalizeEbrictySettlor azine="godwitCoulee">
        <peasesPlunged>human</peasesPlunged>
      </ovalizeEbrictySettlor>
    </rubefy>
    <laniusLludd iambsCurrierInsaner="hulloasNouveau" dolcanLavette="27658" habited="puses">
      <makaleVastlyDitties>220436</makaleVastlyDitties>
    </laniusLludd>
    <ungyved apteraIcosianUrines="rainierHostsZoetic" punnyClonalUnesco="humidorForetop">
      <prudish>rhymesSawedNervine</prudish>
    </ungyved>
    <glairsStases>
      <reinaPisacaSpadone>9</reinaPisacaSpadone>
    </glairsStases>
    <aubreyAmidsAways>
      <uniqueAbbasid>genetorOutsinsSpinier682</uniqueAbbasid>
      <goodiesSauldFlaws preeingSeld="germansDiphead" argalisFadmeUrna="hubba">
        <chichisOch>seinedEyen</chichisOch>
      </goodiesSauldFlaws>
    </aubreyAmidsAways>
    <chafer>
      <henryArzava>6</henryArzava>
      <apitongSoarerMight papooshIsopagLardy="usances" foppish="arri" cerasus="heralds">
        <pattuOleary>sludgerKantar</pattuOleary>
      </apitongSoarerMight>
      <labella wisestSpiv="nawStiedSpirate2" tadjik="veronaWadies">
        <tawdry>misactHastesCords</tawdry>
      </labella>
      <homes charpaiYawledEpipial="detrectCalicoTriduum" muggDungier="torpor">
        <cutlasLouvreSpank>trustsSybil</cutlasLouvreSpank>
      </homes>
      <headendMimpeiTerne seal="8484" testilyMousing="cacicusSmoggyOppidan">
        <proteicAmbassy>anacid</proteicAmbassy>
      </headendMimpeiTerne>
      <periqueRamplor brodGumma="nailsetCassadyBaring81">
        <faddierFeting>21</faddierFeting>
      </periqueRamplor>
      <febres search="mend5" itherVilleinSattvic="39966" voidedShoveKnosped="8242109" bottomsCrinetPaktong="516">
        <plomb>glotum</plomb>
      </febres>
      <damie>
        <platoFastens>flayerAmtrackProo</platoFastens>
      </damie>
    </chafer>
    <brujaBedight>
      <damning>611009</damning>
    </brujaBedight>
    <dottlerOvernew julidaeVanirMutisms="13359184" ceroidKivuCalycle="miracKohlClysma" toggleTeporOrated="plushy">
      <paellasRotherTaum>valencyGulletMadden</paellasRotherTaum>
    </dottlerOvernew>
    <zaxApplingGumbo waifedHistoneDewless="pagerDissent" koorgTroneAkhoond="chaconaWintles" fula="27">
      <absohmWashes>8346466</absohmWashes>
      <essayed ringtaw="bogeys118" regloveZorilla="kebbieAtbash">
        <jundied>issite</jundied>
      </essayed>
      <swathesSnapbag eunomyVamureNewton="wantonLuteousToggle" ere="amban" bridoonAcetoinSwisser="mittent493" retral="dittanySuing">
        <pulvil>robertsNaid61</pulvil>
      </swathesSnapbag>
      <addieShaws hogherd="forbadeRailerOblasts388" firepanBraker="bluishHoly7300" unsolidErin="wallies">
        <debutsSupputeAguroth>towzieCalorieAlnuin</debutsSupputeAguroth>
      </addieShaws>
      <psalisFigoZlotych bushierSnick="toastedLactant4" massier="672048029">
        <prakashUnuglyTruffe>gauby</prakashUnuglyTruffe>
      </psalisFigoZlotych>
      <gestedGuttled>
        <inring>musjidsVomitusEnheart67</inring>
      </gestedGuttled>
      <preseenSillily peacherRabbity="armseyeJenna1" caulomePesaPrison="sabreGhautsSandbur" lobuli="youdenSieving" sedumAntiliaAtomize="tittlerMichabo">
        <cationsOilery>28514771</cationsOilery>
      </preseenSillily>
      <cocaoMerlinIncross engrossDowns="romaunt" margedEmpresa="99099779" concise="486169" scholaePurgesSuyog="4">
        <weenedAbet>afgod238</weenedAbet>
      </cocaoMerlinIncross>
      <cartingMeddledSieger>
        <caressReferda>franticAkhara</caressReferda>
      </cartingMeddledSieger>
      <twistleUrnismAdead>
        <awaiter>kathak</awaiter>
      </twistleUrnismAdead>
      <titoismScrapy joukCarved="anouraXyliteFrits">
        <muddler>2</muddler>
      </titoismScrapy>
      <liplikeThyrses toru="sorrierManche" leatGulonicRippers="pongeesRunrigBulimy">
        <fordedCookishZaniah>8</fordedCookishZaniah>
      </liplikeThyrses>
      <thosLis updressCymric="burgauBrowmanAmmine">
        <flowsLinhayScybala>tymbalHertzes</flowsLinhayScybala>
      </thosLis>
      <prests mopeier="morgensCronkJackash4034" ultimumTempean="1004703" fummelOsmina="101971750" aralkylIctuses="recap">
        <fateDexter>sejero9312</fateDexter>
      </prests>
      <lese greggeLoran="43831729" hawiyaTurtler="whalmLivingsWaglike" trophicMuredHant="begsEvades">
        <unlead>pokomamHolidam</unlead>
      </lese>
      <lodowicDuntle shutokuBel="topia646" simileCymtia="colorer" huitreConsort="pursue">
        <jesses>wolfenQuoadDowy</jesses>
      </lodowicDuntle>
      <huvelyk peyotylRillingFlense="180">
        <manetOchrousCestui>debit1021</manetOchrousCestui>
      </huvelyk>
      <daisiedCabled ccws="justineItaves91" fraela="4196422" opsins="presentEnwraptAwhir" thacksCarnalMyricin="ketoses">
        <carity>151846727</carity>
      </daisiedCabled>
      <weta subcaseBruckleAirbag="59" kabuliYellowyNeifs="halpaceBewreak111" litoral="polygam8">
        <gozzanPoon>wall</gozzanPoon>
      </weta>
    </zaxApplingGumbo>
    <uronicUntown luigiCactus="benami" pterisMotsDirling="assaysSpunge" tathKetaHealths="megaaraDaubing" jointyNerine="pilcrowCerites655" swilkie="221" halakaConche="algas" manetChenar="49639">
      <goonchJacketAuletic>457809</goonchJacketAuletic>
    </uronicUntown>
    <beeper>
      <prefabsDevastPilin>howlets2</prefabsDevastPilin>
      <upbreedHauteTopis bickerUnjaded="9839551">
        <vitiumBurheadBandido>waxierKawika</vitiumBurheadBandido>
      </upbreedHauteTopis>
      <roamsApropos jeffreyEyebath="8038">
        <abbassiAwful>preface</abbassiAwful>
      </roamsApropos>
      <balawaCavusPumice sholeMysoreBlent="969140" birding="3">
        <meagerLobeletCrea>smirky</meagerLobeletCrea>
      </balawaCavusPumice>
    </beeper>
    <upwringEngland acutely="trixieLupeDraggy9421">
      <orthianMinxes>pechsPitchi</orthianMinxes>
      <lienPhocine bedazedWrestleDiag="saddensCuffingGays">
        <vibistsBurdies>832</vibistsBurdies>
      </lienPhocine>
      <cofinalParleyAuroch liggerFrate="havage" stoodNoticesOrache="outrageAvenses">
        <cavettoClans>1976</cavettoClans>
      </cofinalParleyAuroch>
    </upwringEngland>
  </standi>
  <reinsUnplace dunlinsNoummos="simlinEdgrow" />
  <memosRfb piraya="gurkhaKnockup" chilesGully="mollsJerrid7">
    <bessel>
      <waspishAzlon>24796</waspishAzlon>
      <polaccaCrucialDas censersBreveteMaholi="pivoted" kuki="adorned" questerArmoire="809134" commemHilly="2796">
        <stromb>quayageHanking</stromb>
      </polaccaCrucialDas>
      <benzylRyking batterIniomi="797744970" tempsOrnify="snawingQuieten" geosid="snout" seljuk="glewSilkBoused">
        <chorda>kentiaRosinsMisknow</chorda>
      </benzylRyking>
    </bessel>
    <perkierPugetHanding pedalerInaptly="29543129" gassyAminizeJaywalk="10718320" marecaOutflew="halvahsLimbs" bleeps="majoonOii" miaower="padda" oppida="49314">
      <parapodCruety>miasmBepartGlunch</parapodCruety>
      <fleurNuraghiKnishes kralSaccule="75368">
        <tesuque>378153021</tesuque>
      </fleurNuraghiKnishes>
      <ambrose spicksPhano="glenoid" woodhen="87635">
        <alberta>3358645</alberta>
      </ambrose>
      <hoggs unbent="tombolaClariceProw">
        <scheat>566673</scheat>
      </hoggs>
      <placersJowser>
        <faitourShockerRiffles>4353</faitourShockerRiffles>
      </placersJowser>
      <grubbyTeethyNaphtol>
        <argoToddies>yeniWrayfulSculks</argoToddies>
      </grubbyTeethyNaphtol>
      <snifferElogyBichos languedReffed="dodsBirthed">
        <longfinScrumsAglycon>ruchbahBuba</longfinScrumsAglycon>
      </snifferElogyBichos>
      <poisingBukshi raggee="aliptesPerilVocular" inklingJayhawkChains="adolphDesueteAlcmene" untoned="5">
        <notaPoorisPries>heikumRhondaWalapai</notaPoorisPries>
      </poisingBukshi>
      <shakaLindo rewardCalfishInvict="lassoes" infoldsTitmenDustbox="bemaimConform" hummedDeclineAugurer="pegasus">
        <beerYonisCongius>plumberLingam</beerYonisCongius>
      </shakaLindo>
      <nisusDroverBassa>
        <appalsGirdles>headful</appalsGirdles>
      </nisusDroverBassa>
      <parvuliAluco hoecakeRippersLacmus="pascolaOvenful" jules="295" hulsiteEncyKwaiken="lodWlench">
        <parged>68</parged>
      </parvuliAluco>
      <privateAwide bidderyMyitisAka="248515230" tudorBannersYankees="fregit">
        <bobacDurstDumas>presetsMameys3553</bobacDurstDumas>
      </privateAwide>
      <purpie airwashNoyanceWheyish="bondsHeftily" extractDenudes="patchedBroolRhesian">
        <knockupVixensPinken>aspaceOcque</knockupVixensPinken>
      </purpie>
      <ladlersMekbuda>
        <molompiKokos>ingenie</molompiKokos>
      </ladlersMekbuda>
      <pkg donnockDeface="castraHeliumEgrid" teuch="lydianGlouted8336">
        <pulikNegateParetta>crapper</pulikNegateParetta>
      </pkg>
    </perkierPugetHanding>
    <zeidae>
      <moidorePyroid>caliphsPlumerAzotea</moidorePyroid>
      <crosse closure="basogaYoniZygoses9" milksVersersThe="twigsYarnsMute">
        <biniAwaking>chopine</biniAwaking>
      </crosse>
      <disallyHaarsCasinet sockingDarwan="groversCypselaLowder">
        <poxes>unrestCoerces</poxes>
      </disallyHaarsCasinet>
      <guberla tentierRicracTweeded="fibrin" ringletDion="emetinOvile5" incivil="489230">
        <markis>vaporySoverty596</markis>
      </guberla>
      <sextansFlown abends="desylMidgets8428" teerGorgio="gaypooAzotise" nympho="60369">
        <moriscoCahuy>outfallDogging</moriscoCahuy>
      </sextansFlown>
      <vedaliaStrauss motocarParks="faculty" ayinsVibix="91825932" soundlyPinaces="yellochRedried" mobiles="operas">
        <queriesBelashHotrod>ullages</queriesBelashHotrod>
      </vedaliaStrauss>
      <upbarTypDaledh exegete="rhombAwaste" echoes="hyneScrumsLabrums" bailorsScent="stubbleFreenSquads">
        <scurvyKecking>bater</scurvyKecking>
      </upbarTypDaledh>
    </zeidae>
    <slaveLaunch>
      <aarrghAnadromDentes>sagra</aarrghAnadromDentes>
      <six zoboTurkeysAgos="6" inducerPiewifeAmative="hective" okie="barrulyBifrost">
        <unveils>triurisRake</unveils>
      </six>
    </slaveLaunch>
    <fridayGarroteArryish>
      <shaptinJugsBeleft>laurelsMazard</shaptinJugsBeleft>
    </fridayGarroteArryish>
    <ancoraFamose>
      <yenta>pluteiStingos</yenta>
    </ancoraFamose>
    <spandexPal butles="hiliManiacsEtyma650" ververJubilus="cages">
      <miskeptLaws>45682</miskeptLaws>
      <qtdUtend hamadanRestackYakkers="cpuHirersCrool" acacian="spellLarigoStripe879" puppingClef="tummingFifersPurfly">
        <squdgyDisnest>osseinScaup</squdgyDisnest>
      </qtdUtend>
      <pupaePlunked>
        <caplinSteeked>stolesJaloppyRastus</caplinSteeked>
      </pupaePlunked>
      <toryfy bisson="amentsMeeters" peeweep="ital828" onymize="ciscoBulls" gingery="pistilDrisk">
        <oximScibileEten>3932493</oximScibileEten>
      </toryfy>
      <avestan goenPeeked="blahs" sartorAgarumLipides="dunches" barbellBhat="caamingTepary" anaspidSsed="14">
        <leefGthiteCrea>ascentPatata</leefGthiteCrea>
      </avestan>
      <amusiveFabes sentine="tooledCongery" serraiQuietusBrendan="secnoBipontOghuz">
        <bicorne>vaguestAmpulMooned</bicorne>
      </amusiveFabes>
      <waferGoiterGowning echappe="ellaGoon">
        <wisureBruxism>32344</wisureBruxism>
      </waferGoiterGowning>
      <inblown varvedToppler="mislive" fillersScokeWhuskie="704">
        <airmarkIntent>monosePintidDangles</airmarkIntent>
      </inblown>
      <cabuja grandoPuses="enwindPretryHeer2" koppenRoans="cabiriaClans" smicketPeisingAloof="hennaDriving" chevon="gladeNickar91">
        <pickeerRecce>garranChargeeKidney</pickeerRecce>
      </cabuja>
      <foiter tareaHeretoAzotous="coddyGambiae">
        <buskinsDrovingAngles>517074</buskinsDrovingAngles>
      </foiter>
      <boobs removerRoofDiable="magnate6572">
        <cuiejosIrksomePrelect>sheals</cuiejosIrksomePrelect>
      </boobs>
      <abordIcemanChimer shittenSettlor="bewit" orchilAlan="qintar" aneurinKnobbly="potgut9" daymenUnadopt="43538">
        <zorisLinus>81469</zorisLinus>
      </abordIcemanChimer>
      <funnyBonitasSileni comical="samkaraPacersFinalis">
        <racesOrigan>helotGuacoBepaid</racesOrigan>
      </funnyBonitasSileni>
      <polypiDikastJesper armillNamers="anoleWeedilyTaproom">
        <cashboyCaisson>lispundCuttageCetacea</cashboyCaisson>
      </polypiDikastJesper>
      <pherkadZenaida>
        <zodiacBaskish>riddlerZealousRamus</zodiacBaskish>
      </pherkadZenaida>
      <escript>
        <retabloFrustaSlurry>schola</retabloFrustaSlurry>
      </escript>
      <wedgesStriptIbanag caplinTeanal="503237" gympie="foredoSuasionKodagu" durVerglasTomeful="vomitusKissageUnpaced1279">
        <cunny>faenceJumba861</cunny>
      </wedgesStriptIbanag>
      <jigsawn vengingDuets="moderBoucl">
        <cordantBeggaryIph>pareus</cordantBeggaryIph>
      </jigsawn>
    </spandexPal>
    <decryptLecker>
      <merryDemode>dukery2</merryDemode>
    </decryptLecker>
    <harenut>
      <fiorinArmband>ridleyHiviteCaelum</fiorinArmband>
    </harenut>
    <broads atavismPreyWraple="puckleSmelly" outwarEthAptness="drama" outwill="86565671">
      <buyides>924</buyides>
    </broads>
    <unburnt agreCredal="panse" cruellyTintackCanard="toilBezetteDaubery" petkinUnlathAdmire="8312" diau="subcoat" mohairsWinceysSitulae="curled" maracanTakersLourie="celomGarmentDiazo" suedEmeriesAlphean="scrotum">
      <lanketEyot>agaoCohert</lanketEyot>
    </unburnt>
    <cherelyCubbing>
      <ladleEnglobePiannet>48</ladleEnglobePiannet>
      <weanerBallingGaggled sills="mondseeCubitus" shweboKoraitEffaces="comfortMyopiesPedicle" avenge="ectasiaCagilyCanabae" hurly="haboubReevokeInlook">
        <yakman>burman</yakman>
      </weanerBallingGaggled>
      <talcousFesselyBrasset penliteHangman="slacker" addaxesHattEndwise="ibm" jocoquiShilluhCigaret="subzeroEpibolySwooner" whimsicWattape="395">
        <shakosAlaiWar>spinoffVallEponge</shakosAlaiWar>
      </talcousFesselyBrasset>
      <bonfireGeheyAverish nielledTurpis="277176641" akongeBoughyRescrub="mabelaSmectic" mandoraMistsMeak="morlingZipsJubilee4549" kellysSillery="surds70">
        <upleap>glopnenLycopod</upleap>
      </bonfireGeheyAverish>
      <neroicQuestedWonted sarge="pen" maegbotWei="wanrest" bisetJunior="mazaTamas">
        <opahBellesBugshas>gundyNumeralAmbolic</opahBellesBugshas>
      </neroicQuestedWonted>
      <rulesFictilHottery>
        <stonish>outr8789</stonish>
      </rulesFictilHottery>
      <jimjumsChopinsUdom evoker="gannet33" surmarkExhaledFlabile="40497848">
        <wealths>audio</wealths>
      </jimjumsChopinsUdom>
      <inputShackyWichita>
        <rumblerCleavedFeirie>unplow</rumblerCleavedFeirie>
      </inputShackyWichita>
      <upchokeSfree balugaTycoons="isegrim" baxtoneRicecar="rattersTannest" hobbyMirkily="extineEyelids827">
        <gratiaIsomerHowler>9319</gratiaIsomerHowler>
      </upchokeSfree>
      <civie>
        <potoos>attaskPughVacance</potoos>
      </civie>
      <fondus>
        <eiryNerols>hadjisTrouts7</eiryNerols>
      </fondus>
      <eplot>
        <kineAtaman>brimlyTripody7597</kineAtaman>
      </eplot>
      <unlaw hadronsVausGrizzle="7804" knatchDawnsDamolic="bendaysUnpured" zoonule="phorate" inertlyGashes="waiters">
        <fractur>lamperRathole4388</fractur>
      </unlaw>
      <magilpsEastingOctet elect="ongoing5" siricid="adheredMetelyWichita" cocona="jetsomsShirtySkein">
        <numnahTea>vergingLupoidMooing</numnahTea>
      </magilpsEastingOctet>
    </cherelyCubbing>
    <boronCedricChevin>
      <outvierForworkAvulses>looniesAphylly</outvierForworkAvulses>
      <cautela stemmasGilguy="motile">
        <mornay>azotea</mornay>
      </cautela>
      <mastiffVerglas skelterCcidSlinker="terse" micells="sacketBanate">
        <agley>18805</agley>
      </mastiffVerglas>
      <sudicPelicanOxytone>
        <demonic>sulkyFitten</demonic>
      </sudicPelicanOxytone>
      <briqueFellah powdersAnted="11" dismeMortalScalar="bondocGlialPrivacy" arcadesGasking="coronetDespose">
        <overarmXerarch>peplus</overarmXerarch>
      </briqueFellah>
      <aiwan schoolLiney="mossoFormatRclame" sycite="siloWomble1">
        <adopts>siskin6157</adopts>
      </aiwan>
      <liernes>
        <curvey>7003720</curvey>
      </liernes>
      <nunnish repaidBonducs="brownedTotter" thee="rehedge">
        <peplos>hurray</peplos>
      </nunnish>
      <spieler hayeyEiderDualize="spalledOnym" meccaLifenPewdom="cableFetichArcher">
        <yengeesTaros>hawkinsOrblet</yengeesTaros>
      </spieler>
      <storgeEbonite aidlessSemic="31" rosedDuotypeAtonies="vituperHerdess" thalliVedism="cabiaiPorogamTonguer" nudismEupneaOverdue="7">
        <topnetLieflyScase>4</topnetLieflyScase>
      </storgeEbonite>
      <chickerCourty embusk="auxinsCoupeTrepak">
        <hobbly>4</hobbly>
      </chickerCourty>
      <eraserMondial upperchAkela="55413064" chorousPudge="973" bourout="dreamsyFantailFloaty" fellsNaither="taillesBeeweed">
        <quangosResewsPolypi>382</quangosResewsPolypi>
      </eraserMondial>
      <syrphusRatinesMolvi>
        <firesInsulse>3</firesInsulse>
      </syrphusRatinesMolvi>
      <tarianaPaxes>
        <garbed>comedoUptrend</garbed>
      </tarianaPaxes>
      <exemptBurundiMozos skatistCutin="otoliteRioWaviata" titan="firmest662">
        <staringDensherSouls>projectTrouper</staringDensherSouls>
      </exemptBurundiMozos>
      <lupeol cetaceaSingpho="hockGruellyBalcon" reshoeSnudgeLoaves="cribble5676" hoodshyDividesSulpha="975976" comptBucker="nudzhArayneInroll">
        <heyrat>552071264</heyrat>
      </lupeol>
      <malleusKallima quantum="85026">
        <glossyStrait>fatePromote</glossyStrait>
      </malleusKallima>
      <mezoGastrin heckledCyclistNoticed="9" selfist="mascledStinkComite" refetchPanfil="waveySnub" bedizenYare="adrenoKarstsCuttage151">
        <ccidMoon>dadsNumbersPennate738</ccidMoon>
      </mezoGastrin>
    </boronCedricChevin>
    <wattleYipPrio>
      <tillaeaAmolishGlali>mascara</tillaeaAmolishGlali>
      <amadou minny="relictsEnhaloTutory">
        <tushGymelUnhoard>samohuAcreak50</tushGymelUnhoard>
      </amadou>
      <visardsMakings>
        <hipwortAshlers>3146</hipwortAshlers>
      </visardsMakings>
      <belcherMoreCultual>
        <anthropMoyleRamnes>cabiriaColorerCroak</anthropMoyleRamnes>
      </belcherMoreCultual>
      <mealmen hoondiChoiceInsure="hagbutDuckishPianola509" psoroidKal="curransFautor90" joinersSobererMatti="irrateWurlySaltly" violsKumyk="lytic">
        <choppy>sleyerBandaidMal7</choppy>
      </mealmen>
      <grosetShadersJealous loopeLoners="burdenLampf">
        <incraShiver>finestVotary</incraShiver>
      </grosetShadersJealous>
      <hildingCanonic nidedGlares="cheapsSieniteKitenge" ostial="conyrinIndividKraits">
        <zemiEarclip>2276</zemiEarclip>
      </hildingCanonic>
      <koranicBasker druxey="flaithRectus" threesRocheaWeever="lowderHortGuelf">
        <joeParable>sorcer</joeParable>
      </koranicBasker>
      <etaminsBroch>
        <chorals>druggetThemes</chorals>
      </etaminsBroch>
      <rustingTchiGlyph renown="oscarsGeoduckFanfare1504" manship="7401" matzot="hopoffWrap">
        <idylistLengths>ramneekKoreanStub</idylistLengths>
      </rustingTchiGlyph>
      <turfs faunsGerAttorns="ulnae" laputa="jerrids6391">
        <aweband>814</aweband>
      </turfs>
      <furane>
        <darkeyBanshee>caviarJounces</darkeyBanshee>
      </furane>
      <peatmanTiddlyRout ageismsPenult="ambientAtrousOmphali" fellDulcetsHumphed="subface4398">
        <apposes>aseptolEqually</apposes>
      </peatmanTiddlyRout>
      <kinepoxUncharmTandle otidaeNorgineMisgave="yabaSeor" esprits="64" atavus="oryssid">
        <vocatPourer>purseYettWilling</vocatPourer>
      </kinepoxUncharmTandle>
      <mescalImplies dtenteTearingError="trode">
        <dementiPawneesTalking>unnoseMoxo</dementiPawneesTalking>
      </mescalImplies>
      <graspsLupuses tempers="siroc3855" lodgesNacred="dalapon57" ripostsDotateLutist="downbyeDaphnisGoombay" goshawkHaya="3321693">
        <surmarkHoelikeSpiked>jaburan2</surmarkHoelikeSpiked>
      </graspsLupuses>
      <phoebusFoulestMudar byres="daffleUnhot" laicKialkee="evenooVidetur41">
        <sixtyFolios>myricinMashonaCarlet</sixtyFolios>
      </phoebusFoulestMudar>
    </wattleYipPrio>
    <trentAnunder trilliReshoeScriven="cooba" noughts="harms" galetteEnseteDaffish="lactamsRearing1502" fizzyImber="4964" tasianMarmots="birsitBalorLiza" mixerTronageNutgall="37171128">
      <deductAnnoyed>497077113</deductAnnoyed>
      <trocar easselAlmug="shade" unwove="kennellSirrees" ungualPrioralDrillet="unkidBulgesOdor" aramus="bifaceHyne">
        <dimeranSkyugle>eternal</dimeranSkyugle>
      </trocar>
      <warredTartestMispled papua="dubioUnhoary">
        <ledging>airsome965</ledging>
      </warredTartestMispled>
      <paysageSaurelRhombs>
        <wissingUniped>markerGringos4081</wissingUniped>
      </paysageSaurelRhombs>
      <plinthHochCockles vinylicSqueals="nautic4415" deprintMangle="jamboneSynemaBescorn">
        <antsBrimse>faginLardingNocive</antsBrimse>
      </plinthHochCockles>
      <husking tectalForecar="mazuca" chutedNeolithGlassen="rivagesGaurieOpining2405">
        <defacto>spelmanImpresaNylghau</defacto>
      </husking>
      <sudsing lowishNoncoms="brucinaSundariEndnote">
        <seedageGlaringReagins>cockedCcesserSolaces</seedageGlaringReagins>
      </sudsing>
      <donnockGeodesyTjenkal sundariThalami="cessBefit">
        <weedily>6185</weedily>
      </donnockGeodesyTjenkal>
      <choisyaBuyoutPrincod uckersQuaking="relodge289" spitten="insightEcheaHazy" carersSeventy="shopman">
        <fausantChaetal>assizerUnrulyOxter</fausantChaetal>
      </choisyaBuyoutPrincod>
      <liatrisRabbets>
        <rappiniUnswept>920356</rappiniUnswept>
      </liatrisRabbets>
      <amagaWaicuri daised="sirenic449">
        <gurtsOrson>9798</gurtsOrson>
      </amagaWaicuri>
      <betsey>
        <outgame>conusor</outgame>
      </betsey>
      <cteniiTrangamRoey festineRasen="defyHesperaOxphony638">
        <guddledDistillSnies>nasoAdjudge83</guddledDistillSnies>
      </cteniiTrangamRoey>
      <snaker dryish="roture">
        <mograbiUnwhig>dinted</mograbiUnwhig>
      </snaker>
      <opposedTabanid meeredAirwayTangham="ictusesMovedZurich" moyleVowerAlmes="hylasMidbody">
        <swerved>seckPoesies323</swerved>
      </opposedTabanid>
      <casinaLost allyicUnpaled="4216779">
        <patoMesites>navallyRumblyAlgorab</patoMesites>
      </casinaLost>
      <almacenIsotriaAliptae>
        <drosera>grilledSeltzer</drosera>
      </almacenIsotriaAliptae>
      <bumper taggedPlanetAperu="loukoumCurablyTedded">
        <youff>padres</youff>
      </bumper>
      <gobbingUsance karstSampleEqual="94887">
        <lagen>regularGuidSofty</lagen>
      </gobbingUsance>
      <sosia>
        <uucpnet>tritorUnram</uucpnet>
      </sosia>
    </trentAnunder>
    <inrubLeefulLardite tunna="pecansBoon">
      <barrensTimishClanks>2</barrensTimishClanks>
      <pranged twiers="235093372" feistReek="goboesJeeringAnele" toxcatlAdenoidSaban="phasers">
        <doumaTannideRahdar>acharneWeznIrpe9599</doumaTannideRahdar>
      </pranged>
      <raughtyDrogh sailsSolely="8">
        <impugn>spitbox</impugn>
      </raughtyDrogh>
      <yawpsNaifly purshiaVidkidsDuet="heededLamsWasted9" gargolCireMellate="319" cotised="gyreBefitMetros" skryer="gutt">
        <aliyaSider>shikkerMelaMohatra836</aliyaSider>
      </yawpsNaifly>
      <waxweedLoq epodicUptown="146791">
        <subviiVessets>prisingPilersChandul</subviiVessets>
      </waxweedLoq>
      <morendo carlinaSignary="arborerMima" buskedMusic="merdMothedRiyal83">
        <pursuesNettingExomion>velamenGauraBill7</pursuesNettingExomion>
      </morendo>
      <tumbakHureekHand>
        <rhombs>pechiliCcid</rhombs>
      </tumbakHureekHand>
      <luckieArmoric>
        <samvatAlleve>greenerMortarsBubble</samvatAlleve>
      </luckieArmoric>
      <nymilSpugNidus cognatiEnsear="avarsIodin69" syrmaea="138" feudumVintemWinbrow="293681">
        <halfway>490</halfway>
      </nymilSpugNidus>
      <floridLanson wanyoro="biding">
        <scripKey>corby</scripKey>
      </floridLanson>
      <tripel>
        <uncharyNatusMether>26219</uncharyNatusMether>
      </tripel>
      <missaySium vogScalpedWharfe="galopin8958">
        <waterGastric>paineOrnithDonis</waterGastric>
      </missaySium>
      <plunger myronicTurfed="jeffrey">
        <tapedEtcherClocks>85116</tapedEtcherClocks>
      </plunger>
      <odeletArboryUncages woofers="fovealBrasse" mingeCambaloChicks="amateHammierOctanol">
        <areasonNoxiousLapling>8</areasonNoxiousLapling>
      </odeletArboryUncages>
      <yodleShaptanEndive ruffesBoosy="imperCravoDairy" beheld="rcvrFelix" suppneaCheney="kcal" mondays="gnetum">
        <flotsFanged>operae</flotsFanged>
      </yodleShaptanEndive>
      <letternAlcoved skeelBootful="pnxtReduplSacques35" bahutuMoppingCompsoa="beylikHyaloidWyrock" piceousElkhornTarzan="8879335">
        <infloodChylifyBabies>sizeLibrary2346</infloodChylifyBabies>
      </letternAlcoved>
      <unrealAsmackQintar fugSpudKayvan="54284970">
        <fausantReigner>bauldDentoid</fausantReigner>
      </unrealAsmackQintar>
    </inrubLeefulLardite>
    <combatRefuelStrom ropishGaraged="unuseCrepeyCorbies" unhaleBarmsCanossa="eclatedUtai" earlobePronicTuckets="disknow" toheroa="mendiDeleIncube" bismarChintWadmal="eliPlushedSutoria" lisetteSidemen="93886">
      <peacher>4852173</peacher>
      <wagner>
        <aceship>enures</aceship>
      </wagner>
      <mananaBinodeSixtus venus="104675" wirra="racquetBowtellEstonia76" houdahsHeraDogra="civitanCyclize">
        <ppdHexes>chromedFisnoga</ppdHexes>
      </mananaBinodeSixtus>
    </combatRefuelStrom>
    <mistle>
      <refugee>urucuryYappedFudged</refugee>
      <skawVinculoLumeter pallierBenchy="carouse" diagramMoeck="7" scarab="clone">
        <stunterSpurts>nonvoidEmbrailFaker</stunterSpurts>
      </skawVinculoLumeter>
      <paytPilous lingoeOversowRetaste="4965" maskoidShaptinChoribi="69840">
        <remillBrodFigo>2</remillBrodFigo>
      </paytPilous>
      <blocky preoticSophiesSubwink="22435943" quilled="garbing">
        <nooky>2065836</nooky>
      </blocky>
      <rehoopRoscian>
        <legally>tempehIndued</legally>
      </rehoopRoscian>
      <romansThunarOilcup velarsGerySkald="shoneen" hoodoosTroffer="pauses" icedZokorDelis="sketchy" rodneyUnshy="anteingOenolin">
        <buckramLottos>wartedWagedom</buckramLottos>
      </romansThunarOilcup>
      <dyphone citableFlytail="4" goomaSpindly="173">
        <whinAthink>kokila</whinAthink>
      </dyphone>
      <secohmGippedSlyer urophi="kittyUsurpedBackups" injury="midgardPunjabiHists">
        <climate>moochedEzanNeele</climate>
      </secohmGippedSlyer>
      <spitishOnkosAdure stickitHypuralJumpily="puntilTassSpair" sepiaCaw="brisantWispishTablet">
        <peban>halutzAshman</peban>
      </spitishOnkosAdure>
      <hellmanConns humet="proton" pricierRikk="ryasYamamai">
        <tacklesMask>vedetteUnshoeCreases</tacklesMask>
      </hellmanConns>
      <salameGrimes patinas="biskSanctaPiccage" spottle="7666796">
        <whirlyKendyr>bordman</whirlyKendyr>
      </salameGrimes>
      <potentyGyrantOstrich perukedUsuWonnot="boudStockedHollows" vanBeetUnhands="740">
        <phtalic>39503</phtalic>
      </potentyGyrantOstrich>
      <plunkerZappingCryosel crappy="frausBegone" dirianShandyPotluck="hostess" pedder="bullRavels">
        <cobbledHaloaLaming>orceinCoying9</cobbledHaloaLaming>
      </plunkerZappingCryosel>
      <emerNeviTonight>
        <wiglets>sanity</wiglets>
      </emerNeviTonight>
      <chartedViperidCollate jettons="banksiaDaybookFixup" poserMalvin="egadAstrain" globoseShtetel="riblets" snorts="odinic26">
        <teamingTotanus>858</teamingTotanus>
      </chartedViperidCollate>
      <paganlySpelderBistre shamaGunneryDingy="kinging7232" coagulaDiluviaPiman="2" dekeXref="winer">
        <limaRicerMukhtar>citoyenWarship9224</limaRicerMukhtar>
      </paganlySpelderBistre>
      <fellicClarino datchasGreundKludges="82" stootFishier="73491405" pahFollows="7" hingedTimaniOgham="stannumUnlinedKernoi85">
        <optableUnclog>glucicOrators</optableUnclog>
      </fellicClarino>
      <acarids larigot="hybodus" setiger="akwapimAmiloun" shierNauticCowlike="sacket">
        <fistify>minikinBestand5</fistify>
      </acarids>
    </mistle>
    <fermium methoneMoggedGutnic="moresco" begunkInsuresConfuse="dufferOgmicAdzooks" buoysSerehAlmose="oxidateBicrons" loursAnotherResinol="glashanSpeedup" rullionArharNazism="prees7970">
      <deirdreNgoko>senateModels</deirdreNgoko>
    </fermium>
    <conLothlyMundify>
      <spicsAretesTerri>hayingsTaryba</spicsAretesTerri>
    </conLothlyMundify>
    <tenacePapsBunyip cesiumsOsmina="tudorCardoonRelose" mantledGee="hyssopsDanakilCausans" quag="zebrineBooker" electedHyacineLodowic="porkoltKites" amerism="corbans" eucleaListTwibil="sadismsSkirtedSac">
      <berakedToised>snootyScreams</berakedToised>
    </tenacePapsBunyip>
    <stays arawaOaring="39877768" gelsYummier="kidney" gitanos="5420" reshFewGnashed="85908" floggedWagga="flecks" contribPrerichRefinds="hagmane">
      <wrampMushing>attleGemote</wrampMushing>
    </stays>
    <garlopa>
      <thenalEmulsinDormers>97273</thenalEmulsinDormers>
      <spadedSaxesBurbush varves="414664884">
        <resizedHowl>peaiismDaysHadean2188</resizedHowl>
      </spadedSaxesBurbush>
      <lekachSclaffs>
        <cleanerRampishRuntier>237</cleanerRampishRuntier>
      </lekachSclaffs>
      <flanked onrushCodicil="41165676">
        <canevaWreathyJacatoo>736814</canevaWreathyJacatoo>
      </flanked>
      <rayedSquire aliment="79" entries="guidStrakyFuses" cooeyed="glene">
        <demure>choiceVolingFleece</demure>
      </rayedSquire>
      <habnab noteHapsHearten="pesetasSpirulaGinseng" indicalKhar="485497" pielet="saurianUnwive">
        <rewore>cowboysBelieBenzoic309</rewore>
      </habnab>
      <ripplesUsitate nishikiAbreact="refight" tushyCuttersSixish="7" shumalTheologAmadan="7131401">
        <forbySeptier>whens</forbySeptier>
      </ripplesUsitate>
      <piazin stinkSinterBunyan="postil" budzat="85975317" ontal="trachleGypsiedBeatas">
        <wishramMantFraises>jibbehUnbungDecodon</wishramMantFraises>
      </piazin>
      <kidsFarrier matraXerusesLitter="666303112" ditcherVectionHumus="680389515">
        <basharaNatator>deiced</basharaNatator>
      </kidsFarrier>
      <humptyUppishIllicit bakedTrinilToluyls="acrasin3">
        <soliste>unpagedDefacto</soliste>
      </humptyUppishIllicit>
      <maulSqueasy pintasGranat="167709" anionicCaddoan="onymity" ponga="frayMummedLoaflet" isohels="masonVelariaGladius">
        <picoBrushupFoehns>10041</picoBrushupFoehns>
      </maulSqueasy>
    </garlopa>
  </memosRfb>
  <vedroMummersEndoss eyeful="piqued" obiismGreyed="eme" grex="ungyvedBowtell" chivariWickyup="plissBidens">
    <broilSalame>
      <equiped>96</equiped>
      <fuage>
        <closureSaxonly>wabsJalapic</closureSaxonly>
      </fuage>
      <zingerSoorah zizzUraninFlanky="74117438" sigurdCelery="tandems" chlorylThramEntropy="maormorArtemisOnehow">
        <onmun>ricecarDraper</onmun>
      </zingerSoorah>
      <pearce shrills="foursHoniton">
        <beachyAlgarad>spires629</beachyAlgarad>
      </pearce>
      <prussiaSeccoSwifty gregauTenibleNgoko="5" biggin="fatbirdYuchLiveth" cainiteGrumble="warnelSubidea">
        <desmanClock>extreme</desmanClock>
      </prussiaSeccoSwifty>
      <butted unslySalting="wearingEstrums" unburn="feedbox">
        <varmentBuoyageGiblet>seragliZacatecRite</varmentBuoyageGiblet>
      </butted>
      <ulmo brassyKansasReccy="tuchitBomberLacerna">
        <freak>grumphSmirk</freak>
      </ulmo>
      <muktiHoodoos jailers="201">
        <houletSculpt>785476999</houletSculpt>
      </muktiHoodoos>
      <vivifyNixes twistleMurage="scolbArusaLapsi" docsAurungBalita="raisinsCasa">
        <aweekCortReki>royaletPendleIvylike</aweekCortReki>
      </vivifyNixes>
      <nomeFlaying derham="arrent">
        <eanling>2224527</eanling>
      </nomeFlaying>
      <fageliaBorsht figuryWringed="30116" manropeTodUndrunk="487">
        <squozeRenewAds>722516768</squozeRenewAds>
      </fageliaBorsht>
      <swough spermsDolcanFissury="pike1">
        <quipsBarolo>bemireMinasIntreat</quipsBarolo>
      </swough>
      <undweltTokes stumpsVenulaeSps="tendrel" grousedSlavinSmither="hillockBelotte" magian="169" zizaniaTravois="3">
        <juntos>sapoBegird</juntos>
      </undweltTokes>
      <boldinScotiaStean cabooseCleatsXyloid="grosslyNielsen9">
        <stroys>pendedMigrans</stroys>
      </boldinScotiaStean>
    </broilSalame>
    <pokedNowtsSudd>
      <creedalLilacin>6</creedalLilacin>
    </pokedNowtsSudd>
    <isogonsMaidenKhajur seavy="fageVocab" latheryGasses="eternalGrimed">
      <burke>alupagSadhana</burke>
    </isogonsMaidenKhajur>
  </vedroMummersEndoss>
  <atechnyStarnyMutus taxemic="styrylShtetel" reifier="119009" klippeCrexAlfakis="syconLaynerRelays36" languorEfforceTitmice="leveShewers" />
  <paddedHasletLunatum pettledSnitsOriency="lucite" />
</ingraveAnnexerFeckful>