<?xml version="1.0"?>
<scouredBenshCaracoa>
  <durous>
    <sortitaNemesic>
      <clamsFarcie>sprit</clamsFarcie>
    </sortitaNemesic>
    <retrainDiseurs>
      <tignum>791</tignum>
    </retrainDiseurs>
    <ephelisPimbina sizalPolskaEnrank="tabbiesTacet">
      <activin>fought</activin>
    </ephelisPimbina>
    <rivenMead>
      <hermanDeringaCzarina>xivConkyFourths</hermanDeringaCzarina>
      <cheetal boreenFlexorCesura="604917" sindryCanikinMedizer="valsaCapuanTeeting" hamanGooier="908530">
        <risingDeckerPasear>caveae</risingDeckerPasear>
      </cheetal>
      <zollHoarsAdapt waggel="warless" zooidsApomict="vectionGyrenesHoppity" gobblesSouthKaj="boomletLanguesPigfish" onanistZlotys="xylenolMuzjiksCachina">
        <mungaBalundaFrab>9</mungaBalundaFrab>
      </zollHoarsAdapt>
    </rivenMead>
    <censedDrilyMesenna slagFixingsBecater="2" sameWhift="168428">
      <zambraRespokeCannet>sniveyPairs</zambraRespokeCannet>
      <adrenchSlued setboltAidless="77" buhlSliestNest="couldnLive" yowiesSpecifUvrou="whinerPeugeotTambura">
        <oxydase>muskrat</oxydase>
      </adrenchSlued>
      <snugly thieveLucy="brendan">
        <loopistRullionSconce>torcherHathMylar</loopistRullionSconce>
      </snugly>
      <manioca hasherDupersFoamier="tollbarRos7" down="unhaleUproadCatan" partnerCroppieWhiles="veloutLoaners" blushtEulerTournai="suivez39">
        <insuperAdamasHarmed>caphtorUndrest</insuperAdamasHarmed>
      </manioca>
      <calamiPods goma="puckers" dazedStupeEpicele="ctenoidMinyae" simity="penitisSwamy">
        <caroaPingsTradite>45313</caroaPingsTradite>
      </calamiPods>
      <hageenHelpfulHidatsa demarkWhuffle="telarly" husked="40">
        <roam>9124</roam>
      </hageenHelpfulHidatsa>
      <ontic ingateTapes="2734958">
        <engOldster>fallingBaulkyEnscale8747</engOldster>
      </ontic>
      <seveMostly panner="aldaminBonsoir" italicsCurlewWiners="couloir">
        <egos>actuateBegalls</egos>
      </seveMostly>
      <geyan corninAtaghanMoler="foister" tenantsLoomsRoripa="typer" cedePalisse="27143" exurbMusionBoltant="hayseed39">
        <whirret>gryllus</whirret>
      </geyan>
      <abampsGranam redidJuergen="820015392" octanolMessyCholine="4254895" pumpet="eightTaysaam">
        <amanistZambacChamber>7</amanistZambacChamber>
      </abampsGranam>
      <oculli taupoConnateBajau="hdweLunkers" osellaCarrys="spurrerDefiesGaveler" phoria="bunksCaseate" scolb="pascal">
        <sterinNaira>champsVenosal</sterinNaira>
      </oculli>
      <yieldZambiaSospiro ides="fugato" begsWateryCuffing="liftYeming" nairySyndics="diceRosiny">
        <deperms>hastifArgaile441</deperms>
      </yieldZambiaSospiro>
      <huisherRokyMaximum fifthlyGawcey="textHarbiWarly" curaraCalpack="rattagePhacoid" beliesBairnieAxone="atropos" tartishSunnismShagged="pashimNitrosFiggum">
        <ecoleBoldu>268</ecoleBoldu>
      </huisherRokyMaximum>
      <rosinyEnjoyerExesion brainer="piluleLogionsPatties" zyzomys="glarily" oolitesFriseurPhrenol="2849732">
        <bobberyRuffianSherify>crudeFrivolSlav</bobberyRuffianSherify>
      </rosinyEnjoyerExesion>
    </censedDrilyMesenna>
    <benchedRaffiaKetal>
      <orbitsZocaloTutoyed>acoriaAmlikarPalea</orbitsZocaloTutoyed>
    </benchedRaffiaKetal>
    <ittriaShoaled unhouse="coequalCanelleCarex">
      <cotidal>quatersOoeciaSerail</cotidal>
    </ittriaShoaled>
    <tabloidAgalena>
      <cerilloStencil>decidesJut</cerilloStencil>
    </tabloidAgalena>
  </durous>
  <sickedDairy champaPeller="6251021" pastime="hallah" coaler="673654677">
    <bolloxPietistKakke epigone="remanet" typhusAslopManches="ricketyBakersAidman" mortalBynamesLimn="donnee" paisaGamelin="archBota" kivaSickly="mulattoHalseForleit" tonkIssueFunctor="lengthKittySex638" moolas="gombeenZyzzyva">
      <degreeRechip>gilse</degreeRechip>
    </bolloxPietistKakke>
  </sickedDairy>
  <deseretDebacleCosshen enbibeSiccatePeseta="oping" />
  <hansomNegater siltage="cutline" jorumsRequin="bougeCubbies" />
  <tighterRoppLoos />
  <kodaFoozlerBultong hospitaAlarmsSellers="furcateRandia88" maces="widower" />
  <pindersGogletStader epiboly="185519" />
  <klutzyKhangaChalcon inkier="fussSpilt121">
    <uredoRenterIncises retingeBurets="unioval">
      <briarsMovablyPheny>sauteed</briarsMovablyPheny>
    </uredoRenterIncises>
    <piedProsalQuiet>
      <moronesAllayed>58</moronesAllayed>
    </piedProsalQuiet>
    <babkasAdjag>
      <bilithPalmate>chertsRemen</bilithPalmate>
    </babkasAdjag>
    <bowheadSoonly carabusQuinoasSicel="fiji" caustic="7531778" mytilus="revetsCornage" volenti="darwanUntrain">
      <apexes>furanParrall</apexes>
    </bowheadSoonly>
    <brownyVaudouxMasonic subito="fibulasAprocta" baublesRaphia="juneau" koroa="argansLogwayYlem" umlautBeeveUnmagic="cubits158" vague="7" capelanHairseKeas="veddaOdylizeArgyrol" tumbek="optantClawk">
      <culbut>filmsExcud</culbut>
      <birotaPannumRuse rigadigInsoleBatted="1614050" maniKhitanUva="tiedogDreamsy" wesselRalish="stover">
        <oedemasSlam>chafersKokoonWaup4</oedemasSlam>
      </birotaPannumRuse>
      <erupts chandiRhymedUnmossy="conspue" klamath="cyborgAgeings" nould="william" redfin="muggurCodderLepas">
        <gesling>listyRetellZizit</gesling>
      </erupts>
      <havier>
        <iresRefillsXysters>269119747</iresRefillsXysters>
      </havier>
      <almose unum="4358" lusty="8440674">
        <estherNeedlesPoring>densPeshkar</estherNeedlesPoring>
      </almose>
      <batonLurryDentoid entailsIndico="ghettoOrgyia" acmic="654" bawbeeAsarotaClr="adiate">
        <bitlessJawed>refete</bitlessJawed>
      </batonLurryDentoid>
      <wehner paranjaYowls="376801737" segathyChylous="inition">
        <chethCurdled>fatihaSolemn</chethCurdled>
      </wehner>
      <bodegon toolachRinsersSkyed="cerias" sarsonMaru="passeeTratlerJigmen" ranklesBurrsJeerer="320096">
        <adipousSomneFacty>regurNoa</adipousSomneFacty>
      </bodegon>
      <tumfieMoidore stiddy="unwindy4483" teredosHyp="triadsPawnRiels">
        <meacockBesugo>331925306</meacockBesugo>
      </tumfieMoidore>
      <tunfulBantoid>
        <genes>sit9270</genes>
      </tunfulBantoid>
      <herdmen menu="zizzAngeletMian" ronyonRoovingWasco="kachinaTsiMoong">
        <uroxinBhutsCrams>4278</uroxinBhutsCrams>
      </herdmen>
      <vestsFicche>
        <vulpicLealtyBiogas>balataGenarchVining</vulpicLealtyBiogas>
      </vestsFicche>
      <sceptryBiplaceGadis flailSaguran="tipsterGarbo">
        <gnusBraxy>paneTayCedre</gnusBraxy>
      </sceptryBiplaceGadis>
      <unsnowBursarsInfixed clothesAttalehAnidian="cardecuAliso" reclear="undealt">
        <scatchWuss>beknotThurify</scatchWuss>
      </unsnowBursarsInfixed>
      <dowsingStarnel clawedClupein="eranist">
        <doweledHyla>taraponVedette73</doweledHyla>
      </dowsingStarnel>
      <pepinosPanadas cotteTowlineDimple="humificMannerChiron" tunsGraceNidgety="woofyFrereRachial" okrugChigga="84636764">
        <foulishGimperBolar>jerridSyrtChammy5</foulishGimperBolar>
      </pepinosPanadas>
      <kusumPep impagesTwantGirths="ahetCircut" swimy="mangle" woldBtiseFeint="ileaMangold">
        <droverRubiest>skybalSodaic</droverRubiest>
      </kusumPep>
    </brownyVaudouxMasonic>
    <veronaHerlAmity>
      <portSavara>assistsJonahsSculped</portSavara>
      <khoja tressSards="834220" numudThatsFunster="cackles">
        <carceag>embasePublicaJucuna</carceag>
      </khoja>
      <glazierHumbuzzGuignol bunchy="driftHurterPunce" sewable="809278" kotylePpbPeotomy="curinCogglyRefugee2" rollman="priced">
        <embers>rustledConsume</embers>
      </glazierHumbuzzGuignol>
      <thymomaToskishDossel folateFinewMarver="kianganEckleinKernels" velluteOversea="azochGlacis" basketsApama="overranShellacHespel" aerator="audubon">
        <monimiaAddice>36974570</monimiaAddice>
      </thymomaToskishDossel>
      <liveryPestled subduedTurcic="5216424" teatsSchoonBugala="tielessFicklerLila1">
        <wincerSridhar>beadlet927</wincerSridhar>
      </liveryPestled>
      <corvinaObeahsBursted downerTellina="unmixtBaidar" pitarahRulersYuckier="kenosisRhemaHexdra">
        <oosperm>snew</oosperm>
      </corvinaObeahsBursted>
      <adsbudUteroCadwell isaian="shriftsAstoned" wanlyPareticGerunds="zonallyCadwalSid">
        <practic>rangale</practic>
      </adsbudUteroCadwell>
      <perindeFurores berNippled="unlivesBessera" cymbalsJaukedNasch="ctoHistoidYareta" innageTangs="80" baguioNuraghe="52">
        <cajavaGuanizeAnatole>gonophs</cajavaGuanizeAnatole>
      </perindeFurores>
      <secondsClimate>
        <peaky>2079448</peaky>
      </secondsClimate>
      <presselRubbyUgric bogfernLickLabefy="readiesCasel">
        <zinkedSwimsNoble>behelpHollies</zinkedSwimsNoble>
      </presselRubbyUgric>
      <triensPoser barye="misput" qophAbadite="rognonStators">
        <chapinTwinesScamble>reaped</chapinTwinesScamble>
      </triensPoser>
      <alterne cipaye="tunicin8" sured="anfractCeltish" dagheshSenegin="rewarmBircher" sectile="myrciaYerkedWazir">
        <biogenBatussiInched>amicedLaxistHoker</biogenBatussiInched>
      </alterne>
      <dvaita prowest="lichens">
        <wimpler>zonoidSeminalRauli</wimpler>
      </dvaita>
      <baser puppies="rebound" kentishLandler="gainly" tuskerAdman="pargedProtest">
        <sandak>scalpStylerBefog</sandak>
      </baser>
      <thujas nacelleChuckedMesas="tuftyTuttiLanded" doatishBark="topmastCarajo" kilah="gunkCalcar" heatGourded="7">
        <forvayJammy>fuelersMawk</forvayJammy>
      </thujas>
      <sourtop nickyLevererTasten="flyflapUnweal" bandos="660" plbroch="boodKiddle">
        <detteIulidanCapel>ringman</detteIulidanCapel>
      </sourtop>
      <spurgesStopped>
        <squeasyAdnexed>spielOmaoPoort362</squeasyAdnexed>
      </spurgesStopped>
      <shelley>
        <cutin>192351</cutin>
      </shelley>
      <peugeot verbyPloutBekah="tarsalDitalFronde" sonants="63287" coffersArgles="663006">
        <caleanReesPardy>wildcat</caleanReesPardy>
      </peugeot>
    </veronaHerlAmity>
    <anergyTucanaWobster jimmerHealersMusico="gltTincladHighly" panfulRetoolApter="beefPylonDhootie952">
      <prahuPally>siftsEidosDataset57</prahuPally>
    </anergyTucanaWobster>
    <reamedMithersNeth tullian="ligandsHornfulGasper" mbundaVanglo="taperedLeafy" wisent="bucksawAnticaTichel" akhlameBlastLengest="hotpot4710" fonts="nares80" prinosTrushSkeet="huggerJowterSeiurus">
      <peleusMyxoidDreeing>27236208</peleusMyxoidDreeing>
    </reamedMithersNeth>
    <neascusBuzzesPun opiner="infare610" gowkitGutlike="truncusCupuleBucolic6" halticaNants="vitiumWanganPerit" coghleStradld="488">
      <costing>student</costing>
      <kotowPuffersSlices amanda="samlets">
        <michael>paginalKandThermel</michael>
      </kotowPuffersSlices>
      <toucherPapawsHeckle pylonsUst="preyAcaridsLinaga83" learntUmbraeCevian="vamfontPedatedBoilers8">
        <tembePurest>pinky</tembePurest>
      </toucherPapawsHeckle>
      <coecal gomerecVinaliaBete="ratalRuffePurists">
        <ansel>56420</ansel>
      </coecal>
      <jerrieSemenceToday acaroid="dubbThelion">
        <blond>overseaStarlet</blond>
      </jerrieSemenceToday>
      <seeableWellman totDimoutsSmurtle="hooroo">
        <slitter>tongueWashes</slitter>
      </seeableWellman>
      <pamper sterideJubate="4173655" lovemanPlaiter="sorties6875" uredialUrbic="jubilusChacker40">
        <iguanidDampingSellary>awearyWearer</iguanidDampingSellary>
      </pamper>
      <dukes kylixPunicaMirror="wabenaPennerUncowl" keckleOathletCagot="63">
        <decorsWampus>lak8842</decorsWampus>
      </dukes>
    </neascusBuzzesPun>
    <splentTryt uphurlBroomRehear="totonacCouthieDumbs" tamlungOutgas="pigtailGerkinIof" sinople="slatchPolish" debossBebrine="ceding">
      <ootwith>oscarPinchem</ootwith>
    </splentTryt>
    <volupt>
      <firkinsFuzees>kanakaGoorals</firkinsFuzees>
    </volupt>
    <thiggerGamash>
      <bauble>207</bauble>
      <benj worsens="apitongPylar">
        <sulkiesFittierCantref>725444633</sulkiesFittierCantref>
      </benj>
      <lucerneCanikin>
        <metrete>metepas</metrete>
      </lucerneCanikin>
      <axe>
        <algebar>greeSoogeeHoyden6</algebar>
      </axe>
      <osmolarOni atmScaresBashaw="555467" cynismTyighKathryn="acromiaMinableToroth" nearer="lawlessIlima" mottPrints="5652860">
        <stolenOratory>pudent</stolenOratory>
      </osmolarOni>
      <stoushMommaTlingit plangorAzotea="frillRariora12" brickedFrisks="canidaeSongful">
        <mickiesPriorsEquiaxe>67</mickiesPriorsEquiaxe>
      </stoushMommaTlingit>
      <jayhawk>
        <lunetArmless>drafterShonde9</lunetArmless>
      </jayhawk>
      <decore euryale="crants">
        <manzas>subplotExpugnBaronne</manzas>
      </decore>
    </thiggerGamash>
    <skua>
      <ctoDustmanCymaise>geraeraTchr</ctoDustmanCymaise>
    </skua>
    <estoil fetorBedirtGeogen="mudcapRowanCaraipa">
      <bullies>unsawedBlunks5</bullies>
      <titbitsClarNinut tupmanOutsawBedman="asepticShrimpsPaeons" moutonShemaSaho="aurificCapered">
        <predietTwankerLapper>vatican</predietTwankerLapper>
      </titbitsClarNinut>
      <aubain sourockKomati="whang77" parpendGentles="boreeBookersVamosed" toom="centureComicesBearded" navally="porrimaUnpetalCorrals">
        <becomma>odologyCrispedOutname</becomma>
      </aubain>
      <hishBahada>
        <logway>abeliaHermBerust</logway>
      </hishBahada>
    </estoil>
    <pas tyronic="piquesBeduinSerfs" slaty="workedUnshoeBights23" eightyMobsmen="kaisersTersionWilrone" tuladis="peatery7823" manchetBegger="topos3" whollyBizeLunched="estats" wrestle="34">
      <refelLavagesTorous>tornusBuckoneMesskit</refelLavagesTorous>
    </pas>
    <culexGauster priesUnarms="deboiseBandonUnroast" riboseSorrelsExiles="regentHolily" betide="eadiContentBasters" bescarf="ovisacsDeeperTyring" dukes="thebaid" kennerGrimmerVaguely="367334" libido="compd">
      <amish>ordo</amish>
      <cadjan orpinesHins="cynebot">
        <winning>temp7</winning>
      </cadjan>
      <slour putlog="aosmic" tacketNunch="oilfishLumbersAlberto" neurinNeckar="poogye">
        <how>gremlin</how>
      </slour>
      <otateRoyKetones belowTheyaouCodrus="heptyneKamansi170" gambirs="quiddle" chassisWitword="25133">
        <pawkilyTithersFleeter>sladangWavier</pawkilyTithersFleeter>
      </otateRoyKetones>
      <becrampFeveryRelink skinful="toskishZaxesCuppen" chronicDystomeAheap="jihad">
        <stroyedStrengLethy>nouriceThymele</stroyedStrengLethy>
      </becrampFeveryRelink>
      <nesokiaBisync>
        <uredinePinup>3431</uredinePinup>
      </nesokiaBisync>
      <zhmud>
        <vanYouff>1846</vanYouff>
      </zhmud>
      <saggierEcrase reflexBemailLose="futhork">
        <oordYampBoatels>derateLakismMoonmen</oordYampBoatels>
      </saggierEcrase>
      <polsterRevisesAcidy statera="petreShoalsPatinae">
        <spodiumTraneenImpave>246722181</spodiumTraneenImpave>
      </polsterRevisesAcidy>
      <romalRickBiennia tulles="greysStorialPeriwig" ugsome="blumingAscribe">
        <katuraiSpary>stirpAftmostSylphy</katuraiSpary>
      </romalRickBiennia>
      <ersar werentAmmo="windlesTrewage" webworkApsidAsklent="625279">
        <cutlineLegitHoult>snowily</cutlineLegitHoult>
      </ersar>
      <woks leds="zygonWombed" oceloidHorizonErased="fucoidScirpusLexeme864" syringe="garoteWithyTerrit" birky="9523">
        <trebleHoofsSawish>brisklyPaulist2909</trebleHoofsSawish>
      </woks>
      <laponKhula>
        <appro>sepiaeFlyted</appro>
      </laponKhula>
      <popular giloSnipingLoyally="benameeMachairFlong">
        <carnieMicmac>lentenOaterMollahs</carnieMicmac>
      </popular>
      <nightsFiggierScreaks glood="ceresSibship" upasesJagataiNets="57197232" boraMishear="336947" pua="backbarRemijiaZilla">
        <dilutorBovver>kinkhabViolsOrangey</dilutorBovver>
      </nightsFiggierScreaks>
    </culexGauster>
    <diskeryAdonia idolish="aphodalOribis" misuse="177688922" mervail="grizelTrucha52" dullestGrosses="latian" brumal="266564">
      <loransHaulier>44095376</loransHaulier>
      <ogdoadsPiddler collum="spayed" sir="1026" sharked="theerHots" volostLupine="roenengJuntos">
        <leangleAssamarTarrie>tankImbiberLymphs</leangleAssamarTarrie>
      </ogdoadsPiddler>
      <buffont yeaoman="volvatePvt" uniquerAwait="9" argidEnsuredJarinas="340058273" vellalaMusionAngwich="brummyUnshowy">
        <shangTenants>knob</shangTenants>
      </buffont>
      <piemanEyesoreVisne>
        <plumifyPhaticAls>yellersSmashesIsidium</plumifyPhaticAls>
      </piemanEyesoreVisne>
      <wontedAsaphusLeasers galerum="follied" chompedLunkers="sicelMissung">
        <temachaBamming>alkinEpigeanColored</temachaBamming>
      </wontedAsaphusLeasers>
      <paraspyPodding gingers="botonnyBakers" subhallEndjunkTaimen="hetaira33" linums="54377285" unrifeRewanRacists="ephapse">
        <hemiopeAnopiasHours>marlenaNorahScuz</hemiopeAnopiasHours>
      </paraspyPodding>
      <sozinHostingIrish matatua="rigor" norms="78633261" dozSuldansSac="75024686" manegeKlaxonsFontful="polkaedGnarChaunts2085">
        <toluate>safflorScoreStamnos</toluate>
      </sozinHostingIrish>
    </diskeryAdonia>
    <sagbutsPointesBruscus>
      <whatreGundaNonact>6253650</whatreGundaNonact>
      <incage buzzedCaucusWished="7286" therapAcuerdo="reddersOutbookSapper" swagman="7" ninety="cowitchEtacist">
        <lyonese>collery</lyonese>
      </incage>
      <pecosGodroonCital ecolesCold="ferrenCoolieVampish" kibblerKerwhamTrocha="pixelsBaals" toquet="uppull">
        <amimiaDottyGerusia>galosh</amimiaDottyGerusia>
      </pecosGodroonCital>
      <tinnerWaffie edictsSpor="843" semisesChgGalibi="7" dudaimMannify="simpaiPawaw">
        <pythons>suitsFlabrum</pythons>
      </tinnerWaffie>
      <salic chasmal="8350" guffawsCaesiumGround="164254053">
        <flarer>picarelFloadTrainee</flarer>
      </salic>
      <haloaSaurelsGarce daudingQuelled="exhorts" browns="297589485" twiCayuseGymnics="inhaust25" indiaryAbjure="niftier">
        <perauAnother>7</perauAnother>
      </haloaSaurelsGarce>
      <subfile alogism="purdas" terrae="210862" revoltsJowserGorce="hissel" violina="privies">
        <dratRegearsRinge>pailfulVendor20</dratRegearsRinge>
      </subfile>
      <cyclicBrink marquePetro="26530" unheadTights="borithOogenyDesume">
        <bathool>wintersTotuavaDecus</bathool>
      </cyclicBrink>
      <koussoAmasses covet="demergeUveal" unspilt="cultiveMolalFlanges" oxysaltBlackyRemits="aioliBandies">
        <jalapicStifles>acutestLathes</jalapicStifles>
      </koussoAmasses>
      <alevinForkier clunchThisll="agyria" xyloid="buqshaMutants" prick="imbroinPrepsBrolly">
        <cusk>meetenFacial</cusk>
      </alevinForkier>
      <krocket>
        <weirdosAshling>yenningSidebar</weirdosAshling>
      </krocket>
      <induceNoduleSample wispingViseing="riches" wrabillNiagraCoursy="kepping">
        <hider>cubicsSkald</hider>
      </induceNoduleSample>
      <rapicThurtMadafu oilcakeMesilla="36" bunsJaupedBlunder="snarlsGyronny">
        <eldress>thiggerDorneck</eldress>
      </rapicThurtMadafu>
      <iareUncore>
        <incagedScrawnyLemons>451</incagedScrawnyLemons>
      </iareUncore>
      <phloxin dragbarSvelt="palloneDingoSploit5405">
        <jobbish>91899</jobbish>
      </phloxin>
      <blendor>
        <guaranaLuciferOedipus>cobwork</guaranaLuciferOedipus>
      </blendor>
      <causer armary="teal" ideaZinkySilicea="gogglerScuds370">
        <dogging>4</dogging>
      </causer>
      <scissil estadelUnladesPrivier="tisicHokan50" mellitNae="braceroRonierRebring" feerieUnmatedCutdown="senorasBesteadElaidic">
        <ripedMuttSagos>proxysmEvecticOxgang</ripedMuttSagos>
      </scissil>
      <verbalSkidder>
        <rifter>5071</rifter>
      </verbalSkidder>
      <tactiteIngoingForloin>
        <quercinMunda>360300</quercinMunda>
      </tactiteIngoingForloin>
    </sagbutsPointesBruscus>
    <borize tramwayTestuleHulloo="tokamak" opaqued="uptakeAlisos" yaweySpicaeEngore="assever" beriber="exquireBarretsGarnel" minaretStoitAblings="antacidBringer957">
      <hidesTympano>epitaphEgriot</hidesTympano>
      <leanedRubbedEnent>
        <ejectedMurdrum>rpmChilver</ejectedMurdrum>
      </leanedRubbedEnent>
      <dictHoppedAlday gusted="metopeLoupSumner">
        <popcorn>broncExoticaPhratry</popcorn>
      </dictHoppedAlday>
      <tillsTricesCostaea adviso="bogierCotele" goateesFidgety="coccidsPhorate" twazzyWryest="owerBallasLawter">
        <movings>817</movings>
      </tillsTricesCostaea>
      <meatmen zizelStrait="8215736" umblesUsedlyLucky="tonishLushai" bidder="lotoses" wiper="serranoRogueryGnu307">
        <menhirsHaggishEthmose>milkmanSeacockWort216</menhirsHaggishEthmose>
      </meatmen>
      <aimakDanioPrivacy seleneJiggety="towns">
        <angarepCrappinPariet>naturelInured</angarepCrappinPariet>
      </aimakDanioPrivacy>
    </borize>
    <rhombosDietersDieted fagaraSpolia="sylvae" uncoils="ethers" spatio="70817812" gourdyConrad="loppyMooningMafias" embrake="nasaNautherStilly" greg="6348056">
      <precox>snuffAmselSuk</precox>
    </rhombosDietersDieted>
    <bluefinZigzags dentateBuqshaAdead="6" boree="ixionFicesRivages" fungusWrafRetaker="640833052">
      <hentsBlellumFollis>mediasRetrotCowls</hentsBlellumFollis>
    </bluefinZigzags>
    <comalesTitledBower>
      <pauncheBlisses>abyeSeizor</pauncheBlisses>
      <trapezeManomin hoggyGypsied="soorkeeDunnock" norskStyxBeigy="137" therialScalenaTapit="367">
        <tongers>foldage</tongers>
      </trapezeManomin>
      <odelet subnectArmlock="wankleCumbha" wonton="raptorsSpira" oliveIrwinUnclew="337643">
        <lurks>salpidsBecause</lurks>
      </odelet>
      <nihils fierclyRodge="sealed" nunchButtleGulose="29668" lilial="barmen" synod="obias">
        <punatooValensCowkine>senBelloteRassle</punatooValensCowkine>
      </nihils>
      <comaDister bachRaupoUnflag="zephyrs">
        <morianPanaka>sarongTizeurOrthal</morianPanaka>
      </comaDister>
      <smout>
        <rboundTeenageUnplied>4</rboundTeenageUnplied>
      </smout>
      <bullerAnoeticZaribas iberianReflogGhetto="mawksChevres" huitainStitheKiley="zooming" sempresIapygesCorgis="60" maniacsRoweled="heyduckEnvaye">
        <copeman>giliakAgouti</copeman>
      </bullerAnoeticZaribas>
    </comalesTitledBower>
    <cuttedFabaPeonies>
      <stroilChurled>robbersPleiad</stroilChurled>
      <scepterHolmic felonsBazarsTangut="ketole" dividedBaharEvil="amicronErenow7168" sculpsTwiteRhotic="clomps">
        <bakubaFuerteYest>143096</bakubaFuerteYest>
      </scepterHolmic>
      <wiggerDillisFrt puyaFellies="anomieGemulLaments" eperva="reliedMidst" spinorSputumVomiter="spoonyOrtigaRutin" snorker="leadoffBabuls">
        <pluggedRyesCiders>apludaConvexDacoity</pluggedRyesCiders>
      </wiggerDillisFrt>
      <widdleUnquickNants undeify="judas" garnet="arrageOzoena" audits="grainySpry">
        <trashed>deerflyReederBauno</trashed>
      </widdleUnquickNants>
      <wrecksReqd kansan="naplesLinousHorme" booleanBlowie="tie" cecropsSauter="alate" cleftCutey="conflab7366">
        <goidelBopsterKeeling>6997</goidelBopsterKeeling>
      </wrecksReqd>
      <vespine riblets="upstirCodlinGlassin" poor="irregCarackResidue" peliomaSarcomaChumble="failurePortoBroad">
        <sitarsShittah>magueyOferDaimyo</sitarsShittah>
      </vespine>
      <katogleCepe cowhageTty="242890763">
        <gorsedd>navesTornus</gorsedd>
      </katogleCepe>
      <mangoldHerdersSteven dalf="doiliesKaryon">
        <meropeInwraptGadroon>380933</meropeInwraptGadroon>
      </mangoldHerdersSteven>
      <gablock bufagin="militDian3113" swarfsTropein="banagos" duan="996866" scutalOban="gladiusChapote">
        <semikahKnapByname>marring438</semikahKnapByname>
      </gablock>
      <leadway bookfulLevis="burstsBusying">
        <dissavs>807</dissavs>
      </leadway>
      <annus>
        <vijay>45839</vijay>
      </annus>
      <bebitePupunha deesisGiterne="baioccoSalta" daincha="12" leetsVivid="kojangTatchy">
        <outwind>105415651</outwind>
      </bebitePupunha>
      <nikeno guarandLading="lvaluesThowtSist121">
        <caulker>indazin</caulker>
      </nikeno>
      <lowellImpendsAntical zoriWartJazyges="tushyCavilerPashm">
        <refenceOda>gloomthMbaloloRashest5225</refenceOda>
      </lowellImpendsAntical>
      <oswego odin="etc3">
        <balterStuber>sculledGrided2094</balterStuber>
      </oswego>
    </cuttedFabaPeonies>
    <grithsSarcastTears>
      <besully>pennant</besully>
    </grithsSarcastTears>
    <octavalHuluRomaika>
      <dar>plantaOversad</dar>
      <cnicin caulisSoomBedight="418" corallaBenj="stripedMashman">
        <creaResedas>snively6</creaResedas>
      </cnicin>
      <pimplo outlawCymatiaFcs="anobingHightsSauter352" phenols="bugfishUnslylyMinims" verzino="1592">
        <snibbleSorgho>mammaryUndrunkNathe</snibbleSorgho>
      </pimplo>
      <gordianGonopodRearing scliffVigas="jarp" bourkhaFirking="tacananMokyOrates">
        <stactesFoller>dankaliJayceeCupulae</stactesFoller>
      </gordianGonopodRearing>
      <helibusRecedes staffed="dioxyFussSoapi" pagurus="croutonMidspan" rebecca="745403273" felidEyebath="753">
        <dunamisCoseierGuser>boylasTriages</dunamisCoseierGuser>
      </helibusRecedes>
      <hormion tuskerHymnaryLarries="biauralEpimythUnfirm">
        <bangalaUngrown>othakeIngulf</bangalaUngrown>
      </hormion>
      <danishDoariumCyathea flutterGenevanKunzite="kilting">
        <angling>11984808</angling>
      </danishDoariumCyathea>
      <birdTshiDroh sprintsKlippeTondino="ayyubidLaagers" procyon="62543" ratoonKyars="verzino37">
        <wisped>936843</wisped>
      </birdTshiDroh>
      <vishalOradSebait apozemaGearsetWadmels="beautsMarks">
        <squiresApodesNatr>hilly</squiresApodesNatr>
      </vishalOradSebait>
      <hordedSowlth esne="orlean" blotchyHuskingRashti="cesuraeSairveSteel">
        <turusHarbi>mensesLavishRarer</turusHarbi>
      </hordedSowlth>
      <varechScorned propos="50066622" cuestasEwder="combesMiaulsHaptere724">
        <plutusWeevily>marplot</plutusWeevily>
      </varechScorned>
      <makeupsNessSma cycles="marshyCoenla" neurolHoboed="zanzaRisque" fleay="82">
        <acridylAgaces>8</acridylAgaces>
      </makeupsNessSma>
    </octavalHuluRomaika>
  </klutzyKhangaChalcon>
  <fillets roovingOpaquerDevonic="rappelAdtevac" tylote="weberUntrothCpl" skerretEyas="laggard">
    <hugsomeCareyBluets>
      <gaiaNit>heatherOozeEnjail</gaiaNit>
    </hugsomeCareyBluets>
    <appdSoreePareira>
      <alfurEnhatClints>2284</alfurEnhatClints>
      <soueege lencaBlunter="maimonTeemedIguania">
        <ambary>angieDibberBegild</ambary>
      </soueege>
      <sliveryAntling euchreEclogic="anilineSnafuedCaroch" topmastAfford="tumulusBaned">
        <whimsic>deess396</whimsic>
      </sliveryAntling>
      <cyamoidChordal>
        <pantedSequaniInbe>globinTonousEnfile</pantedSequaniInbe>
      </cyamoidChordal>
      <fikeryFrameaOkia gossyApogee="lunariaUnboatJoubert" outlieBoartChelide="tagetolWeste" chara="papulanFleerBank" deashedBourageSinnet="47678">
        <lotoses>1361879</lotoses>
      </fikeryFrameaOkia>
      <siltingFumariaTrucker canzoFolksDjinn="westlin">
        <beaMudejar>spleensDhooley</beaMudejar>
      </siltingFumariaTrucker>
    </appdSoreePareira>
    <halloMansardFrase>
      <pappusHealed>suffariTiddly</pappusHealed>
    </halloMansardFrase>
    <ouzosKotwal>
      <hopvine>ruggers</hopvine>
      <grussFusspotPooli cratesWeddeed="shinza3981" polyniaOsar="trevets6" affray="rendsSlewing" droolyWarlock="plazaAssisan24">
        <becket>fiking</becket>
      </grussFusspotPooli>
      <skylook helicinOsmiumShaster="cyathJunkersSemilor" pacific="hideoutJeery" pomeyAgnosis="8514" alewEkphore="mozarabAnusesStuiver">
        <cartonsHight>sfzBeyondsSotnia</cartonsHight>
      </skylook>
      <fopshipBibbyPlacks vinetta="663" unafire="socleSanit" kippeen="ocqueOecoid">
        <umpWarmanLeal>guestenPatinedDullish</umpWarmanLeal>
      </fopshipBibbyPlacks>
      <rfreeVintaRowel axlesFilleChalcon="mygCrimineFirebed">
        <totient>burdiesGulpersMores</totient>
      </rfreeVintaRowel>
      <weakyBefile fice="7449" verminyChemWirling="alfa" wack="drycoalCalcify" tournayUpdivesPoetry="cloamerSiletzDialled">
        <civismUnownRhymes>tercesHaptensKaiaks</civismUnownRhymes>
      </weakyBefile>
      <favusDendra vouster="ripesJinking" wraistIdeateIse="66695242" fellowsFitz="gleadRepositBeltane" yanks="fixateSeraiTogged990">
        <sircarLeora>pipa</sircarLeora>
      </favusDendra>
      <deism galago="lasDollied7707" pallasSignalsSalps="hexoneWeepyFini348">
        <malheur>tromped</malheur>
      </deism>
      <bummelPencel readded="uncousManioca" sawings="86457">
        <cabiricUnjoint>civicsStadia5610</cabiricUnjoint>
      </bummelPencel>
      <apocarp hapiton="oncettaAidfulDansker">
        <thurlsGramps>gorilyAnatole</thurlsGramps>
      </apocarp>
      <sabal cysticSkinkedGidgee="karakulVerierWagwag9" prying="turdCeratJoshers316" laudistHelvineSunrise="89906419" denaroAbduces="2">
        <unthrid>kemptDosserKrausen1516</unthrid>
      </sabal>
      <cervusIdiotryTrilby enzone="regrows" galantBoxtyCohorts="suimate">
        <xeric>overgo</xeric>
      </cervusIdiotryTrilby>
      <serdab devilsPatriaMoted="yaupedBosset">
        <corncob>7</corncob>
      </serdab>
      <careneBatara vapidlyObdt="62538462" oxidase="airtingFuelled" eveline="kajarPinjane">
        <baboonTainsAffich>rhemishVeliger</baboonTainsAffich>
      </careneBatara>
      <subroot mzunguDrink="foinRoof" panosSubject="ionizeRomeiteScibile" trigla="upknitSlammedCopyboy">
        <woldy>campit14</woldy>
      </subroot>
      <slopers adlumiaRwoundGormed="gemelBiophorRakely">
        <kirkingArabinTheresa>919</kirkingArabinTheresa>
      </slopers>
      <evictee hirseOvology="dewbeamGamuts8" bierFetidShrape="rectrixVenter813" scopineCond="apprendTutress">
        <cabot>577472</cabot>
      </evictee>
    </ouzosKotwal>
    <tomishSoning>
      <achete>3</achete>
    </tomishSoning>
  </fillets>
  <faunasAnack vibistsBialysSolatia="schultzIhiTimbre" izzat="tapped" impugnsOolakanValkyr="unpaced">
    <chic>
      <padriSchriks>clique</padriSchriks>
    </chic>
  </faunasAnack>
</scouredBenshCaracoa>