<?xml version="1.0"?>
<curvesNomes>
  <kotowIndigoCanjac toylikeFlabrumAddita="atholdModeledSufeism">
    <coeditsFellingLaulau britska="filixBock7311" brimly="skyfteFiversChave" hederinEdgers="rebecsDefuzesKeyword5" mammaScoad="leftOutroop" amusiasGummed="vacuefy" preanalOsmatic="sitedBouser4284">
      <boigidPere>tarotKnows</boigidPere>
      <argononMiseditMagneto acopic="drawingBegash" hydroaUnusedInsure="belleMoldInbow" seasickFourgon="forexCicharBrattle" genieSutures="citralsSultana">
        <derningFrustCaprock>44727</derningFrustCaprock>
      </argononMiseditMagneto>
      <jerids ugtSplatchGybe="thokishHyphens">
        <chanca>adesmy</chanca>
      </jerids>
      <deputedBoskerWeird doffedJur="6352" woaldKonguPlushes="matroidGummasLoonier">
        <venderMunifyTribase>parkyAmpyces</venderMunifyTribase>
      </deputedBoskerWeird>
      <topknotBurree shrogGeisaDrains="luciferStiflesDudes87" neftgilOutsaw="benches">
        <delireDisodic>149950</delireDisodic>
      </topknotBurree>
      <begaud roiledJabbed="238" flinterThru="uriaLushlyIsodont1664">
        <brahms>520077</brahms>
      </begaud>
      <fumageSlaeBeveler>
        <kybeleShap>oudLobataeChimars</kybeleShap>
      </fumageSlaeBeveler>
      <ramtil capableGybes="fumingFilatorRacist" sixtusAnomal="vowellyClunkedZithern">
        <guato>congest</guato>
      </ramtil>
    </coeditsFellingLaulau>
    <tinselsRootcap>
      <hui>childTeacakeRoyally6</hui>
    </tinselsRootcap>
    <brachesOstiaryLosels>
      <copertaVerdantSnape>30963995</copertaVerdantSnape>
      <wascoHumus happing="685">
        <variosSiftedGirt>wormil195</variosSiftedGirt>
      </wascoHumus>
      <possets headsawHoboedBootful="tumulus" bensOpinant="sabadin" vinew="gleglyHeederBorder">
        <parkedPerkierUpgush>stuntsSpousal</parkedPerkierUpgush>
      </possets>
      <hirsuteNuttyCranes carlish="cerreroHamsa" barflyPyknic="begrayMeoPodatus" disrank="ingreveRaffery" prickedUpgazesVeeps="discs">
        <tooling>enthuseBepaint</tooling>
      </hirsuteNuttyCranes>
    </brachesOstiaryLosels>
    <conga tomeletTitfer="skewsPithoi" blurbsVenduesGaupus="ligulaResh">
      <enigmas>trizoicWheep</enigmas>
      <dropaxHuashiDucklar>
        <ajugasCydoniaKlipdas>saloopsStroyed</ajugasCydoniaKlipdas>
      </dropaxHuashiDucklar>
      <selfsYeggsPlebian sadhusCoalaAidant="macon35">
        <disbodyLazuliFirelit>pepinosBenshSulker</disbodyLazuliFirelit>
      </selfsYeggsPlebian>
      <tars zoocarpTortoniApism="7907721">
        <jaglessSignee>embrailSakiehBunda</jaglessSignee>
      </tars>
      <lata clitDrouketSeapost="tom8">
        <shaggedCmdg>alefBeardom</shaggedCmdg>
      </lata>
      <ticulNael barbs="sorrels" vipCastice="geswarp">
        <ocypodeVerneuk>sensionPyrrolTaximen</ocypodeVerneuk>
      </ticulNael>
      <annuent tuggery="temptSwelledJeanie" sisternQuidae="banzaisChapterThir" helvellAlveus="lallingGaineBrumal">
        <tribeCyanateSabadin>clocksUnrope</tribeCyanateSabadin>
      </annuent>
      <bowlers enodalBogeyed="peckShiva" oleron="kwanza" hutcherSloshedCyprine="langrelOtomi" stoptReese="dislink">
        <apraxicClouty>vivant</apraxicClouty>
      </bowlers>
      <bays canzon="matyPronotaHumilis" buckledManitGunda="884678351" racquetSophian="rashlyCollect">
        <accusal>797364267</accusal>
      </bays>
      <streeksBypathSultone oolithsPatricoRudders="tearily" oublietDagsDudder="498">
        <guises>96135</guises>
      </streeksBypathSultone>
      <bahutuAlemite nibbed="jake7" bushtit="rheicPodexKala" rux="serrulaSpirulaTaihoa3177">
        <hazesVinea>1914588</hazesVinea>
      </bahutuAlemite>
      <wealdenUnsell sawbuck="clompMaraudsBreasts" radonsToddy="rotsFrowner4" bemata="68">
        <anteactExigentBoing>guary</anteactExigentBoing>
      </wealdenUnsell>
      <barcooCouterMonax hartenUrine="gaylyAirward" benightAverralSkirty="cantingTwinges" thumminWritsGunsels="padlike956" thegn="exterSpheges">
        <algediCoster>505719401</algediCoster>
      </barcooCouterMonax>
      <cullen solentTaxiing="mulsifyAureole77" forgersDonees="timbale821" gesningAcarina="jaspBrackedPatgia874">
        <chalinaYajeine>949</chalinaYajeine>
      </cullen>
      <viduageBespake bosketBangup="amindedEducPlywood" splayedHotta="11713615">
        <outringAtte>drentMinuetsSheth8</outringAtte>
      </viduageBespake>
    </conga>
    <ulexine>
      <tenoursMoroncyAdam>snaperBoneenKails8477</tenoursMoroncyAdam>
    </ulexine>
    <tests quote="9055254" oristic="spettleMotocar" whatsisMockedManba="masterPompomsAgent" regina="scope" elbowsMukti="labefyMaundy" argonCywyddFangled="tweetedBaidak" propersCuemenDraught="refeelTomes">
      <augrimCoco>screamsRodericTangent32</augrimCoco>
    </tests>
    <asternGoopyAlbuca>
      <pifflesBraiseManumea>apionolWaifs37</pifflesBraiseManumea>
      <bakutuFidelMelinae helderJar="mohair">
        <stileTrikayaLever>316315</stileTrikayaLever>
      </bakutuFidelMelinae>
    </asternGoopyAlbuca>
    <spain>
      <kennCallansLangley>fards</kennCallansLangley>
      <forewit>
        <hoofingMingy>disciPettahTramels</hoofingMingy>
      </forewit>
      <piped jambeau="oxyphilRaj" walksPoddyBayano="crimple" tassalWyeTurnipy="loboSlaitPollent" mooleysSaloonsPraams="sculked">
        <unbellPhantic>uniovalPortateFussed</unbellPhantic>
      </piped>
      <cohol weirdiePuinavi="chook">
        <yowlersWus>bigeyeCherte</yowlersWus>
      </cohol>
      <aridedKugelFonding kiaatKneadEnflesh="stoundWadlikePitchy" presserMouths="20281890" vellBokoCutlery="fanleafHcfTroikas" soclePerpentShark="sellate">
        <hoolChertsHyingly>jobbedAmante214</hoolChertsHyingly>
      </aridedKugelFonding>
      <weakishValerinSavoys aminase="bravadeFlung" unactedDefiedFissury="claye5451" daylilyRavineyUsably="peladoTiqueur">
        <analgicDaywritRetint>orvetReplumeVamoses</analgicDaywritRetint>
      </weakishValerinSavoys>
      <advertFurorMoan precent="tangos" chams="752">
        <ugtSkewsArse>eten</ugtSkewsArse>
      </advertFurorMoan>
      <krosaUtendFisted cearin="wrnt" afsharAttn="dipterNickumYohimbi" samsaraLumutOouassa="8">
        <lieve>dumaUmbraPertest</lieve>
      </krosaUtendFisted>
      <cannonsSec weeversForrardDormer="awaSwardedBunyoro">
        <prowledTernaryTrinely>mobulaGrigsChoirs</prowledTernaryTrinely>
      </cannonsSec>
      <eldress>
        <amoret>riceEvocate</amoret>
      </eldress>
      <indewFrolic>
        <twazzyRancel>morenaCentalsPros</twazzyRancel>
      </indewFrolic>
      <muffing autarky="trattleCetusWoolier" kelk="damlikeEnvoyGleys9">
        <hircineAstrild>5</hircineAstrild>
      </muffing>
      <nestingScanceGrubbed aubriteMikania="78566" huffler="inrush" chiasmiHikeAddling="44028176" paringsHairupPintos="satemUpdelveSapele">
        <hoveniaShahdomCharks>aconeUntripe</hoveniaShahdomCharks>
      </nestingScanceGrubbed>
      <albergoMneme>
        <hovererIndrawnHallahs>fidacTorgochThrums</hovererIndrawnHallahs>
      </albergoMneme>
      <ridFyrdung ador="bleymesLawines">
        <gypWeesheeLessors>saoRegrew</gypWeesheeLessors>
      </ridFyrdung>
      <helder kitamatMamluk="wosbird">
        <polygarDestool>flouncyCoffinHattie</polygarDestool>
      </helder>
      <dadas auntiePrfTolmen="otalgy59" sherifsSharan="vidkid" ephoi="herbage">
        <sappers>fuscHoedown</sappers>
      </dadas>
      <serverGiliak chinkyAjar="ferrumsRoundle" sordidApiales="nubblyUnfrizzDecrew">
        <dameBarless>lupinesBututHeptane</dameBarless>
      </serverGiliak>
      <greaseActives pitpan="pantingGrimaceUnsoncy7" yamuns="peleliuAluminaSmush22" malaxHakuSevier="cathernCruetActins5" fennishRiv="zanjonaBedene">
        <doddle>blumed882</doddle>
      </greaseActives>
    </spain>
    <gradingBrawlys>
      <chininBookedBunking>smoggy</chininBookedBunking>
    </gradingBrawlys>
    <helves soricidMuyusaEuchre="31385483" tukraMonosJert="reams33" spuedUmteenMorphea="379087" casula="dhalSmidge154">
      <skoptsyJoneses>vittaResays</skoptsyJoneses>
    </helves>
    <galtrapCorinth>
      <popedom>finalisShrinesFent</popedom>
    </galtrapCorinth>
    <beshod solidlyHappingNicer="tactiveHollooVocoder8003">
      <nanduUtrecht>rutuliGeology</nanduUtrecht>
      <allseedProdDanian>
        <sippersFripperKarez>untinDutchTinnery</sippersFripperKarez>
      </allseedProdDanian>
      <choleraTunland hereroBeefyAutem="footle">
        <reboantAcritanKunzite>99954259</reboantAcritanKunzite>
      </choleraTunland>
      <toreroInstallHamadan molokerTapia="teenty5821" whiffle="smiterRaglet" fondlesCamber="bywordsSkivies">
        <dirian>badinerAminoid54</dirian>
      </toreroInstallHamadan>
      <ikatArctium draggedPolHocky="684" served="40">
        <esrogInwoodMimic>purbeckZiffs</esrogInwoodMimic>
      </ikatArctium>
      <elkslip smiledInviter="jookMethaneHoboing" nomenAwork="summons" albinal="dobson" buckpotStruma="bollingUnformUnlarge">
        <kashmirApertly>14</kashmirApertly>
      </elkslip>
      <rutylThymi scamellMowtTussal="baguio" limbedSporeTurtlet="gitanoGladdenFriday" stotYachter="hexsNiched2" biked="holokuBabbler">
        <stallRinse>antirunAristoBikeway</stallRinse>
      </rutylThymi>
      <tamanuBrith distill="streakyByrlaw" paroch="461901957" swagsNumberPlaguy="korahSizeSmarmy" urinalTurner="43441">
        <volableCannelSazen>prided</volableCannelSazen>
      </tamanuBrith>
      <dozesTalose gunmenRattiCliona="preloan745" elkhorn="brinjal" ricinMoreBoatmen="358">
        <definedRoveCholic>bustics2</definedRoveCholic>
      </dozesTalose>
      <podeon>
        <median>caraneOuthowl</median>
      </podeon>
      <rubineBownUnwarm moperyRichly="cainishRefletAlmon9285">
        <dudgenBeseam>usuriesAvoweJunkets</dudgenBeseam>
      </rubineBownUnwarm>
      <tuscheAntholArdeae queered="kinkleUteri">
        <westersTurfskiGemmoid>jinxes</westersTurfskiGemmoid>
      </tuscheAntholArdeae>
      <frogmenVirole unpickOpedArtic="rewedsSingedCrakes">
        <nittaTical>fulhamFilagoRissoa</nittaTical>
      </frogmenVirole>
      <addressSlipingOozier misce="ferrugo" gyrinusDayak="649">
        <whoopRegle>solderWombier5</whoopRegle>
      </addressSlipingOozier>
      <apostleExasper ranDerivalCraney="81">
        <gypper>elanusPreps295</gypper>
      </apostleExasper>
      <comboForced esdrasBerobRogue="calendaLullingAntifat">
        <vroomSwears>tartagoHiationGozzard</vroomSwears>
      </comboForced>
      <oozierMiffed>
        <newark>washesFructed8671</newark>
      </oozierMiffed>
    </beshod>
    <ashiverDeesisBatete>
      <aryansOwned>carats</aryansOwned>
    </ashiverDeesisBatete>
    <martenAgas>
      <retros>677</retros>
    </martenAgas>
    <soothe>
      <coraled>riserva</coraled>
      <skinfulRotular sier="58772800" burghsDyslogyVest="pumicedInsuresOverest">
        <fdubsRedried>79</fdubsRedried>
      </skinfulRotular>
      <syriacGemmoid fresnelDative="kutch" undrapeSipsVaginas="laggedAndronSinic69">
        <gadders>atlases</gadders>
      </syriacGemmoid>
      <salterDother sotadicPram="bolomenOctet" retrainEmbargeDrip="offlookReclimb" yawnersQuernalFabrile="debtsSilvics" tailImpress="turquetGheddaMalars">
        <reignFuffitOctober>sayRambure</reignFuffitOctober>
      </salterDother>
      <bugfishMicronsGranum>
        <anagep>asinegoLentos</anagep>
      </bugfishMicronsGranum>
      <cozDermaAffines namingCiaYeeuch="morriceEolithsOutwell" carrus="9629" hoesCapsids="issuersCallout">
        <heavenPenlikeLoggier>gaudishArgans</heavenPenlikeLoggier>
      </cozDermaAffines>
    </soothe>
    <scewingEmbolusSurinam>
      <meroBoozersUnlid>529</meroBoozersUnlid>
    </scewingEmbolusSurinam>
    <baarBish subteen="predenyInvited" atlantaArmoury="insep359" caroon="pugilSulfone1" corkerHippedRubine="din" vodkasAblings="tussors" gentianRazeingAvenged="optionsWaiveryKishon">
      <khevzurPawls>35755</khevzurPawls>
    </baarBish>
  </kotowIndigoCanjac>
  <nomineeDicolon>
    <bangkokEndways>
      <migs>gibbing</migs>
    </bangkokEndways>
  </nomineeDicolon>
  <bishop gail="70078">
    <sloopsBarbut>
      <tritomaBuriesDias>mongeryKaysPuruha</tritomaBuriesDias>
    </sloopsBarbut>
    <termageHexyl>
      <surlilyMyodesBlighty>1</surlilyMyodesBlighty>
    </termageHexyl>
    <luggieRevend>
      <avilion>84</avilion>
      <avanyuEggcups tangkaFlamb="spoilt" stroup="woodsiaDismayTwelfth" tiberUncialSadr="redlyCannaEpiboly" dime="bhutiaRedowasExscind6">
        <durnsTrottieHeeze>peatmanRapilli</durnsTrottieHeeze>
      </avanyuEggcups>
      <hoggins rolando="pontacq" bossismBarbing="8306" rescanStimies="6853">
        <colportGuepard>styrolGorlin</colportGuepard>
      </hoggins>
      <affloof pome="beproseHanted4" belacedMorthDrama="facksVoicesNavely" busketRumboNeoned="pyrolas">
        <rewordSandals>auhuhuTrayBonum</rewordSandals>
      </affloof>
      <palelyTanaka shunnerTides="tabacinBaffedRedweed">
        <hymnal>fanningAgamisRehinge</hymnal>
      </palelyTanaka>
      <turmetMedic csiKantarViznomy="primo" cycasinFleabag="curupey">
        <leopoldAmhranRasalas>8</leopoldAmhranRasalas>
      </turmetMedic>
      <scalenaWoohoo sustain="drums" offendArmful="iconismBland" tombsWeelManioc="begoniaAyme">
        <debunksHeerHavener>yeh</debunksHeerHavener>
      </scalenaWoohoo>
    </luggieRevend>
    <chessetSalsaCausate>
      <deers>cozyKudzus</deers>
    </chessetSalsaCausate>
    <torvity>
      <maulersWhinnelCommis>rhesusTenets</maulersWhinnelCommis>
      <prawn coationTerming="cruddleErns" sneersOranges="vendeesNominee">
        <reladleOdax>lyreSalminExacts</reladleOdax>
      </prawn>
      <ihi>
        <hymensNidgety>eucti</hymensNidgety>
      </ihi>
      <caractEos almudDevoidUtmost="977250964">
        <aulaDinsomeCalista>95928</aulaDinsomeCalista>
      </caractEos>
      <bladishShorty>
        <incrashDodo>phageInkosPipidae</incrashDodo>
      </bladishShorty>
      <becrown crime="equinusAlipticWeanie" haitiMesityl="cumble" oxcartMutillaSiccan="fellenJackets">
        <gawishBelliLevies>skunOldenRunfish</gawishBelliLevies>
      </becrown>
      <sotho miaowerSpain="337408" dakoit="spics">
        <facundRikshawThirt>loaTakaChokeys</facundRikshawThirt>
      </sotho>
      <purrahBriefsVamped arses="3727925">
        <alleleu>8349508</alleleu>
      </purrahBriefsVamped>
      <babootMedia>
        <ilpirraGnosticAulae>fuzzleGallows92</ilpirraGnosticAulae>
      </babootMedia>
      <jeeryReunify taximen="chiliesMestomeCommark" tensors="plancheBriguer" mideast="torchetDeair">
        <armoire>hambone</armoire>
      </jeeryReunify>
      <phacopsChesser nodallyNabby="assent145" alerceBrides="25320774">
        <crozersHeroin>nambanDosadhEleuin</crozersHeroin>
      </phacopsChesser>
      <inport samnani="sluesSnecked" famingOyanaMismade="1851">
        <thrives>uparm</thrives>
      </inport>
    </torvity>
    <lam>
      <aorists>muraena471</aorists>
    </lam>
    <halesiaCypreUnpiles>
      <humism>outsawThank</humism>
      <orates puntsRenal="amicedFirmsPraetor" neteVeilerToforn="car" beltene="822365">
        <rayage>trentMolsScalls</rayage>
      </orates>
      <doits>
        <crissWikiupsFlatman>54547877</crissWikiupsFlatman>
      </doits>
      <hotness viriliaYelver="ooseScutum" poutTtyAyme="5359056" sabirsMousing="minds">
        <kittiesDispark>ingotsBocca</kittiesDispark>
      </hotness>
      <popedomSter chaharsCostsBabbool="59" warmusMesad="latishSpecks581" loughs="vacuaConfDihalo24" fictionFainer="gabe">
        <hattery>577850891</hattery>
      </popedomSter>
      <peixere tatchy="versRoomingBurweed" millageAstrion="8407">
        <maar>solistMinaeGoop</maar>
      </peixere>
      <limsy trizoneDrivingScalp="harvestRaif" fungoidSettimo="alevin">
        <chicoteDehorsClients>ribbing</chicoteDehorsClients>
      </limsy>
      <stylesScartedSwedes cynicSpektDunciad="faminesOtate" forsay="wrylyCutwork" lomentShapedHongs="mulish" pilpulCoteauLib="593619379">
        <moosLiltsInteind>saicesAbray7402</moosLiltsInteind>
      </stylesScartedSwedes>
      <slicked warmedSabir="cadillo">
        <wheals>slewingFustee</wheals>
      </slicked>
      <jannockQuintarSneered>
        <wiltonSautedImpacts>10272145</wiltonSautedImpacts>
      </jannockQuintarSneered>
      <callersBurleys amarnaRiflers="bewest" betag="molochsSorer" teraphKyrie="fletCannatSpends">
        <counterAlange>emblemSkited</counterAlange>
      </callersBurleys>
    </halesiaCypreUnpiles>
    <revisor michaelLurksSabine="rinsingBarley" jicamaPruner="centiEpitra" mushruKindly="pilulaTritiumRabid">
      <cocksy>frisson</cocksy>
    </revisor>
    <mohabatBlypes labefyBack="undoesRoeBarney" bowtel="nitsMahdian" ureticCasbahScrab="fatalesRisper" machar="215" noticed="roistKonfytDyker" beadsEntada="pecosDailiesFestoon">
      <gageeSwelthLiquors>gadoidThuliaGasping9</gageeSwelthLiquors>
      <juponsSniffedBagdi pargetCellaeAnilins="fomesBilkerBirder" tofuLowance="97873" hotshotBeri="scotism" twigletAtenism="subduerLyrical">
        <sanableStupexUmping>81770120</sanableStupexUmping>
      </juponsSniffedBagdi>
      <pinbush>
        <acold>gruffs</acold>
      </pinbush>
      <trudySketeAdulter culledSteriSultany="slightsBlocks208" fistleBunds="alive" motsTransfMilwell="syphonsAlcyon" acquestBursulaSair="khokaniAsteismHollin8">
        <wyledSavouryBunions>gonadTheronSlice9</wyledSavouryBunions>
      </trudySketeAdulter>
      <kumni boos="employSadhakaChurr" brockle="roofageNevellBalun" stride="theciumAbrMilner" radula="pilausWheezyCouldn">
        <osieredSquabsUpyard>petrifyZincked</osieredSquabsUpyard>
      </kumni>
      <audiosAcyeticIoskeha vixenTress="hectarShawsSorosil603" reif="dorser" unci="sharpen">
        <atmas>cuspule</atmas>
      </audiosAcyeticIoskeha>
    </mohabatBlypes>
    <neglectSstorKedjave>
      <sirdar>bowlers</sirdar>
    </neglectSstorKedjave>
    <halchApereaYawning warners="intinctBatsman" cucumis="takersTsunamiCembalo39">
      <acnodeScupperBluets>chauri</acnodeScupperBluets>
    </halchApereaYawning>
    <lana pavid="breathyJag" lndgQuartesApprise="tockExiled" italiAngeredOzonic="huashi7" coalsSkyhookPirlie="hexitol939" unbrief="croydon5" neighed="abreedSabring" thenarLulabim="yaksCygnidMissing9">
      <hasping>amutterKnavess</hasping>
    </lana>
    <arabicaTeetanNecklet>
      <wearyYuleConch>48460111</wearyYuleConch>
      <pimpishHarish messiahWomansDamia="318" barpostClamberThickly="emparl">
        <lilyfyBedsore>5</lilyfyBedsore>
      </pimpishHarish>
      <cornixBelierDecapod piegan="yockelAristSaps" sorters="49">
        <pedetic>shyster9</pedetic>
      </cornixBelierDecapod>
      <soodleGyrocar logroll="mahican" loggets="diseuse" vishnuSoughHizz="oviniaDeiridIntro">
        <disdainWalkoutYerking>horrorDolentLeapers</disdainWalkoutYerking>
      </soodleGyrocar>
      <unown maxixes="pyknics" feffPeat="36640131" flossWalsh="flotaGhettosPruigo" cutey="chiamIgdyr">
        <grayoutHinoki>narco</grayoutHinoki>
      </unown>
      <tybaltHayweedJagheer>
        <bieldedEmersed>excuserSteg</bieldedEmersed>
      </tybaltHayweedJagheer>
      <dowd taetsiaHostlerGisla="tottingTearcatCookers" scufflyCyclide="cerat" boon="succus7">
        <pyvurilBalteusSeeps>lobosTetract</pyvurilBalteusSeeps>
      </dowd>
      <impaleSarods reprintOutbuyIsotely="twirledSparusBlah">
        <hwanLetchesEarned>urochs39</hwanLetchesEarned>
      </impaleSarods>
      <sabellaMustang>
        <sicklyCrined>oleose</sicklyCrined>
      </sabellaMustang>
      <pyknic philicMerino="conjury8454">
        <egghotSpiedPeened>657087675</egghotSpiedPeened>
      </pyknic>
      <tindery luluMaadAmmelin="tutania" lairdsManned="extundLapwing">
        <traiked>bransleMbunda</traiked>
      </tindery>
      <bugleSwooseLiplet mislenVulturnCoaxed="enrange" lungsCursus="4622" turwar="crudSinterMocked">
        <nasalsEerFascias>cloppedRetimedOutsift</nasalsEerFascias>
      </bugleSwooseLiplet>
      <tolly laneteCrapon="chytrid" unshorn="oneillPopie" wallClabberGateman="cheefulScrotumQuippu625" cobaltSilo="sedges848">
        <sumachsMazutCosted>longansRozener</sumachsMazutCosted>
      </tolly>
      <mulvel conerOnymize="shipperWabeAscots85" pomLacey="thete">
        <jardonUbiety>pilcherUnspeedBetties2015</jardonUbiety>
      </mulvel>
      <eunicid awarn="squaliPiggKalekah">
        <fosset>acushlaQadi</fosset>
      </eunicid>
      <untraceDyeingScouk bouncesMasted="929">
        <zitzithAlmirahUptruss>etuisGagsHeved</zitzithAlmirahUptruss>
      </untraceDyeingScouk>
      <gledy mashruCigalaGongman="522836">
        <hawsers>27</hawsers>
      </gledy>
      <valourPikaDaza kegeler="dispark" lyridSeres="chama" sorosesDooja="ensileRebidSowar">
        <prissesTantara>turrell</prissesTantara>
      </valourPikaDaza>
      <hanoViscosePeoples brewst="uncsOutishMyth" ganoidSoftly="31131870">
        <attainsAcaenaArray>loginsAlcaJunking96</attainsAcaenaArray>
      </hanoViscosePeoples>
      <chevreEphebosTricot dugwayHoopoos="bannack" bedaweeBernoo="fanfish">
        <agaSurwanTubfuls>807335379</agaSurwanTubfuls>
      </chevreEphebosTricot>
    </arabicaTeetanNecklet>
    <mulemanInjurer>
      <texasesCosigns>cupeler</texasesCosigns>
    </mulemanInjurer>
    <argifyKitish>
      <mattoidJugula>saltireDewater</mattoidJugula>
    </argifyKitish>
    <montesCorseBegrime>
      <rajeshSstorRewayle>gloppyHershipMijl8161</rajeshSstorRewayle>
    </montesCorseBegrime>
  </bishop>
  <flyersBewraps eggnogsQuilts="heraPulijan" gulInt="tocsinMoplahMazy" wasnEndasehInherit="track" papules="overranTweeny" />
</curvesNomes>