<?xml version="1.0"?>
<fleshyYerks>
  <azuredGemmanGlucide haceksMachsLiver="53243" jodelrUnhairs="condignMummedDobbies556" hipsSkelQuashee="furtum" />
  <assobre>
    <amazersLuckies snaredCutlet="63266877" urucuriMeatheFlnerie="pomfretEminent" bespake="tautestJowDing" gunneraRelaces="manuredSendJubas" scungyMikron="reheatsSummon" hard="kiekieFinch">
      <ravener>bushed</ravener>
    </amazersLuckies>
    <mytholCaracksShola seedboxSpecs="musumee1" frilal="5">
      <ostiole>wyss</ostiole>
      <tawpiesMinorsSally>
        <brisket>stablyDevisee</brisket>
      </tawpiesMinorsSally>
      <precipeCinuraDebbies friand="nanny" cabletsOutsangRitual="hakdarAnnaryOboles" bluejayImpvFeodum="aggroRoutObtest" alphas="folioseStatuteFrary">
        <sereMisledOsages>miller</sereMisledOsages>
      </precipeCinuraDebbies>
      <heavensGarnel relevel="lordedGravedo" clouredArmory="coulterPayees">
        <copycatShrankCleek>350</copycatShrankCleek>
      </heavensGarnel>
      <chirataDhamma>
        <nordic>aminesFlattopArkoses</nordic>
      </chirataDhamma>
      <enneadOverbar aulTotum="koreSummasWelched" retalkEnmaskCerous="shared">
        <dirts>garance</dirts>
      </enneadOverbar>
    </mytholCaracksShola>
  </assobre>
  <cossieHushel trochAguglia="pugreesAsarota" careme="tewhitMoondog353" proteusLiltsLaddish="scupsFugued" natickArefactMulched="grobianWestlan" />
  <gigfulPlashesTinters trolleyBegets="mudpack" />
  <corsletCowmanPassade cuppasMabolo="gamingsOvermen" outhowlPaepaeRubbee="piasava9743" hwtCable="legists" stibineDonut="7689">
    <epinaoiLuite>
      <boletic>28352</boletic>
    </epinaoiLuite>
    <flopMarring>
      <unrocky>7517</unrocky>
    </flopMarring>
    <galbanMerciesRedub pschentDingyDryrot="gameteRewarnHamose" forpassArabizeTussore="draperyRead" seabirdGoodbyePicea="reedits">
      <forayed>yippedFlunkyTwint</forayed>
    </galbanMerciesRedub>
    <moellonPoohingAinhum>
      <feringi>unclotGourds</feringi>
      <timbe emusivePlagalAst="knop">
        <mysellPabalumTholes>cordoba68</mysellPabalumTholes>
      </timbe>
      <aufaitEuboeanGowk>
        <lawgiveKarns>roburLap</lawgiveKarns>
      </aufaitEuboeanGowk>
      <langoHugeliaIntrude anthood="upstandTammuzRanger" attrite="brantsSultana">
        <gulaCurlyCiliium>accidieBustler</gulaCurlyCiliium>
      </langoHugeliaIntrude>
      <gharnao>
        <knockup>revilesRegrownParkin</knockup>
      </gharnao>
      <boglesNogg>
        <kaloOvercoyOldland>1474</kaloOvercoyOldland>
      </boglesNogg>
      <ornify nymssSurreys="foxlikeWincedIse">
        <quaskyCubited>triglid</quaskyCubited>
      </ornify>
      <randomJouster otocyonChowingWerwolf="candyhLucumiaMamoty" smoky="nutlikeDiker" deguRohillaStagier="rappitePotted">
        <pernisGey>mohurEldsDridder</pernisGey>
      </randomJouster>
    </moellonPoohingAinhum>
    <tutsterOxytone>
      <develedSinusalPlumete>610191</develedSinusalPlumete>
      <quiversLegatee tirlsMbdCorder="calendaKashi">
        <drawlsSanggauMelee>tanghin</drawlsSanggauMelee>
      </quiversLegatee>
      <iceOblata alanticUnorbed="whaly">
        <manulReposeFusing>9</manulReposeFusing>
      </iceOblata>
      <piperyPubliceGlycol openerCochCaserns="puttockWildcat25" shawls="6533" eide="seisureNassa" oppleteHooeyMallum="neweltyVacancyAvania">
        <whitinKalkvis>pnxtErrandsCedrate</whitinKalkvis>
      </piperyPubliceGlycol>
      <mestomeSecco ulstersQuash="78" sabeMalikSelamin="gnawed" stewpot="6">
        <gumdropVeranda>rewraptCeltsUnfancy</gumdropVeranda>
      </mestomeSecco>
      <fisted urgingsCypselaGed="3787751" tardilyReseneDouar="bideZaburro" telarlyGramperChronol="remercy">
        <impalmGlowfly>zibetsVol</impalmGlowfly>
      </fisted>
      <ripestHuffing scatomaOrganPucka="rewedsKiltsMid7">
        <elling>6</elling>
      </ripestHuffing>
      <machineTenuousArmit isopolyNausea="wergilQuizzySchick" muckersCrottalMinion="japans" mammie="604942" aglossaBalilla="sooloosDiapirs128">
        <majorem>clued</majorem>
      </machineTenuousArmit>
      <cunaAwake korean="3025" curios="zainImbaseMaythes">
        <wiving>42090682</wiving>
      </cunaAwake>
      <hookier>
        <ileal>puan</ileal>
      </hookier>
      <fannierNuptialChaped winnowsGurlet="71583" pipage="striateLoodToised" swaddyFiletsPostils="436825" cordateGownlet="radulasBargeer56">
        <hienz>nippledWaney348</hienz>
      </fannierNuptialChaped>
    </tutsterOxytone>
    <castledBoltedRepolon>
      <anySyriacShorten>pta</anySyriacShorten>
      <belindaWrntBlady>
        <grabbyRyen>wanesParsiElfwife4645</grabbyRyen>
      </belindaWrntBlady>
      <anga cuniliFloraWithin="janus" clearsCoydogAtoll="whatd" luthierCrewmen="taperedPludPlacate" abusage="hornsTamul">
        <octroyChoke>chogset</octroyChoke>
      </anga>
      <begobsXysters limbeckLoping="5701" fouette="152">
        <wardingBrithDupers>vermeilPrin</wardingBrithDupers>
      </begobsXysters>
      <pawkrie merak="yajeine" cybeleTonkawa="disladeIdetaPadouk">
        <blissom>tiffing</blissom>
      </pawkrie>
      <lits hocker="acopAttleLouping17" rightedDeuceBromize="asaphic">
        <unsootBacinGutling>hazesLabanGuggle6375</unsootBacinGutling>
      </lits>
      <cotton>
        <piwutLunetsBeakier>awarnWellPeplos</piwutLunetsBeakier>
      </cotton>
      <skimmia geatasDeleadsVeinal="cnemis">
        <kennethKetch>75</kennethKetch>
      </skimmia>
      <picaraAcerblyVug protaxEnoplanChiggak="osteomeWene" spiculaNae="embers" amatito="agoniedIsogamy581">
        <nudistNomismsHachure>feoffed4</nudistNomismsHachure>
      </picaraAcerblyVug>
      <spitingDerning dashnakGoutish="beaverWidows" cystal="hynePochoteSnapy">
        <bassanMelpell>duncishBuster</bassanMelpell>
      </spitingDerning>
      <polarlyShakerDiasyrm styesTomcodsSpiffed="unairedIzzards" sporuleParrah="fichesTatPerlite" foully="grottyCurupay" bodicesBefoamBriars="milosLoafer">
        <swatchMopeder>puteliEllwandAlgate</swatchMopeder>
      </polarlyShakerDiasyrm>
      <cubageTreey niffersWhereatEras="laughsOuthue" snorer="keg" hitArrondiHaverer="acarolSlaneBailo" denimTanakaGray="preoralVigors">
        <hoolie>thurgiStodgyWonnot</hoolie>
      </cubageTreey>
    </castledBoltedRepolon>
    <yachtsTestifyPedlar>
      <astrTophs>pompier</astrTophs>
    </yachtsTestifyPedlar>
    <isidoreBisabolImpreg gambit="pumicer">
      <stirPuppily>dulcelyImpishAtaiyal48</stirPuppily>
    </isidoreBisabolImpreg>
    <summitsCereousMosette>
      <dacoityAfflate>imine</dacoityAfflate>
    </summitsCereousMosette>
    <lovemanHomely>
      <skeggerCryal>tilburySulaib</skeggerCryal>
      <clingUpdated epicyteLegists="reink" dosesInsoul="bulbierLosableTrindle">
        <pius>cueing</pius>
      </clingUpdated>
      <gammer sayest="wabble80" resignOmneityCusk="9981" palfreyAlucoJorum="nyalasHeronsCoper" micks="varnasSeelingPodunk5793">
        <duan>oatcake</duan>
      </gammer>
      <aloddia>
        <postilBattureCitrals>slinker</postilBattureCitrals>
      </aloddia>
      <dichtCocoyam insulaeWangled="alevins">
        <acre>enowBosun</acre>
      </dichtCocoyam>
      <gunsMemsBeloid sternnaDryopsGamic="thiaminStinge" cutheal="rompCanopidJazzman">
        <utrecht>annasLotongStid</utrecht>
      </gunsMemsBeloid>
    </lovemanHomely>
    <mellerBagnioGabbled lesbiaTeucrinKnead="46" bowlikePuddingGashes="estampParkaTazeea" pieceLuffed="69617" juamaveSailers="observeEastreUphove">
      <girlism>170</girlism>
    </mellerBagnioGabbled>
    <warderThymeleTenai>
      <louterClaspsManton>ethnizeSquares</louterClaspsManton>
    </warderThymeleTenai>
    <tricks>
      <frateryMarlpitLigulas>hidingRagwork</frateryMarlpitLigulas>
    </tricks>
    <frivolsFlaking>
      <titania>drowndUnbusyFraught</titania>
      <cofoundPlaguey aradTittleBasta="envelopVoraz24" huzzasMesal="turkish">
        <regna>dacoitsSwami</regna>
      </cofoundPlaguey>
      <retiresSkateParoler>
        <goujay>essenicAcrisiaBriza3305</goujay>
      </retiresSkateParoler>
      <loxommaTubsterGlare fartlek="wairsLanxThripel" sartageRampTringa="alypineGumpus">
        <calquedHortite>filetAgenePur</calquedHortite>
      </loxommaTubsterGlare>
      <medismIsolde outholdSpated="helder" finnier="878">
        <arnut>nosePoetiseKuranko720</arnut>
      </medismIsolde>
      <sunningNoveltyBradoon gimmick="shrape87" glaieulMatzoCivy="thornPaulite" tweedyGumbo="addableSitcomsShrift" sangley="myxomasLeveretDebitor">
        <hillingDonatedCowls>rettoreComplinIsatic3</hillingDonatedCowls>
      </sunningNoveltyBradoon>
      <celtuceWaggish zitzitLlanoAnnals="gatCaricesSpoof5" wunnaPapelonAnaphia="buoyGolpLaicism" gttNurser="foredayUnfaintAlanyl" spadersZunis="pastor">
        <bangalaAtapBisalt>hakimsDiurnal6227</bangalaAtapBisalt>
      </celtuceWaggish>
      <furlan tarsale="gulpinFinny" usable="79209349">
        <mopierUnblestRomper>97758</mopierUnblestRomper>
      </furlan>
      <shottsPharmicKoiari>
        <eructLambesAgenda>offlet</eructLambesAgenda>
      </shottsPharmicKoiari>
      <dradMillage>
        <grege>bucca</grege>
      </dradMillage>
      <stylesKopecksMelanoi tittyFab="mustyEcesisYatvyag" etwasFools="cleckPersiaGlouts" polledGhiHireman="versingDetunedPicolin">
        <leucinLatrineScrews>camogieMater</leucinLatrineScrews>
      </stylesKopecksMelanoi>
      <upprick cubera="workshyWigless" validlyJuponStey="brayeraHorouta">
        <racker>scoutsTheekStaph</racker>
      </upprick>
    </frivolsFlaking>
  </corsletCowmanPassade>
  <bloopedVejovis>
    <calinTopauFanning>
      <rewadeDamaged>buttersMattoirLobule</rewadeDamaged>
      <gley herbs="3254">
        <gosterVolume>sotweedSiddhiDrudged</gosterVolume>
      </gley>
      <feodum dotagesWrabbeBridely="lenger">
        <alicantLionet>macchieThawn</alicantLionet>
      </feodum>
      <catgutsOrgic ataxiesWispishBikeway="23" eyasCube="typiconGenearForms3" texacoAdoboSuzy="hoboesThrower">
        <faiths>70029</faiths>
      </catgutsOrgic>
      <oarChippy tpd="corves8379" benty="lesserFormeDeringa" tyring="poligarFroom" unadaptBrassed="hitcherRocs">
        <loavesLifters>placeboBimPruta871</loavesLifters>
      </oarChippy>
      <mennuet>
        <soccage>630755</soccage>
      </mennuet>
      <siffleHater grignetXyzTauric="sapote" ovampo="cyesis">
        <kerbingWedges>610660319</kerbingWedges>
      </siffleHater>
      <beery dabbingRhypticMatric="373505592">
        <beqwete>yours</beqwete>
      </beery>
      <glitterMuggers atomise="sowderSarzanVocab" synuraeBachel="quickAlated">
        <weightyWumbleFlawn>meatsSpinals5360</weightyWumbleFlawn>
      </glitterMuggers>
      <malaxed diseur="burdens" doura="stuff">
        <aquilonDedans>631615</aquilonDedans>
      </malaxed>
    </calinTopauFanning>
    <lnrPentolHipness>
      <ceteraHuesBurbolt>pharianTecoma</ceteraHuesBurbolt>
    </lnrPentolHipness>
    <scolocChengal plaidFarcesEvulge="wainerEbonyTaplash" adenose="emerantSablesOrkhon">
      <polygarWeblessHieder>gilder</polygarWeblessHieder>
      <pitsawArcose furzierDrownd="dudes" connDoing="bayishHarveyEphebes" sethiteSmutAkindle="4930">
        <almacen>snarly305</almacen>
      </pitsawArcose>
      <mumnessBerede wuffSaugersSayable="176821" swinksSlipper="useablyTwistyGreiges">
        <plashetGarlopa>4</plashetGarlopa>
      </mumnessBerede>
      <filiiTriconPoultry>
        <waglingReams>lusky</waglingReams>
      </filiiTriconPoultry>
      <caliteTaurus>
        <sightlyCarica>droolVillate</sightlyCarica>
      </caliteTaurus>
      <yettsLaud>
        <bane>coifingGoblets</bane>
      </yettsLaud>
      <picoCtrl osteria="creeky" roofer="godwitMidewin" pothuntNeifs="zuzaWrawl" tumbleGrantedPume="writeeCalombo">
        <misled>1164341</misled>
      </picoCtrl>
      <milerRowable lomataHeazy="bifteckRoyals" resoilLipwork="213" demonio="57365245" nicest="ousting86">
        <tildaUnhated>rabbiShrewedPotty</tildaUnhated>
      </milerRowable>
      <heritorHypate featerOutjuts="31" defaceSqualid="golosh">
        <bronzeIncageCuspal>scaldedAlismadFliped</bronzeIncageCuspal>
      </heritorHypate>
      <diapirDrowses hylodesLeeryEasiest="minhahGavel" golachChutzpaArrie="refelOrdeal" bagasseJeribGenevas="710594" kidnap="decadeAspectsGriotte88">
        <feued>55045132</feued>
      </diapirDrowses>
      <riflerSmaragd ignitesKifs="chiba" escolarNaturalOtter="85767881" mistide="drawersKiwi">
        <gilten>plungedObelise7975</gilten>
      </riflerSmaragd>
      <hymnals muckman="awfullyJoshes" zeismCranes="bazoos" airshedUnsoggy="tanyardIndultsWrossle" nabkClods="reabusePrefab">
        <courageEuploid>9986</courageEuploid>
      </hymnals>
      <diluterTachism buzzerAucubasTellen="seropus">
        <braw>cantonsBerainKotylos</braw>
      </diluterTachism>
    </scolocChengal>
    <gallusBosomedYonis>
      <tingentOutworn>accendBonedogGoyle</tingentOutworn>
    </gallusBosomedYonis>
    <aerobicMavieDynes achieve="makedomFells" carolerDocious="2294" brim="scalpedTinnockImaum">
      <boonkBlaugas>greased642</boonkBlaugas>
      <sixthetTarsale behorn="spirula" baitersMatacan="elandsTavolaSerrula" yoghurt="41">
        <dawsonGreek>precystAbatedTuque</dawsonGreek>
      </sixthetTarsale>
      <hacksStachysQuotha arrayer="watches" gurgeon="5">
        <chokedCitoler>ratteenPoleisGault</chokedCitoler>
      </hacksStachysQuotha>
      <appro grampaFerr="ellinge">
        <choragyIridEulogia>musing3</choragyIridEulogia>
      </appro>
      <lying>
        <dreesVenomy>zooticBewreck</dreesVenomy>
      </lying>
      <scapula drollerOwtSpitbox="56483971" turkleGobblesYahveh="oxylRemusAint" jowler="pataRundel">
        <furbishCesti>nosierNonzeroAbbes</furbishCesti>
      </scapula>
      <loyallyBrotany wanrestRebecsOrgans="famaReitbokTosy" ramhood="intrunk" guldens="dogearDune">
        <yuhMilken>huss</yuhMilken>
      </loyallyBrotany>
      <kirker proteDimyary="palayanStartly" cumaru="hagigahTodus" tripySleevedDynamos="feminie">
        <lablab>verboseSubnoteBudh407</lablab>
      </kirker>
      <ologiesDiscerpAmazers karat="bodyingTilakHit" neetHadrome="atelo" daijoUnlawMayfly="bemuddy">
        <ulvaLufbery>reamingMoharHorste</ulvaLufbery>
      </ologiesDiscerpAmazers>
    </aerobicMavieDynes>
    <carpent rattle="131203" mysoidSwashes="daresNeutria" blancheDangsImpresa="cwrite192" gile="cuminol">
      <epigyny>36169</epigyny>
      <taborRendu furcalFlustraMooktar="moseStyx" buraKasbah="sonar41" elfishEntersLadino="choreicSecunda" chouleStorksSahibs="gemoteHexine477">
        <fleuronCowtailPeeked>shotten</fleuronCowtailPeeked>
      </taborRendu>
      <remail pileoliSerac="stytheBaharRill3321">
        <sanctumPiecesKorea>crisleAgoingMugwump</sanctumPiecesKorea>
      </remail>
      <sprackRebred mitredPecite="servant">
        <glebaePalmate>kuwait</glebaePalmate>
      </sprackRebred>
      <enatesStalingFlaucht infumeGuatuso="joysome" aramidUnrowdy="stimesLimpseyOpals">
        <fleererSundayGrailer>birchedStamper</fleererSundayGrailer>
      </enatesStalingFlaucht>
      <bacchiiDignityIncamp asceses="643519277">
        <iolite>pieties</iolite>
      </bacchiiDignityIncamp>
      <kartel oblUnawnedChronic="riftingVerby" quickedStrewthCuplike="outvieSighers">
        <pastaNipsBescab>lumping</pastaNipsBescab>
      </kartel>
      <cowpathCerata mamluksEstatedAgacant="cannelsHopsageAzoic" bigaeAbyssa="alebush" pusesCaukingBouet="8" eellike="cooled">
        <dribbleChyazic>cygnid</dribbleChyazic>
      </cowpathCerata>
      <itylusKetuSorda selahOrchard="phatUnmetedEntour">
        <hartalButyrAgnat>77</hartalButyrAgnat>
      </itylusKetuSorda>
      <arableLeptusMaco ghiTruthsAutocar="nayAptoticConked6" lawyeryCorkishShikimi="chinois9202" hyeniaSave="stylistTiercesSonny" clunkHolloos="115468490">
        <cacaoThorias>afrayNetmen</cacaoThorias>
      </arableLeptusMaco>
      <raxesWaltzRedid taminePascha="rsvp" doorsAdlumiaCalden="softies">
        <octaviaFeroce>38</octaviaFeroce>
      </raxesWaltzRedid>
      <mygaleGruntleUpspeed rewindLoordHaler="ginzoesBenzine" ditherMitoses="boniataBurs">
        <adopterBiacuru>mallows</adopterBiacuru>
      </mygaleGruntleUpspeed>
      <bignou akhundSlit="uncoylyPraecoxKaraya">
        <martin>stangBuzzier</martin>
      </bignou>
      <heliosWeentyYourt cycl="skitesKella7339" siccaQueuersGrivets="rubiaNipaQuinary" dixy="pupoidWarBadiner">
        <nichil>custrel</nichil>
      </heliosWeentyYourt>
    </carpent>
    <heatTweaked>
      <restateBastedBovine>iacchicEnwoodToag</restateBastedBovine>
      <dor pretry="galapee" opening="effaced" tighten="mauleyServersStomp" milvineWhiskin="redyed">
        <utuDicetylStiller>deixisAdds31</utuDicetylStiller>
      </dor>
      <capuliSwamps toylandPooftahWons="288">
        <regur>yellochLonged</regur>
      </capuliSwamps>
      <ossuaryBartsiaBanks plagaPretorPalsies="6">
        <gealFogon>shiveryCoup</gealFogon>
      </ossuaryBartsiaBanks>
      <migransDefs osirisFlakes="pua" taversKnappe="bayaGalga" tercesThingum="gharris">
        <bunyahSplatchScudded>whidah</bunyahSplatchScudded>
      </migransDefs>
      <auricle nuggetyArdency="24507150" illfareVisualAir="harshenEncellBonnes">
        <wawah>extatic</wawah>
      </auricle>
      <walkers clupeinHornilyKilled="273302">
        <stoicsPinkiesOpata>carouba740</stoicsPinkiesOpata>
      </walkers>
      <braddedSoppingTwae quilter="42990930">
        <cacamLustsFebris>rerises1</cacamLustsFebris>
      </braddedSoppingTwae>
      <brinierRettedPandies testacySovran="creat">
        <hattism>82913478</hattism>
      </brinierRettedPandies>
      <acuchi>
        <ophiticSpasmicAchime>2</ophiticSpasmicAchime>
      </acuchi>
      <schnozXerogelPontius routineChloeCranely="boatie" retires="supesTepals" delictoChampaGeste="whooper8883">
        <adonOasal>930635488</adonOasal>
      </schnozXerogelPontius>
      <newestQuieten terms="cowpokeGoldtitOxfly" subgetCecity="550" loaned="valorem" grooves="scuttyCenses">
        <misbillSongkokLuggar>theoria</misbillSongkokLuggar>
      </newestQuieten>
      <scourerSpace phloems="3607" pilafDisknow="91">
        <dickyWhomped>10</dickyWhomped>
      </scourerSpace>
      <vigogne>
        <anergiaCanonAdusk>unmuted</anergiaCanonAdusk>
      </vigogne>
      <shipboyBemixt jugs="outages" slovakUnctionFrutify="nambanRevealsAttaboy9" powterClownSekar="dioxidsAdaptedBkpt" funsterSloughRhemish="amirateCoateesFugling">
        <clamorsEringo>15481</clamorsEringo>
      </shipboyBemixt>
    </heatTweaked>
    <townlet proteaKittieEleanor="abbasIntwine" weringLemeEyehook="khangaLammockGascon" nukeWottingWasegua="ancoraBridler" pulleys="murines" turgid="cariban" sighful="5139829">
      <boleOut>7627040</boleOut>
      <jainBehedgeRatably approxOhmage="kirimon" medial="dunlinsCantorBlabs" cymene="grooseOrchidAdonin32">
        <cravenPaucity>yeanedDeinoTiswin</cravenPaucity>
      </jainBehedgeRatably>
      <laserAnchors brawFicaryPhenose="resighWortle" cerasusSla="plumbedCatasta" landeGobi="kiotomyPetrineGasps">
        <kossClasher>thieveTendre</kossClasher>
      </laserAnchors>
      <rudd>
        <mwalimu>geddDebark</mwalimu>
      </rudd>
      <troughsUmbrel woodingAlcaydeJustled="55216549" unpagan="9441" weaningVillarRajpoot="rurally">
        <codings>56522617</codings>
      </troughsUmbrel>
      <brigid shroudAzurean="7" gloodNuke="baroiCachaza5" invoiceOtiose="triary">
        <arius>armyPulsesHexapod2233</arius>
      </brigid>
    </townlet>
    <zemniPacking corridaBacciesKickups="15718851" suilineCainian="hoptreeRefiles" inleakUnknotJerl="42209963" diariesGaeBharal="hogwashInhaulAleck">
      <fidgety>granma</fidgety>
    </zemniPacking>
    <buffoYamshikSplayer>
      <uddersPushups>entopicMom</uddersPushups>
    </buffoYamshikSplayer>
    <fioriteKurgans>
      <upleaps>birkDauwKabel</upleaps>
      <peach>
        <geckoes>scotomaPilary</geckoes>
      </peach>
      <weldingPrioriGuanine isthmicRitualeAlmehs="jicamasGragerOsmose" recanedSurasMakale="5035">
        <yankySlain>pietiesPascola12</yankySlain>
      </weldingPrioriGuanine>
      <dumbs litzOwenist="159301939">
        <winceyBedewGlucid>tabbisRye</winceyBedewGlucid>
      </dumbs>
      <dinkum pisoteVallies="denyerPlumeHairs">
        <atriaLeteAttid>cogentTzardom</atriaLeteAttid>
      </dinkum>
      <litteryDinarEdile furilicRaspite="80351772" daphne="triliumZinckeSprose">
        <beachyRestateOphis>20185300</beachyRestateOphis>
      </litteryDinarEdile>
      <serbia lumeterCaseful="vendeesScad">
        <alloxyScups>stewing85</alloxyScups>
      </serbia>
      <anesone pavedCarpalAlpiste="pacateDebris2615" rubbled="1270569">
        <silosManalAdyton>ameen</silosManalAdyton>
      </anesone>
    </fioriteKurgans>
    <unramAricineBuffone>
      <cumularMinuetAcy>tomtitTswanaKojang7372</cumularMinuetAcy>
      <pelagesAgromCuffing attristKrausen="ozoned" eyra="strigaFixupsPintail">
        <aetat>919941</aetat>
      </pelagesAgromCuffing>
      <unwomanMonthFibroma suberSqueel="851418964" hasUrdu="12096236" rifest="roburInbreedRemails2944">
        <pursiveTaxableAbbatie>bradsHansa3</pursiveTaxableAbbatie>
      </unwomanMonthFibroma>
      <mononchRealsLattin becomeTillerBitless="session2" spatha="seelAslaverOyana8531" claviol="songkokLyrurusWhilter" puttiSawflomHeal="manifyFleak9">
        <shadoof>yeas</shadoof>
      </mononchRealsLattin>
      <papilio cropmanBumwoodDemi="maskegsSten98" unbonnyMiasms="lovierMucks8713">
        <slipupThallusPhearse>vitrialSashingPickled108</slipupThallusPhearse>
      </papilio>
      <linksExcises jihadWhackedShorn="vivelyBalmier7">
        <abysmalHusheenDater>stumblyChaussePinko</abysmalHusheenDater>
      </linksExcises>
      <wagetAugetKilning wournilHunkySweat="armlockPouffs" lide="834477" awhirJoskin="1" albanCarbarn="bunueloSayerBassoon">
        <metepaTetrixCradler>kirve</metepaTetrixCradler>
      </wagetAugetKilning>
      <airpostSeniorGarde habnab="subdit" larixinCafenetJaspoid="plasticSwarmyJharal" kill="eightvoKyurin">
        <prowedAmantSlunken>bablahNebel</prowedAmantSlunken>
      </airpostSeniorGarde>
      <saloonImmenseCapon spurway="693" effable="becrown6" taximanGeleesKutenai="14866">
        <xviiiPobbiesFeres>emerge</xviiiPobbiesFeres>
      </saloonImmenseCapon>
      <chwasLoggin holster="arachisArcato" butBualSmyrna="ratite" plack="yirth" repaleAoristsCrig="dandisScoggin">
        <inspSuffectBridler>6</inspSuffectBridler>
      </chwasLoggin>
      <mongeryRegrab isicleTorridGerenuk="alarm" phobiesHeveaCullas="564064" nautchPunkestPastile="carmanSnivey">
        <brazilKamik>trended4712</brazilKamik>
      </mongeryRegrab>
    </unramAricineBuffone>
    <manser loun="hornet" hutGlare="stoting" bleeryRoutousSeeing="dioriteDoesAdrenal" eulogiaWadge="fullingPikemen">
      <oueniteDepicts>prawn</oueniteDepicts>
      <buzzCypria mounteeAbaisedWagga="coxiest" pathThrush="abeamDaffier" preach="admire" myocyteStradAcaroid="974">
        <lobolosRadiumRackful>wabenoSuptZemiism9</lobolosRadiumRackful>
      </buzzCypria>
      <deify spallDiamyl="91926" shouter="tagalIncreepPhar">
        <unbokelDrew>bukhScatty</unbokelDrew>
      </deify>
      <enolicInialFarcie notemanArbacinAlang="varicesRoturePari" pogonia="ctrRehairSeamost294">
        <nippierDuim>shahee85</nippierDuim>
      </enolicInialFarcie>
      <eweriesIngaToparch euxine="tazzaGrowanInbring" gulperSpragBirdies="virgoMisfirePathic">
        <conjureWavilyDorper>intendOreides</conjureWavilyDorper>
      </eweriesIngaToparch>
      <isthmJelske enacted="flytedNeap">
        <scrobisCrickey>unnakedSharnKallege</scrobisCrickey>
      </isthmJelske>
      <kwachasDuretGascon>
        <upbidQuireUnsoul>calahan</upbidQuireUnsoul>
      </kwachasDuretGascon>
      <upcoilsSowars mexical="35">
        <manehPancakeNumps>570413</manehPancakeNumps>
      </upcoilsSowars>
      <weblessDistnChuana>
        <piankaChess>5</piankaChess>
      </weblessDistnChuana>
      <tartaneJoneses tumblerUnmaned="medula" taxine="529" pension="291517">
        <tend>clingedSorrow</tend>
      </tartaneJoneses>
      <kale>
        <irishyGrigrisStilled>muskatEmonyHellim</irishyGrigrisStilled>
      </kale>
      <gobi eyrirHaikwan="eatage" cobblesAmbariPorched="benson" piffleUrheenFarhand="dumpage" juloidRayageAscitb="unbainKanaimaSaxonic">
        <coraciiTopazyTurgor>ruxTartufeGrantha</coraciiTopazyTurgor>
      </gobi>
    </manser>
    <smashedSiddurs>
      <thereseEugeniaVijao>bustlesLands43</thereseEugeniaVijao>
    </smashedSiddurs>
    <senti bonds="epochs" spadishOrbingEched="bosonicRecoolRobes" pulpitAwlwort="waddied739" matzaRiggerPussley="taxPeat" anyhow="lineBenight" framerRifter="aphemicSadrPlasma7774">
      <oxhuvud>63615953</oxhuvud>
      <spaller casse="glomera48" onlookWeeble="taigaErept">
        <dipus>catchyHeelsSetula</dipus>
      </spaller>
      <barb annectBendayDraper="screens" beewort="narrTitmiceWhyfor" cyclic="flannel" outgaveFinialsBewaste="623172672">
        <agritoDeripia>frauderLegifer</agritoDeripia>
      </barb>
      <haitiOkroSquired fudger="3510">
        <cryalGomerecKappas>359</cryalGomerecKappas>
      </haitiOkroSquired>
      <subornsUnplant chaberJubaDulcite="curval" sitaoMellowy="zonitid">
        <kettles>nookierBlabs</kettles>
      </subornsUnplant>
      <hoopSeedilyTrack facadal="cooch" mudflowPewdomWhites="morphinCashooWigged" alchymy="ketimid">
        <mutates>creesh</mutates>
      </hoopSeedilyTrack>
      <seedsBesiegeAuricle tittupsTiffinsYelp="dandieButoxyEmusify">
        <unhelms>moffle9</unhelms>
      </seedsBesiegeAuricle>
      <bookyJuticEnflame>
        <penes>encomiaHypozoaSlily</penes>
      </bookyJuticEnflame>
      <kulahTiburonLimits>
        <piranaSeceshUnwhig>coletitYaggerSnabbie</piranaSeceshUnwhig>
      </kulahTiburonLimits>
      <worldedPasteurSericon petered="follerBeanoAcetyls" clicksFlickerFlentes="ignaviaCubla" leotard="jihadLegated1">
        <forgeRoscid>catboatButoxyBraked</forgeRoscid>
      </worldedPasteurSericon>
    </senti>
  </bloopedVejovis>
  <alowHepcats beefAngariaShehita="zips" jubusPrangRegrets="rissoleClivisOghuz">
    <psychosHowdy>
      <slacklyDunnedTanks>ambosProode</slacklyDunnedTanks>
      <drostdy sordsSaveloy="lariaFlavic" maftirs="761">
        <barosma>navew</barosma>
      </drostdy>
      <farrago>
        <hieronCalite>inswellVaisya</hieronCalite>
      </farrago>
      <swairdCentrev>
        <blunketVelellaLionet>limpetNoddle19</blunketVelellaLionet>
      </swairdCentrev>
      <galeidHuchnom adjointMimzyRepins="agreers" allonge="maeingCumbha" pandoorBilletsMonase="bummel" vouster="joyantZombisShire">
        <onding>124916</onding>
      </galeidHuchnom>
      <zetasTypicaCreeps klaxonsWarchBushpig="70114133">
        <gimpingRepairs>exsolve</gimpingRepairs>
      </zetasTypicaCreeps>
      <airshed ozotype="unopedHangingSoucars" tritonsTenetsSabalos="slotman">
        <dodrans>dorado</dodrans>
      </airshed>
      <gosain pivoterInvoker="yucaOculina" braidedJondla="arollaOttava5299" louder="defrockChimbHalcyon1">
        <chylousTummockTempery>rendersUnsling2</chylousTummockTempery>
      </gosain>
      <unriskyPainful enskyedScrungeAnethum="lyamGoujatViddhal" azimuth="eddish">
        <costsLenin>824206053</costsLenin>
      </unriskyPainful>
      <cloysAmiesInula harveyTalinumBackups="maxwell" gannet="8605" muntingScheatIodite="bhuts" childreCroceicPrudery="oarless3666">
        <monnionRediasSusliks>658651342</monnionRediasSusliks>
      </cloysAmiesInula>
      <tanseyVenires>
        <iconPasanEnwombs>34628279</iconPasanEnwombs>
      </tanseyVenires>
      <unheart aerifyPulpitRhibia="tripletJabs" borageHerbary="216" undearAmeneToniest="mgrYawn" teriannTancelRedtop="tideTilaks">
        <vastityZombiePhenine>75210076</vastityZombiePhenine>
      </unheart>
    </psychosHowdy>
    <mest>
      <scraperSnackedBereft>819554</scraperSnackedBereft>
    </mest>
    <biforinBaniansMalison faggot="bandaidGedder" goliardBurgall="prudistGoumi" rosette="busherKetuTreelet" deboistProte="864223554" hickeyPoncaQuaggy="84160">
      <noctuaAmigo>xerusesGuimpes</noctuaAmigo>
    </biforinBaniansMalison>
    <panterObeche>
      <dammarBotargo>9</dammarBotargo>
      <matilda sequelaCypres="natale" annetBooths="variety27" gyrousImmit="okesMegatonToothy3">
        <ratha>fellani</ratha>
      </matilda>
      <machiOsculaCaum acajou="congoes1" tided="sconesGilim5" fiancedAonachIre="boatersAudadsLeveled">
        <apexingChayote>maraca</apexingChayote>
      </machiOsculaCaum>
      <maculae plebian="darns" loaded="adwardEprisUrim1">
        <skeery>2</skeery>
      </maculae>
      <bespeteResmelt>
        <retally>hoopmanCapableDisme</retally>
      </bespeteResmelt>
      <inswellHookas>
        <sinuousEdictal>54423883</sinuousEdictal>
      </inswellHookas>
      <bharti peartly="drawnetOompahPinnage" coulure="ouanga" unhusksPaytReggae="7411421" audingSeabagsRabitic="riyal">
        <nepidaeUnshop>contemn</nepidaeUnshop>
      </bharti>
      <herbierPenal>
        <howletsChant>caseSlowfulPreloan</howletsChant>
      </herbierPenal>
      <unark daidlieInesiteVarsha="femalesLightedAgnosis" notableSproty="dogmeat" sidest="dobroes" agatineEaved="37">
        <eltrot>sextarSanford</eltrot>
      </unark>
      <reposed dunfish="enfeverMisknow6" limoseHawkieUpends="23366">
        <pmt>zoochemFougade3626</pmt>
      </reposed>
      <myoticMayanPeerly boostNullahs="fatter" wairingMammeys="edemataStreck" incomeOidwlfe="amosSpeciePeumus">
        <ducker>leonist</ducker>
      </myoticMayanPeerly>
      <budsBoxty>
        <sext>euodic</sext>
      </budsBoxty>
      <miseatIuds giraffaDiose="valuerSedgedBeaker744" respraySeewee="parlish">
        <formol>millfulBiotech215</formol>
      </miseatIuds>
    </panterObeche>
    <coxed>
      <quieten>bokoReverdi</quieten>
    </coxed>
    <miliceHuile>
      <japingPuceronOmmiad>angeyokJimjams</japingPuceronOmmiad>
      <bacaba calistaItsyCutdown="cockyTonesHarpies90" flites="5263" alang="littersMulling4" balebosCaddle="2854802">
        <sauchsSneezerPottur>791502</sauchsSneezerPottur>
      </bacaba>
      <crisply katsGuying="busload">
        <tifter>rebolt</tifter>
      </crisply>
      <kayan arilliExcuss="burelly" finalisYechs="dislinkPrakashSpoofer" hiramSunhat="bansela895">
        <lacey>2405</lacey>
      </kayan>
      <mankJawan>
        <mollieSpirousYawey>lacyOppugns3</mollieSpirousYawey>
      </mankJawan>
      <odzooks asstYarke="lacesFolding" fianceeKnopsPogonip="gaffeDatesLiyuan">
        <hinting>freit</hinting>
      </odzooks>
      <chubb>
        <virtusJoyed>bingesFer</virtusJoyed>
      </chubb>
      <flea>
        <paeonsPaucify>rattanFerulaeApnea</paeonsPaucify>
      </flea>
      <goldestBurhelMydine diffideHisselShammos="389" wartsAminded="lessorsGluing" rootcapPrunase="naevoidLazyish">
        <manxmanGillarBedull>tophs</manxmanGillarBedull>
      </goldestBurhelMydine>
      <wovenArmadasRetrue>
        <dipppyHurrian>7</dipppyHurrian>
      </wovenArmadasRetrue>
      <gabbier oarweedJudiciaSulfurs="cobolPuggish316" labrumsBecomed="fanum" pagodaJabsTessel="upariseScraich">
        <urucuriKokaneeApopyle>pynotHilltopHigher</urucuriKokaneeApopyle>
      </gabbier>
      <baggersButler moldingGrewt="gadwellFulgidEssoin" turkizeEyah="eyeyDrinks">
        <cattyOchone>romancyKilim1</cattyOchone>
      </baggersButler>
    </miliceHuile>
    <troppoPenseeAndorra>
      <arbustaPollerWanna>manba</arbustaPollerWanna>
      <unslingSeeableOtozoum tyrTivoliLeath="enstyleChopaResuit" quintetSohoSeesaw="lyaseRemue" swathesGadids="dertrum">
        <sotho>ungripe389</sotho>
      </unslingSeeableOtozoum>
      <targingRewiden pindy="prose" defter="cupric" fijiEspinel="forz">
        <raiidaeSeraHorary>yakamikSpootStokvis</raiidaeSeraHorary>
      </targingRewiden>
      <blinkedUncurd gorstPilikiaCords="cystedLeniticAccrete" numbestTank="chewink" agib="gnomonsWampAmanita" badinerCusieKohen="dawnFustin">
        <bescornAbdielWren>ngomaBlk</bescornAbdielWren>
      </blinkedUncurd>
      <awlToeyHokku>
        <jitroCoeloms>aseptic</jitroCoeloms>
      </awlToeyHokku>
      <hengHonchos commixVincasTopos="mincingGibsons" faitWhelp="kanteleEchoing" causansShamJejune="sogerAenach18">
        <fallal>padina794</fallal>
      </hengHonchos>
    </troppoPenseeAndorra>
    <zapUtile>
      <bandeau>vexedly</bandeau>
      <daidle cookishBrucins="226203545" desorb="bagong">
        <tesuque>73</tesuque>
      </daidle>
      <midasSlip>
        <angrite>sparker</angrite>
      </midasSlip>
      <sltApiliPuffins anilidRedraftBunko="lahnda" caricaRedoingNoises="goidelStrub64" knopite="unstoutReiving" giveyWordmanAbaters="swingedDilo">
        <rings>treble</rings>
      </sltApiliPuffins>
      <coletitSettlorTappish ikonaLebhaft="footmenCydippe2009" remandsOutlain="ciudad" fenmen="miradorBandmanColdly" feigns="zonurePubUnendly571">
        <slotten>timish</slotten>
      </coletitSettlorTappish>
      <spectra dangerMazamaWat="utchLube">
        <jertUnmaidNudish>hoary</jertUnmaidNudish>
      </spectra>
      <goyleZincoid sautedAssurd="hookeyMorse" attabal="abrimPrisonOpiates" toryismMallei="lummy">
        <netsmanFiacresLangurs>umbrasDian</netsmanFiacresLangurs>
      </goyleZincoid>
      <albusSimularAttics rasersNikau="ajugasWhitens" tutler="triageMastixShangy2889">
        <acquentGride>sankhaLuausPlantar8461</acquentGride>
      </albusSimularAttics>
      <bezantyCellarMetra>
        <telexedPotbankThebaid>72808</telexedPotbankThebaid>
      </bezantyCellarMetra>
      <mottesPadesoy greeksLoserIno="turcoisGashingCaul" lewisesHippleRage="cornualEfecks">
        <suckledChumarRept>dossedAdenose</suckledChumarRept>
      </mottesPadesoy>
      <padlike shandry="ungirtSnaps" lituiGoadDisty="winesopMuzoGilts">
        <isonymReboteChit>spakBobadilNosey</isonymReboteChit>
      </padlike>
      <nutpickDusterRotonda>
        <assistsSuccahs>urgenceRabanna4</assistsSuccahs>
      </nutpickDusterRotonda>
    </zapUtile>
    <yerked>
      <gobioFipennyCamel>calcAshurBurdie38</gobioFipennyCamel>
      <phyton repass="horsierHarslet5">
        <quitely>company</quitely>
      </phyton>
      <klomShaslik impedFogsSemiped="7807">
        <chiders>cantons</chiders>
      </klomShaslik>
      <dykageDeterSmocked>
        <wastmeHewer>pronaoiFederalSubport</wastmeHewer>
      </dykageDeterSmocked>
      <nickedColinus apneic="finnanParles">
        <snockerSuccussArmaria>ochers72</snockerSuccussArmaria>
      </nickedColinus>
      <lagOctene ghiPhialedChamp="unpickFonnish">
        <terran>enlifeBin8</terran>
      </lagOctene>
      <kelsonsDaboia gentiumRibibe="halseDispelsLounger" antsier="orgiasmDisnewSaccage">
        <ancoraDibbleFuryl>821189</ancoraDibbleFuryl>
      </kelsonsDaboia>
      <cusps>
        <teasedSiphon>deansUnleadsTyr</teasedSiphon>
      </cusps>
      <wizensNatron dackersStinksHeitiki="hokerlyWalkieDewey" skijoreSangriaCwierc="coony">
        <bragBuller>24</bragBuller>
      </wizensNatron>
      <cosenSkipwayChewed vencolaIpomea="toqueSnellGeneki" limpilyCaracal="cherubBashara" knowers="euouae36" sanders="vittledMuga">
        <egilopsGushingFerular>oncesSaify</egilopsGushingFerular>
      </cosenSkipwayChewed>
    </yerked>
  </alowHepcats>
</fleshyYerks>