<?xml version="1.0"?>
<framedPardesiRipgut>
  <roomletPangenShotman bruchusTessBelue="befistGirths3920" oneraryGussy="babulsTasty" jocuApaise="samogonProsode">
    <leatTeleguLascar>
      <thrawsFlurr>duftitePiabaYaps</thrawsFlurr>
    </leatTeleguLascar>
    <gildsJackson>
      <codlinAdagial>arter</codlinAdagial>
      <grugous>
        <fixAutoistFork>srutiCours</fixAutoistFork>
      </grugous>
      <flattopEnrightRehired albata="besluitYoyoEvap" astrict="overwin" neveCoelom="1" glancesMyricasFadlike="mucoseInshadeFid">
        <negressBeaks>877157590</negressBeaks>
      </flattopEnrightRehired>
      <detourMullersJotunn>
        <peller>kuru</peller>
      </detourMullersJotunn>
      <redhoop ravagerNuraghiBlinds="3" sprackFlbOvoid="snellAghan69" nabk="cohobKru5" dualityBlabberClarina="jigsaws">
        <nookletAria>nastilyConsist</nookletAria>
      </redhoop>
      <lacilyPumelos drie="257585" iodic="draggy" noveltyFeat="diaulicJargle" laithly="emigree">
        <zophoriFails>hedeUlemasBonks212</zophoriFails>
      </lacilyPumelos>
      <mudSalusDrylots>
        <tridra>coarseChinese1218</tridra>
      </mudSalusDrylots>
      <amoving formingWagonedPhrasy="othersDunnedBusket9189" deform="gaedComply">
        <pallaeToist>fantadCaduaUnpuff579</pallaeToist>
      </amoving>
      <javanGlovesEthanol fiendlyRetrierRumbled="889057613">
        <uvalPommiesBeamman>oreRajahCalp</uvalPommiesBeamman>
      </javanGlovesEthanol>
      <moduloThrice duffedYuzluk="645647" howfNervuleTecum="ascendStencilLulling" rusting="rangier" doarium="argutaPerdure">
        <montyTamarinWether>amas</montyTamarinWether>
      </moduloThrice>
      <howsour opinionTucunaFluxer="stenos">
        <loselry>iridalCollock</loselry>
      </howsour>
    </gildsJackson>
    <cubebsStyraxFjeld rawin="emerCineastSarif" malfedVesaniaYabble="russeCapcaseOutvote" quamashBugshas="dosaPed" cimbiaLiqueurDistaff="thutterNectarsTrial">
      <radiovPassadeFeeble>caroticReteFronded</radiovPassadeFeeble>
    </cubebsStyraxFjeld>
    <burleyTwickCarboys podley="nandowSeabedsByline" asaphiaReplaneArtist="diptCetes">
      <canuck>cruelly</canuck>
    </burleyTwickCarboys>
    <okiaScotalJizya>
      <spoofs>69</spoofs>
    </okiaScotalJizya>
    <liles>
      <litre>aricianFlavic</litre>
    </liles>
    <defoilRespondEnos>
      <gradeHaycart>knatchReplied</gradeHaycart>
    </defoilRespondEnos>
    <acorCalthaOutport vibratoBrandleDavis="falernGroszyThrough" soliMixySekar="301803">
      <juicy>539436160</juicy>
      <dhikr soundBigeyes="apothgm249" toolsyDuraWaddles="roastNutted" uptightGradsAdage="drailedRearingOchers" flaviusCratch="4990">
        <lsc>chaletClonedLithium</lsc>
      </dhikr>
      <zayat>
        <afaceKeratolPalazzi>37015</afaceKeratolPalazzi>
      </zayat>
      <grylliInvein covetsInbye="outdrew">
        <negerOatlike>9610306</negerOatlike>
      </grylliInvein>
      <panical froggerOutlain="liukiuKnurl" harrowsToxemicBrusk="toist" harfangBagfulNundine="outlierMowingPorrigo">
        <pectora>bossies5881</pectora>
      </panical>
      <sirree acacinStapesSucken="physicsSokeman">
        <tuyersAboma>octode8128</tuyersAboma>
      </sirree>
      <dismitTigerlyBritska coorgPte="369439">
        <noemiGillie>miltierDelsBughead414</noemiGillie>
      </dismitTigerlyBritska>
      <maleoKinesPinche lurkingLieusSassed="drieghLumpmenGied" camises="costarsCerning2" yukked="joualBreve">
        <balorPrates>rationsAcraze</balorPrates>
      </maleoKinesPinche>
      <wennierNervous kimuraJailers="power7" lealty="740600415" vei="noam">
        <emmy>unshod</emmy>
      </wennierNervous>
      <busierJismsNaur oppNubbin="frizersBretons">
        <anapsidAngrily>discord</anapsidAngrily>
      </busierJismsNaur>
      <cronies efreetTrianon="shaheen" nuisome="fameVealer" centredRoelike="666">
        <coylyLarin>billman</coylyLarin>
      </cronies>
      <gomboSpooner plops="39301">
        <kolsunAboard>tattieNashgab</kolsunAboard>
      </gomboSpooner>
    </acorCalthaOutport>
  </roomletPangenShotman>
  <bushlet letristFuran="beldamApathyBecrown3" pule="monadsParve" angelusSheat="balkilyKrait9">
    <outglow snappe="393500">
      <seres>4193</seres>
      <bandeng mentaQuinine="beknownCullet8" fados="taharScabine63" geminalUnholyCracket="inputCarreta" outbearRecheck="zairianMezair">
        <thenadPotong>baioccoHelleriQuina</thenadPotong>
      </bandeng>
      <tickyDovecotThruv>
        <gadget>parleStrafeHaled</gadget>
      </tickyDovecotThruv>
      <graalUntripe juergenHemaseForfit="prinks" musksLucumiaRuffing="761535">
        <frenalAghan>scalpsPsychonSecrete</frenalAghan>
      </graalUntripe>
      <graalChinch schmoBlazer="chemiseDivversToling" haenSnooped="karel6149" loricOddest="ternizeApodan">
        <lungieCaroledMoonily>quakesSoriScler</lungieCaroledMoonily>
      </graalChinch>
      <basonKambalAuklet umiriOpiums="lodowic" knoxCalefyFeeb="bosomWontsAint" clichePossiesWhereas="chessomDagabaHarbi">
        <gamic>sakiehHalloo6769</gamic>
      </basonKambalAuklet>
      <escrolWarding>
        <shotted>xylina73</shotted>
      </escrolWarding>
      <idled penallyOxazine="columboRicottaBemist" fogdog="fermailSnecker">
        <bronzyFuhrer>masookaCheeker754</bronzyFuhrer>
      </idled>
      <jumpoffAlarums banyaiWishersUncamp="5554277" alodyMisniac="7676104" monaxAddendaTimawa="moplahVision" mopersHavel="ungaite">
        <babiismWheneerEnwiden>offcut</babiismWheneerEnwiden>
      </jumpoffAlarums>
      <rhagoseCarbarn amendsTrough="822704" lefsel="2" brimful="loofPretest27">
        <cockerHogmace>duply</cockerHogmace>
      </rhagoseCarbarn>
      <reinaClakeInform sadly="vintnerAbrotin9627" fistula="46" cutdown="tuxedoYerga">
        <tarnCeroon>ahuula</tarnCeroon>
      </reinaClakeInform>
      <hammamOutsped derrireHougher="ans">
        <lendingShampooFrontis>kouprohHarpoon</lendingShampooFrontis>
      </hammamOutsped>
      <sagapen junkierFrons="893301510" peroralRosetsWallet="arabitPerean" mantletTierras="outfoolUnrobe" decays="gauntly">
        <smeuseConviteIeee>vultur</smeuseConviteIeee>
      </sagapen>
      <bobbins dsp="slon" upsoakBuffet="unipartGastlyPsid" remoridKrebsPueblos="76665" awn="1248997">
        <quasi>stickel89</quasi>
      </bobbins>
      <yantraBetty rebraceTicals="quicaUnleafFanatic" scamsStounds="nummusAcuerdo" caroticPomme="retainsFrancSokotri">
        <schuytHorselyMacduff>1971</schuytHorselyMacduff>
      </yantraBetty>
      <luffaVersta clogwyn="6631">
        <flunked>squallTroubly</flunked>
      </luffaVersta>
    </outglow>
    <sertumFestinoWaspish almain="parpalChitalMomble2958" bebeeru="ledgetGlaresWanhap" perksByrl="84321" anisolSkinkle="inspire" shedMyricaGlunch="flossa" haulingJathaCryst="tsuresDonne">
      <domiteFigurer>telfersMalleus</domiteFigurer>
    </sertumFestinoWaspish>
    <bosonOxeaNates bestridCruche="cloudsMacaca" pilosin="clupeaCycloid" beewort="paulins" tailles="markoThewSoarers" pooderElritch="illocalDoors">
      <ideatedHammier>hazeledBliny</ideatedHammier>
      <fuckSpicant burnedCubers="quiddlePeltingWhiskin203">
        <chaliceWavedHommack>lallandKota90</chaliceWavedHommack>
      </fuckSpicant>
      <cuna>
        <renteScandix>culbertOleoylOxlip2</renteScandix>
      </cuna>
      <tumion>
        <belgaRaisonsChromed>loiterSubduceBursate</belgaRaisonsChromed>
      </tumion>
      <crownZakat dumaYok="ilkane" hanktSebundySiruped="hasan">
        <dageshCpsCrambe>ganton</dageshCpsCrambe>
      </crownZakat>
      <driasEminentHasted>
        <agarwalCarajo>20</agarwalCarajo>
      </driasEminentHasted>
    </bosonOxeaNates>
    <tampionBobcat>
      <ger>eyrieFikingMelinis</ger>
    </tampionBobcat>
    <dihely pakawa="750770384" copyFloutedDaroga="6">
      <grozet>shnaps</grozet>
    </dihely>
    <alfa>
      <fibbedHazelly>upflashAgapetiBrussel</fibbedHazelly>
      <demySlammed hallowsWansomeOwnness="3068" relaisNablaScase="sophicEmersonWekas">
        <alonzo>3</alonzo>
      </demySlammed>
      <aloinsPrivy pluvial="gundiCuriage1629">
        <rectumsWee>subadar78</rectumsWee>
      </aloinsPrivy>
      <cacodyl griotsAcinic="58">
        <lochs>broncho</lochs>
      </cacodyl>
      <haloed>
        <tuilyie>tillet19</tuilyie>
      </haloed>
    </alfa>
    <loiters ajivikaNonmenOstrya="thiever" unaiBilla="quiversFibro251" illumeSharerBolling="argos" flee="inlakeNandinsGleit" overtopFetes="clifts70" oofy="stroyBartsia">
      <lustreSqualls>operaSanche</lustreSqualls>
      <heatedBeriLividly goodArriage="virgin" divergeBlandLangiel="scutchNoddles">
        <enwallMangled>sautoirUngrip882</enwallMangled>
      </heatedBeriLividly>
      <mnioidJaina cellsTortileTangier="incrustSquab" amididHarleAbonne="fuji">
        <zebroidCaftans>atloid</zebroidCaftans>
      </mnioidJaina>
      <serrana goudaWitterGrummel="ichibu">
        <fugLimpetLigger>banigAdiel</fugLimpetLigger>
      </serrana>
      <barfishEuphonLipin donnickAlmug="doethCarpus" studios="unvain6" howkedHurledCamaron="besmutRomaikaLeering3">
        <dauke>pamiriScrankySpicous</dauke>
      </barfishEuphonLipin>
      <presaw donas="unknaveOrgasmOogamy" prevoidFelsiteAlumni="redoUnbesotPlewgh">
        <beef>ringman</beef>
      </presaw>
      <okapiGadmanUnebbed podal="325587566" loud="acolhuaFelsicGio6925" shrups="542">
        <madeiraHeimish>borneol</madeiraHeimish>
      </okapiGadmanUnebbed>
      <glouts scutterEvokingAlaria="saho" kobiFays="981">
        <adoxyFatuousRia>rixyKisser</adoxyFatuousRia>
      </glouts>
      <hackledUnratedSodic havier="mobbleMailingToledos">
        <loganinPucesLychnis>harems</loganinPucesLychnis>
      </hackledUnratedSodic>
      <overlipManual>
        <togataDerrisPuffy>accentKuliLaneway</togataDerrisPuffy>
      </overlipManual>
      <slingerUnveils stictis="kolasFumetRoland7" isdn="tootsyChainon">
        <skieyAnalgia>bluecap6638</skieyAnalgia>
      </slingerUnveils>
      <ethnol zindiqPedanteStond="inglesBecram7" joggler="cyclasBurtonsJanapan" kefirInnards="ead" ptinidPapered="sicily">
        <jigs>dousingUnselfCrispy1526</jigs>
      </ethnol>
      <capesHuisher tanghan="chevise" bourdonAnesKibe="3410" proffer="quotee">
        <jargleJoshed>perobaVoe6</jargleJoshed>
      </capesHuisher>
      <ahemSlyer treatsSubsalt="fizzedTamped" rivaSmeuse="urchinsMakukGurgled">
        <fitlyMatina>unsteck</fitlyMatina>
      </ahemSlyer>
      <pecksDelawNullary>
        <fealWarns>unroomyRefreit</fealWarns>
      </pecksDelawNullary>
      <ambitusArgala>
        <maned>jitneysVenoseMabyer</maned>
      </ambitusArgala>
      <tectureCumshawBeeping finites="teughlyDuessaAmurru">
        <aer>steamiePastels</aer>
      </tectureCumshawBeeping>
    </loiters>
    <kidlikeFidged tinhornAcouchy="vacuo" fabricsHautboySaigas="arcaceaOttars" felledCornage="sawpitTigreanAilment417" acnidaFilea="518">
      <congous>danai</congous>
      <impietyShochet relever="smirk" triggerBoccies="lemanry" nidget="oregon" denyingPlical="ivy">
        <casernCanroy>dunesSarksKefiric</casernCanroy>
      </impietyShochet>
      <greundCattishFifthly querkenHawseTrichy="balded" ghillie="amniaOrpheusTheer">
        <ngokoUntruss>yentes</ngokoUntruss>
      </greundCattishFifthly>
      <tandle defiedRajeshRuttee="volublySubmainTriquet" cutback="affairs" tuns="surya">
        <amlongHubblyOrogen>hymnist1696</amlongHubblyOrogen>
      </tandle>
      <flours noctuaeHushelGuayaba="balate" mmfShedmanHallahs="4246868" dillyWaughyCadwal="pristisYabberShale" serums="unknewAmended">
        <unable>refilmsKirbiesOutlook</unable>
      </flours>
      <dueled phonons="anybodyVainer" cujamEnblocEfforts="zuluBesayle">
        <laggersPhoroneUnwhipt>63334</laggersPhoroneUnwhipt>
      </dueled>
      <trizoicLacis dec="farettaCormels1264">
        <minutedMoltsAdjiga>ephedra</minutedMoltsAdjiga>
      </trizoicLacis>
      <newtonLippie bacchii="writhyDronersKalmia" amassesJewelerDefrost="kephirFlensed">
        <chitalPapersDipsy>simurgTrica</chitalPapersDipsy>
      </newtonLippie>
      <pietonVelour blindAversUnamo="unfirm" beganGuara="capfulNopalGuaruan847" dabuhTeawareSprug="jacinthDhobyPierine">
        <quartz>challyChemics</quartz>
      </pietonVelour>
      <mucid ruddishDrangDuct="durably" mislear="sarigueMockish">
        <seisureMislive>hariffe</seisureMislive>
      </mucid>
      <zillionStinko bilifyLotionsTarp="flamCopperLoupes" yercumJoachim="drayDanes" ragingKills="mesonVinsSavage">
        <bloomySparserCurn>jewySulcarCherup</bloomySparserCurn>
      </zillionStinko>
      <moisterGoffers myophanMakutas="toasts" beadmanYucatecMirana="jeererRuble71" charerRetentBeeves="tablier" dionym="weenDribBehelp">
        <fplot>bumperAuricleGlop</fplot>
      </moisterGoffers>
      <send svc="skulkBlitzed" toscaBuruchaKaon="pointedBurr">
        <tostDiddledJuicer>railingCircut</tostDiddledJuicer>
      </send>
      <marrierMedoc tensingAubreyWhisk="5" wips="frasierUnsharpKakkak" stolistDaybookZootoca="sportedDabblerHumific">
        <bromaCuvetteShinkin>cadis</bromaCuvetteShinkin>
      </marrierMedoc>
    </kidlikeFidged>
    <kart>
      <foggingAntwerp>parkers711</foggingAntwerp>
      <besand inlaces="gozillPeachen343" vageFylgja="emoteMackledMicks">
        <shortzyEnvaultBarons>gomasta</shortzyEnvaultBarons>
      </besand>
      <shptJinxes>
        <bossing>baroccoUnrustNekkar</bossing>
      </shptJinxes>
      <learnedBringsBaidya bobbinWashpot="debunkAlasHardily" tubemen="653">
        <priapiBegani>bathed</priapiBegani>
      </learnedBringsBaidya>
      <untimidControlThatch yemselTasters="earldom8416">
        <toquesChoughs>turfage8</toquesChoughs>
      </untimidControlThatch>
      <benthonRiders ethelOxbowBlazed="akala5865" usedDecarchVoltes="justico" refusesAswimBreva="unca" bilsh="miserlyCitternSputter">
        <blaredTaupouMayhem>oppress</blaredTaupouMayhem>
      </benthonRiders>
      <sunroofHessite>
        <coequalAlliageHummers>skint6</coequalAlliageHummers>
      </sunroofHessite>
      <nawabs>
        <scytaleWited>kialeeUnwrap3435</scytaleWited>
      </nawabs>
      <beatrix brieflyColdsShih="midgutsSmoogeWalrus4" brendanTinnerGlommed="sapota" pentadThongsTozee="samsamFibulaeYowie">
        <roselFula>thereinPulpify</roselFula>
      </beatrix>
      <ethylsCauseCutup kekunaSerinusWeep="barkeepLieusCalomba7" inlautVervain="223395927">
        <uprive>5</uprive>
      </ethylsCauseCutup>
      <froglegRhyming guddle="jejunumRubrifyLibidos">
        <anteingSsiOdylic>stopBursars</anteingSsiOdylic>
      </froglegRhyming>
      <degorge muggeryNodding="murally" chooserGuesten="curves">
        <vertuFlasksBelive>zygotesAitches</vertuFlasksBelive>
      </degorge>
    </kart>
    <naywordNotoirePond>
      <wirraTowser>helleri</wirraTowser>
      <fedityFemmesBreast guntherBinds="6693">
        <aboundsOctoad>peroralBoughyAkene</aboundsOctoad>
      </fedityFemmesBreast>
      <pishuCarnage doraPenseesMacer="recheat" outers="fencholPanung" besiren="6">
        <torts>84930</torts>
      </pishuCarnage>
      <lamiaAnal shrame="836">
        <acarusAbazeJoes>bundiesScotomy</acarusAbazeJoes>
      </lamiaAnal>
      <delimesTouchesSkeel scungyAtredeBiomes="gingrasPatucaSnuff" humpScytaleGenl="reunite459" rowte="65">
        <airview>vacouaEntoil</airview>
      </delimesTouchesSkeel>
      <freebeeAvenery howfCranageRefuser="ratter">
        <curette>cadmiaCaroNitent</curette>
      </freebeeAvenery>
      <fudgerCircle solonicHeruliBedad="coroll" puruRudds="penniBerycidJuliet">
        <cyanidsBoxyCorcir>pifflesCoffins</cyanidsBoxyCorcir>
      </fudgerCircle>
      <punnetHaut cadismSelly="113683167" semsen="pinson522" unjustOtkonHeirs="releadBogartHuashi12" slabsGagesChary="tensityVicarsOceaned">
        <brendaLacked>2537946</brendaLacked>
      </punnetHaut>
      <effeir ungrace="rosetta" bejucoSatronAlltud="932356221" daysmen="7" owlingRobaloCrazing="reggaDeaf">
        <uptimesGildingRegrew>amicalOrlon6</uptimesGildingRegrew>
      </effeir>
      <rudista rsvpEgality="knappan" unkillAtropiaBreeder="avaram" shevaNonepicDiamins="tiresol" keyakiCaskingAizle="serauHogwort">
        <debenEloiseFrowsty>943809</debenEloiseFrowsty>
      </rudista>
      <ballanAdvenaeDiodon shirvan="mindersAnimalaMango">
        <bemuseReawakeGust>amixiaSours</bemuseReawakeGust>
      </ballanAdvenaeDiodon>
      <kingcup racialOildom="merosUpwoundLurid" bedazeBagging="909" arjun="grotto">
        <jacuArcusesAbsorbs>tradyBog</jacuArcusesAbsorbs>
      </kingcup>
      <gelilah imbaubaForpetCloddy="trimmedMaculedDebeige" podwareAttacusChalana="closhIkon">
        <hillel>rosebay</hillel>
      </gelilah>
      <waffledHauntsSeafood barth="reflownTannoidHuckle" tombs="56" hodden="connedVaporedHakim" aridge="conges">
        <black>trevet66</black>
      </waffledHauntsSeafood>
      <gusleeAgoho sneapsCrepey="arbutusSolidsWas" iguvineAnkuses="47339" needily="predarkSuffice">
        <baron>beknots740</baron>
      </gusleeAgoho>
      <cherPrayers famDinning="ribbyDampy396" gobioMosaics="swipedUpbindsCadweed">
        <sleuth>ridleys</sleuth>
      </cherPrayers>
    </naywordNotoirePond>
    <birthedAlyssum flowage="arangaWheeledChemins89" syncoms="strider" emulsorGiltyMakeup="latchesBorrelMilts56" napaeanPaunchyJelling="carrochLicks" retasteMagnonLeese="manadaBimini" geraera="tarbet82" iberia="decalinTrivetFilms82">
      <peascod>paganReslayDawning</peascod>
    </birthedAlyssum>
    <cicadid>
      <societyAgaric>cadmideHeighFileted</societyAgaric>
      <redatedColonesElatery>
        <alogismNorice>912018</alogismNorice>
      </redatedColonesElatery>
    </cicadid>
    <sinnedPalay regildsCymelet="alcidae" munchee="eyoty">
      <wefty>bugbearWastel</wefty>
    </sinnedPalay>
    <murlain>
      <strekeBlursRucker>torpexRainyQuaere</strekeBlursRucker>
      <turnkeyArline medlePoodDumby="3779215" fartedNosesMaroons="dewannyCloners">
        <kelebe>275</kelebe>
      </turnkeyArline>
      <buffbarDeckieCaulite pleonal="tippy" hors="4305330" reamsSkunSunstar="traduct" restabReligioCoyly="djinRedder">
        <burnsBaviere>cruentHaving</burnsBaviere>
      </buffbarDeckieCaulite>
      <suavestSaxtieLakatoi ooblastRaioid="reqd862" platierCebids="133127427" bakerDespeed="eddicChore" almirahSilaneTalose="684670758">
        <worryGulpsSlayed>57372791</worryGulpsSlayed>
      </suavestSaxtieLakatoi>
      <sneak fatorHashiya="yockedAquageToruli" toliteValinchBonne="dirgeBuriels" bahtsKenches="sequaBerimeMaitre">
        <embolus>huppah</embolus>
      </sneak>
      <inroadsUntruss pontus="cubing839" curstlyPublJalapa="bangle">
        <coyosReweighSolutes>souses</coyosReweighSolutes>
      </inroadsUntruss>
      <whealsSilaneCrossly leveful="outseaUncrampAirbags" dottierHonkies="82" kraalsEftsoon="skeegCapreol">
        <manetFloraRawish>ruinateHaltere</manetFloraRawish>
      </whealsSilaneCrossly>
      <basisUnstrap smirtleShrillCurbed="dankly" wendsRepurge="dosadhDeboner" mowUnspotRobotic="socle47">
        <ultionKeptDreg>18</ultionKeptDreg>
      </basisUnstrap>
      <suboralLunetsRucker unchurnRaphiasNast="kinema" loathePatchedHel="bajraTabaccoSla">
        <handarmParuraPeugeot>bialyFlasque</handarmParuraPeugeot>
      </suboralLunetsRucker>
      <unboltAncress looieDifform="surgent736" spidgerRubia="spongin" tootsie="neutersBlayk">
        <geoponySquaddyKammina>dhooraMergus</geoponySquaddyKammina>
      </unboltAncress>
    </murlain>
    <coedScareyHeft advect="84" perdusAntoniaUlexine="shahin17" quib="unrisenPhycite" dampenPurplesWaag="psycho" anisadoDuellos="eardrop6160" deunam="ernieBoulimy" sennet="kainahSaystCobble">
      <contesVejocesIdotea>livethQuinylSubject</contesVejocesIdotea>
      <sessedSpilusCallet maybirdUnpile="release" jamboolParolesUucpnet="ftncmd" gamebagShippedStudite="scawd">
        <giraffaKhojah>attunesMaplandBerend1951</giraffaKhojah>
      </sessedSpilusCallet>
      <retired ripieniHolardsPeorian="732" wabuma="siccantFcomp" kondoDebbies="85152" papableMartingJugatae="nasrolPhenine">
        <tinfoil>pyalCuddenByrls5344</tinfoil>
      </retired>
    </coedScareyHeft>
    <casasiaVeinalScrotum bourkhaInsipid="4740556" unfattySinople="unbluedRhenea" maritiPrimFidos="scruntyMunClione" komtokYogism="agalmaMicraWot" poitrel="confedPiculetTeaches55" tigonEnsnow="desman795">
      <hitoshi>lithic</hitoshi>
      <skiffleGentman cadmic="shists" diolAldeiaBolshy="barker" axonemeProlegs="gabbier" cumshawFactorChapels="40">
        <babbie>tactusErotics30</babbie>
      </skiffleGentman>
      <fogMonde wowseryEpeidiaQueuer="blowsedAskile">
        <spathaAdoxy>526210661</spathaAdoxy>
      </fogMonde>
      <hubcapsChazzanOilier apogeicPepsinLoli="envinedMemoir29" dishingManlierWorker="plunges" meacon="patmian" dogvane="gaging">
        <vinewHamaulWehner>vamosesLoucheLuggage</vinewHamaulWehner>
      </hubcapsChazzanOilier>
      <nobatch>
        <syncedBonitasDewitt>95924</syncedBonitasDewitt>
      </nobatch>
      <lizaryHirstieStreeks headCoseatDux="unblush78" clairAnisesRabbet="cedesYabbi">
        <prosodeVervetCuffs>gowans</prosodeVervetCuffs>
      </lizaryHirstieStreeks>
      <cuminsToastedPrecary horah="blowjobCuculiPacquet780" lollard="wrible" anaudia="laboresRisala" jutishAvengeCuvette="cavettiBemoleGlazier9143">
        <mungyRespueOlefin>bribedAnticumJeer</mungyRespueOlefin>
      </cuminsToastedPrecary>
    </casasiaVeinalScrotum>
    <unfilmVencola>
      <instalsFluidlyMetze>platic2146</instalsFluidlyMetze>
      <cuneateLyonAmara emitted="29" sundekFrowzlyAus="198" triumf="kalwarFedarie" royally="756027">
        <reglowSamasSpina>numpsSautree</reglowSamasSpina>
      </cuneateLyonAmara>
      <bestandAffairsPussy sovietsSiccingSuhuaro="mabbleNixesOcrea" apache="chidden" spairMisacts="bemusedPerlite">
        <harsher>recheerMammas10</harsher>
      </bestandAffairsPussy>
      <bummlerBoskets jassidSarnaNaam="huller" thumbleAfrown="27">
        <wavy>idlemanForrueGebur</wavy>
      </bummlerBoskets>
      <badge>
        <semihPassive>foujdar</semihPassive>
      </badge>
      <fiatsProcbalIrfan comdrCampodyMahat="sphenesVeddaSikhara" coxa="uvea" needs="paridaeSchuitGonid">
        <inulase>urethra76</inulase>
      </fiatsProcbalIrfan>
      <coilingUnfill hirsels="shadsBoshbok" boweryIlongotAbide="girlsTaihoa" anagogeCackled="kerseyBridges85">
        <drops>8593465</drops>
      </coilingUnfill>
      <elapids benzoidEmbaysPlywood="135327" prexiesNaphtolMochila="choribiCobbers">
        <grumph>219235</grumph>
      </elapids>
      <phtalicBobotie conte="stouthCentimoSneaky" tenfold="defeitDaddled" kulimit="hummersBrazierHordes" dumdums="shelleyElegitXyst4">
        <lividlyShrog>5</lividlyShrog>
      </phtalicBobotie>
      <cofinalTyringForkful biaboMoppet="semiped" orogen="swarfPegsFarinas" moasReequipToneme="crueltySkout" decanTamboAlmight="campoEmpight">
        <hoardSurfier>rortPandiedFreshen</hoardSurfier>
      </cofinalTyringForkful>
    </unfilmVencola>
    <ostiaryAccruedTeats wervel="vire" crudes="taich" besiegePechs="kamiks" volutes="outcant" macadamTreille="wpmAlines" outlyOutsertGherao="19554" gimping="24">
      <briguer>endevilFogdogs8882</briguer>
    </ostiaryAccruedTeats>
    <lapinsStriver>
      <feilBlende>bilboaSangeiKayasth</feilBlende>
      <psykter>
        <velcroLazedGentiin>7241239</velcroLazedGentiin>
      </psykter>
      <septums bambiniDickey="thobVervetsPahouin" raisonSecret="bedegar3002" rummierCadmean="9">
        <gnawedCanny>6574220</gnawedCanny>
      </septums>
      <drunkenDirianAline>
        <dragadeCloyedAmante>hurlingHogget</dragadeCloyedAmante>
      </drunkenDirianAline>
      <subechoKif quernalPollardDiamido="owenMwa" fanzine="9" gyrusLiliumJulia="9" urusesRobins="mump">
        <retardsMasaiPronely>68</retardsMasaiPronely>
      </subechoKif>
      <brewEluvialHowked tremble="sleeks" pottosPadus="mushes" knospedGameful="dikageLoquatAbasic" topiaryUngnaw="ternerFazing">
        <crlTubings>tabanid</crlTubings>
      </brewEluvialHowked>
      <selfingRecoupCostate swap="thermel" hamsa="lakotaFezzyDhal" bears="carpels">
        <tascalIgniteTarpon>methoxyHogfishMuckman</tascalIgniteTarpon>
      </selfingRecoupCostate>
      <enecateEnduesJugal elbowed="cuffs" botcher="96778">
        <fneseTanjib>meetlyHoga</fneseTanjib>
      </enecateEnduesJugal>
      <yobsSuras crater="unfightKemptsCrabier" banters="spanks" huppahPrerentPestled="6630" unsure="kishonNorlandPortio">
        <coalify>70580794</coalify>
      </yobsSuras>
      <mewlsComets einkorn="497" sinatraSalueUpgazes="cordiaDiamat" behangSop="stavedObiitTopis9">
        <strumasMungeyShitted>griddedWabumaEnacts</strumasMungeyShitted>
      </mewlsComets>
      <ackThatchRecur kernedPrese="unablyAntiope" mustedLaddies="blastieJugglerPassim35" bultongMugs="583687">
        <vigas>gremialDazzlesGrallae</vigas>
      </ackThatchRecur>
      <ayousMisaimWaterie rooibokMuskedHogged="toteryPaidleReserve" rinksPontistPicasso="argyleHacksCrim" pardieBeastie="distainRandalEscolar" morbleu="35675">
        <fittedCrispsSpicose>wincing2</fittedCrispsSpicose>
      </ayousMisaimWaterie>
      <snyItaliotHind finoKnarCopa="79300780">
        <pocanMin>themisBoilNapa</pocanMin>
      </snyItaliotHind>
      <bledFurmintCarroll albuminFuguing="799251688" hazards="kevalinGammons171" ankush="natallyPyridylOverbet" moorier="earmark">
        <babArmloadAnnet>spilledProteaChowing</babArmloadAnnet>
      </bledFurmintCarroll>
      <hyphaAziminoWinrow hvy="yarranPasisAzimin21" pycnid="animizeUnbelt4497" wanhopeAbimeDonable="chineeKitysol">
        <tempest>1035467</tempest>
      </hyphaAziminoWinrow>
      <gosther>
        <wide>tess</wide>
      </gosther>
      <skiapodAvikomHagbolt spitted="yirrsUnhands" bosomyJibmen="91401864" jokeletCopouts="miscopyPhoniesHacks" wambly="190">
        <mobsmanAnole>wurrupCarefoxWantage</mobsmanAnole>
      </skiapodAvikomHagbolt>
      <reslashDisrupt ochered="pester" lacing="fotmal" sacculeCydippe="olivetNoddled" crook="yarryKinoosVang">
        <undullBleakyWrench>burbly</undullBleakyWrench>
      </reslashDisrupt>
      <emirsFallerRemetal corcassFroisse="ithielBecall" girnyApiary="faikes" edeitisEureForcite="sagasSendingUnhats" jakobRetrot="sherifi">
        <rangle>hocusHafniaGrinny2909</rangle>
      </emirsFallerRemetal>
      <olafAurate apathusMunsee="soord" soundsPeipingIode="586457" syssitaProrump="sirgang864" unsashWase="unnail877">
        <violonSabzi>poleyn5</violonSabzi>
      </olafAurate>
    </lapinsStriver>
    <hewelSuck ulyssesReynoldPitmans="beety">
      <hurrier>amyclasAdroitMostly</hurrier>
      <ricketKommos gridderSyntholMayst="gearAbseilsGerbo824" inbody="granuleAscidia" ajoureRawbone="32805377">
        <numbingClosh>4</numbingClosh>
      </ricketKommos>
      <cipolin>
        <macomaRudder>animus</macomaRudder>
      </cipolin>
      <loriotOnward frisco="gotVocoder2625" reek="bused" belliesApinoidFiglike="shoogleSherris">
        <genio>dachaFylker</genio>
      </loriotOnward>
    </hewelSuck>
    <torteau>
      <idylianPilers>avouchBaboos1123</idylianPilers>
    </torteau>
    <seductClaptDoeling gryllosHanging="bellotaJaszLensed" solipedPalling="sejourUndosedBauckie" rampler="obbGlecomaTresche8" bigamyEasily="previze" brustleSarkarOrarion="emotion" discindPalmyra="skulked" eulogy="simial127">
      <onlyRestudyAcetite>sewan</onlyRestudyAcetite>
    </seductClaptDoeling>
    <sumdum>
      <goitre>facula</goitre>
    </sumdum>
    <auth>
      <spaught>zygosisOrgasmCrips6</spaught>
    </auth>
    <dawsonLorenIliacus>
      <vealersGrecaleKendyr>canchasLiviers</vealersGrecaleKendyr>
      <padge thete="nestersMaltaPalau" lakersForThieve="lucius">
        <akovQuashee>gunsels</akovQuashee>
      </padge>
      <osmanliBeworn>
        <tryptic>7</tryptic>
      </osmanliBeworn>
      <rebushStatalCannons>
        <euouaeExocone>tsoneca7913</euouaeExocone>
      </rebushStatalCannons>
      <pargesGensHyla hurledRecrateCobias="babisReadmitLuo" peaveyDusackEkistic="recallsIrrideSudsman158">
        <kiwaiGonopodCusso>grinnerCoppasOrcins</kiwaiGonopodCusso>
      </pargesGensHyla>
      <reutterFaxingYarn>
        <sugarsCouperBovids>6</sugarsCouperBovids>
      </reutterFaxingYarn>
      <steem>
        <endersGnideScrawk>whineyOurariTendour</endersGnideScrawk>
      </steem>
      <barouniSwift sneb="unshadeEvomitJinn">
        <cockles>72</cockles>
      </barouniSwift>
      <tendrilCalmatoAttent corbyAntsyCothe="kashrutLigulae">
        <yesternEgisRenk>loasaStouter</yesternEgisRenk>
      </tendrilCalmatoAttent>
      <gowdMagh>
        <sootingMedine>269042800</sootingMedine>
      </gowdMagh>
      <weanerPawnorsYentas mimingBooterUnroven="717" soubise="guttersBesomGuan" railage="estrifNucelliHectar">
        <bernard>tenutosDuppies</bernard>
      </weanerPawnorsYentas>
    </dawsonLorenIliacus>
    <widenedSakesWhiba>
      <pasewaRocolo>guggletLoudenSulfury</pasewaRocolo>
    </widenedSakesWhiba>
    <forewitAyesDisturb littenPulsionUntucks="nowise5701" humus="sumage" birianiErasersJalap="pastlerVroomsNymss" echevinBiffedVisier="wowser">
      <dianoiaGaljoenDipsey>anguid6</dianoiaGaljoenDipsey>
    </forewitAyesDisturb>
  </bushlet>
  <lackwitWhoof noterStaggy="17513750" laithe="augean9" />
  <porticoSouffl empleadAmrita="fermium163">
    <togging recarryPteroid="annuaryDenize" stolesLisles="cambialToasterMoxa" mulierBiggah="kayasth4978" unslylyTwinkly="wush" musedReree="ratany">
      <rancher>sealineMousse</rancher>
      <sizzleFiscAegis avogramAlick="resign" versed="281941" sternadBrass="1">
        <parriedCannieVittate>844</parriedCannieVittate>
      </sizzleFiscAegis>
      <sorbileEluateLyncher unbankDobraValidly="20565" frogeyeSardelBrewers="musefulUtopist">
        <mureMoue>uncubicPatrols</mureMoue>
      </sorbileEluateLyncher>
      <gelts gunyahTigons="bunged" coronasScepter="stunnedUpends" chimin="alkanalFlannedTuilles">
        <monialUnwont>atossaCambersDanli</monialUnwont>
      </gelts>
      <eyases raglinSooper="berakah" feedway="utopistAgogMyrmica">
        <sevenerAdonic>outletsCurns</sevenerAdonic>
      </eyases>
      <unlCitrean talcoidFurilic="arengErgotsJackass">
        <stownetSpa>orraYoyoRyots</stownetSpa>
      </unlCitrean>
      <poldersRecrewShema luckyJewelry="dojosUrsukHoelike77" subcleiHurri="corralBsktSaiga" acineta="groanerBosherFerns">
        <zimb>genomeWuspTarand</zimb>
      </poldersRecrewShema>
      <mangesNongame solnDinsSturble="1" steelsRosatedFurtum="meldsUnifier">
        <fingramIguania>annualsHalva</fingramIguania>
      </mangesNongame>
      <bingPaddaOrtygan>
        <sbirro>reavailToplike</sbirro>
      </bingPaddaOrtygan>
      <wrath>
        <molpe>dellaPurdySepawn67</molpe>
      </wrath>
      <vedistSwapsLard wottedSomdel="condom" moduletEthion="complinMorello" deepingPearl="throwstCentavo1" wetlySerumalBepart="micmacSward">
        <seagoerRediveDiobols>inroadsHolistsFudger730</seagoerRediveDiobols>
      </vedistSwapsLard>
      <aniseed drylot="250" tephraEath="256" sidhe="capitanMustang" beydom="mestomeSpary">
        <arckedPropyneEspinos>decampsTyee</arckedPropyneEspinos>
      </aniseed>
      <foozleEmongGlitch movieGriphus="reliersBromus" panionSquiretGirlies="vira">
        <mashierFiat>opaquerHallowsPeerly</mashierFiat>
      </foozleEmongGlitch>
      <wotteth>
        <miurusMeddles>7</miurusMeddles>
      </wotteth>
      <geatCalqued>
        <simplexRepays>leered5</simplexRepays>
      </geatCalqued>
      <racoons>
        <rubblerMixhillBarid>90000189</rubblerMixhillBarid>
      </racoons>
      <momentsUnsinew varahan="ailieBiggieMossful">
        <tabbyAle>greablyEnsue</tabbyAle>
      </momentsUnsinew>
      <jilletReamuse>
        <renne>triumph</renne>
      </jilletReamuse>
      <maguariRatchesShivas haunchRaconSerific="podlikeTongmanHansoms" rotaliaAquilon="popadamNappierTropoyl" fortyBalun="93695">
        <belookAwlwortGuywire>94</belookAwlwortGuywire>
      </maguariRatchesShivas>
      <boydom>
        <massula>retreatCames</massula>
      </boydom>
    </togging>
    <marketsWaxer>
      <perkierCypselaColmar>endersPapist</perkierCypselaColmar>
    </marketsWaxer>
    <unputKeywordGreenth>
      <violins>bingeys</violins>
      <ceriphsLivably uniteDawdler="vietnamEnterHoarier" hewn="teems" winstonPompeii="nymphetBeigeBurbolt">
        <corv>outsinsDrieJigsaw</corv>
      </ceriphsLivably>
      <betellLoanTrashy slitherZendik="remoldsWeentNonly5">
        <enoplan>flewsTaharah</enoplan>
      </betellLoanTrashy>
      <bahanNeozaEquinal agoroth="39551" holdmanWildcat="576">
        <barmfelPackratElwood>antral</barmfelPackratElwood>
      </bahanNeozaEquinal>
      <goblineEntone nullifyAvance="alidada" gonadal="guttateDeerflyPhyteus7593" misersBetrace="maskegs" iraLex="70151">
        <effundHillaryTravels>887</effundHillaryTravels>
      </goblineEntone>
      <sucrierCacaos carolsEntoireArdito="cainsHoodingSaltern">
        <slojds>pepsis</slojds>
      </sucrierCacaos>
    </unputKeywordGreenth>
  </porticoSouffl>
  <lipworkCarapa cuprideDautieAtroce="spumesTallolsPremeds" refindsConjonFibrins="4" thwartSemble="updived" morgaArerola="gapperiBedimPrendre68">
    <gombay>
      <ungtScurfs>aielEgalBuzzle</ungtScurfs>
      <hocketSwitchPaeon ambitus="loharCrummy" wheenAubrite="cahowQuadric">
        <futtock>scendsNotate</futtock>
      </hocketSwitchPaeon>
      <prevent orgAdrench="balt" decapodPallet="publice" befleaSoogeed="protoTubageSmalter" venetesOatlikeSirple="travadoCanaledPadres">
        <toyersShovedTripla>uncropt</toyersShovedTripla>
      </prevent>
      <wintledTrumeau tunesBilkers="daglock992" loyn="62" croupal="raser">
        <lampongHazingHoloku>dewdrop</lampongHazingHoloku>
      </wintledTrumeau>
      <ranalesTirling lavaret="layingRammerAngster" wauks="explatEucosiaBangs" beprideFacitLarget="407332" juringTridraCreamer="playockNeglectStichel">
        <felinae>unjollyStatureHougher</felinae>
      </ranalesTirling>
    </gombay>
    <yperite nudge="edwinaRancho" knezKab="uveiticCancrumAith" dallisStaticGabbart="gellantPyransEngaud" roven="snagged" retunePaolaToad="unpackUnhoodPlanky" phonosCerasin="inrolSmiter" begemSieved="danda">
      <ullage>5142</ullage>
      <misdeed>
        <steelsBogeys>892693</steelsBogeys>
      </misdeed>
      <evadingJarfulsNiceish ichthTzendal="caracolAll" peakishTheretoTalcous="odorizeKaserLoamier" chounceMetayer="4866" elysianPawning="haloaLenny">
        <gurriesUntacksMunt>brokerLickSimpled8945</gurriesUntacksMunt>
      </evadingJarfulsNiceish>
      <cahuyCourant>
        <pianosNimblerPunicin>198908730</pianosNimblerPunicin>
      </cahuyCourant>
      <carobsNitres>
        <wedgiesAmulaeFacsim>mandrin</wedgiesAmulaeFacsim>
      </carobsNitres>
      <evadePartwayImpave pintura="jagath">
        <neter>mimusPapless</neter>
      </evadePartwayImpave>
      <ouranosHotch novels="tabooedGingJoshes414" puggish="patataCavil" bridgesAlas="seisePhot" porta="bratty">
        <human>686245501</human>
      </ouranosHotch>
      <palooka>
        <scammelRoofSuedine>sigil</scammelRoofSuedine>
      </palooka>
      <subsaleSpiraBerend defiedMacawsRenomee="heiWhing627" towableTipsyRedneck="regild" nandutiTravePodites="choroti4428" azrael="6968">
        <glaucinEskimos>sillies53</glaucinEskimos>
      </subsaleSpiraBerend>
      <lacs flamed="battuCuretCedron8310" snibbedCuracoaExhume="doxyOpener508">
        <whudKanred>6886</whudKanred>
      </lacs>
      <hotnessUntame>
        <matesDeemingCruor>zinoberShaheen7</matesDeemingCruor>
      </hotnessUntame>
      <obeliacRedboneMarbled>
        <labiumCliticWharf>671595319</labiumCliticWharf>
      </obeliacRedboneMarbled>
      <tilakaFilagoIrenica ninetyPenta="loofasYorkersChorals" derange="furansGinners">
        <dehisce>763</dehisce>
      </tilakaFilagoIrenica>
      <cockersAxialHilting sulkierGreenedPosting="ficklyMullock" unco="nemos" molesUropodDentins="panureUngueal">
        <outcropOutglowDoggess>griseSlartConia617</outcropOutglowDoggess>
      </cockersAxialHilting>
      <mufflesDorsiRafter egohoodPiepan="yippie" zapoteBeaus="kingrow">
        <swaler>oheloFramea</swaler>
      </mufflesDorsiRafter>
      <kolisLancedBonnet xyst="bowsingAshiver" grimme="tallithTallolsGemini" encodeTwistleTissual="aestiveIntuitoWad3498" apioTartinePinyon="formeneDevote">
        <alate>baboenRemorasIodizer</alate>
      </kolisLancedBonnet>
      <sojourn pequot="parpenTrowed" tenentRenule="cementIlvaite" mech="mushaaFusty" rpsCovens="spaneZekeTipsily">
        <idiotryRufflesWaul>reedySassier</idiotryRufflesWaul>
      </sojourn>
      <repMullenCabrito boaedonExpdt="1838028" goffleMhorrDew="hoagies" sexismPettilyMurk="eddySconce">
        <pannedCline>filietyGnarls</pannedCline>
      </repMullenCabrito>
      <shave reaute="godwitsKinking" simitar="22386531">
        <lase>utahiteTangladCholam</lase>
      </shave>
    </yperite>
    <noriDegged prefetTaut="voteenPoleaxe" potlidNavalCuculla="faraday1693" dunces="pantine" knavessMormyrBabul="sinsyne">
      <oxyphilPinnockNine>wattEquity</oxyphilPinnockNine>
    </noriDegged>
    <elms>
      <ototoiApologSanseis>pesachAltounUnsee</ototoiApologSanseis>
      <tarbleDusting taivertSejour="slokedRented">
        <engemZionBirds>31723037</engemZionBirds>
      </tarbleDusting>
      <winnowsUncaged gibersProwar="950803259" jollify="durioJudicesSoury" bowyersOutrank="dacoits">
        <bajauOofyFessed>faxedMisjoinDandily</bajauOofyFessed>
      </winnowsUncaged>
      <forseeRizzomApa>
        <chitoseIsolde>9216202</chitoseIsolde>
      </forseeRizzomApa>
      <lagends fanegaGaviaeBorated="lunyAbuseMarka10" arentYetapaMasher="mahmalMetwandScarry">
        <idic>fistleVicarly</idic>
      </lagends>
      <mamey>
        <lummox>6206</lummox>
      </mamey>
      <befistKebar>
        <flukes>curtateThurgiModioli</flukes>
      </befistKebar>
      <deisAdolfCedrate frumpsLatebraJiggish="6">
        <guardoGuttur>alcoveBurgusSchisms</guardoGuttur>
      </deisAdolfCedrate>
      <unrrove ubii="corinHarmers" ceringCogit="rhusesCuskCaronic" bombaxHalfway="pieingFenchylHaiku" elementAcinuni="sarlakAssign">
        <timarri>grommet6294</timarri>
      </unrrove>
      <prepaidGuajiraEvoke ccw="olaBaillieTrusses">
        <crapple>buccula</crapple>
      </prepaidGuajiraEvoke>
      <combat ponjaOsamine="leisterBroiderLunks" aloeticEarheadConins="22854506" bowden="71970113" loudish="95108868">
        <pervial>munificRippierWine</pervial>
      </combat>
      <musetPraham opine="30330902" turncapConinesUnslit="unsheerKentia" lydianUratePrizers="9">
        <ecod>4</ecod>
      </musetPraham>
      <cuffin canhamBehenicDecoyer="seemingCoaeval" papable="effacer" browden="2209">
        <pumeloBerakesKeach>deicerVexOdyssey</pumeloBerakesKeach>
      </cuffin>
      <creen turdus="dumdumStrom" zeuzeraEelback="crumena" shrivelVonDragsaw="716520">
        <ligateFrogStrop>wittomeOilmen</ligateFrogStrop>
      </creen>
      <abidiPulgada phylaeOzonicSkiter="mystaxMadridClavy" filla="7896234">
        <ran>stoundTorsileTaa</ran>
      </abidiPulgada>
    </elms>
    <carlinsAmboynaLisper>
      <alienedMockageSakai>whetsGrivna7</alienedMockageSakai>
    </carlinsAmboynaLisper>
    <refugeeCurie streitSevensZacatec="captateFattier" coffeesTenablyCraning="kethibhFibs" gassers="popcornSnicketIleal" chuetaWales="equatedPremiseImpact4" shalt="hagseedReetleSextry" caverPrimiAcinuni="acouchi9" cantyPleurasEnhalo="rifflesPlunks">
      <hosier>gripers</hosier>
    </refugeeCurie>
    <dopperGlassy scurvyKobu="anaemiaFaunuleRimu" cogCudgel="1" storiedBythStookie="carafonOmelieIrish" amended="rowedSynodus">
      <hepteneVeneris>annusMercuryMyomas</hepteneVeneris>
    </dopperGlassy>
  </lipworkCarapa>
  <sclavAbrazos iranismRecladOryxes="68" apieces="929497312" serriesSwobber="4333807">
    <ungaro hypoth="melderPrismy" frowsty="augment" chicago="obscene" oxfords="6000">
      <dorothyDunnedAgrised>2356882</dorothyDunnedAgrised>
      <tea whampeeBrahmas="begoneVeersTripart">
        <nutMyth>escheve8496</nutMyth>
      </tea>
      <lupulin>
        <cnemisSocmen>unplan</cnemisSocmen>
      </lupulin>
      <maltineBrierKeps gannetStummed="toppedDewless" dwykaSlungAnility="tanking7567" doyenTansel="iliad">
        <gamgiaCatkinsAmply>golfBriggsTinned</gamgiaCatkinsAmply>
      </maltineBrierKeps>
      <vaunter>
        <ivies>fifthsPholidoHumane</ivies>
      </vaunter>
    </ungaro>
    <giroGaleyKashan>
      <bailer>iambize</bailer>
      <turtan>
        <snowdonIthacan>dinicTracts74</snowdonIthacan>
      </turtan>
      <pasiJuking>
        <hornsGeldedIzumi>wenchesGroovedChetah916</hornsGeldedIzumi>
      </pasiJuking>
      <daunts megass="kationBrownNunnari" ollaAgrufeRebuffs="pomaneMatatuaCardon" oidioidSavageNoir="retterSeroot">
        <pitying>chernaNauseumPanful6</pitying>
      </daunts>
      <alexinsVellumyChakras serdabPhonons="elapsGurian" cartyChloe="progenyCheken" kermesAndvariStagion="synnema3627">
        <frivols>959966792</frivols>
      </alexinsVellumyChakras>
      <realignSciara homyFustianCorbie="nacriteKeppenZoon">
        <chip>binmenEncheerJumpoff</chip>
      </realignSciara>
      <readingDeuces>
        <paresTephra>maamChattiCuish</paresTephra>
      </readingDeuces>
      <dudism ounceClioTumbler="hafniaLeasedHoey" pumpkin="milnerMohabat" blurInwheelAsbolan="tebethEricadAlogian" gigglesImpasto="recenseWashragWyted">
        <bangs>caracalOsieryTengu</bangs>
      </dudism>
    </giroGaleyKashan>
    <covetsPlumule>
      <jotaScenes>murkSnocat</jotaScenes>
      <types scrumpyNarkedTopes="enteral63">
        <axillasDaggledAltheas>calvus41</axillasDaggledAltheas>
      </types>
      <togglesKyteNudnick khuai="haybote" midwestNerolsHumetty="ledidaeCoco3422">
        <sachet>1397200</sachet>
      </togglesKyteNudnick>
      <bagoboMenise odonataMuggarsMarka="festucaScutage">
        <kenoMarage>hull</kenoMarage>
      </bagoboMenise>
      <finback>
        <tigersBeanier>mammaryRisque3</tigersBeanier>
      </finback>
      <thirdAgarumAbsorb vroomLuncherMures="tsarism">
        <escort>kitanAlbinoDucato</escort>
      </thirdAgarumAbsorb>
      <nosiestAmicusArachis dunneToniestPallid="kabikisSoka">
        <trashYeomOwlery>orfIslets</trashYeomOwlery>
      </nosiestAmicusArachis>
      <burthenAshamedDispeed voicedBubales="99" taheenSurfeitAncile="dawsonBaklavaSougher" befleaMaiacca="abdomByelawsPalkee" followsToret="10">
        <queuedTariqat>74</queuedTariqat>
      </burthenAshamedDispeed>
      <kosong>
        <khivanRackmanLaveers>5011164</khivanRackmanLaveers>
      </kosong>
      <wakensRomana>
        <hachtAltaredReuse>starfulCawquawAmeed9189</hachtAltaredReuse>
      </wakensRomana>
      <fardsFop sedated="carrochCrypt" causAbye="fremdParsecBanshee3">
        <garratCrimpsRavison>outswam</garratCrimpsRavison>
      </fardsFop>
      <plapResown gomerelUrine="devance" win="paletzMotaBaja">
        <filledSlags>fennigArrope</filledSlags>
      </plapResown>
    </covetsPlumule>
  </sclavAbrazos>
  <hoopoes heartsCroiseDobie="amoyan" foelikeBlens="mesh" formol="mowieKevilShyish" />
  <abwattKetimin goadedMinuterSnabble="3181">
    <actuBerogueSpawner cosetsFlaith="teguria" gambaDumberSafe="7" ooscopyGinners="opsinGaylyPleonal" ickers="beiges">
      <woodiesMisgive>siegedGuarish</woodiesMisgive>
    </actuBerogueSpawner>
    <abluted limps="nonairSalomePomfret2692" imsonicBestirs="65963605" ungirtAfrit="156822660" hesperaLeafenMailmen="aghanFarcieAplites">
      <mosetteProwls>wharfTensify</mosetteProwls>
      <curbedPagansRara nonsuitThudNumis="minium" dibblesHypnumHoists="midiAgama3849" adoorsHumbird="assures" ooidal="upbotch">
        <ality>champakIntimaRechaos</ality>
      </curbedPagansRara>
      <zooticCuffinChorten dowsetsSpires="8082659">
        <blaming>eoliths</blaming>
      </zooticCuffinChorten>
      <gainstZuleikaBarmfel geltsPaon="28214018">
        <pertyRebec>charsSuits</pertyRebec>
      </gainstZuleikaBarmfel>
      <miladiResting satarasFriskle="specus">
        <bemoat>corkerOutkeepTames</bemoat>
      </miladiResting>
      <wharfie whored="stasima76" kamiAlcogel="blattiStg">
        <pyranylCavity>6260</pyranylCavity>
      </wharfie>
      <blearyAxel jauping="honiton" pyruvicKeppedScripee="closureRilesFerijee">
        <capably>yokutsPalusWuntee</capably>
      </blearyAxel>
      <axwort khakhamGawsie="alumineMops" pyrexGoatishAcis="juslted" alforgeUnionic="979895">
        <randers>692032</randers>
      </axwort>
      <wheatsUttererGargety monomyaEvicts="ableezeKilotonRoar" lapful="wolfkinCryal">
        <lawyersCumar>barbita</lawyersCumar>
      </wheatsUttererGargety>
      <winare blurryHable="housage8704">
        <clinchAugendSprowsy>popgunDiluvy</clinchAugendSprowsy>
      </winare>
      <upcoast flockedPackman="2845692" spinors="smiterSkyugleDuramen775" outedCaburn="sememicReselfStiller" suppleZonesLowbrow="jitneysInglesaUncos">
        <rebiteSaxhorn>oversetMajor</rebiteSaxhorn>
      </upcoast>
      <egotismRipplerAudian>
        <mantapaEntombPawpaw>yenCheetulLust</mantapaEntombPawpaw>
      </egotismRipplerAudian>
      <kotowerSundang>
        <chaouiaOracleLeas>933314</chaouiaOracleLeas>
      </kotowerSundang>
      <heliac adhortAphizogCoelome="senesce" beanyZaptieh="auturgyGrather" strigalAnatomy="meatedLambastCountor" windledHumifyLand="dariusAnomer">
        <bilgeHabitatChatons>12</bilgeHabitatChatons>
      </heliac>
      <upshore olenaWittalAmtrack="hammaidNearingSumma" gadwellTuple="feyest" wadis="horny" damped="olchi794">
        <conjectHectors>406318214</conjectHectors>
      </upshore>
      <exsculpPangfulAvoke faresBunging="ruderalLeon2079" ambonesYardCascado="sutureKpcOolakan">
        <pkwy>knobbly8082</pkwy>
      </exsculpPangfulAvoke>
    </abluted>
    <conalNeolith>
      <uniwear>fertherJollierUnwise</uniwear>
      <ghatWooersMerril durous="912982774" espBabasu="4" niseis="frizzlyHowsFabliau">
        <kieffer>mendigoUnimped</kieffer>
      </ghatWooersMerril>
      <stenosMountedNaw navesReneged="tevissStemLetter" epicureBugdomIndents="aminizeHaroset" mimzyTorneseEbonies="45">
        <katsJewels>mezzoJimjam5594</katsJewels>
      </stenosMountedNaw>
      <derrick carpelsAmidaseUnbarb="doodle4" rarifyPremit="lyridSeroseNauch" regGemaricPeddle="pilarMouths" nitridsBurbush="frutexUnboxedRowable">
        <ocimumJapery>gruffedMossfulDimyary</ocimumJapery>
      </derrick>
      <chicago jelloUnbe="gotra" inaxon="smirisSotnikAdjourn" jazz="abongo886">
        <gonialeWrokenHalloos>hantleDeliskGuarand</gonialeWrokenHalloos>
      </chicago>
    </conalNeolith>
    <skeinsSnooksCrowed horridStuddedTheirs="maidenAshery" hookasPitterArouser="peterAnburyTrest" bightedDizoicStrewth="balanta">
      <arsesRubeolaErme>ooliticScranchOzonate</arsesRubeolaErme>
      <gambols balconMoneyedUnstock="schmitzIbidRewrapt" asuang="dreint" glossyGloried="equine42" notchBubas="hadedAssoriaFizzles5">
        <caseDhanuk>teucrin</caseDhanuk>
      </gambols>
      <turbanWarrand tunicae="71">
        <syntony>gonophStriges142</syntony>
      </turbanWarrand>
      <thenalOuangaBelite vagant="populum" jeeing="winfred" bromidPenname="wynris">
        <silagesGypsite>aweekMossers</silagesGypsite>
      </thenalOuangaBelite>
      <pebrineCuca pandiedHexonicSeid="bisnaga">
        <kips>dazzledSkippedThuja26</kips>
      </pebrineCuca>
      <selahAmigoStaxis digneGomart="resojetSerrage" hattizeConesCohert="umauaDowserOutsigh1" sucuriRuckRoared="6260">
        <wickers>toskishAlmonerLorius</wickers>
      </selahAmigoStaxis>
      <ascianBaynessSospiro sangersCrosbyMelasma="cullyHakeem" irising="troparySatanasAnemias" ruchbahRedbill="wivernStrold" afflue="grassInkingsGaudete">
        <colport>tildeHornyFuji</colport>
      </ascianBaynessSospiro>
      <goanna rumoredMehallaCoops="5922" kyries="vapory" murein="62976253" entree="137319">
        <additaBurling>3068</additaBurling>
      </goanna>
      <pedro stepsLoafing="busing" ludibryAppaume="unsnugDopesAtavist" retalSquetee="60608">
        <whipray>roupyBourdisTrannie</whipray>
      </pedro>
      <ismdomFuelerDeflore repastsOncia="acara343" frockHander="abseeLapin" regd="mikeyDelCanezou">
        <rambong>roughet</rambong>
      </ismdomFuelerDeflore>
      <stannylPhutJank hydrome="97" embindGaliotsAugh="towerFestoon" throedGulchesTepals="joskinJenniesPrees">
        <punjabi>tremblyDoa</punjabi>
      </stannylPhutJank>
    </skeinsSnooksCrowed>
    <grunchYattersBufo>
      <flyings>vees</flyings>
      <humificMutaseItalic>
        <seponeReportMeslen>smudges</seponeReportMeslen>
      </humificMutaseItalic>
      <clyersLidiaForeuse earsPuntal="anconEyliadHalberd" pandiesSig="baronetBardier" ruesVeil="stipuleEffaces">
        <ofttime>peris</ofttime>
      </clyersLidiaForeuse>
      <byninHamital cloakBiuret="chonIxodesPickets">
        <signets>birdeenOlio</signets>
      </byninHamital>
      <adeemMope>
        <keymanClinic>142</keymanClinic>
      </adeemMope>
      <lowmostCheats>
        <comedo>offlap</comedo>
      </lowmostCheats>
      <bamboosIllanunAlmehs clumped="jasp" lyceeZareeba="demoteEarlikeInvest">
        <stintedFaxingBreccia>9756</stintedFaxingBreccia>
      </bamboosIllanunAlmehs>
      <instr lopseedEpulisLiquids="printerBarbolaJaponic" cadweed="dogtieLanais" parkaVibrato="odourMarvels">
        <abettedSclateBogan>1</abettedSclateBogan>
      </instr>
      <politerHotheadBluffs rignum="vouchAbongoRetrim">
        <coveysRectorsDunkirk>putons</coveysRectorsDunkirk>
      </politerHotheadBluffs>
      <kikoiFrolic reviserCabuyas="baloo" oscines="ocherYeraverSkaters2490" nongrayObitManteau="pristawImpugn64">
        <mutinedSquaw>ramblaTeenish</mutinedSquaw>
      </kikoiFrolic>
      <frackRunneth feedman="kookier" seminarGobonee="336638" neumsBoundsAhaunch="rivoseAcaleSclaffs" chamber="sokulk3">
        <sargoBraes>9253</sargoBraes>
      </frackRunneth>
      <dookLawineSegued dorper="scruntDuddyAlfaqui">
        <uriteLueticsShrank>saccule</uriteLueticsShrank>
      </dookLawineSegued>
      <draineNot donor="jarfulPignetSeropus" vills="primingSmockerPunily" whift="dorselBony" walkerAnglerHavel="answers">
        <boodleGnomed>mouthed815</boodleGnomed>
      </draineNot>
      <tristamRimal unorder="odsoResellTaqua" naulumBestadAdapter="fitzKissingAquilon" asuri="213540141" justicoFerretyVacuous="harried">
        <puckrel>nonskedCruelty</puckrel>
      </tristamRimal>
    </grunchYattersBufo>
    <essedaGarbel camara="olearySystemsPallor" kelperAvikom="iwwortFrillerAlnus" orrowScrapDerater="pimenta" commentTsimmesSundew="streeksSteward6387">
      <olderGubatHennery>ganevSermoFractal</olderGubatHennery>
      <festingJerkersKneels fuffitBeffroy="burgh" jiriAffects="39242" arcaDuelistDebind="365">
        <yorkishPatmian>bidens</yorkishPatmian>
      </festingJerkersKneels>
    </essedaGarbel>
    <scoffed arundoBearersTouzle="476412" coxierLauderSerosas="gotrajaCobitisSharpy" unheard="semmetDehair540" bonselaInosite="picoryGibingNco976" woolGripes="gleeksApteraOctdra" kations="zyminZooglea" kippingTurdine="medic">
      <garred>digeny</garred>
      <misused ditchAdonia="wikiupsCharged">
        <yaffilRocheLeets>tuillesKernoi</yaffilRocheLeets>
      </misused>
      <poonac tibbieBrens="created8007">
        <begaudy>loisPoloi</begaudy>
      </poonac>
      <claus geldsWiresOdso="80382976" areca="segar">
        <rerivet>mustsFlewedYucatec</rerivet>
      </claus>
      <ruths prestPulers="benumbsFeringiAiry" agcyLatoun="foamier" bausondLeggy="subornsDrumble" actualOocyteProsoma="emballCremone">
        <lacVegasGunebo>vesterYuckerPithos</lacVegasGunebo>
      </ruths>
      <dari poonceSoothlyUnrigid="dialist9924">
        <aciculaBaleare>curiousBreadenPagus5107</aciculaBaleare>
      </dari>
      <ulcers peisageFilming="9157229" moutonPreotic="mawsKangTaissle" troubleWonnedReserve="tuffing">
        <defendEmbrue>fikey</defendEmbrue>
      </ulcers>
    </scoffed>
    <mulierCinter>
      <carniedHarmersLupe>saffron</carniedHarmersLupe>
      <filea rebeat="gruccheWanionFlabby" noyanceFeverWaylays="niggledCasinet" objHollo="miasmic">
        <osloMatinalGemmery>264673127</osloMatinalGemmery>
      </filea>
      <talutoTieboy duringBonum="odiousAvatar" aracaSludDawk="beeball">
        <gekkoOfficesTone>63635389</gekkoOfficesTone>
      </talutoTieboy>
      <borders thalliDelible="smacksEyebalm">
        <hostel>ignavia</hostel>
      </borders>
      <mellow explidaMaleeImprest="rebrand9" heumiteJiber="454839" coweredMikados="ferulicZorilla1329">
        <isogenCyclope>epocha</isogenCyclope>
      </mellow>
      <incomptBeguileAjowans outfox="enfile">
        <cannat>darkeysAngulusDareful</cannat>
      </incomptBeguileAjowans>
      <breekRustedBowly>
        <ganchedRagfish>kinglyOblatesMisdo</ganchedRagfish>
      </breekRustedBowly>
      <levulicFloors sergiuLereVent="29785" accruer="kokio">
        <sociol>byssinStean</sociol>
      </levulicFloors>
      <aurific stulmDidderSimply="9989" potrackSchismLore="pailoloExaudi" corcassFussesEoside="moviePerleRory146">
        <ranging>antiarTieless</ranging>
      </aurific>
      <deratAcantha coacheeAhint="basify" syllogeDoubly="793664334" barraceReshow="quatre">
        <vacuaWhangsVarices>hemineZoonist</vacuaWhangsVarices>
      </deratAcantha>
      <heroins flownBitch="rosinePreesGrails" ashlars="449967" wadderCirce="erring" derahCarapaxGotraja="5">
        <sauteNutrice>bemistSilence4</sauteNutrice>
      </heroins>
      <cafh caufleNauntle="pstMobbedMammula">
        <cutletsDuoleSocky>agibleShinierGaroter35</cutletsDuoleSocky>
      </cafh>
      <outrailMechlinBangash>
        <hure>spideryCarinalFrizers1</hure>
      </outrailMechlinBangash>
      <oilcupsNiffer quarmenAdds="chining" placean="bugalaBosh" valeral="lampmanReplant">
        <gunwale>resplitColima</gunwale>
      </oilcupsNiffer>
      <ticksCutchaPat snySomers="66106446" canchWaftage="jerids" garbBathkol="8804432">
        <annelidBrubu>363410891</annelidBrubu>
      </ticksCutchaPat>
      <educand shineFledge="cousinGrowlsSextet39" herbage="728" cojudgeDiscase="varing">
        <rilingMeritedChappy>grimSawnieSalient890</rilingMeritedChappy>
      </educand>
      <foeship rucks="entraps" incubiSandhi="fustics">
        <rassles>gavotsNashira</rassles>
      </foeship>
      <lintier>
        <refurl>caceMabyerMoms</refurl>
      </lintier>
      <hobbet angule="metaledGarawiCleck" timarWaniganAncille="ibidVarisse713" pochayMukade="firthsFoldure69" sumi="bighornUraliumYowler">
        <papposeSinaean>misselBlazonEncup</papposeSinaean>
      </hobbet>
    </mulierCinter>
    <amlikarSammel>
      <wooded>ewePelopid</wooded>
      <wyver rentalPulton="gapes" rajivTrojansTrionym="kylixCrape" jamesonWhapukaHalalah="dissueTermersNunry">
        <flashedVenusOdylize>hitchelLuggardFlob</flashedVenusOdylize>
      </wyver>
      <emergesHei spawlerSturtsRealgar="decent">
        <jaleeTirrlie>998482</jaleeTirrlie>
      </emergesHei>
      <erthAutosynEpimer lobularWorsen="seancesAlpisteJellies" sottageKokraToddle="wholelyAdvaita" tapeatsSalvers="lowbornPerisThigh1112">
        <tattlerWelkin>airtsBendDeuced</tattlerWelkin>
      </erthAutosynEpimer>
      <spatUntar unwindsCeriphNoncom="bearer" araceaeSetuidAccost="wapitisUnrashHastile3185">
        <eucalynArylWaeness>459330193</eucalynArylWaeness>
      </spatUntar>
      <gamin>
        <mollahCutch>knitUnbeltPatas</mollahCutch>
      </gamin>
      <smuglyOophyteSulu wharfie="velalHireCauses" weeweedGrsDinking="terence" bluesyNorthApogamy="passiveUnmasks">
        <pomona>extaDauniiUnamply</pomona>
      </smuglyOophyteSulu>
      <keeRedrew>
        <araneid>stoogeAcmicHoise</araneid>
      </keeRedrew>
      <lissomeUncriedRizar>
        <aristas>argand</aristas>
      </lissomeUncriedRizar>
      <wigdom>
        <untillQuiriteRubace>falun</untillQuiriteRubace>
      </wigdom>
      <pernorSaveySturnus marking="aricin24" lawnedKismat="voled">
        <encheatExplodeSifted>99</encheatExplodeSifted>
      </pernorSaveySturnus>
      <nitpickReperk friezer="sluttyPosnetNuncles">
        <hawsedAquaria>aikidos</hawsedAquaria>
      </nitpickReperk>
      <ilionCheveys barbaraLeather="boyismWhosen8" trudgePipsConker="685506" slant="dubioMimble" friezed="filet">
        <nursingKerchoo>994147</nursingKerchoo>
      </ilionCheveys>
    </amlikarSammel>
    <encomy>
      <kozukaFolden>solesWaw7</kozukaFolden>
    </encomy>
    <shankarMouseryCantala nontan="lectionBorel" kayoing="middiesPalealIgnavia" mushersPulianFilled="noisedMoralesEscoba9" ornoite="exemptMucaro" sternumExcaveEntheal="mooringFuseUpbrast" chrysal="90383" dimmetPhascum="revolt">
      <gentry>coltersKrakens41</gentry>
      <shemaalOrange>
        <milvagoGestapoRewood>cackNonion</milvagoGestapoRewood>
      </shemaalOrange>
      <mpgTussur agonise="carangaFavelas" dags="skateKartos" wistlyViewedAurists="57943" sainDammedBalanid="muckierSomnus">
        <pecks>gulpsCozing</pecks>
      </mpgTussur>
      <iolitesKatana>
        <bialisOnless>gomeralEmptilyImvia</bialisOnless>
      </iolitesKatana>
      <postalsStiltedGrunter wholes="unlawedBaculeFluidic5" duxes="muscle49" humblerAnnulerNidor="19">
        <maidySheepTamias>berunPotlikeLupanar3888</maidySheepTamias>
      </postalsStiltedGrunter>
      <etchesNauntleScaphe finis="citreneWaxesSylphon" cyamusVinculoMnemic="fraiseVinasDapping16" thrummyBardel="reem165" piggiesTemplon="arangoPepinosPotherb">
        <arisaid>oxhealGigglesBurrows</arisaid>
      </etchesNauntleScaphe>
      <stoush xystoiTolling="pelopeaFall">
        <geninShrill>forlaneEscalin84</geninShrill>
      </stoush>
      <misaim>
        <cieShuns>gaucie</cieShuns>
      </misaim>
      <angryArtistsCupeled muskedTalthib="1751943" spankyUngualKahau="gallaDerekHail" sorchinCaulkConky="becchi" zoarces="521090937">
        <appel>7929528</appel>
      </angryArtistsCupeled>
      <vinals>
        <villous>scaul</villous>
      </vinals>
      <cartedPekingMisaim capita="carvers" foeShims="junctlySlitingPunatoo" misteryLuminalBlarina="tzaamTutors" apoutDiademaYoga="72">
        <bibiriSibbing>jacks</bibiriSibbing>
      </cartedPekingMisaim>
      <damboseTelegaRink rathely="nudge">
        <sings>weedingHaulage1118</sings>
      </damboseTelegaRink>
      <ouverte anisal="skewedEmbox" nitellaWergelt="2745" miscite="aigletBlainsClue">
        <yagnob>toner</yagnob>
      </ouverte>
    </shankarMouseryCantala>
    <aniSotolsAlain>
      <miseryJuglans>nybbleKlansUrnae3</miseryJuglans>
      <inajaDevoirRoyalet>
        <enodeLobbied>wagedCwrite</enodeLobbied>
      </inajaDevoirRoyalet>
      <tethysDuras marathaRhytaBrast="pistickWhishesWoodcut" toughy="behearPuniturScone">
        <theistsArmorer>6926794</theistsArmorer>
      </tethysDuras>
      <wades brelawCanakin="spacedExiteDenims" maddishCantinaInstal="rokAvensesHemoid" chekker="conidiaGossansSuer">
        <belimeScyphoi>panjabiFlaffer</belimeScyphoi>
      </wades>
    </aniSotolsAlain>
    <isurusPutoutKpuesi>
      <espCosily>tutsCollage</espCosily>
    </isurusPutoutKpuesi>
    <gatsLeisten focusedHsiRassles="4959428" remodelExsertsRelieve="siccity" ruchingAbucco="hhd" brigid="3696453">
      <savageByrlady>reptHulledGlimmer</savageByrlady>
    </gatsLeisten>
    <earnedBorty thrash="indolIntownAdmass" sardiusVilaGul="3953" atole="3723" arboralKingrowSkeens="jacaminWafterTristam" boopicCheeroPrenote="ado">
      <ocimumShilluk>frenzy</ocimumShilluk>
    </earnedBorty>
    <battTarn>
      <crutGuslaUpstage>arbutusDiscaseMuskets8727</crutGuslaUpstage>
      <bulkierYale jow="6594426" nowhen="70539" hosea="reheteOscules" reavoidFleabugRedream="chich">
        <typikonImpend>7274479</typikonImpend>
      </bulkierYale>
      <chunchoChabotMidnoon endwiseDaftRitards="4" regalioGob="fearersPrixFizzles">
        <spathesCairMurrah>peckingCsardasFlatter</spathesCairMurrah>
      </chunchoChabotMidnoon>
      <gibingMesialCiboria catheadPalchMaraud="mashmen" argan="salts">
        <pakchoi>289793477</pakchoi>
      </gibingMesialCiboria>
      <squawkyDahlia strae="14" asarin="calash" expressCarpalsCaribal="andria" anaryanDonaldReamage="sabreMantras">
        <boyceDrouthEarmark>jaseyCellarsJingu</boyceDrouthEarmark>
      </squawkyDahlia>
      <lass>
        <drimysMuddish>trixy</drimysMuddish>
      </lass>
      <agarwalEthanolLifers>
        <justin>wickiupAgamasGabriel</justin>
      </agarwalEthanolLifers>
      <histingPeabird ailsyteSurging="reteachCuprose" loyd="kaoline" undopedKurumbaRoyet="pechansCleruchDux2" tiltedSaruk="collBundtJuror">
        <sequoiaAkeJasmone>enseem</sequoiaAkeJasmone>
      </histingPeabird>
      <dooleesIritis>
        <ughsHoneBokadam>anthraxBowlinDroit50</ughsHoneBokadam>
      </dooleesIritis>
      <celestaCeramalCunner agriot="205">
        <shogSovAnanym>40</shogSovAnanym>
      </celestaCeramalCunner>
    </battTarn>
    <gleave>
      <crampedFrontesMolles>beluchiMudderMorish</crampedFrontesMolles>
      <brakieAlapaGypsine shapedSpasm="retiresAnconesResshot" rengueSlummyBetis="86" venineTrindle="devataFavelaPanner">
        <livedoArmored>lecturnWinrowMarried</livedoArmored>
      </brakieAlapaGypsine>
      <rattingBlennyGrands kunkurMainanAliet="keekerMuhly" bostal="rasenBonbonsCroup">
        <shriek>spiderSkedSnazzy9</shriek>
      </rattingBlennyGrands>
      <wurmianHoo mayvinsKennyBespurt="senam" shalderBagioAdipic="matawanPotlegPogonia" trustyPotiKlismoi="91834318">
        <snouted>lazaryOutbray43</snouted>
      </wurmianHoo>
      <nettlyPhysisJavelin>
        <rivoGenericFractur>transit</rivoGenericFractur>
      </nettlyPhysisJavelin>
    </gleave>
    <moulageMixite cromeSlyness="signistCoperta">
      <tainteDudish>tangled</tainteDudish>
    </moulageMixite>
    <tusche>
      <fete>amnic</fete>
    </tusche>
  </abwattKetimin>
  <begowkManquHummus bios="crayerRagging201" acheckYecch="crapes" docked="reutterEpoxied" rasionPariahs="myopicHellman" />
</framedPardesiRipgut>