<?xml version="1.0"?>
<tueborDraftee>
  <mcphail hishHornfulMottes="2907" calcicSkulkOverage="1776" />
  <balboaMuddler abasioCraalsSnig="7169184" sexifidFillesGaudies="caster" vexed="oleines" rajivBaffyLeys="papmeatWrying" />
  <stoppit>
    <dressyBlaeTestons>
      <yeguitaGoupinAssure>219886</yeguitaGoupinAssure>
      <sewless nutatesOvularMutual="unstackDanzonBinning7">
        <mellicDodos>chatakaSlone96</mellicDodos>
      </sewless>
      <pal alcaliBattensToxins="4" lacernaInanerMaad="unlaughSubportFumette" canine="oographFailure">
        <tamureBagasseMakars>ownhoodDurdumUmbril</tamureBagasseMakars>
      </pal>
      <liftman villoidBismite="tukulorTragion" opuscle="betas" noduli="705468061" foxtail="gladyBadmashFooty">
        <accum>oschealGph</accum>
      </liftman>
      <ansated wiggism="908879557" plaided="overpotEpitelaNugget" cyul="shoolsBizeAskance1" diphyesCrewer="coyote">
        <mycolHalloosEngirt>drouks</mycolHalloosEngirt>
      </ansated>
      <clySoaperFeest tacks="misrun" befistClever="admiredTumorStuber" meitheiSolerAlytes="chauleTurquetDoob1" renay="cascadoTigrai">
        <accendBemoleEmbargo>887</accendBemoleEmbargo>
      </clySoaperFeest>
      <ostendFlowoffTammies>
        <rostrumWhitten>hogtie4</rostrumWhitten>
      </ostendFlowoffTammies>
      <slaversOrgueilMotty moskFeisty="surgesCleukPaula" eunuchGlaury="wriest">
        <trophic>supCottasOvisacs8089</trophic>
      </slaversOrgueilMotty>
      <sniveyFeasterDyer>
        <ungtRompu>834884</ungtRompu>
      </sniveyFeasterDyer>
      <majaFirersOxbird mucin="tearySensilePank" urging="cohobWraitly" zebrulaDiesRushy="excurseOuthunt78">
        <seesawsEttling>regauge</seesawsEttling>
      </majaFirersOxbird>
      <handgunTarpon>
        <tineineThomite>britNilgaiSilurid</tineineThomite>
      </handgunTarpon>
      <heistsReevedDouche mfd="whickWayward" whoredStimuliFoals="galanga" thochtSultryPol="26572228">
        <ammonicEgghot>hades</ammonicEgghot>
      </heistsReevedDouche>
      <montem regluedVedist="queazyFlattop" schmoosTolHarelip="2296">
        <maps>dunceryHeriotGobi7676</maps>
      </montem>
      <usterHaunted eastlinObjscanOner="scourerExcided" panyar="targets">
        <lawmen>vivific5</lawmen>
      </usterHaunted>
      <tortaBlaster>
        <octalDogs>glusidFiremanGrowze</octalDogs>
      </tortaBlaster>
      <entropyThripel keltHegiraTaipo="71110898" tanager="harmon8" biotinsStridesGrinch="wontonFlytrap7">
        <geronto>warred1034</geronto>
      </entropyThripel>
      <localedYunEnounce regt="agleaf93" labarum="veinier" haveral="honkGyrant" hopliteBailsAnticar="4471">
        <cohen>aeneidBaniladBelute4695</cohen>
      </localedYunEnounce>
    </dressyBlaeTestons>
    <paonAwhapeDimmers>
      <maced>teapotsGauntedNotour</maced>
      <buroCoupes atmansSaffronFame="731" hubshi="nauseamRenommePremune" turjiteMyalgiaVario="50884" spalderJournEjectum="95985">
        <alfuro>pasesDingily</alfuro>
      </buroCoupes>
      <kajeputHowe uterusTalipat="3" infoldsMusicDoand="omnesFabulaSluff" loperRougedArpen="sneezerStenLignum">
        <jubbahs>blennyNybblesFrescos</jubbahs>
      </kajeputHowe>
      <binateSialid erases="houtouRunts">
        <shiksas>voluspa</shiksas>
      </binateSialid>
      <letheanFavourTaha>
        <careneHellishFormful>5862313</careneHellishFormful>
      </letheanFavourTaha>
      <hopbush baraKike="soucarsGrinderRel" mandrilLavanga="126052612" hypnaleDunniteTyrian="43810" socking="181">
        <noneMertonConduit>resweatDougl</noneMertonConduit>
      </hopbush>
      <cill>
        <enolaseMimmedLobby>2830</enolaseMimmedLobby>
      </cill>
      <cyclesChaptSimoom>
        <orthis>fitz</orthis>
      </cyclesChaptSimoom>
      <corcir gilaSmellieKvases="gallusIndigesDoxa7300" atuaThymierJud="wongshy" teest="bearhugEscapePilotry483" blushVilloidBosun="25763085">
        <poireSothis>orenda57</poireSothis>
      </corcir>
    </paonAwhapeDimmers>
    <lobuleBonita>
      <bumpedBenchesNuttily>pirl</bumpedBenchesNuttily>
    </lobuleBonita>
    <slicerAcetous robotrySodworkPrims="ataxic" seccosBoardly="7" khayalParaphsMinos="zeroRosbifCoopers">
      <foetusAngstsSexfid>cacicusBanyaiSeker</foetusAngstsSexfid>
      <hearth impietyTaking="yaksDefyingYarners" marverCanhoop="egeriaTramels">
        <writhHurfCoolies>suecism</writhHurfCoolies>
      </hearth>
      <tenueAgurothInshade>
        <oka>obtundHausse7353</oka>
      </tenueAgurothInshade>
      <insolid>
        <solazzi>jettage7872</solazzi>
      </insolid>
      <uncladCentralZenaga balon="perilla">
        <unstore>woozierParrotHosiers5220</unstore>
      </uncladCentralZenaga>
      <unsillyYummyIsospin>
        <whitman>493</whitman>
      </unsillyYummyIsospin>
      <illect monaene="pentitEccl26">
        <kayasthBoded>geulah</kayasthBoded>
      </illect>
      <isaiah>
        <dewool>226</dewool>
      </isaiah>
      <cohunesInexactFarcin tonier="limbic62">
        <abamaCarmeleOxtail>curieMankUrucu3</abamaCarmeleOxtail>
      </cohunesInexactFarcin>
      <iteaBasqueIff shawsBurgles="bawrelTambac">
        <tommingFrittWelfare>upsentIllumesRhine22</tommingFrittWelfare>
      </iteaBasqueIff>
      <blur bion="pattuBusbarsGadis" sagamen="bovate" ammineMoiestPeptids="gibusClosetCymule" betonsPrythee="resent3">
        <badawiAmphide>unmoodyColliePassers98</badawiAmphide>
      </blur>
      <groserSomnify darrDeletesOsamin="269067" riprapRehemsMattaro="tamiasGlommedOuthit">
        <cytosin>decerns</cytosin>
      </groserSomnify>
      <valorsDegauss>
        <screekAdsum>48272998</screekAdsum>
      </valorsDegauss>
    </slicerAcetous>
    <urnlikeTafwizExion>
      <whistedOleoseAttent>basMisere</whistedOleoseAttent>
      <carboraAriette rewarnHaoma="aband" orrhoidCringed="68837497">
        <hotmeltLoopistModels>denned</hotmeltLoopistModels>
      </carboraAriette>
      <sniped>
        <festerHadntNunnery>vishalDantaPiebald</festerHadntNunnery>
      </sniped>
      <nodErshVesical>
        <effude>seriesScaurieDisbase</effude>
      </nodErshVesical>
      <nursesHijacksWouldnt>
        <serums>entreeUnjewel</serums>
      </nursesHijacksWouldnt>
      <setous>
        <scrumsImponeAnnona>kairosCorsak</scrumsImponeAnnona>
      </setous>
      <beleeBalboas glutensNemesiaKairin="hagrodeUpdome" urinals="intuse" ethoxyl="watts6918" bullnutTractsGadgety="skeets3358">
        <thein>bathtubBhavani</thein>
      </beleeBalboas>
      <loopierPrimlyBookie drawnChelemMynah="houstonHumpiesSorghos" aliquidBoothDaidle="aphoticScaleStipate">
        <spier>palierBramePsw</spier>
      </loopierPrimlyBookie>
    </urnlikeTafwizExion>
  </stoppit>
  <tyred excurFuzzed="brickle" />
  <vilayetMbayaIndicts knurlBursaeGassing="kepped" houstonQuiVogues="625987730" />
  <dart fondledBounces="digamyGuzzler6" kasherQuantedGluts="uncinct" arcanalDevestsInkos="tribracEutaxy">
    <laagersLiangle>
      <chulhaFusilLidar>arousalSandbin</chulhaFusilLidar>
      <yukkelLacking>
        <bungoSulfids>54</bungoSulfids>
      </yukkelLacking>
      <ariasVersoMeant oiler="bloaterAuget">
        <torajaParlousAvailer>36034273</torajaParlousAvailer>
      </ariasVersoMeant>
      <akhrotHonorMumper cantosHubbingFlowery="granageCableCowboy792" stiteZostersCangue="57" obeismSlojdsSupered="649371139" doggieGemelFiacres="ewesSouchet6156">
        <organerLupidMiners>474</organerLupidMiners>
      </akhrotHonorMumper>
      <aoifeCachingTensity ashiver="dirtFaultedObvolve">
        <nesh>soorky</nesh>
      </aoifeCachingTensity>
      <tippledSavants>
        <serosasJostlerSergio>cheapenWaderHereof</serosasJostlerSergio>
      </tippledSavants>
      <cataloTricotsPannade>
        <crookenFettleWhilend>qindar7497</crookenFettleWhilend>
      </cataloTricotsPannade>
    </laagersLiangle>
    <agreing>
      <celsius>724829</celsius>
    </agreing>
    <merlonsZymes>
      <wish>yolks</wish>
    </merlonsZymes>
    <lawnyFuggyUnhinge>
      <turble>lutrinSpalled</turble>
      <unslim>
        <raraPertuseBromid>darghinDeaved</raraPertuseBromid>
      </unslim>
      <pitchesHomologArpents tempeanBrazaDotage="endiaSperateBugara">
        <ticked>railwayRedhead</ticked>
      </pitchesHomologArpents>
    </lawnyFuggyUnhinge>
    <hauboisCubitedVolvate>
      <alantolZincky>tarliesMaioid</alantolZincky>
    </hauboisCubitedVolvate>
    <phytoma tarpeiaSkerretChicky="anzacHeirloRestem" drinksHymensParfum="livAguamas" surveyTomes="353" blartTeather="enpiaInbread" rhedasEmicate="genlWithyAmongst" shikarGummagePigful="twainIxodidAred">
      <cusses>92717</cusses>
      <kabiki gulperRanjitGracer="equant">
        <ensafeLabrid>12222</ensafeLabrid>
      </kabiki>
      <whissPeahensGoolah burringTurner="wittedStraint" tutorsAntisiFlooey="cowskinJujube" incut="bombayRasourAkoasm" estableCasimir="odylesLevies">
        <lamdaMccoyLakatan>coffsBlushedSuccah</lamdaMccoyLakatan>
      </whissPeahensGoolah>
      <kolsunTownetDepone blip="zechins" gruf="snapCharta" dizenBeckieTokopat="ingineLoathe" kochStchi="solenBovld">
        <witterPythios>phraseWran</witterPythios>
      </kolsunTownetDepone>
      <idyllicStreaks fleayBottHalwe="2775" wurleysAskable="721993">
        <shiite>faffleCrinal</shiite>
      </idyllicStreaks>
      <enchase cuddieRisiblyUlpan="hughes" adodOvocyteBedews="greith" chechemMulloidRoomthy="usneoidMomser">
        <carksFormose>4</carksFormose>
      </enchase>
      <subjee rabot="xclThird" turkizeVaguio="jizyahAdzooks" kowbird="caiTroddenDumped">
        <entree>jefeStatusOvolo663</entree>
      </subjee>
    </phytoma>
    <copehan>
      <adornerTaenian>outsang</adornerTaenian>
      <menacmeCopying gentman="intubeUberantRighto88">
        <trumpet>betowel</trumpet>
      </menacmeCopying>
      <famefulSequelGreeter vappaTiradesKuchen="chapmenExacted" catgutWeetingHooroo="terrasHomily" gurryContend="ligase88">
        <cavated>70023</cavated>
      </famefulSequelGreeter>
      <flexiveHenting societeSapors="moucheWarmenVerenda" piaAlmemorUnfiend="99136984" pomoloTimetrpMonte="seljukCawny7178">
        <cnidaSipageBelloot>lustres</cnidaSipageBelloot>
      </flexiveHenting>
      <paulineRoyena milHoppityStoop="342" parkeeThegnsNeck="8">
        <megrimsEspaceAlumnol>812</megrimsEspaceAlumnol>
      </paulineRoyena>
      <etruria phrasedAmpulsCommas="leudCaingin" probabl="lustingPatriceMolman">
        <cribralBvt>ceilingDehortsBaubo</cribralBvt>
      </etruria>
      <thrymsa mulder="adorantHoused" intortsGriddleQuiche="agcy" songkokNoecho="mushedCubic2449">
        <sondeDecurveSiper>162489947</sondeDecurveSiper>
      </thrymsa>
      <nisiMazame armoredPat="nuculaCytolRiot" akinetePopdock="5979" tylariTipi="airfoil" paulieCantle="stayingAmadou">
        <clethra>1039672</clethra>
      </nisiMazame>
      <tropistOldened>
        <boulimy>sizzing</boulimy>
      </tropistOldened>
      <leptidHirePotting dipygiFulling="begazedBowker" bedull="unraspy">
        <cannon>squalidDisdeinDados</cannon>
      </leptidHirePotting>
    </copehan>
    <epihyal turgiteBabbyKochab="nike" unrareElfins="wishedShookServile9" cymbals="unleft" towlike="14" talFundicGuars="dallack" planedSinglesBaybolt="diapery">
      <zoidReply>notion</zoidReply>
      <butyryl hubbob="quoitsConc" endgame="jazzierStenar" juhaHutiaWaverer="swede">
        <scruff>sassy</scruff>
      </butyryl>
      <tetrodeAbdestZootic ovenmen="turtlerSulking">
        <tonemeUlidia>garnetz</tonemeUlidia>
      </tetrodeAbdestZootic>
      <anjan>
        <inclips>lutecia</inclips>
      </anjan>
      <cumulet accueilHolloed="unfreed" pyxides="5820737" cairnedLegati="bribingCythera">
        <welkinsKotwali>wardensVialsGloomed</welkinsKotwali>
      </cumulet>
      <pontageDeluge>
        <pooch>defterBrierAmbling</pooch>
      </pontageDeluge>
      <nesses mousedElliott="96825">
        <anfeeld>cancerComfreyPercur</anfeeld>
      </nesses>
      <mayenceSorerEctiris wiremanPlantaCurns="tantaraIntext" unsoot="42" medicNowedVolutin="himatiPaip35">
        <gravers>loweite</gravers>
      </mayenceSorerEctiris>
      <synopsyPutsKenya lekanai="arrestAvidous">
        <mixtionCricoidRittock>dungol7</mixtionCricoidRittock>
      </synopsyPutsKenya>
      <pes>
        <vigone>getae</vigone>
      </pes>
      <caberLashesRakish dolessPorkpenTahin="6521233" resees="erkHellman">
        <slumMuclucs>9477545</slumMuclucs>
      </caberLashesRakish>
      <crwths>
        <xylariaMuttonyCoir>wommala</xylariaMuttonyCoir>
      </crwths>
      <axillasDubbing>
        <flewsTeres>servoGigheSubnote365</flewsTeres>
      </axillasDubbing>
      <eclogue uncloakEland="straletSenhorPentad" btlFinch="mikey" enchafeSophMiddest="321" ladlers="kidneyTilburyTentier">
        <gemotsGlynLoukas>gundogMesitylSnake</gemotsGlynLoukas>
      </eclogue>
    </epihyal>
    <duskish>
      <seedpod>lacmoid</seedpod>
    </duskish>
    <thenneCarniesNimbed>
      <agarsMudcaps>awhirlResina</agarsMudcaps>
      <mergusSleetsHydrase oviform="ashame" sprung="scullerGustingAffair6" faeces="goldtitBobberDabba" faenus="plasmas">
        <kakasHecatic>zenick</kakasHecatic>
      </mergusSleetsHydrase>
      <evolve justinDecoke="requestBaguetsQuaich6" anglist="bigaeLocus" remipedElflandReagree="41">
        <sultamSearerCurupay>salm</sultamSearerCurupay>
      </evolve>
      <leucismGreened reyokedJustineTewed="40371637">
        <useablyFolacinKahar>presentAlga4</useablyFolacinKahar>
      </leucismGreened>
      <whitishBrioche ductalBeeps="sickles" costeenCommarkGains="6" tussock="sriramRiddler">
        <chemins>twazzy</chemins>
      </whitishBrioche>
      <remotedUnbrown anergiaSadaqatPinolia="15">
        <ballanTeenieCafh>culices</ballanTeenieCafh>
      </remotedUnbrown>
      <tunedReavoidSooth>
        <rosilloGenette>18761634</rosilloGenette>
      </tunedReavoidSooth>
      <ashcanFosset victimsSadderJapetus="6">
        <museTamarin>caderasSurfingAnnule1934</museTamarin>
      </ashcanFosset>
      <aimerBigness maggie="rindlePifflesAscents">
        <meindrePickledFusc>9399652</meindrePickledFusc>
      </aimerBigness>
      <skaselyWicket wrackTriose="latchedBluelegFervid">
        <zekeShapedRotunda>pouchyHeroineDeluge</zekeShapedRotunda>
      </skaselyWicket>
      <humlie>
        <hootsBondageUbc>mixiteUnlent</hootsBondageUbc>
      </humlie>
      <britzkaKumysTrt skee="nimbEmanent">
        <storiesCarusSprunk>goodhapMotile</storiesCarusSprunk>
      </britzkaKumysTrt>
      <insteamAedilic ptisan="giuntaAscotsCowgram">
        <servBoat>emotive28</servBoat>
      </insteamAedilic>
      <svgs>
        <retrainEdenizeVoidee>ashcake86</retrainEdenizeVoidee>
      </svgs>
      <premies cainianRivage="trogon" pricers="5" pinnockBatty="sulk">
        <grugrusGlutealTelyn>petioliZunyiteVrbaite197</grugrusGlutealTelyn>
      </premies>
      <guarFrissonCafe tactite="lusk" proagon="harayaAahedCedent56">
        <cuffinChianti>redeemEmbalmsIngent</cuffinChianti>
      </guarFrissonCafe>
    </thenneCarniesNimbed>
    <chena>
      <hormos>dourest</hormos>
      <lowboySorgos selli="anheleHapsSkelper" nauch="daer77" acnodalEngloomSnubber="59">
        <ceibaFratch>2123</ceibaFratch>
      </lowboySorgos>
      <satinyYentas morsUredinePinery="86" averishTacet="chartBourbonChops" lordsEstrich="shelledSinewWhimsy" adonis="vadoseImpostTumming">
        <anywiseOuthaul>321668</anywiseOuthaul>
      </satinyYentas>
      <micksRamee prising="541" salivalSnidestBeings="molesAbettorDejecta" becallCockney="bryales" baskishPossum="fainly">
        <probata>5592850</probata>
      </micksRamee>
      <escryReleadWearied>
        <reprunePitawasInbow>tubingBigas</reprunePitawasInbow>
      </escryReleadWearied>
      <handarmHolderHircine>
        <loris>snuggedSemesOutr</loris>
      </handarmHolderHircine>
      <eyrantFermeMfg nudgingDouserTypical="2" maneges="piceinPremuneManward">
        <vahinesBarnful>556051</vahinesBarnful>
      </eyrantFermeMfg>
      <darryl graceHazeledAlmique="671644497" hungersSheughsMermaid="girdleUndragEjusdem" thatdFilmsCodworm="praamsUbiiGummata3">
        <defoil>pubianNoxaFlaunt70</defoil>
      </darryl>
      <ablinsPrys mittCicero="gnammaTrancedEstrin" eaglesUnsnaps="nenesAlary" kelebeFeods="juncat">
        <navyCapronMesost>tingAlody9</navyCapronMesost>
      </ablinsPrys>
      <feversPythiadCos thynnidTympana="qtam" abbotTeesOverest="5528841" rhymingEmer="chess9859" ohedTensome="lesghBeloid">
        <panganeHogship>fairingEmpair24</panganeHogship>
      </feversPythiadCos>
      <widegabInsanieTimeout eurasiaSilds="73">
        <buttJasmineTipless>bochurPenicilBitting</buttJasmineTipless>
      </widegabInsanieTimeout>
      <dalaponSuwandi majagua="100779677" aborts="exesionPokomoo1" wauchleKernoi="wagonedDarn">
        <resumedEnnedraFlyover>biacidGreaveCurial</resumedEnnedraFlyover>
      </dalaponSuwandi>
      <haggedLiegesSulkily cinclisMias="nonepicEvenlyPewless" qurushLetuareTroked="kafirinThillsBaroko6263">
        <morfreyAnusUriah>gobline</morfreyAnusUriah>
      </haggedLiegesSulkily>
      <teucriEnviron>
        <glimeCensive>26440</glimeCensive>
      </teucriEnviron>
      <frothiAdaize mekbudaDupe="14666" drudger="thewsNurryListing" ionismSensual="94">
        <filacerMargins>ickleOutworkTimider</filacerMargins>
      </frothiAdaize>
      <clarty enoplanVizzy="iliahi" shrinkyCreamed="myceliaHede" epitomeBonaghWoldes="melange" unhentSuttaOutcame="counterGlochidOsiris">
        <bethelGrasperPeytrel>834805905</bethelGrasperPeytrel>
      </clarty>
      <fluentGamutVidetur staup="nantsExactasGlacon" looeyHedging="8295" flingsAteleneElytrin="deixisDoctorDigenic" whitiesUrticalPriori="overeggRevAld">
        <ripa>vitrineFinnickMulatto9</ripa>
      </fluentGamutVidetur>
      <scantleLigulin>
        <uniquer>eugonicAlfirk60</uniquer>
      </scantleLigulin>
      <soget kamichiSubvola="simon7715" trypsinStimUnlumpy="tagging">
        <argued>fittestExtort</argued>
      </soget>
    </chena>
    <gucks acc="neap" bistre="hyperBeefingTrompil">
      <tomatoByline>mandate231</tomatoByline>
    </gucks>
    <dretch>
      <auluKashima>1751827</auluKashima>
      <burnishZiff psych="spinalVolumesSlimmed" syncTice="persea">
        <omnibusLuggage>5</omnibusLuggage>
      </burnishZiff>
      <wailed>
        <hewgh>incampLeaferyWaggy</hewgh>
      </wailed>
      <trainy vidianYappyDiener="798" marverPlySeen="6460" adaminePicard="unowingBendSophism">
        <ungod>sonantsBurglesTrypa</ungod>
      </trainy>
      <arerola deflowSabalo="144" testonsCarls="tynedSkiwearGether" atreticGuss="miltonPatPhossy99">
        <agnean>liguresRedfin</agnean>
      </arerola>
      <pogonipDyeingFaxed worlds="proreanHandoff" whoppedLierneNonstop="wadmols">
        <baconNeseRabbled>echardsVehmic</baconNeseRabbled>
      </pogonipDyeingFaxed>
      <logions haunterLeaflet="zaparaLoadumCompear" pyruvic="cocos" naled="rewhirlAbrimPopover" trowthFarcialSyling="unfileCytosin">
        <heiferSleathyReave>bertramCumarTommies</heiferSleathyReave>
      </logions>
      <niyama fluorsCorbie="hoerBefan" sexedSpinoffPons="glare" gougingDothPooped="4428140">
        <buransVirtusKral>upeat</buransVirtusKral>
      </niyama>
      <devvel barlowDurityJokiest="enislesAchar" avensesWrootStoat="duckpinInstLatinos">
        <lower>pieceAmplectExempla15</lower>
      </devvel>
      <faust>
        <tagaloPostieSvan>chimerePareira</tagaloPostieSvan>
      </faust>
      <stirpRam pharian="putterMasuPanner" pokiestCakesShootee="semilorGatewaySolos" brisksWaderCystose="715776479" griefsPlebifyIberes="gummageQuay">
        <intones>misstayBulbelUpbrow</intones>
      </stirpRam>
      <fuels waddingViceProbers="metonic1037">
        <stumpedRiglet>genuineRosatedAlined</stumpedRiglet>
      </fuels>
      <wizardsPirootCarbide>
        <baccaeHeedingClags>gooierRouseAshless</baccaeHeedingClags>
      </wizardsPirootCarbide>
      <lyeHowderWallman racier="twyverMowerRypeck">
        <zarfsTrypticScuddle>483</zarfsTrypticScuddle>
      </lyeHowderWallman>
      <carpool wantfulBeat="712588589" admiralCheeseSkites="cruddedScruffyTabriz" sonsyXviiOrgiacs="facerCreelCheka">
        <erosive>fizzleMizeSwaths18</erosive>
      </carpool>
      <tahilMystSawman wolfdom="sins" floor="entityScrewsToppy" faltereGardeenCoining="haylage" brusker="8377">
        <epigeneGyte>orkhonAlmaine</epigeneGyte>
      </tahilMystSawman>
      <bodySiena mosetteUnguyedAeolia="quiblet" meselyAnguria="kophExedra">
        <chiliUmiriMorbose>353</chiliUmiriMorbose>
      </bodySiena>
      <ashamed unruedUriel="killing">
        <anyRetrustHogg>udellOstealPreburn</anyRetrustHogg>
      </ashamed>
      <cratesDactylGerefa>
        <caliph>kakkeEsprise</caliph>
      </cratesDactylGerefa>
      <pedant bolag="illupi" peglessChecke="isobareEthanalAlaster452">
        <electFathersFunky>crania</electFathersFunky>
      </pedant>
    </dretch>
    <hansardWastesCsch>
      <intrate>owes</intrate>
      <flated boopisOtocyst="occursePap">
        <lucresMysostAnolis>archery</lucresMysostAnolis>
      </flated>
      <maimsPallingCookery quoit="68884" mordentUpridge="weightMayhem">
        <purohit>73</purohit>
      </maimsPallingCookery>
      <denier pintasSapiao="periwigUncialsRulings9">
        <patness>urdee</patness>
      </denier>
      <decrial>
        <tubaClow>608974016</tubaClow>
      </decrial>
      <talk polkAulder="umbra" cedisClasserMacaque="overbetBosherRoti">
        <thornen>84275</thornen>
      </talk>
      <diaka cloggy="vibrioLarded" ostmenRagsWatered="49" follyArgiopeMacacus="179177">
        <strothSignal>costlewAleikum</strothSignal>
      </diaka>
      <gessCoronisMonier dangersDamn="moduli" rowlockVolvate="luckies7" herbal="impagesAlmoner">
        <pulpalWournilNoology>burningTopogAutopsy</pulpalWournilNoology>
      </gessCoronisMonier>
      <ixiaCourserSparch ferricMashlinIodism="doebirdDeary" vaudiosSparverFlowery="anonangAreitoLensman739" kismetScfmSarangi="vexerAlumnaGanner" vallarGubbinsStomal="defrostLakatan61">
        <cipangoLepteraAroid>daurnaPotato</cipangoLepteraAroid>
      </ixiaCourserSparch>
      <spaviedEyliadBusts rawhideInosineSkibob="88149806" chaise="3179" snoozed="tomcat" banat="shuvraPadrino">
        <paredTwilly>confuteSubgTeratic</paredTwilly>
      </spaviedEyliadBusts>
      <methoNavarch>
        <spavietObsequyMiliary>slushes</spavietObsequyMiliary>
      </methoNavarch>
      <kinksWoos>
        <lorimer>manserSandmenEskers</lorimer>
      </kinksWoos>
      <shnapsDaubs craisey="mound">
        <gobiid>fauves</gobiid>
      </shnapsDaubs>
      <wigfulAiry>
        <rippleCrepierEcart>lifeyColobOvines</rippleCrepierEcart>
      </wigfulAiry>
      <monkismCashboy purpleFogless="974180863" falling="swingedWiliestCaxton">
        <ibanagCabletIntend>14235257</ibanagCabletIntend>
      </monkismCashboy>
      <pinksOutblow centileSantoBasses="triformPrizerVatic" aggers="sinusGrawls3" heathsNugatorApodes="79">
        <nhan>652938748</nhan>
      </pinksOutblow>
    </hansardWastesCsch>
    <agora coudIrkedBalti="etamineCourserRameses" faitour="csnetBleaks" hastHovered="monthon756" comfitsSynange="94" omphaliGunlKippers="wagingYechySesamum">
      <styany>1267071</styany>
      <terpRapidlyGoobers asbolin="bimas4950" antihumNozzler="climbedDrevelBlackie" unsowedToast="28558596" dultieChaloth="5443">
        <helledOncia>formin</helledOncia>
      </terpRapidlyGoobers>
      <chutedGibbetsEtagere unsaidForworn="renewerThermeDanuri30" skinkle="jubhahs4" damping="kaduYogis">
        <nitersAntre>asaddleLilts</nitersAntre>
      </chutedGibbetsEtagere>
      <sickler>
        <lulu>buriedCreadVeteran</lulu>
      </sickler>
      <apteryxStellio merino="septum">
        <tiarKnittedDebi>vims</tiarKnittedDebi>
      </apteryxStellio>
      <ingenitPostwarMonster weftedGuttuleSculp="nude">
        <comalsGuser>jewedJazyLemma</comalsGuser>
      </ingenitPostwarMonster>
      <whutherFunkSharply seizerDealing="tablitaWulderInwound963">
        <taroksExcoctLeste>kiefSwobbed632</taroksExcoctLeste>
      </whutherFunkSharply>
      <girderLeapful>
        <groggyBabi>sil</groggyBabi>
      </girderLeapful>
      <holiestBrucins puteal="widdrimWiversTariff">
        <dupatta>ojibwa</dupatta>
      </holiestBrucins>
      <fitrootWilson talusesMonofilCosse="osmaticTebbadShure" testedTylionAngers="conjectAftwardTandem702" heiniesPrecureWef="47">
        <numnah>kapa</numnah>
      </fitrootWilson>
      <boutrePanurgyRyukyu achras="2947" efforts="engreenTictic">
        <serosaMimeoedCues>flambeEnfireQuinon</serosaMimeoedCues>
      </boutrePanurgyRyukyu>
      <balls mitier="440109" metingLazeAfforce="aptianaTapas">
        <swipper>steradQuake</swipper>
      </balls>
      <bowl amuCluster="slayers" diwata="arvejon1">
        <loured>226</loured>
      </bowl>
      <guavasShauriDefends eikones="defiesGlom" funnyLaagerStuss="crambleDupes" natch="heuchsProudNots52" milton="gregalUptimes">
        <monachiCocklyMeting>btlTansiesQuinse</monachiCocklyMeting>
      </guavasShauriDefends>
      <imper loppedDrenghShuswap="shopeDefoams" miamiCudbearMott="46159735">
        <idlerTarres>papioDrent</idlerTarres>
      </imper>
      <feddan devalueSturt="unapartSangir" bogued="impugn" thuslyPagus="8" tinnetCulexLagered="whortle17">
        <zenonic>okerCopable</zenonic>
      </feddan>
    </agora>
    <teaseCurly>
      <sinapinMisbrew>nettieFerfetLilac</sinapinMisbrew>
      <loomedNagaikaTousle moseyedRestive="sorghosAlliceTunnor">
        <denuded>recordsWheezesOsperm</denuded>
      </loomedNagaikaTousle>
    </teaseCurly>
    <semichaDegames>
      <harkens>gypsiesYanks46</harkens>
    </semichaDegames>
    <splurgyPacateAllower overletDorbel="meatMatronSwow850">
      <lyricsEnthral>laganYern</lyricsEnthral>
      <rehired hachtRuckle="pedreroRundles" unwarmAltaidKahunas="legesPhonies" shaulsAbaxialSprowsy="adjurerKiddiesAmylon">
        <envier>plebe187</envier>
      </rehired>
      <treadleDefisSwivets uppourNatrajMurrion="refutalDecrier" vergent="reswardBifocal">
        <reptantThymsDefogs>gynecolAloetic313</reptantThymsDefogs>
      </treadleDefisSwivets>
      <ipilAutoMoonite olam="crockyWinfredPea">
        <groset>galaCingulaRectify343</groset>
      </ipilAutoMoonite>
      <waffle saraScanian="lampPasseAloysia" erinnicEntozoaMuscade="sots">
        <trabalCree>genuineKaffirs</trabalCree>
      </waffle>
      <maniac>
        <escrollMislaidUnprop>lictorRfs</escrollMislaidUnprop>
      </maniac>
      <centredFayalSinon foetidYarnen="rullGivensYamato">
        <gladitePeds>stycaGrimsirDunfish</gladitePeds>
      </centredFayalSinon>
      <panimeSirupy>
        <qtoUnderli>gradGhborMarse</qtoUnderli>
      </panimeSirupy>
      <glettyGybing pumperUnfileAborted="kiladja">
        <swotUltrasTurfmen>1759</swotUltrasTurfmen>
      </glettyGybing>
    </splurgyPacateAllower>
    <wresterShitten wiseguyWaspilyOasean="baboonsGallup4949" biddyPastern="cavdiaFuzzedJamnut5309" bajoireCaamaLure="musting">
      <atavusSalivan>mattinLususesAquatic</atavusSalivan>
      <monica downingHaye="effaceScrin" sexfoilLall="wightlyJorden2065" bidersPropersYack="3929097">
        <blouseErodeMaycock>crappleBussockAlkanna</blouseErodeMaycock>
      </monica>
      <idylistJostlesGelofer parlourForheedBossing="borakMuscled3631" sundekDoper="bangup" known="pycnid7" dekingNavahosNogal="fadenCodding">
        <gaywayCallboyGibbon>frogsChiasmiCharta</gaywayCallboyGibbon>
      </idylistJostlesGelofer>
      <scawl imcntNigged="84894112" shealsSecernsAlcade="daimioZonelet" parkee="sweeps9" glairedSnicket="davielyMottles">
        <arabanSusi>bothie421</arabanSusi>
      </scawl>
      <reannoyBepeltBought dismark="whilsSacrate" dryopsGroserFulness="usagesLorry113" boutonsTlo="56543496">
        <fusions>aboutsSistani</fusions>
      </reannoyBepeltBought>
      <chatonsAlbainnAlibied>
        <haulageOctaves>innateEchingRipely</haulageOctaves>
      </chatonsAlbainnAlibied>
      <hemine dakotan="saurSpurts" jeedAcryl="loyallyMuffishOkonite">
        <weemen>zestfulDrovedGimble</weemen>
      </hemine>
      <pimentFusillyNorward>
        <armpadSaniesUntruck>pontonGophersPross</armpadSaniesUntruck>
      </pimentFusillyNorward>
      <shahinReloan tapetApiculi="scalyPacayOrpheum">
        <phaneSwabby>celiacTruckieSulfite5</phaneSwabby>
      </shahinReloan>
    </wresterShitten>
    <vesperTurPained cowrie="feruledRestaffPuteal" alipataNoneIndan="dodgery48" seroseScandia="tabithaCrowns" dansy="enalidGamuts" unbrokeAmbrain="malaiseAgialidCalfs">
      <annuli>askoi</annuli>
    </vesperTurPained>
    <linleyFatuous>
      <stanekMascotMyocele>shasta</stanekMascotMyocele>
    </linleyFatuous>
    <imagismSeseli>
      <spinageStiffen>whammoPiffledWych</spinageStiffen>
    </imagismSeseli>
    <nowaysReknow>
      <amtracs>446015056</amtracs>
    </nowaysReknow>
    <smirkyGlutael tyauveTocherTherm="starverInlets" upstep="tautogsAgeless322" wassie="tomrigWicopy" krna="1" chulpa="swarthyArtarinEstrum">
      <sawanTrindleGamely>corpsPohEryon7519</sawanTrindleGamely>
      <lophiidRootcapTelurgy ponchosTithingLain="crispenJeanne">
        <frenaPinnersPeiktha>dislock</frenaPinnersPeiktha>
      </lophiidRootcapTelurgy>
      <kalkvisDeisealScaling comedoRabatosFother="tmhAccedes" wroken="hygromaSparple">
        <notableFluavil>jixie</notableFluavil>
      </kalkvisDeisealScaling>
      <eidersRejigBlae scads="aniPosadas" shamimJinkingHygeian="ahtBendellIdleman" chinaBersilPoloi="60198777" sory="relessa4086">
        <upbye>franksExpireLushai</upbye>
      </eidersRejigBlae>
    </smirkyGlutael>
  </dart>
  <sellesTactorDesires coppinHooky="haggyPacay" nadiralBaulks="skinfulYowes" obsceneNerves="enwovenNijholt932" parlRead="parersOxblood">
    <margedWarabiSophies>
      <repurge>acer</repurge>
      <pudenda morga="celebsWearied" usqueWafter="stipulaApogamy">
        <click>poromasRepouss</click>
      </pudenda>
      <tirrlieMatkah rillShrilly="infairAnonadTejano" cagefulForagedUranus="9627">
        <slurbow>repuffLoosishPostman</slurbow>
      </tirrlieMatkah>
      <forbled>
        <enlifeDinkumPyx>kempsSnur8</enlifeDinkumPyx>
      </forbled>
      <unpaint bannet="eslabon" gladier="923" targeOrletTrowel="birrs" hugeThelionRetards="5477">
        <chaine>trepans</chaine>
      </unpaint>
      <unclingErns kileysVestralInfit="bumpilyIraqian" chardsRavineSoodly="kasLudoVeeps" coculloBreasts="daylitWabeno" bemeTishiya="railman6">
        <punctum>nishadaRoughetPreidea</punctum>
      </unclingErns>
      <nonoic sampWindups="perukesVinousCityful" jankers="doc" paisanLeviner="moochJurat5950" nump="9261207">
        <tagmeme>denver</tagmeme>
      </nonoic>
      <espinoEng protidOil="1" letrist="zeuxiteSublateEndome">
        <luserClotho>dhuInstamp</luserClotho>
      </espinoEng>
      <doab brutelySkiting="15" achueteDing="177">
        <paramSnight>dairousAmorosoSoaps</paramSnight>
      </doab>
      <chiruChauk>
        <shalakoBortsch>ginkTawpies</shalakoBortsch>
      </chiruChauk>
      <seatangGurgeonGarrat atamansElementRampart="colladaGalgaGola" aholdsAcaena="resnap99" amytal="82485349">
        <adjoust>leonisSqueal</adjoust>
      </seatangGurgeonGarrat>
      <iridiumGibesReside junkingKibbled="aramid" polaryRelaxer="tropaia">
        <habusBaitingObelus>enlink</habusBaitingObelus>
      </iridiumGibesReside>
    </margedWarabiSophies>
    <yieldenCurvant carotolGrigrisStaith="scullogSapOlympus" ciphersPectaseMawkish="7565090" miscookArenas="swevensTuteloTithal7" bigam="prod">
      <bendeeVictus>tangoMazuca</bendeeVictus>
      <morellaDabbing owrelay="baioccoSquawkyCeriums" kojangTallestHushing="randia" benbenCooeePayni="2512268" atrophy="gypsous">
        <pekoesSophian>leaped</pekoesSophian>
      </morellaDabbing>
      <adjustsSloped husking="browed" ssiBiotiteDrayage="94342" vaguely="admixtPythonsPlessor">
        <gabler>573786508</gabler>
      </adjustsSloped>
      <sachemJargonsBasti roaring="delverUnhooksKicker2">
        <bask>seenie</bask>
      </sachemJargonsBasti>
    </yieldenCurvant>
    <avikomSoever swelled="solanin" phasicMonsDelible="4" bezants="tercineEnsigns">
      <rebuke>898596899</rebuke>
      <sitterParlish>
        <demagogBrigadeCineast>coltsSlimish</demagogBrigadeCineast>
      </sitterParlish>
      <wavablyPivalic topes="5" julus="booking" uakariUaupeWallise="iiasa" drey="griquaUnkend">
        <lethalHaverel>octoadFoiler</lethalHaverel>
      </wavablyPivalic>
    </avikomSoever>
    <midribMovingPrecava>
      <sweeterRegrow>pearlinToxylonStypsis5613</sweeterRegrow>
      <airpark upstepsMales="7714468" erodingSudLimiter="bewasteEcad" cardiumFlavid="noisingAsshead" starw="tuneups">
        <hymnaryNowadayBidree>flowery8303</hymnaryNowadayBidree>
      </airpark>
      <midstsRangFelis>
        <taiDidromy>wekasForge</taiDidromy>
      </midstsRangFelis>
      <tierer>
        <hayrakeSploshyIodins>boboteeGobline</hayrakeSploshyIodins>
      </tierer>
      <owrehip forgoer="877" seapostTokamakPasskey="unratedWhishts3008" aweingOscnode="rubby15" aboma="slidedEleazar">
        <dewannyAnoxiasXerotes>mouleFecula</dewannyAnoxiasXerotes>
      </owrehip>
      <sharifDobberFoeship melicaScamp="hetaery" vowessTelegNullo="716516" vanessaInwritMopery="parodyDwarvesSorbian" becketsCouter="outcant">
        <casziel>dzungarAwacs</casziel>
      </sharifDobberFoeship>
      <trichyViscera heynneMoonman="ohmagesTitledVelika">
        <relishy>eelfareCobbledFactory</relishy>
      </trichyViscera>
      <bones amniacTimawaWorked="decimus" mandyiVapourySlakers="666066598">
        <mettle>bolsonBittedCubbish467</mettle>
      </bones>
      <chunksBeati hathi="plantar67" bethumbLanumOffpay="563" amminesForrard="360871484">
        <joyhop>retdPolymnyParsic</joyhop>
      </chunksBeati>
      <pidgins summeryZerdaPalas="grufferKincobThorpe">
        <reflectZorillaTurbot>solido</reflectZorillaTurbot>
      </pidgins>
      <fraillyFarcinSimul>
        <vacuistTeensAgal>696</vacuistTeensAgal>
      </fraillyFarcinSimul>
      <cruceDeary eustaceKelsonsLandsat="36541235" haversVirgo="fermateFlingerSorbus" saggar="exceedsEmlenBestead7">
        <pub>ensiled</pub>
      </cruceDeary>
    </midribMovingPrecava>
  </sellesTactorDesires>
  <phrensy coesUpkeepGaspers="acolythHabu" menkarEnciaDaman="scarcerHallali" />
  <shim />
  <ptomainAmenderJubilar>
    <paiwariEgalite granthiStilet="dehusk" pycniumPulvinoClinked="begarieHynder" biotron="788899136" twin="quiapo" dipsas="smokishMyrtAzines" navahoTaperlyDhaks="4">
      <apogonAuletic>noctule</apogonAuletic>
      <iradesStopperSerdabs gulch="ravagedCalorie" footle="25295" qiblaMagnum="orloOctDudeen">
        <hushtBaffles>chaguarNouche</hushtBaffles>
      </iradesStopperSerdabs>
    </paiwariEgalite>
    <cunjahTackler>
      <gasesTrooly>danakilNonGlassen81</gasesTrooly>
      <chuff crybabyJettiedLag="132065447" eldProrsal="talerTubtail" bogymenVesicalChanger="vinyls" wrox="murinesBurkers">
        <unruleSwards>yapped</unruleSwards>
      </chuff>
      <bergamaGouge uleticPorts="rier" anguidImperiaDaimyo="resend5393" lewisesUmm="94214497">
        <arbaciaPresoak>cissoidRelaced</arbaciaPresoak>
      </bergamaGouge>
      <pikeletJulusBland galochRotamanStudium="oficinaFulmarZeuxian" coaxers="bimbosHosta">
        <gremialLouted>objectFuzzily</gremialLouted>
      </pikeletJulusBland>
      <dunlin chilionEphetic="missaryNapa4038" bobsledDefalk="sextaryBoccaro21" rascetaPouce="bygo" metoac="tushesTrisulc">
        <sleevedPlissesUptie>unfaked</sleevedPlissesUptie>
      </dunlin>
      <aviatesPalma leversCouponHoused="larine">
        <cinchOphitic>6</cinchOphitic>
      </aviatesPalma>
      <lyceumsEndballTrooly megrez="toxicalChihfuChalot" reflew="929" bacury="6760">
        <thrain>baiting</thrain>
      </lyceumsEndballTrooly>
      <loopingCohostDoodled demarks="seredBumbassRatlin">
        <keeking>aeneous</keeking>
      </loopingCohostDoodled>
      <alerceGrayout tripperColmar="tagaloNoosersYds" orletRabbler="202874603" buggeryGladeyeUrinant="havenet">
        <unstockWhin>canhamKlephtsArtless65</unstockWhin>
      </alerceGrayout>
      <cookingGrappas>
        <grimedTungs>trebledEructs</grimedTungs>
      </cookingGrappas>
      <crewsSlumsCasquet guisardOafdomTameins="pepDistrix">
        <decoctPendUnpawed>sarusTeleranReknit</decoctPendUnpawed>
      </crewsSlumsCasquet>
      <beatutiUpfloat jupe="turusPickup" dispulpVigilKenny="inearthUnvest" slavesBaluchOxfords="wrierKalams">
        <mascotsGentman>ricerCamden</mascotsGentman>
      </beatutiUpfloat>
    </cunjahTackler>
    <gulonicTougherWaves>
      <revengeTrotylsBirse>jackyGuysBantoid</revengeTrotylsBirse>
      <swangy clinid="naugerBlebby">
        <obolDraySiamang>418212</obolDraySiamang>
      </swangy>
      <tripartZinebs unsunk="480430">
        <blunkerHarpist>unnakedTubbal</blunkerHarpist>
      </tripartZinebs>
      <pumaLacertaFlamer meritedDovens="73970251" bram="turretsTussursMolds" eugenicReindex="besuitTonguyZumatic">
        <warlike>bruscus</warlike>
      </pumaLacertaFlamer>
      <riyals sumps="bubalsMpbs" carlGuckiTidally="baikieHinoid" lassieVanglo="farsiDoerMesityl">
        <shimsReladenEcotone>tasker</shimsReladenEcotone>
      </riyals>
      <albacea omers="enationBosset" vinaliaInisleOlivary="quoits" chastenClapnetAmbash="705504706" googolsLuteousPareus="piddler">
        <builtinPicein>veepeesLutrinFris</builtinPicein>
      </albacea>
      <purflesRetired bangy="abadaFichat" busuutiAkeriteOutbawl="otoOdling93" miridae="antilogStoolsSixte">
        <capette>maplandCrusetsChacmas</capette>
      </purflesRetired>
      <dyesKarree luralKolacky="79" befist="bourran" hennyChihBabiana="wanmol" tautaug="taipei">
        <setoutMadoquaWadge>tarlikeMonofil</setoutMadoquaWadge>
      </dyesKarree>
      <nunclesSoothed pesewasHoldingJejunal="quirkyHoondeeAceite" etneanCryptoLeeshyy="hogaSubjectClival" malic="hiro" pielum="51916">
        <bilkis>spewed</bilkis>
      </nunclesSoothed>
      <dandleCarles demeans="carboxy4647" arusaFiddleBoud="quokkaGanchGryllos" bangEadish="yearock4">
        <foulderFasts>spunk</foulderFasts>
      </dandleCarles>
      <smilersWilburUntipsy nihilum="kafiriApogamyCymry99" otariesDivider="gutturVichyMasais" antickt="awardeeGillianArloup" endshipXiphiid="piaculaBroiled62">
        <daukGurgoylAtheism>faxingCalcompDotages</daukGurgoylAtheism>
      </smilersWilburUntipsy>
      <quiesce>
        <antickBobbiePannam>cedricOutffedDatsw</antickBobbiePannam>
      </quiesce>
    </gulonicTougherWaves>
    <numbleAdmirer>
      <bryoninDaubs>nibbana</bryoninDaubs>
    </numbleAdmirer>
    <pritchBrissesDefats>
      <domboc>pettiBiggen</domboc>
    </pritchBrissesDefats>
    <enditesTasking vichy="peccaryPudsey">
      <malistImbosom>lapserColima</malistImbosom>
      <orphansOozed>
        <hogged>scuzRedrewSlobber856</hogged>
      </orphansOozed>
      <brawsHarman roperyComptieJacales="ratheMarciteMowburn">
        <dorsiSerfishJimpy>122210</dorsiSerfishJimpy>
      </brawsHarman>
      <cardialDecayer tjandiMildenVerglas="gymsTurkishClaith" surrein="balafoZeburro">
        <naperer>parol</naperer>
      </cardialDecayer>
      <sykes hognutCumicMimeos="marciCripsXiv">
        <larums>7616907</larums>
      </sykes>
      <revertsRikkSwirrer>
        <ectasesLitster>stewing</ectasesLitster>
      </revertsRikkSwirrer>
      <mammutPenestDipolar helipadWraithTagala="ventedModicum" zendosTunlikeDeboist="149" musicMommetAlmohad="6">
        <outgrinPablum>unlevelStrewnWhiten</outgrinPablum>
      </mammutPenestDipolar>
    </enditesTasking>
    <wotlinkThrymsaBluggy archersFoolishMoots="twankay" reused="712258360" mucluc="tilikum" gollyKyschty="piedraVersateCodrus" exodistUpupoid="thusly" penisesDossels="bisexedHeliumsAbdiel">
      <tarpeiaSedgeMalady>unhilly</tarpeiaSedgeMalady>
      <hackeemYoldia reppsAddingNeut="14371185" skef="olofAtwirl45" muchesGorgerGhuz="cequiEugeniaEtapes">
        <naturelGrowingGomari>basural</naturelGrowingGomari>
      </hackeemYoldia>
      <zymicFouldreFlasker tackyFautorGetic="conygerWhacky" spooled="hypsFattest" reavers="9241288">
        <wienieMoreish>25730248</wienieMoreish>
      </zymicFouldreFlasker>
      <glaurAbnaki pulu="5806" habeRoseal="8439">
        <pewyYawny>rasoresCratonAmyctic</pewyYawny>
      </glaurAbnaki>
      <cepPennonsOrblet yahooMetifHooley="vergery" nutpickCalxAllgood="arkieVirgerAttame">
        <palakaRattles>poufNepmanTriumf</palakaRattles>
      </cepPennonsOrblet>
      <aortaLibby msourceManisFerren="saddestDyspnoiHoist" kips="tophesFrenum">
        <aigretCausateVomits>lubricOwleryUptower2641</aigretCausateVomits>
      </aortaLibby>
      <introit seastarUppent="beseemBeidSoorkee" cippusChaloneJimmy="lenticProxied57">
        <headend>lateenMayweed</headend>
      </introit>
      <sinless citess="beehivePublici" nubbled="bojoBouffes" boilMattoirDaunted="flanque" ladlesFallalsAnthryl="demisedSlype">
        <biotron>voraz</biotron>
      </sinless>
      <pollack sibbJiggit="winklot146">
        <raisinyJows>tavsCoatingHallah</raisinyJows>
      </pollack>
    </wotlinkThrymsaBluggy>
    <apoplexTrappedBating soddy="cadeau" marmSkaldsTumbak="clunist" tandoor="beliliPaysagePloat" arnica="techedUpfill" reflowFerular="trow">
      <scamsEurytusShirk>skemmelAguishSandbar</scamsEurytusShirk>
    </apoplexTrappedBating>
    <danaideElitist>
      <kedgyGinksEncrown>xenicTattyPrussic</kedgyGinksEncrown>
      <flutierPiroghi sivaism="parodiInjury" khakisMorphosConvect="inulins" boxroomCaloolFlocky="keying">
        <uprear>bodkinCreate</uprear>
      </flutierPiroghi>
      <intowerJobname lochiaSaulieMawn="whambleSweven" pinguin="altaicAbunaLumeter" miao="krubutSarin2043" norieRasingDekare="lardoon">
        <optingVasuShodden>cornilyEntails</optingVasuShodden>
      </intowerJobname>
      <snobolSavoursJudas>
        <content>buccanTomrigBulkage567</content>
      </snobolSavoursJudas>
      <kernelsGybesCajeta>
        <mamersEmbarksAsst>petfulAtmosPhrator</mamersEmbarksAsst>
      </kernelsGybesCajeta>
      <burnoutGrannomSuffer takosisFemoral="fuhrersChanty" nettedSpitkit="porchesRefires" tiltureSibbed="unbrown" garLeumaBurelle="germsUnheld">
        <alcaabaBeldamBrats>frounce</alcaabaBeldamBrats>
      </burnoutGrannomSuffer>
      <bowsmanReluct gnomic="dobiesAblator" tim="refillPepsis">
        <efts>prey</efts>
      </bowsmanReluct>
      <mahmudiTwankay yankingLumpman="forepawImp">
        <parlyBredi>59547</parlyBredi>
      </mahmudiTwankay>
      <soxSpicerPandect subaidSuppostKyloe="impalmLawzy">
        <roadLubbard>556</roadLubbard>
      </soxSpicerPandect>
      <outrMelteth beclad="fipples683" outwent="eclogue" rutaFliest="dunkirkPartlet">
        <wapitis>reformBesantCtge</wapitis>
      </outrMelteth>
    </danaideElitist>
    <savored>
      <bulchin>nostrumMuffShavese</bulchin>
    </savored>
    <tilesEdentalCharges eupneicOlpesBlets="whelpsStases" bigroot="rastusForageBukat" gurgesCarlinsReduct="8" jantuLarreeFez="oleana" dirdumsFloeyGiggles="myself841" osmiteOhing="nostocsOfftake">
      <speight>350</speight>
      <trifledCatDevisal kowhaiJehovic="8404057" flawyTaryba="detinetSynoekyFogdom" durgahBomb="feeing" grizzleLunk="crileDetour">
        <arrent>buckeenTrachleIglu8089</arrent>
      </trifledCatDevisal>
      <ulnar>
        <extillProsalYecch>shree</extillProsalYecch>
      </ulnar>
      <outbeam kellies="dakotasHems">
        <exitAnglos>drumsVinumGamp9</exitAnglos>
      </outbeam>
      <huck summingBuick="lurYawpedMuzzier">
        <armlock>kokan</armlock>
      </huck>
      <ourieBiggy nobblesGifting="dunalTeioid" witeDaricsSurnape="5">
        <tactus>haftSlosherAloma</tactus>
      </ourieBiggy>
      <lockpinWaxy>
        <sampler>khatsCzaricCtn</sampler>
      </lockpinWaxy>
    </tilesEdentalCharges>
    <cleaved naziismPorionAngle="siltsKerner" gonionAlesan="candorsDevestMoiley1976" acuerdo="mallowsChacoli" kagusHarkenSeafood="clusterSalchowPatter57" raaschAsherLhb="bozosOwnness">
      <zombiesBrayed>41990169</zombiesBrayed>
    </cleaved>
    <estab furcalIntailSideman="batonga" enodalPyrazinCoughs="317160" callas="scommHydatid30" klutzyUiguric="12348">
      <uranylsDancesCleeks>232</uranylsDancesCleeks>
    </estab>
    <nymss>
      <lanificWealden>boglandHiemateEnlink</lanificWealden>
      <unshookWakeman>
        <ivrayDeejayChkalik>yaruro</ivrayDeejayChkalik>
      </unshookWakeman>
      <pudsyPropersTallier icesWhale="bornean" gutt="lappsMacCarving5921" dilutes="housersJacob">
        <fec>1645</fec>
      </pudsyPropersTallier>
      <papagayKitamat precureRomainDidna="bakerOzarkSude" arcidaeEncase="kevelHunkyShrive6337">
        <wokowi>serolin</wokowi>
      </papagayKitamat>
      <weriDubsCuitle poverty="bumpkin4" pressCuppin="21" majaVrilMinery="recycle" remendsBoultFaecal="yesoWhirredGowk">
        <snuglyUkasesFlongs>1</snuglyUkasesFlongs>
      </weriDubsCuitle>
      <feistyCaphsHatpins ternBesnuffMaja="morbidWabuma504" dioramaGrilles="halalCliquedMyomere">
        <fakedEroticaEgoist>orle</fakedEroticaEgoist>
      </feistyCaphsHatpins>
      <fliting>
        <placerBearerZapateo>atomizeNotingZymosis</placerBearerZapateo>
      </fliting>
      <gpadBasinetPiling adwesch="pomane907" fumuliShulnTraitor="sikimiVentingOriolus" oilsBeeway="899" punches="slipupsCulebra4104">
        <oblataKishen>32430221</oblataKishen>
      </gpadBasinetPiling>
      <plautusFluvial geogenFishletMormaor="palliaFlockerAry" teaism="calanidFensiveAdenoma">
        <tipburnVakilUpdive>fiaschiJutish</tipburnVakilUpdive>
      </plautusFluvial>
    </nymss>
    <skeech>
      <rubianThither>zemstvoTicalSatinet</rubianThither>
      <befretLemuelIntruso byardCourty="754" radialSaggier="amebaGreetsAlarums" poloniaDreynt="awny" legator="6442902">
        <ulmate>larvateChinlesKhatib</ulmate>
      </befretLemuelIntruso>
      <bradoonShippenMagahi>
        <creadBankmen>stogiesWithsayVeld317</creadBankmen>
      </bradoonShippenMagahi>
      <keyage anattoTities="slorp" ahemsZooecia="19586">
        <slothGaudful>751895606</slothGaudful>
      </keyage>
      <beiges libeler="audionCobaeaAlethic">
        <harlsHeoUneasy>debyeMarathi</harlsHeoUneasy>
      </beiges>
      <scryerBatherEmploy cereza="3089" berkBoderSessa="skiwyGarethCatlins848">
        <venerosStrunts>lemanry80</venerosStrunts>
      </scryerBatherEmploy>
      <cadmic acrylyl="oaterAdoniad" spectPontist="matzoBrocardAnnulus" wongen="gadwellHexPaniolo" lulledAukletWrote="itoubou">
        <abyes>hamald</abyes>
      </cadmic>
      <tordionCarlsSedums>
        <wurrungUspokeMineral>iridalAurure</wurrungUspokeMineral>
      </tordionCarlsSedums>
      <baktun doriaTalcumsTriodia="detailsGoes" serootHatbrimFandoms="quasses">
        <ridden>heizeTush</ridden>
      </baktun>
      <ismaticPrepupaRaptors nutlike="37548" lanxCrimpedBibber="damsite7564" luteaStrift="detainsOleate">
        <plasterPomes>troakedCaged</plasterPomes>
      </ismaticPrepupaRaptors>
    </skeech>
    <matchesResumedHooks opulus="wallachBungler">
      <craaledTjandiIwa>imamic</craaledTjandiIwa>
    </matchesResumedHooks>
    <brothZombieEmits>
      <shoppedCibolsIdem>cavaeCrushAdaize</shoppedCibolsIdem>
      <knarsUntamedDashier amazingTriazo="61944" killersTarrie="nosesHushing" waddingReserve="nadirs" releivoVicesMoms="upsuckQed">
        <innerly>rimming</innerly>
      </knarsUntamedDashier>
      <meeksSailyEscry aramu="264217938" annonce="ferrate" estersCleaves="2372156" ranatraDestroy="stadiumFracid">
        <pepos>4357</pepos>
      </meeksSailyEscry>
      <wolfBirdmen paulineChideTitoist="alloxanPleuraeUproars" flutey="argoticNudges" lucksFinlet="esplees5" thistleHipmiBarter="3965">
        <tolidinSnafued>cuffin</tolidinSnafued>
      </wolfBirdmen>
      <misfall grewUnsatin="brankieEverts" flasksEldBleaks="loot410">
        <spissy>gaycat7</spissy>
      </misfall>
      <linenerEably aviateBiggingMaydays="sturineRapidoChangar">
        <sravakaPtaAbsence>2</sravakaPtaAbsence>
      </linenerEably>
      <cord washday="13061627">
        <seguesTweeseClips>5976882</seguesTweeseClips>
      </cord>
      <lowboyBauchleChunky atazirSciathLaeti="foxily9003">
        <rasedImpede>morassBergereProc</rasedImpede>
      </lowboyBauchleChunky>
      <oblastWingierEgoism bentletEncoder="okrugGorcockUncut">
        <europe>racier</europe>
      </oblastWingierEgoism>
      <plainOvaRhomb myrica="inured">
        <milvusEremicGawks>dapsRingers</milvusEremicGawks>
      </plainOvaRhomb>
    </brothZombieEmits>
    <groover stew="phallicEmmetTritish" clobberVoteen="arborerVirtus" snerpKutchBasalt="algaliaFortier" lippiaFranca="4494" snakedAbaserPavis="bowwowSynedra" bludgerMuong="adielTupelos">
      <ingotedScrawlOrgans>820</ingotedScrawlOrgans>
    </groover>
    <likensMarkupImplate>
      <nonce>beamageEntoil560</nonce>
    </likensMarkupImplate>
    <cusksVedette slock="stilled">
      <screwerClatShikar>306519491</screwerClatShikar>
    </cusksVedette>
  </ptomainAmenderJubilar>
  <locaterPogeyCodol risalaCifPresaid="almuceUnknot" feus="oomiackBraker" beliteWhatBlueleg="brittlePleads" disring="91">
    <securesDarnixTamenes pulsantSploshyBesugo="carbeneFinable3">
      <pondy>61475</pondy>
    </securesDarnixTamenes>
    <doyenneHugerHipe fulgentPeonsStrack="skreeghPotass9254" fanteeGillot="pinites4241" aniRacialDicky="tamablyChivy" rheaNealSkelter="elvers" cachrysUndog="spait">
      <apedomBursa>eighths</apedomBursa>
    </doyenneHugerHipe>
    <cosmismMurkier ceryl="ligule" aahingGrata="tottingValet" carpetsUnvalueCarduus="648297786" elmHopped="colfoxCubhood" mniumDevonQuashee="womans" serootSeqed="145100">
      <chill>unfeaty</chill>
    </cosmismMurkier>
    <millersSpaits fadgingHumoredWaxbush="77" lancedKhedah="dalemanKipskinTernes" gunningGasconsCopsole="44303" weenongIllus="spurreyStellio" waygateRhenish="41281646" turkify="picotEger653">
      <linleyMoistly>7</linleyMoistly>
    </millersSpaits>
    <nerolWhewlHonky>
      <hordaryKippur>danaeBleep</hordaryKippur>
      <scytheUnpetalMootch>
        <toddite>tinean862</toddite>
      </scytheUnpetalMootch>
      <bizenSurasGasboat tempted="swatiOaklingBaker" traitorInto="tribualThugs">
        <scodgyBawra>spalledKongMummify87</scodgyBawra>
      </bizenSurasGasboat>
      <forerunUnboltHealers>
        <relineHemineeTinkle>mol355</relineHemineeTinkle>
      </forerunUnboltHealers>
      <similarLeafboy potassChums="unction" mendel="etaerioAbatic" scalpelSimblumMyases="99406">
        <lacmoidShroud>cockyHisser</lacmoidShroud>
      </similarLeafboy>
    </nerolWhewlHonky>
    <costard poiserBuretsScuffy="terrainOpine" slacksWigsDittied="99913" soldat="mockingWalkers" lemma="upstate">
      <wardmen>500</wardmen>
    </costard>
    <archaic>
      <unsavedManage>hollooGillot915</unsavedManage>
      <tootledPodical tiradeBrotan="maimsThane">
        <ungirdsSidionAngster>fjorded</ungirdsSidionAngster>
      </tootledPodical>
      <incloseLoutishCockard dellsMioses="bilatiManos" stunRastledDroops="vatmanVitallyPiannet">
        <dornRickey>beothukDustmenBoas</dornRickey>
      </incloseLoutishCockard>
      <repopeCockard deeming="twinglePosthocBoleti" taosCandiruLycopin="dieriBryan" vaireNope="unhairsThaveCantala340">
        <psisMezairChih>hexerisMimmingCopyist</psisMezairChih>
      </repopeCockard>
      <frabous tapismTactfulNagari="giansarAlignedKyoto">
        <spad>ingrateGelled</spad>
      </frabous>
    </archaic>
    <recuts junc="tinlet71" ellwandHonkerFilmdom="skilled9967" fundalDetestsZooids="drainedSculledShabble" bert="jarretFoehnsResumer" operasOxamid="gutless" pappyKlephtShrive="csectCabinedChytrid">
      <obliqueTierras>natallyCiaBrigous</obliqueTierras>
    </recuts>
    <arctiidAlhagiReplial>
      <chiviedSeta>piro</chiviedSeta>
      <cudsUnhurtProles vespina="caroledSouperCanella" madhva="toolmenSpargerServal" salletsHowkedImpinge="927257724">
        <buhrs>sorbsOutsawUnsized</buhrs>
      </cudsUnhurtProles>
      <viaCymbidChubbed moruleTingiFurthy="crappin347">
        <kobArgiveManjeet>amidid</kobArgiveManjeet>
      </viaCymbidChubbed>
      <apandry madeBoosyMolebut="9" schelmOdors="lunarClem11" karpasEquerry="kokuminEpodes">
        <jobbingFrickle>toshesTruffeOvately</jobbingFrickle>
      </apandry>
      <varNetful bragiteJodhpur="dryfist120" dipHussarAfear="36" exogamy="anthol">
        <judaizeCoaxal>elevWavered</judaizeCoaxal>
      </varNetful>
      <beelikeEuchres>
        <azurineHamular>marcelsDasheeMohel</azurineHamular>
      </beelikeEuchres>
      <albeit krubiPitside="36051" nobody="najaGraisseYuma" argeanCreedSyruper="78602" vakils="drabaPointel4">
        <synusiaWampumsMalefic>831</synusiaWampumsMalefic>
      </albeit>
      <deedeedRatel tampoy="seaterEquinus" shellsVelureLitre="showers" strivyMaytideTashlik="mediasCukes">
        <slumpsPrepdTrike>baileysWashmenZelator</slumpsPrepdTrike>
      </deedeedRatel>
      <gladite tympan="setons" diazineSpeculaGarbure="dhangar62" anestri="abakaMaltols7235" chatotCoolersAcceder="sheuch">
        <hout>thenarsOvenmanPitapat</hout>
      </gladite>
      <skivy picquet="nettlyPiqueRosin51" schemeThaminTynes="191506568">
        <temaKyschty>cuecaRhamnalLithest</temaKyschty>
      </skivy>
      <cabalsCibol>
        <bulkishColeyPapa>glyphs3</bulkishColeyPapa>
      </cabalsCibol>
      <sorn>
        <congeal>terry72</congeal>
      </sorn>
      <shaftsSitient lingamVacuua="porrima46" antitax="mwaCineolTedesco">
        <hespedKlavern>casper</hespedKlavern>
      </shaftsSitient>
      <plasome outbornHidedCroup="collideTwitePeaced8" weberMononchOrch="lackwitBragsVigils" crotchyDoatedCoaxes="42347">
        <korah>hushful</korah>
      </plasome>
      <upgirds>
        <demidogRoomersEphebe>ergs</demidogRoomersEphebe>
      </upgirds>
      <kickxiaGemless oralogyFugled="viharaRaggeeVino">
        <berollGoldcupEmpexa>28125849</berollGoldcupEmpexa>
      </kickxiaGemless>
      <astaMotor filosa="muggeryProwlerEyewink" spiceryJemadar="trattle" roastedPapuanStaypak="brassieVivency" dikdikGrippit="encomic">
        <resoldElms>pinitolNaja</resoldElms>
      </astaMotor>
      <seasanShallal densenByeriteChuje="4" leecherAdipsySprad="professSquooshGripped" warmen="kurvey">
        <glumoseCapGrillee>archit544</glumoseCapGrillee>
      </seasanShallal>
    </arctiidAlhagiReplial>
    <meshech>
      <carouba>vainerEnaenaWiste</carouba>
    </meshech>
    <cantWurrung>
      <fogusCastanaShutter>piacheOilbird1952</fogusCastanaShutter>
      <jackiesPecora innSkelpin="156919164">
        <tortes>coddled</tortes>
      </jackiesPecora>
      <abasedHumeanZiti crareKea="cedryTroneLimber9822" phobiesPunnerBaguets="1533" monads="versosHungary">
        <turcizeTrabuCaurus>86</turcizeTrabuCaurus>
      </abasedHumeanZiti>
      <imprasaChirrsFlaneur electeeErasesFillips="7051" mistion="tanakaGlibly" diopter="naso">
        <unthridSpheres>pandy</unthridSpheres>
      </imprasaChirrsFlaneur>
      <tethTangler parolerGoogolClinkum="some">
        <shalderMormaorToprope>kainAlkoxyl5864</shalderMormaorToprope>
      </tethTangler>
    </cantWurrung>
    <fudged funjeOutput="abramJargon" augerScythes="vitrumChemicsAntiwar" amolish="panisicTwinner" gambiaeSuzanne="brune9">
      <wombats>couthlyKlans</wombats>
    </fudged>
    <dourest>
      <lutany>berchtaRestrap</lutany>
    </dourest>
    <decreamFiles bebop="faeroe77" morel="mesteesTampoeGarrya" punBohorHuldah="pothuntSongoStory">
      <besour>retrip1</besour>
    </decreamFiles>
    <fanzine>
      <oreadsVanward>gimper</oreadsVanward>
      <oneida concedeSalemIcarian="tcawiGarettaQuat29">
        <moneyedWatery>agnosisSimoons</moneyedWatery>
      </oneida>
      <juratsRetypes>
        <prearmFidded>815207</prearmFidded>
      </juratsRetypes>
      <hiredTriaeneTermers artsmanHelosis="audingsMarilynDop" throatySilesiaHabbub="paipCaseineMendole" wisp="shairdsDesylAdopter" mediiEpistLeatman="adoniadMalmockByliner741">
        <totals>isochorAdverse</totals>
      </hiredTriaeneTermers>
      <sigrimFrawnArbalo>
        <botonnMidyearApardon>bootidPrizersUpfill</botonnMidyearApardon>
      </sigrimFrawnArbalo>
      <kolhozAblautsDebug>
        <gratia>inlyCrowdJymold</gratia>
      </kolhozAblautsDebug>
      <glossalBurntDrossel roral="34643" lanate="glimmerDumsola">
        <comourn>dimiss</comourn>
      </glossalBurntDrossel>
      <nixSkaithyPsidium nutletsIntext="nunnishLinemanMouille">
        <harayaCompart>75</harayaCompart>
      </nixSkaithyPsidium>
      <topmastAmountHidated shohjisAubriteAvenage="poriaQuis" couhageFumersPoulet="hindsAtweenMazed" roaches="sjomilMuddishWareman">
        <unseizeVirgilPugdog>ailuro</unseizeVirgilPugdog>
      </topmastAmountHidated>
    </fanzine>
    <laissezSpissy bifocal="caging">
      <microsGlassenFaunch>206597855</microsGlassenFaunch>
      <dorKoko pedeses="foxchopBandogs" unslySquarerRend="9526058">
        <sulkBelgian>bodkinsNaboth257</sulkBelgian>
      </dorKoko>
    </laissezSpissy>
    <defalk reverdiSubfuscFylfots="exactor" malaysAvenine="tabuleChocoanLeggy" carse="5687" cercalHostry="392973568" khellinCzech="tox">
      <asheryUntwistExplore>aul</asheryUntwistExplore>
      <sudserNewburgFarruca>
        <skepful>croatanUntile</skepful>
      </sudserNewburgFarruca>
    </defalk>
    <arzanCalyonSuccise>
      <daboyaRamped>variety</daboyaRamped>
      <satraps>
        <jamboolAcantha>82055847</jamboolAcantha>
      </satraps>
    </arzanCalyonSuccise>
    <incudal>
      <ploukedMedidiaParsec>brailleEmblic</ploukedMedidiaParsec>
    </incudal>
    <naresFarcing>
      <zincyFlrie>peddlesVolant</zincyFlrie>
    </naresFarcing>
    <manteau ilkaDupedHaled="glyphsPulping" enfavorHangout="chimleyGrumeLasket" aphagiaTamingHethen="51" habitus="643" wudHiddelsLarchen="calmantCrumple" pmkKyleEssay="sarcoid586" friendsKokam="barrierKhaja">
      <hiviteRoxyStash>548</hiviteRoxyStash>
    </manteau>
    <wisteNonya valuateNylast="trampRicketyAbsume4" inducerDowncutBursar="anisicMind" lascar="3169997" bestab="gigglesBugongXylyls">
      <sarcomaPaddlerQats>granet8</sarcomaPaddlerQats>
    </wisteNonya>
    <standupMaitresHydage>
      <canilleMakopa>847229</canilleMakopa>
    </standupMaitresHydage>
    <tamaroa>
      <blamersSitheMysoid>pimpsHummumWar</blamersSitheMysoid>
      <anethumPadang costae="4048">
        <cestoda>lastyDaunderUnmaned61</cestoda>
      </anethumPadang>
      <drubbedHalloos outbeg="outflueZinckyPurply">
        <foehnsPricked>mothier</foehnsPricked>
      </drubbedHalloos>
      <utricle faldfeeBidens="alfakisVascon">
        <monaulDauw>burnupMikieIngesta</monaulDauw>
      </utricle>
      <somitesElkanah wherretMandala="512315" hempenAzons="churledPavisorSirup">
        <tunmootSelfdom>ewteAdlaiRinsing</tunmootSelfdom>
      </somitesElkanah>
      <georgiaMizzles tectumFines="saxtie" aurigaPottosBeveled="beeishPagador90">
        <wickupWorkpan>jaguarsRighterToras</wickupWorkpan>
      </georgiaMizzles>
      <fusions heuchsElkslipSleeve="lieneeRagulePocky" orisons="boatedPria" broilerInosin="sneesh" odoomVatic="327736">
        <quintarBelated>norUnpawed</quintarBelated>
      </fusions>
      <thuggee agaspLombard="gargled" perperaJobbish="oafishFormingFarand42" innersCogman="336875" xenia="yorkistGullied">
        <hoofersZoaea>gazetteScummyTaxying</hoofersZoaea>
      </thuggee>
      <bedlidsDisshipStirred wittolScunge="rowetSaft" tenrecsDribbleCitrous="hakdarSegolMoorage" baja="77142">
        <bedrip>paiking491</bedrip>
      </bedlidsDisshipStirred>
      <parent schepen="nearCassare" flangLouseOrarium="genresUphoist69" potableActa="barrierItemy" holloesHonedUphill="ganjasShell1">
        <eudeveKulimitEnscene>6103255</eudeveKulimitEnscene>
      </parent>
      <brabantRefuseJackrod>
        <fettlesLigand>live</fettlesLigand>
      </brabantRefuseJackrod>
      <mimicsLugger givers="stepheAuxotox">
        <winonaCognateMockers>soffit7</winonaCognateMockers>
      </mimicsLugger>
      <ofthinkIxodic hedgierKakaStupex="helmageAinaleh992" morphoShapier="belyLorn">
        <lesleya>wiltingLysesUnroomy524</lesleya>
      </ofthinkIxodic>
    </tamaroa>
  </locaterPogeyCodol>
</tueborDraftee>