<?xml version="1.0"?>
<caratGaleraArjun>
  <arsonicTeiseGareh>
    <dimes>
      <polluteCosies>60</polluteCosies>
      <habus roomierMetin="gynuraYokageUpcrowd" latents="raffles">
        <citatorOverate>72</citatorOverate>
      </habus>
      <tyro>
        <rerootHausenCental>zygaThallus814</rerootHausenCental>
      </tyro>
      <gunjahDappedLoverly sublets="argyric" finaleAraraoPerish="zoonalGamilyOgam">
        <payoutSalchow>96636071</payoutSalchow>
      </gunjahDappedLoverly>
      <sayidRaffery unloathAyinTurmit="957109966" uprises="unvestBourdon" wolfer="theolManualSomeway73">
        <squawkBespete>oozooidMpangwe</squawkBespete>
      </sayidRaffery>
      <whr ijo="become635" nomadeCiliaGuerdon="maniniMomento">
        <lewdUperizeNon>aplomeKelep</lewdUperizeNon>
      </whr>
      <quizzedShisham doyleysSexed="sheikLangca" metremeEccles="7" melonry="chalukaLotusesFerrate7919" falangeDaydawnLimits="casabas2">
        <billWarwolfDominee>belapCreaserAmb</billWarwolfDominee>
      </quizzedShisham>
      <chaumer>
        <rattusBrained>titiansEmbryosMesail</rattusBrained>
      </chaumer>
      <fatless>
        <labSalablyGlioma>eatcheChaconaWaning</labSalablyGlioma>
      </fatless>
      <nevoid giguesWirlingMisadds="668914" whinnyHype="durbars50" solvGasp="hydroaGuarWiddle" ipilLoriner="yakka">
        <barkingDaciticDecoyed>vobis</barkingDaciticDecoyed>
      </nevoid>
      <collideSward ligulae="skimeLollersItcze96">
        <wrinkleStreekTessera>tripal</wrinkleStreekTessera>
      </collideSward>
      <hyalinSpet scrod="glutoidCovets" puraque="upmostLimerGignate" sealsAnyhowAwful="agre3752">
        <encasedDoto>roods48</encasedDoto>
      </hyalinSpet>
    </dimes>
    <aegagriMimlyGritter>
      <qui>specie950</qui>
      <poplins skiers="spoofTanoaCheeros" stat="cancha" garringRasing="40444667" operaeRuntyRenamed="mateleyLilacin">
        <chalmer>virtueLimier</chalmer>
      </poplins>
    </aegagriMimlyGritter>
    <tripackUnbearsChaldee>
      <jahvism>fonnish</jahvism>
    </tripackUnbearsChaldee>
    <ideanAbogado quidEyeseed="gaitersAcopRecours4" hemlineGiaoursEthinyl="thenal73" bengalsKeeslipRequiem="uncusMishapsWharves" enherit="31073">
      <girdedFrottedJuryman>spearsMopuses</girdedFrottedJuryman>
    </ideanAbogado>
    <chawBecrown>
      <artarinPriapiRiper>mottoesAlter</artarinPriapiRiper>
    </chawBecrown>
    <unsole>
      <brailsStaab>archspyDelim</brailsStaab>
    </unsole>
    <pituiteMantricAbsohm dismaskRansesSalud="madsFlecky">
      <joyfulTouserAgush>beeferTrullsReself</joyfulTouserAgush>
      <samechsGreeks>
        <scalodo>amyloseTriers</scalodo>
      </samechsGreeks>
      <insameDetrussExegete pultost="6421505" hayaDehornsBrazens="nilled" ravel="eastreYarest" scarryThouing="180389180">
        <amasta>eyehook</amasta>
      </insameDetrussExegete>
      <sibnessDowries>
        <isolineCorsetsUncity>battledRecoalReyson</isolineCorsetsUncity>
      </sibnessDowries>
      <bandoPks cebilEnduroInequal="yojan621" cost="roadPurdahsBaculum" sepiaUnnest="chicleLodged">
        <scincidCappier>arockTabific</scincidCappier>
      </bandoPks>
      <tressesGrummet vanedJiveHowel="cordies" relamp="idigboRacon" trones="talishiUnempty55" seropusLounges="pulka">
        <broch>teaism</broch>
      </tressesGrummet>
      <burglesStall olefine="satori">
        <muddles>upwardTurfier</muddles>
      </burglesStall>
      <jiffleOysterViage optical="bummlerKoae" bungaPointesTrices="48334" twirps="822787931" spina="isobarBartree">
        <havenerExcl>parred</havenerExcl>
      </jiffleOysterViage>
      <incivilSowedWoak tutsanUpshearFinched="heapKedgedPlaty" buttons="abuserLgth" unwraps="piedraRebbredThumber">
        <tantricPentyneGrisset>romperTamine</tantricPentyneGrisset>
      </incivilSowedWoak>
      <violety speal="surfacy">
        <garrotSensesFlattop>embowlDaunderPalet</garrotSensesFlattop>
      </violety>
    </pituiteMantricAbsohm>
    <consarnSriHashab>
      <zealousEstrus>unfewLuxeScotize</zealousEstrus>
      <pedalo connex="oinkedExtolls" bitsSporedFigure="8369592">
        <inventsPurlinOdwyer>repays</inventsPurlinOdwyer>
      </pedalo>
      <jeziahRewelds kokstad="kailsPantasSagra" pupae="burntlyFittily" lollupAstateBesaile="8434" renal="twiersHearth">
        <gurglesPavettaNurhag>cargoLoran</gurglesPavettaNurhag>
      </jeziahRewelds>
      <reenjoySawmont areach="houltWhangee" subslot="taipoPaloma">
        <girnyDriversAnger>gigatonTackilyTilty</girnyDriversAnger>
      </reenjoySawmont>
      <genoa pennameUnevilInsaner="trawls" vamper="427054599" sherZebrineStemona="shilyQuiaMensing">
        <niesDeify>versual159</niesDeify>
      </genoa>
      <edder thyAlkyne="effsPudge831" triesTarairiHounded="dama" sharedTrot="246822">
        <adcSewin>cecallyRevend</adcSewin>
      </edder>
      <tassFuscAlkine rerackAflatHogget="tensed" daimonsSpathic="8880">
        <worset>38830</worset>
      </tassFuscAlkine>
      <duchessDainful abortusContemp="reproAumailTisic" pickelDannieJinsha="sorgho" destinGospodaUpframe="retuneArmload">
        <unheady>hasslet</unheady>
      </duchessDainful>
      <misticStratigSotted resexLambdas="patins82" plicalOdds="5342">
        <occludeUnsereWheres>inrailRefract</occludeUnsereWheres>
      </misticStratigSotted>
      <mice potteenChenarPony="nashiraBrutifyFstore11" huntleyDiaxon="gnashesAbroach" serialsEjecteeWarrant="breyOreides">
        <shilledOneroseBedfast>hotcakeNaileryUnscarb</shilledOneroseBedfast>
      </mice>
      <nusakan isnt="knapperVotary">
        <juttied>jeerersLobbyer</juttied>
      </nusakan>
      <earbobDenver ululate="730623115" tarpumNagsterSangars="minimalFaeriesBummock" cork="matingChabuk3605" brindleFrisonBesmoke="knet8215">
        <chernaSirdarRewaxed>kerniteYacareModal</chernaSirdarRewaxed>
      </earbobDenver>
      <zincBandhMingier haideeDemulce="59" lucks="eustyle" anurias="oscellaOctadDormer" quads="kanzuThunarOedipal75">
        <truncus>rantree</truncus>
      </zincBandhMingier>
      <ancle cuspate="buteoYoccoGaleate" imbruedDunts="gapperiEmpusa4528" moonite="tiesNun">
        <mousedGrovels>scampiQuags</mousedGrovels>
      </ancle>
      <updiveNavviesDithiol futharkPipalTendre="bulwand579" sumachOftnessEndmost="enclaspRebatesJagers6553" vugAcetylsWaygoer="piqueroLike138" inogenMahalaChaser="ratafeeJustleCavu">
        <piproid>dayflyTapismRocs</piproid>
      </updiveNavviesDithiol>
      <comfreyWedged>
        <mesel>derningAquila1627</mesel>
      </comfreyWedged>
      <helleri sunlandSkinksUnfound="hapteraSloka" stigmatMiggZorilla="chamfer">
        <julettaJaegerAxonal>quedlyLightedSiol22</julettaJaegerAxonal>
      </helleri>
      <says>
        <couters>94207877</couters>
      </says>
      <monads creepie="whiterWynd24" serpigoDolt="jarveysLouies8">
        <sowansFeower>mixedlyRefuel</sowansFeower>
      </monads>
      <entersGrimmerSutile ceratesSoothe="kithingJunkierSkil" wawah="rolpensPhaneLarnax54" estrifBaktunOutguns="nurhagPlushy4">
        <tuesday>jaukingLatkeMuzzy</tuesday>
      </entersGrimmerSutile>
    </consarnSriHashab>
    <leguanHiltingDongon>
      <jossesSnastyToughen>tipcatsEngoueBabish</jossesSnastyToughen>
      <estella mungos="deicide" burianJurallyCindery="bulgariSerranoJackeen">
        <pyxOstler>awearyPremSulfur1</pyxOstler>
      </estella>
      <abohms tarr="birleDesiresAouad" svanish="spinelZinganiVeg2508" cloudReevoke="elector" busyish="7197092">
        <toopAscianChleuh>vog</toopAscianChleuh>
      </abohms>
      <ridotto broeboe="511076667" maltoBerth="48260237">
        <blobCheddarStalin>godetJuamaveHerd</blobCheddarStalin>
      </ridotto>
      <pondyFierierCcws crubeen="130" pinkeyeCultsIdorgan="rifart" sodsMesonic="senarii" pyralisEmirToits="vampireCrambus">
        <coggiePaulinaSitz>trifleZizzleRaxes7</coggiePaulinaSitz>
      </pondyFierierCcws>
      <chymous punicinFreshed="presidyBlowierCaffein" menadsMoplahSari="dowels">
        <colla>manuelAspect</colla>
      </chymous>
      <waftureStereum looie="delibleLittery" dhuti="hield" apprend="fanman" moschusBromianPodlike="neskhiFanit17">
        <blazes>636834212</blazes>
      </waftureStereum>
      <waiklyGuilty>
        <kintraAgust>truancyDemele</kintraAgust>
      </waiklyGuilty>
      <systoleEatageUrb bosomBlissomStreke="pavanesHalloasGiliak" bacchar="exposedCaligaPropyls" cracowe="soom" filaoCancriKid="8260">
        <cid>babloh</cid>
      </systoleEatageUrb>
      <hybrisMica amedeo="bennisHarvestRad" doucinTinge="pariahBoxcarsZurlite" pulletsUntwind="divine8372">
        <devoterHazanim>56392013</devoterHazanim>
      </hybrisMica>
    </leguanHiltingDongon>
    <spinulaWadding>
      <grainedBenzyl>uller</grainedBenzyl>
      <dubious>
        <giggeAsstWillow>hygeiaCubageLateens</giggeAsstWillow>
      </dubious>
      <derate bladesMaormor="92904">
        <rory>albacea</rory>
      </derate>
      <azoximeBenj listsCondone="boutons" actuateOsculeQuays="boid" wamusesTwifoilOvermen="budding">
        <decreedAquilon>deusApoutBambini895</decreedAquilon>
      </azoximeBenj>
      <salmons lupeol="edifaceRefrigOutway" venusRelaidAssuror="ribskinGrailWavicle" mimmedLaputa="brava743">
        <scentedRedock>gabbroDaflaVinitor</scentedRedock>
      </salmons>
      <shelledShapTailzee>
        <yuchiAscarisRanter>gropeGuttieWadmols</yuchiAscarisRanter>
      </shelledShapTailzee>
      <owerbyAubeTureen rimuAffixt="barrasEeyuck" cadillo="pedalsWyndMonera" oleariaOlsonVest="pardyGrantee38">
        <djelfa>decanol3</djelfa>
      </owerbyAubeTureen>
      <subraceMartinIserite>
        <premanUnrimed>zappingMuckerImaum9328</premanUnrimed>
      </subraceMartinIserite>
      <ipl arad="4679" averrerIllusAmuyon="cactalPelengMotty" coyotes="gussetsVitricsPerdus" derby="snugglyBlondesCensor">
        <recheerLaithEldin>483</recheerLaithEldin>
      </ipl>
    </spinulaWadding>
  </arsonicTeiseGareh>
</caratGaleraArjun>