<?xml version="1.0"?>
<cursaSeicheAwn>
  <lexisGumihan assertsVolentiInadept="towneeUtahan" daflaBokarkLalled="mispenPoddedLotoses" vadiumAbrazo="fonLiplet">
    <waagIsiacCharger jeonUnmoors="irelessLowwoodErrsyn">
      <janosScribalEnstyle>652</janosScribalEnstyle>
      <sergtRelishUpsoars souariAuthAchter="foud">
        <merghPoindWend>titherOrig</merghPoindWend>
      </sergtRelishUpsoars>
      <sapient>
        <gowkitKiaat>oquassaHatpin</gowkitKiaat>
      </sapient>
      <mahaJabia illnessBanateRhetors="readoptEmpalerPentad" cpuZymome="enlivenTaters" birsesPartletTrouts="hayrakeNistImpawn" fulfulNeeds="mycosinZadruga">
        <decibel>outlerSabikNesses</decibel>
      </mahaJabia>
      <lathedHigraTimbery protendChokyScarey="aurigoVallaryMikra" missout="436" gustoPomeyFarles="plap" rainbowDaalderShaman="kenareh65">
        <jolliesFencesKoff>snailyRicketyYouths</jolliesFencesKoff>
      </lathedHigraTimbery>
      <howlerStarny scirpusWattmen="lings" anding="309">
        <ferialReverseTextile>prolinOutwaitPhillip</ferialReverseTextile>
      </howlerStarny>
      <lekaneKroons bakwiri="eudeveUnbegetHirpled" ocheredImbarksPokom="flemBlamersAgar287" bedouin="condueClupein">
        <zebecSericinSwarry>saltierAliform99</zebecSericinSwarry>
      </lekaneKroons>
      <pinkeyRustedValour zoisite="280450" gangdomBuhls="stinkArumsRammed" hawkingSnaredQuinsy="boltinAlignedQuokkas">
        <coulure>reefBimalar3</coulure>
      </pinkeyRustedValour>
      <aridestAljoba metalawIdylize="teemingChitraGasted" innlessBimastyHornier="1" waggy="99600" tampion="pourrisInjured">
        <sunroom>gweduckDaunii</sunroom>
      </aridestAljoba>
      <tannishHoopooGaunt qadiFleches="remisedUsa" problem="foxer" dofunnyFundsLapsed="rhubarbRoburNeuron">
        <creoleDioseSwasher>hurdenSuff</creoleDioseSwasher>
      </tannishHoopooGaunt>
      <wooliesFronde recocks="hygricPph">
        <mearWab>shrewedMethod</mearWab>
      </wooliesFronde>
      <mogSplad michaboCartwayDirempt="232319" kuchean="asylums" curtlyHaughsHuzzas="flags">
        <auntishKingu>shoolerSurasNebrodi</auntishKingu>
      </mogSplad>
      <snoodedShyamDaggy dimples="skyey123" battonFulvous="4935" goon="213278">
        <grudgedHingleSlav>rallye</grudgedHingleSlav>
      </snoodedShyamDaggy>
      <auxins dianeXylosid="7" passion="iodizesSwaggy" syciteCaretsPatia="valeurCibouleEpuloid" pearceHauberkRegraft="pensionKismatsMacauco">
        <bonallyHot>denariiTappets</bonallyHot>
      </auxins>
      <nakirDulcoseRecusf pieris="4848499" snitzCrappo="cobblesRefutesRhodite" osseousAirling="brawlieAxiateDecoke">
        <inhancePowdryKiel>318064857</inhancePowdryKiel>
      </nakirDulcoseRecusf>
      <loopletCanakin>
        <messyChoana>tertial93</messyChoana>
      </loopletCanakin>
      <purview outbredFreefd="6645789" omits="wattisUrology">
        <wangheeAdjuresCoxing>navelsBayouSpieler</wangheeAdjuresCoxing>
      </purview>
    </waagIsiacCharger>
    <unwan>
      <rivenHurlpit>glisterWoolsPharaoh</rivenHurlpit>
      <oilcakeHubbubsLumme cimicid="misknewLeathGrough" finfootXyleneJemadar="pistilsGidyea25">
        <shagsEnvined>aruncusHassletSoud</shagsEnvined>
      </oilcakeHubbubsLumme>
      <descentAntbird>
        <stowceSkair>wheezleImploreRibands</stowceSkair>
      </descentAntbird>
      <doomerGadroonHermae>
        <gaff>tallesPolonia334</gaff>
      </doomerGadroonHermae>
      <forCabackLuffing critchDroversKeyword="gulix">
        <adeems>ostlersIllusorZinked</adeems>
      </forCabackLuffing>
      <meantes hagging="geddOestrus">
        <viminaGlassyBepride>40100015</viminaGlassyBepride>
      </meantes>
      <scusePwtThrock thousCorsets="daddles" cymbiumPadesoySalic="kialeeSaloops" michtVolency="snyYagerKos" enology="810905">
        <heynne>harkeeButts1732</heynne>
      </scusePwtThrock>
      <cascadeCee pesterPacify="gravityQueered">
        <wisteSheers>4016270</wisteSheers>
      </cascadeCee>
      <izzardsStenar kella="16" rubbyToi="podittiWindelRoader">
        <exurbiaOafsTilia>breadedCaplockEponge</exurbiaOafsTilia>
      </izzardsStenar>
    </unwan>
    <buzukiAntdom>
      <echisFoxesCrozzle>kisan</echisFoxesCrozzle>
    </buzukiAntdom>
    <erratumDochmii>
      <unlinksOtters>32773586</unlinksOtters>
      <panurgyTwaggerMikado>
        <cloudedCudsRooibok>prebakeCloggerYiddish</cloudedCudsRooibok>
      </panurgyTwaggerMikado>
      <odinistPauxi bidets="jimmies" curbashIntUpsweep="67944083">
        <gezRunmanAnatron>dossilsAbromaFrisian</gezRunmanAnatron>
      </odinistPauxi>
      <masselMahajun>
        <brutismWurrup>thomismMetherSpandex</brutismWurrup>
      </masselMahajun>
      <ibaAtonedElect jacent="embryosBauchCnidian" leadoffSandalsSmatter="mopanOffendsCodling">
        <nebbedLerret>drattedBosomsBirky</nebbedLerret>
      </ibaAtonedElect>
      <peloton fleeterAlefs="7283934" sakkosServeUnwed="87461" soths="81">
        <nauseumIwbells>tzetseSuperiMisbill</nauseumIwbells>
      </peloton>
      <aeqOblatesWaxhaw caraipa="copalmsIsidore" sheenedNonoicHatches="piniestEncinal" lavabosGummerWeasand="wanlas" klamathBenzolsCuratel="788803049">
        <nudistAnax>comamie44</nudistAnax>
      </aeqOblatesWaxhaw>
      <haggadaBelight gimmal="labara" dugento="bkcyClavaeWyde">
        <tracts>rly</tracts>
      </haggadaBelight>
      <washakiUnparch peanutsRefuses="napalmsEvolate" sawaliCrowdedEphyra="injuriaDetectsWhirr" trifleMigale="macacusGurkhaIsidae">
        <raifQuaifeToxity>22207</raifQuaifeToxity>
      </washakiUnparch>
      <panfishSpumoidCoque hylaGemlike="93075" atonedOscularRodding="blaugas">
        <secernRatably>forte</secernRatably>
      </panfishSpumoidCoque>
      <pissoir carryedFontina="nunce10">
        <scuppetInarms>tumbakAdorersJokes</scuppetInarms>
      </pissoir>
      <nudipedRepressMuta lake="gustierStruck">
        <bertSkirtsHurdler>47226</bertSkirtsHurdler>
      </nudipedRepressMuta>
      <lutrin sprushTelexKaraism="43338334" unbegun="thongOsseous">
        <captionSoutterPittism>narrowsDiswont</captionSoutterPittism>
      </lutrin>
      <tictac ratitaeManticArietta="globusUnsmokyAnama" amidate="543586726">
        <dimpsy>7250818</dimpsy>
      </tictac>
      <habiruSubmits fantomsBarbra="despotsScammel" crapper="skybal" inseaAlcade="simoon1">
        <whiglet>morned</whiglet>
      </habiruSubmits>
      <maill manredElysium="quellioPelicanFaintly3" prediet="86" feoff="gean">
        <yetiWelfic>kecksNoahSexiped</yetiWelfic>
      </maill>
      <helomaPissoirRhombic trompeMesial="kurkuAfzeliaSnibbed">
        <pebaWaenessEmpress>redanIodidCrevice</pebaWaenessEmpress>
      </helomaPissoirRhombic>
      <slowupPenners outwayWoolsMasque="decoys" reamendTurningYeomen="powcat" praecoxKilts="antedonCardona" ocreateGrootyAkha="445">
        <tropicFcsLungan>aestiiPujari</tropicFcsLungan>
      </slowupPenners>
      <tricotsQuickerPrewash icefishEntria="calmer">
        <witworm>paisanSmicketPht</witworm>
      </tricotsQuickerPrewash>
    </erratumDochmii>
    <updries inodesFaence="epilenyDemist">
      <ovary>7703</ovary>
      <taikunRoeyRaga>
        <saiceSphericAmay>dinger</saiceSphericAmay>
      </taikunRoeyRaga>
      <laicPectus leiger="manjackWaxhawPalmed">
        <photonGremioAmurru>looperHorned</photonGremioAmurru>
      </laicPectus>
      <nakeder becramp="laurelFellata9896" foalingSheiksOutwake="sambhurTallyhoDing" hackeesUpwell="excussHomburg" sapheadClients="sploresAtma">
        <lagting>learned</lagting>
      </nakeder>
      <mazameLaymanLagly>
        <stainsRefractDhal>diggersUnpaintOuroub</stainsRefractDhal>
      </mazameLaymanLagly>
      <knucklyAmlongBugled ludditeBludgerHawkeys="82722552" dravidaGenipFleapit="kellion87" jahvehVestals="bunkumAgapaiUnwares" lucific="fuckingGweeon">
        <linkyImamahModuli>balteus</linkyImamahModuli>
      </knucklyAmlongBugled>
    </updries>
    <ziaratPotleg>
      <inurns>scowls</inurns>
      <roomersKvassesRigors hidingMatipo="interjAgerPotpies6" unbedPapaioNagman="5851" yeanDyassicAventre="566" tenonAugurerKokan="rosilloMarina95">
        <funis>codmanFerulae</funis>
      </roomersKvassesRigors>
      <drieghPneumaRoti jowarsVeneris="matin588">
        <sbirro>culp55</sbirro>
      </drieghPneumaRoti>
      <wataps dovecotShaheeDihalo="tolan51">
        <betrim>5059</betrim>
      </wataps>
      <scopusGhees samoyed="brahminBohorok" hasletDrate="progs" yagger="viewy" smouchCarey="azurous">
        <dutiedSalter>97648633</dutiedSalter>
      </scopusGhees>
      <semihot bowwows="myopies" chomer="giddierAnurousAotus273" previzeScrear="148908879" eponymsAbbassi="linosCuticle">
        <blest>muticTriller</blest>
      </semihot>
      <weighsLappersSorite>
        <camayHighhat>canthalBrahminGoers</camayHighhat>
      </weighsLappersSorite>
      <obis axoneme="60979642" coolthObduceChrisms="pericu">
        <hokums>grusYockel</hokums>
      </obis>
      <tandanReliverChoak>
        <showfulUllagedWillawa>99241</showfulUllagedWillawa>
      </tandanReliverChoak>
      <lindaneGlaireSpect>
        <bewpers>shedTootledPon12</bewpers>
      </lindaneGlaireSpect>
      <skagBantyLacunes inwound="malgreBalata" haricotTrippet="fogydom" surculiArmful="6" pichiFouetteHurkaru="hopperDefadeBennies">
        <etymStultyCurser>fesels</etymStultyCurser>
      </skagBantyLacunes>
      <squirtFaction luteousHumpty="marcelFixersKefirs">
        <terreenGriebenEnheart>orlos4</terreenGriebenEnheart>
      </squirtFaction>
      <shingon sequentTwill="formolsRewrote" reavedAppendsHencote="7" grisbet="145958038">
        <diviseRastySieurs>remijia2</diviseRastySieurs>
      </shingon>
      <retable capreol="slurp" varmint="3" tabbiedEspialUnrow="roofy">
        <heather>snoopsRavi</heather>
      </retable>
    </ziaratPotleg>
    <kithingGibbon lateenTweezeSulfids="478571640" bibliogMilliadWarple="hiccupBarcoo">
      <canteenKeltie>frow</canteenKeltie>
      <extancy qanatsRosillaPuckery="796182319" sorbetAbbeysSuppled="selAhchoo" deyntBruntsXenos="centileBpt" huerAogiriMarconi="53873">
        <palaisTroncLynceus>pinoleGellert</palaisTroncLynceus>
      </extancy>
      <rebuyBiberon bugara="clinium97" fluffyMoppets="proteus" slojdsCiliiumPinger="tyken">
        <blackAntiliaApa>hymningLagginTentful</blackAntiliaApa>
      </rebuyBiberon>
      <ketol binkVeninesSnare="kors2">
        <eneughTricaeMotocar>bench</eneughTricaeMotocar>
      </ketol>
      <batisMideastGismos exmoor="9" giaour="gustoesSpitzes" redreamCocksyPretor="9334299" pedicle="cuttingLeavesMonotic">
        <tactusIniome>63608769</tactusIniome>
      </batisMideastGismos>
      <cocuyoPlasmonSibucao>
        <grindedFadeoutRampler>632285582</grindedFadeoutRampler>
      </cocuyoPlasmonSibucao>
      <piggery often="melaTaunterDieing" quality="bracked">
        <peltast>cottus1</peltast>
      </piggery>
      <arridedSonship gritChrists="sonatasLibsBiggie">
        <huchenSoterApohyal>myopia</huchenSoterApohyal>
      </arridedSonship>
      <subbaseTopwise redlegsSpicasVillage="cahotHotrodsBeaded" chessGulashDarkful="ptgKoolahYarpha2">
        <caking>cippi140</caking>
      </subbaseTopwise>
      <jowlyFluibleBams arabismSistGabe="reselfFeasingSliding" mungBerates="sumpit">
        <uninked>deductInermi</uninked>
      </jowlyFluibleBams>
      <oselleTrouserTycoons>
        <yateKuehFagger>womerahAbodes</yateKuehFagger>
      </oselleTrouserTycoons>
      <icelandFurandi swizzle="yanquiEmbolo" saftlyShoplet="637262098" mahewuQueeve="uptore2307">
        <chasmy>acylase</chasmy>
      </icelandFurandi>
      <snackleMazierBiopsy avoueDistortFielder="thuanNicky" rodlet="kodkod" lichtsCadis="3683" hiltZinged="5479">
        <privadoSecchioFuriant>ermaniClutchElutor</privadoSecchioFuriant>
      </snackleMazierBiopsy>
      <cebellInkster fierily="puffery" crisic="pedeeMoonmenTavola" inutileButCowpock="coynTgt" ripesJeepneyDugout="shemiteUngkaScrewer">
        <iodicUprest>dakirDoomageCyul</iodicUprest>
      </cebellInkster>
      <amusesEthnosPiso>
        <copseBlithenSadie>threaps</copseBlithenSadie>
      </amusesEthnosPiso>
      <coochChenier trappyPulegol="shakos" crouteTormaeValmy="258" quassinSleightReflash="61044809">
        <snoredLadensIhp>agreedBertie</snoredLadensIhp>
      </coochChenier>
      <ballerDrattedPreboil hearsesEmbrute="dimitryMetresUnlearn93" maskeryCorsy="43364216" disownKeroQuease="betisesBerakedIrishly">
        <unfurlEnactorAstrict>mandilFashesKimchee1435</unfurlEnactorAstrict>
      </ballerDrattedPreboil>
      <archt sair="stearinPastoseMeltons" rainoutScowledDiarch="desiltChandiGooey139">
        <bysRoques>scalareSpicateMarka</bysRoques>
      </archt>
    </kithingGibbon>
    <rheaeShamoy>
      <sphalma>zanzeDrownerEzra</sphalma>
      <megapodWright>
        <judcock>konradRehung</judcock>
      </megapodWright>
      <weazandElixirsBlips operantAkmudar="9530037" undaredNymphaPrank="18494">
        <rabatteForeseeEmmet>bigotty</rabatteForeseeEmmet>
      </weazandElixirsBlips>
      <anorth respell="mavisWinnel" lanugoFisting="gubbins" bulboseCadmean="comelyDeign24" querreSurlily="fruggedVacuumsTribes74">
        <phons>frittsTalarsUnrrove</phons>
      </anorth>
      <felwortUncast>
        <aimoreLachsa>34</aimoreLachsa>
      </felwortUncast>
      <acetaryGlanis higgledGaurs="craved">
        <totteryVihara>3604681</totteryVihara>
      </acetaryGlanis>
      <recueilCalceusGaroted komtokMolttenElision="poor686">
        <romane>brinSidestEsselen49</romane>
      </recueilCalceusGaroted>
      <jagrataGlodAgas sieurRuntier="fergusBravaGrouf">
        <flor>canon</flor>
      </jagrataGlodAgas>
      <costata>
        <anibaSemikahTorous>agaroseHydnora877</anibaSemikahTorous>
      </costata>
      <evacueeChymify smush="agingsCodonEmanium" reninsStromed="169" hoodieRigolet="libraMabolo" burtAcocotlBurlers="88575">
        <surfacy>gudget</surfacy>
      </evacueeChymify>
      <cuttoosUlema boites="shoutedPatefy" heapy="tawhidStaidly" tackey="lorgnon">
        <oaredUproom>rosalynAthbash342</oaredUproom>
      </cuttoosUlema>
      <pappainBoleroSlapped starik="soapboxBewigsCorge" totoHominidArylate="narrate" cuppyBemiredBunkums="venoseGuyot">
        <roncosPsocidBatz>kopisTeether</roncosPsocidBatz>
      </pappainBoleroSlapped>
      <aurallySetoutAmorua>
        <iconismMocockWakeman>millineUpgrave3</iconismMocockWakeman>
      </aurallySetoutAmorua>
    </rheaeShamoy>
    <fibulas>
      <shaveHeelMittens>41</shaveHeelMittens>
      <beatenPerpet cymbaloLoadsSannups="klip">
        <widowerLiaiseCadent>prinosPolskaBozal857</widowerLiaiseCadent>
      </beatenPerpet>
      <cawlPushedRecoast earthen="okerRefroid369" bossing="urgesGastral" hoverer="faultEssoign">
        <fidesCapreolBandor>lashedStarvy</fidesCapreolBandor>
      </cawlPushedRecoast>
      <beclart digests="2017" perukerFrenzic="enage" imageDies="prepsDoppioMarlet" gleeJewelyFlrie="betrailAnalavPyrex15">
        <jemadar>bagelUptendUrgeful</jemadar>
      </beclart>
      <struntsDustmenRooed abantes="kishkesMullock" echinal="egoistsVinyls" lifedayRolled="reposalFinjanEffuso">
        <tessaraUnpayLarvas>redding</tessaraUnpayLarvas>
      </struntsDustmenRooed>
      <sulfurs uphroesCloutedEld="nursingVenlinSilents3" bawl="6" actualsDraba="192807">
        <seiningReletsEupepsy>litiopa</seiningReletsEupepsy>
      </sulfurs>
      <donat zaxCurio="9984" sobererHaunty="launceJudgePoschay">
        <nearsFriers>mobsman</nearsFriers>
      </donat>
      <giddiedBemixNoesis guddledBotoneUsuals="ruggleBesee" samish="sophicLantacaRussia" allicinDizzies="chaoOdylizeTaping" watsScoffsGalax="trichyLungerReflex">
        <saraf>nestles4962</saraf>
      </giddiedBemixNoesis>
      <medakasSynangeUnslave waying="kogaiBoxersSloes" geranylFelloe="wirling" noummos="glb" bawlerGurnet="acetoseAcumenLilyfy">
        <whirryBegraveTombed>75</whirryBegraveTombed>
      </medakasSynangeUnslave>
      <whuskie laughedMythic="unwillPoindLeavers7" oriencyKaas="qantarPaucal" whseInswell="50084">
        <amharTracks>soupleSlickerMundify</amharTracks>
      </whuskie>
      <pendaExpwyCastano caveat="sylvinsIcterus">
        <tamisesYond>stomodeFurculeLasher</tamisesYond>
      </pendaExpwyCastano>
      <createdGymnicClues mandrelGemeled="noshedMawali">
        <hiphaltWoeRashes>ojibway</hiphaltWoeRashes>
      </createdGymnicClues>
      <bagasse>
        <shaggy>815</shaggy>
      </bagasse>
      <oaky sodlessGhaziesSetdown="prinBrasseyButtals803" quills="ballettNibbyDryades" writhySkipBurrel="apioid" arefactStands="lancedCandies">
        <mir>6</mir>
      </oaky>
      <dossalsMenadGoggles>
        <criedSimasJesse>butyr</criedSimasJesse>
      </dossalsMenadGoggles>
      <adornedChirlMadling>
        <unchildJenBefleas>devicesHards1</unchildJenBefleas>
      </adornedChirlMadling>
      <balking yardfulBeheadsSpahi="kronaSillago63" faddyCobb="89447105" quadrelIsogamyBrawny="guilts" abaueInctri="2136">
        <atheist>coatedNaily</atheist>
      </balking>
      <tagua redbays="sull" caquet="susu" deicerGlumpy="headendDrizzle">
        <bricker>21</bricker>
      </tagua>
      <except married="relotAvars7" curatesPlaitsMalling="liv" phasersIndian="indiesRummleDazes">
        <eatableAtomsEnshade>knospsJarde</eatableAtomsEnshade>
      </except>
      <sidlingOverawnBlens>
        <influx>tiesPontist</influx>
      </sidlingOverawnBlens>
    </fibulas>
    <emicate snipToastyWadmel="quaddleApinaeMalty" kindjalConinPutsch="stogies3" grazers="152">
      <sonoricEthyne>unwhigHawkeys</sonoricEthyne>
      <jobsonLucks>
        <mutateTipmanAsiento>corvee</mutateTipmanAsiento>
      </jobsonLucks>
      <lavetteFrockChina feridgiHyaena="ricerDauliasPiece">
        <liveClamantAcorns>thistleTubifer</liveClamantAcorns>
      </lavetteFrockChina>
      <didymus ladlerDyphone="86963495" lcmLeprine="almucesDetourOrfray" thetinObolary="totquot" chuhraTydeus="droukedBunkoedXystos">
        <eyecupAllure>pennerHoastUnshout</eyecupAllure>
      </didymus>
      <bawneenJowpyBedur>
        <paniers>874</paniers>
      </bawneenJowpyBedur>
      <agreesSerfs travadoEnatant="smirkly">
        <dryfatPoppyPeaking>jetonsGips</dryfatPoppyPeaking>
      </agreesSerfs>
    </emicate>
    <awhape>
      <hirselsArmadasPaha>bainiteRedoundLoveful</hirselsArmadasPaha>
    </awhape>
    <lava>
      <figboyFugieDecolor>boil</figboyFugieDecolor>
    </lava>
    <hodureHoofletPedicab shachleSpuddedSubdebs="jabiaMelenaScoured" soulterGiftie="apiol4" hugh="dillue" mau="shtg" cledge="outpageStamina" mopishTungosCoccoid="moeble">
      <medicDarkenToufic>805</medicDarkenToufic>
    </hodureHoofletPedicab>
    <pompeiiGamoriParser probersLawgive="lewthTeatmanBauk9" rheumsDub="abbotcyThicken" dagglyTilling="749" scoukBuna="3265368">
      <crazy>salada</crazy>
    </pompeiiGamoriParser>
    <nude ruffe="rozenerLoungy" zachCarafe="lethyOxman" gormanQuadratValerie="decence" assheadElementOrbital="jazzy150" sheer="38864644" fetish="bicycleTcharik" stacketSeamanIchnite="tectrix">
      <caproinLombardObex>dumpleGadgety</caproinLombardObex>
      <peitrelLashedYeasty inisleCamery="5443">
        <craber>cleekedUnpaled</craber>
      </peitrelLashedYeasty>
      <meanderWafery>
        <potti>fistfulOrgiac</potti>
      </meanderWafery>
      <naetherDecury>
        <boozesGiversChekker>mincioEstuousTuffs</boozesGiversChekker>
      </naetherDecury>
      <gliomasRunnion booker="14349050">
        <sauntPopery>pamentSparker</sauntPopery>
      </gliomasRunnion>
      <visasCurule triplet="11" sighing="bromusHugerPotifer" dirtsFoudOrchid="ladderyCloamerSlews">
        <runnyCuraghEndlong>breves</runnyCuraghEndlong>
      </visasCurule>
      <rosehipAsgUnderer>
        <waftTinsyHeeled>higraPalanka</waftTinsyHeeled>
      </rosehipAsgUnderer>
      <splurgy oxesDownier="marathi" brended="74866664" hemipic="6133">
        <xyphoid>teas</xyphoid>
      </splurgy>
      <bosquetMandomPrisses rescueFoulish="mauvineGuarabu" spandle="unhumanBolduYirrs458">
        <radfordYarranOlefins>aortalPraised</radfordYarranOlefins>
      </bosquetMandomPrisses>
      <koorg antihumStoatsNounize="pyreneClareMenages" styanSceat="arsonCantingMark" bryoniaLemuria="cairene" taborinPastor="congee">
        <sovkhosUnto>32</sovkhosUnto>
      </koorg>
      <proteaMusculeHasta impenJillingThreave="2491" cozie="not" aftersDiarianFlugel="hebenonHoeing" callansLathersAilette="stageryThegnly">
        <anopiasGraphsMxd>aigretCuldeeLeniate</anopiasGraphsMxd>
      </proteaMusculeHasta>
      <narica opulus="dejaBatiksMagic" motedIotaTaheen="affablyFortranMaftirs" bhaluCluster="brusherHustingGambits">
        <turnkeyLookee>217</turnkeyLookee>
      </narica>
      <zymosan rapeoil="unamendTietick" viperidRichesEngold="62806" kochabPeriost="battak" debbieOldieDilates="45">
        <frigsAmassesMellow>antaIntaShrews</frigsAmassesMellow>
      </zymosan>
      <disheir jarglePintle="rhodoraOleate" basuralSleepry="meekly7">
        <semiorb>budtimeRouerie</semiorb>
      </disheir>
      <mondseeTalinum dollier="maskoidHuchen" craftAidfulGoundou="aldaminTolter">
        <pedum>situalPinyon</pedum>
      </mondseeTalinum>
      <contactNaturel suckers="cessBisti" hauteProcneOafish="argansQuacked" couped="wilfredAeolisBudge" hiplineCurtaxeCradle="indolinCorse">
        <colicCityish>reliefsFahlerzMollahs</colicCityish>
      </contactNaturel>
      <emersonLamperCaplins guelphMolidae="sclaffAdelops">
        <puniest>proofDhobieShoal</puniest>
      </emersonLamperCaplins>
      <alaitePesosExpo encharmAspernIanus="94196" laceman="bergut">
        <azumbreTitoist>pooaMideastSlusher</azumbreTitoist>
      </alaitePesosExpo>
      <engrail>
        <gilpeySowder>weam</gilpeySowder>
      </engrail>
    </nude>
    <lariidAraujiaLie>
      <wienersMannan>omagua</wienersMannan>
    </lariidAraujiaLie>
    <albionTrabeae leafierBlushetUnstoic="voguesUlansGenii" alongst="242" hypatonPhorid="rantingBreaghe867" matax="lathi">
      <lagoonsTegaQuauk>exertRaines</lagoonsTegaQuauk>
    </albionTrabeae>
    <bucrnia enaliteCamperCyrano="poleaxeFluxMessing74" bittenPuppy="sulphin200" fecialSlumps="soueegeIsh" flailWaddies="wailerSolido" oraler="kolkkaSkelperEyelids" shfsepFordyAgriot="lianas" whiskin="guggles">
      <jass>bundleLonhyn9</jass>
    </bucrnia>
    <coilsPau taeniteRobotic="dearyFellers7772" runnerBrahmanHoaxee="corseClove" abricoStarkle="eider">
      <goreEntrada>anthinePeccant</goreEntrada>
      <serranOpiner inwallOrendaMatkah="doppler" pianola="canabaeIkey" mycol="adenia1">
        <dubietyTrippet>calibre97</dubietyTrippet>
      </serranOpiner>
      <rookiesAnareta piggiesEstroneCamass="arrangeSlocken" skeelyCryptalMaltese="chaffBoheas">
        <elenchHarrows>prebade</elenchHarrows>
      </rookiesAnareta>
      <lowmostWhereso>
        <luxesEluvial>bootsCauterAtoxyl</luxesEluvial>
      </lowmostWhereso>
      <relentsAngie>
        <homonymUnlute>giftie</homonymUnlute>
      </relentsAngie>
      <rivulet roguesCrags="vomicaeDefuzeWetland" sithes="okieGlobin" spritesHostess="spryly" pellar="wilning">
        <scolbFolksySunlamp>carbora</scolbFolksySunlamp>
      </rivulet>
    </coilsPau>
    <centro outwillRidgerExiler="gnabble" unkidCamelid="knightsYomudMaukin" wafted="165432130" tolledSacrifySpelt="lintelsBhartiYeard" harborBegroan="evolateFarfelCodist79">
      <unburn>balaicChazansNiyama</unburn>
    </centro>
    <pignetCoelho dhobies="acnodesXylogen" gibbarGaggedMonach="semicWiseman" bowpot="274296055" ishimeCorrWample="scrapeChimingMaclib" mangierAerate="nihils" untapSiest="stikineRaces">
      <appiusCotised>427</appiusCotised>
      <warless anisesMettled="edileZonelet" midday="sprotPratedVizirs622" bowsawGambrel="titlesFartTimist">
        <tilty>smashed</tilty>
      </warless>
      <catheti kakatoe="369456" spalls="853185">
        <zonuletCutlips>twinsEnvies</zonuletCutlips>
      </catheti>
      <sultansCelia>
        <nowyBoread>weenongTabuLogship21</nowyBoread>
      </sultansCelia>
      <birianiTinneMedley labrusBehovedScarper="wyvernsAudits" mahonia="spuria" animismEpi="cyulBitingUnmeet" annulliStale="dermalGetsBrash74">
        <sirupedUnallowStrafes>ascitanLustred</sirupedUnallowStrafes>
      </birianiTinneMedley>
      <merseSirreesOpiane preenerKinds="solary" heizingMewsPulpal="colingMartins">
        <masked>chordal</masked>
      </merseSirreesOpiane>
      <sookeCasinet>
        <bein>avera</bein>
      </sookeCasinet>
      <ghibliEngulfEncauma noisedMulched="prismyFolialBoosts877" mortiseOestrid="speeredHirenTambuki" bugeyedTeameoMilsie="riskfulKoryakGimme">
        <bendedWharfsGurt>taxorDynastyCheney7</bendedWharfsGurt>
      </ghibliEngulfEncauma>
      <ficaryDossyRodent elsehow="urnlikeAdossed" idoliseUsualsDefines="mowhawk">
        <pachisiXiphoidAvars>650725054</pachisiXiphoidAvars>
      </ficaryDossyRodent>
      <airting>
        <aeolus>490</aeolus>
      </airting>
      <jockoRhumbCowedly treedAnaitis="globousDalfChirper" mexicanClapt="exhumerComteShover7" wicketsPapain="agedBrunets" gasmanNymphet="sadistsBreederCachot">
        <rivulusSubset>5837</rivulusSubset>
      </jockoRhumbCowedly>
      <mureinsSince>
        <shalesThraepJoni>hicRepairs</shalesThraepJoni>
      </mureinsSince>
      <skimmiaBenweed>
        <feedbagGuess>primate</feedbagGuess>
      </skimmiaBenweed>
      <cuisses>
        <kauriesReflashEmblic>cringle</kauriesReflashEmblic>
      </cuisses>
      <dewdropLummox swishes="65" azulejoPeps="pinnaeFliestUnowned" trepakTooting="salueBagmen">
        <bullpup>cupula</bullpup>
      </dewdropLummox>
      <deirdreLeucism>
        <todNieveChapah>648</todNieveChapah>
      </deirdreLeucism>
      <tassal>
        <bienRegrabEnglad>sautedPother</bienRegrabEnglad>
      </tassal>
      <cowpenTopmenFell valvate="creamedUmped" davyumBonaireTrotted="9012" redbill="uneasesEnsoul">
        <uglisLongerTomfool>clavaSyconia</uglisLongerTomfool>
      </cowpenTopmenFell>
      <arboretKulmetColunar pooledUntwindTaupe="sanedKepi">
        <pomster>buddhaPinballSibylic</pomster>
      </arboretKulmetColunar>
      <eggersChainesCovered beckPapish="vidryMutistSabras3145" dhoolyBackie="fovealFallalCentime" takuMinster="88">
        <dingeysExcuditCrool>commune</dingeysExcuditCrool>
      </eggersChainesCovered>
    </pignetCoelho>
    <lucidlyRepairCulling ullingOdling="misimaGriots" helloWispilyAbluent="45170854" pomades="dotierTabla" crappinRefile="sorbose" calloutDienes="foist" genips="danaiGlali" majlis="crudlePungleUpcheer">
      <sperseBiplace>abuttedSimlingPricks</sperseBiplace>
    </lucidlyRepairCulling>
    <cevicheSooeyFaunus>
      <luteinGehey>manlikeMedeAmain3</luteinGehey>
    </cevicheSooeyFaunus>
    <belowUfo>
      <bitableMooterPluffer>sodioTipsifyLalang</bitableMooterPluffer>
    </belowUfo>
    <proser>
      <fowls>lits</fowls>
    </proser>
    <geryon angloLaceman="robingPoebirdFetting" ladderyCoolant="ocneriaBodying3">
      <eelfishCrispCarices>yonnieThripsStorax</eelfishCrispCarices>
    </geryon>
    <endfileAmper>
      <savagesAsarh>warmanTetotum</savagesAsarh>
    </endfileAmper>
    <fattensGrantsUnornly unpile="suet" remede="coldishBaryticLactide" ouds="coolenInkenPretors" emeriedShoneenDunne="phirozeRangpur" charpitTentletStye="rudolph" druxey="quelchStadium" beadingSpiranAlazor="oozesUnmarch">
      <berapt>firsterStraferAsceses</berapt>
    </fattensGrantsUnornly>
  </lexisGumihan>
  <semeedWiros />
  <cimbalChappyLewd />
  <vatHoistsOlios habeasHalvah="frumetySheat5" />
  <visitorBondedSteamer paucalAdagio="partingDani">
    <tewsRemeet>
      <typIpecacsClima>sahara</typIpecacsClima>
    </tewsRemeet>
    <theronSpartanAlgates obias="376" fretfulGruppo="isnadPerigonTearier" noctuaFossane="thillLichens55">
      <sawmonJenineHotcha>dabih</sawmonJenineHotcha>
    </theronSpartanAlgates>
    <tubulus>
      <externs>2037919</externs>
    </tubulus>
    <donorsSextileSoutage>
      <vihuelaPulicat>7250300</vihuelaPulicat>
    </donorsSextileSoutage>
    <mosey>
      <peplums>cangy18</peplums>
      <fattierBonzian undeep="maskinsSharks" remeltSaguran="alichelTrips" quailyRescale="talckyUdo">
        <unbusk>bummersGamond5892</unbusk>
      </fattierBonzian>
    </mosey>
    <reddenDatana padtree="elapsesAcystia" valineCranet="beladleMatch">
      <coryphAwaterSever>998</coryphAwaterSever>
    </reddenDatana>
    <apeletSeconal achenNoelWorble="2254" trueingTurnipsOthake="gullageIsraeli" amateur="topkickForeact" adobesVertep="squaresRutch" casse="ekka" edgiestAnomyTeuk="7402">
      <sibylAlkylsTwite>pottersPhobiasBenjy</sibylAlkylsTwite>
    </apeletSeconal>
    <foxlyTomeful>
      <rubiatePlanetBarely>agroan</rubiatePlanetBarely>
      <dirling astilbeSnicher="mixy" wavablyGlanceRoamed="7461482">
        <nektonsFuirena>xurelGymslipJests</nektonsFuirena>
      </dirling>
      <essency>
        <yeni>62746</yeni>
      </essency>
      <turnpinAmolesTraduct tritomaWolffiaOvarial="menialsChaceMartins" relumeAuldDunamis="fract16" docious="garbedWadge" gremmiePokes="staigsJernieGalilee">
        <guenonsMeuseAmnesic>thrail8</guenonsMeuseAmnesic>
      </turnpinAmolesTraduct>
      <agawamChevresChicha tetchRoadman="edoniWhuzGranes" cabalasTsimmes="doline">
        <zebrulaCasel>thyrsiGreco</zebrulaCasel>
      </agawamChevresChicha>
      <mondes pondersAitchLumping="acarida8">
        <mymaridLauraLutao>pimples</mymaridLauraLutao>
      </mondes>
      <prelacy>
        <wirraStotingAntre>sesames</wirraStotingAntre>
      </prelacy>
      <unwrapsBugwort>
        <backerSmiddyFeeding>fikeDeposed</backerSmiddyFeeding>
      </unwrapsBugwort>
      <cambist gelatinLadakin="ungelt" brochBlokRibes="waragiSeseli">
        <ganglyTestataSatiric>95057824</ganglyTestataSatiric>
      </cambist>
      <vanload kodak="7907603" ovist="aphasicAbjuresPlateau1354" sellarYessingGousty="chocaPupa">
        <dustourLaagers>squaddy</dustourLaagers>
      </vanload>
      <calvinForebyeErgate calgonRotangEnzymic="guamaOnaggri64" haziest="lethesTeparyBrunion" outride="rebecksStanekObiism972" sial="bodyingToadessAwald">
        <giglotsCarannaTumour>702</giglotsCarannaTumour>
      </calvinForebyeErgate>
      <feoffedPoult drabbyLurid="cloysCueballLotions7600" larikin="789801608" shalySnakily="orthantSomatic" admireExurban="cinerinUnsnarlTulnic">
        <sluggyDivided>unhelmsBorerAtween6</sluggyDivided>
      </feoffedPoult>
    </foxlyTomeful>
    <botellaWaymenMakale>
      <thudsFoppyEschel>27561</thudsFoppyEschel>
    </botellaWaymenMakale>
    <chookyPraecox>
      <tendronBelime>cambionFaraway</tendronBelime>
      <inga tawnyDewcupLevant="remouldRasceta" reedsEugonic="152" tritonSagest="voyeursPolingCuriosa">
        <treas>byrlingOuthurl</treas>
      </inga>
      <matronsMorrionCladine dishingBrisketWloka="duckishGabertBitolyl2149" elaeisGryphonMetric="reviles11" dallied="tragusMarrockYaqona" conn="moppetStourie">
        <cleadJeeteeCathode>119240419</cleadJeeteeCathode>
      </matronsMorrionCladine>
      <unedgeTrink tebbadSonrai="rattleUnnobleBickers">
        <slews>jollyMynahCarvers</slews>
      </unedgeTrink>
      <styliseMuftyPeele fadeEarlap="osmous4" vibicesKeelageCaurale="780089693" taratahKebars="htelFledgedAgenes" dismitRicecarCyath="euscaroParmese61">
        <ligulesGiga>oidioidKulackIxil</ligulesGiga>
      </styliseMuftyPeele>
    </chookyPraecox>
  </visitorBondedSteamer>
  <marish vulgus="elanusCotSutlers" pitaPiraya="crayPeacedNudens" scapeMurrsAcronic="bimahGremmy" tomeful="tandourJuntas">
    <pippinTigressDomajig>
      <bliteAzelaicChurro>kaw</bliteAzelaicChurro>
      <becloakUnitBeaning bagreUberantRier="ranquelTardlePlaten" taiversReceiveGelates="trilisaFondlyOrbital" galeeZonurusUngag="aircrewTosserSimarre585" attal="miladis331">
        <jupons>chemisEnamour</jupons>
      </becloakUnitBeaning>
      <braille>
        <exoleteCommaesCozzes>enchainUllingUnfully</exoleteCommaesCozzes>
      </braille>
      <flipHepper>
        <piggie>bronzeSprent</piggie>
      </flipHepper>
      <bosqueRaft patacoNickers="brookeHamManana22" sanchoBidri="4470846" svelteDovekeyBoas="matapiHalling">
        <furandi>enclNeftgil</furandi>
      </bosqueRaft>
      <dimmingCoue>
        <purda>88</purda>
      </dimmingCoue>
    </pippinTigressDomajig>
    <armor orricesUnnaive="saddik" topazy="stongNatals847">
      <lightsTalkGormaw>lovefulMeager376</lightsTalkGormaw>
      <becolmeNeuric texture="heleBulkTwingle" taxus="pouncedChewerAetites" basted="hazara">
        <sweeredShechem>steeverCyprusFiques</sweeredShechem>
      </becolmeNeuric>
      <hagbornSoothly axeHemine="dearSqrt30">
        <upcastsOweFurnish>meeds</upcastsOweFurnish>
      </hagbornSoothly>
      <glick assays="rangoon902" irised="lairErgo">
        <pauncheRemueParoecy>boschPhobiasLoftily</pauncheRemueParoecy>
      </glick>
      <duels>
        <vichiesRaisons>unstrip2</vichiesRaisons>
      </duels>
      <definerLangkaVaunt fertil="bullier" fyceSorance="limingAmebae">
        <kishyDwindleJook>eardrop</kishyDwindleJook>
      </definerLangkaVaunt>
      <moonsifUranionMilord>
        <skinksSlurs>letoff</skinksSlurs>
      </moonsifUranionMilord>
      <tabaretPledgeeEstadel nighsTweese="engrid" shapooHairdoPlowman="kylix" weaving="pursualMotsRisibly" beneathAsquatLichtly="cherguiArabian62">
        <ricinePondok>schlepp</ricinePondok>
      </tabaretPledgeeEstadel>
      <domnBunchy liftsTempterHelluo="toxicolCursoryUnveils573">
        <xerogelBeadmanDayak>tintGaff</xerogelBeadmanDayak>
      </domnBunchy>
      <cobusTurfy tulchinRoninHelled="backareUnruly" mauger="265" faffle="40">
        <cinquesOvarium>iranian</cinquesOvarium>
      </cobusTurfy>
      <douarBricoleGorce sanfordCanglerJumbles="4988" galopedTansy="tofusLamping" nefas="lacunal6" atelene="hech">
        <comedos>subdebs4</comedos>
      </douarBricoleGorce>
      <toymanWhirkenIndaba extg="4036" courbeMatsueWoops="plebeDipodid" quadraCoulie="reburn">
        <glidesAccords>linderTeutons</glidesAccords>
      </toymanWhirkenIndaba>
      <manky>
        <virentBontok>disbark</virentBontok>
      </manky>
      <glutteiContund unadultChiveEsopgi="pleasesSpaded">
        <dierDweller>dodo</dierDweller>
      </glutteiContund>
      <rerises>
        <respadeHorahBamban>fiendsStoreysTermors</respadeHorahBamban>
      </rerises>
      <mythusSchillu redound="377249">
        <fernierCholtryPuggree>1172400</fernierCholtryPuggree>
      </mythusSchillu>
      <marx melCuchan="pretold" kylies="5411351" malays="jaycees5" marlCues="wiseguy">
        <caftansHective>pullmanWarl</caftansHective>
      </marx>
      <calcinoThrushAssail unite="testae">
        <ezekielSheaths>sandhyaHordeum</ezekielSheaths>
      </calcinoThrushAssail>
      <dahoons nicolFrousyCower="somewhyIncutTag" adsorbs="bromals5078" entozoaExpire="killcuDearest322" rutuliMboriJenoar="hurter">
        <ambagesDocked>141989391</ambagesDocked>
      </dahoons>
      <flaresPidan>
        <saiphPositPowdry>eruct</saiphPositPowdry>
      </flaresPidan>
    </armor>
    <laus>
      <khakiAnnealsMore>apt</khakiAnnealsMore>
      <aurarEmyde decurt="strany8" spiking="967" inferLeafit="15028" fitchyOutwillTiang="shahi">
        <torothJawfishPallas>dammarBull</torothJawfishPallas>
      </aurarEmyde>
      <hookersUrinary>
        <crisps>mev</crisps>
      </hookersUrinary>
      <bewaryPaselaGiggled twills="rabWendic" whalpGlotumSaver="802843" setouts="femininRomeros">
        <jackalsBobbyPrayful>pepsiMelonsFennec2757</jackalsBobbyPrayful>
      </bewaryPaselaGiggled>
    </laus>
    <yohimbe>
      <agt>outplodBapSoumak</agt>
      <finner isobarsVeadar="inserveWoodie" mantledVaginasDad="832044709" centredSymmistBeltman="unsaneRiggersReglet18" stridor="twirlerStrang">
        <pileupCookdomPsaltes>potmanPercoid</pileupCookdomPsaltes>
      </finner>
      <icelike unawfulHaikaiIwearth="imaumsCoticeFalcer" buenos="70046056">
        <sprunny>pearler4719</sprunny>
      </icelike>
      <muddlerRumbaed friary="tonVacuuma">
        <xarque>agateSavvyFillers</xarque>
      </muddlerRumbaed>
      <cnicinAvenue>
        <jostled>7</jostled>
      </cnicinAvenue>
      <salamisAnc arctianBarcanDefiner="cardersBerserk" pretire="mutablyGranola" cyclaneDurr="daphniaMowchtTasse" espadonBebrave="flyback">
        <clauber>tainan</clauber>
      </salamisAnc>
      <karitiPilaffPippen orchid="9" arician="whatdMeropiaKarluk" jaguarsUnact="skeechPrimely52">
        <thorKoruny>818540412</thorKoruny>
      </karitiPilaffPippen>
      <alleyed alisierVocoder="blame" watchedMourneEmpasma="2733">
        <smirkerBletheGrumpy>4291304</smirkerBletheGrumpy>
      </alleyed>
      <parget macchieTriton="nogaiAcericClearer">
        <retakerRisker>rooksPuredGuessed</retakerRisker>
      </parget>
      <risotto maguari="memsUntimed">
        <ascelli>porerTofile</ascelli>
      </risotto>
      <casque meecher="pitylus">
        <cedreneDalHungary>phossTrankKerugma</cedreneDalHungary>
      </casque>
      <hyssop mererZorgite="uncallChapter" ghborCulverGumweed="5" salmiacCupless="89762" steamyStigma="94627404">
        <bemailDmod>monaene</bemailDmod>
      </hyssop>
      <losable marcot="primely">
        <rawhide>2181</rawhide>
      </losable>
      <tchekaLogbookJussive tobiasEpidote="solvedUnsame" tyrAgriaRantan="qurshesPavies" seabirdHonied="perfuse" bartersMelenicForwore="358641">
        <chopinsRaspingUndirk>kelimaBuphaga</chopinsRaspingUndirk>
      </tchekaLogbookJussive>
      <abyssal loungeCanidae="huskDulleryScoad" anadromLinguae="reapedMegarad42" rahdarHopsack="luwianSqueak9" schouw="926312">
        <dunesSauceryNanosec>pochoir</dunesSauceryNanosec>
      </abyssal>
      <waltWeasand doubtsDismay="reproveHornistKeir">
        <bacchicMassa>mecatiScrewy</bacchicMassa>
      </waltWeasand>
      <snool cornish="neigherTribrac1529">
        <warmfulOutlook>985851440</warmfulOutlook>
      </snool>
      <eider whooper="purim">
        <congoniUnwillVic>26</congoniUnwillVic>
      </eider>
      <gruffyToroidsOliva xeroses="plisseRagnar">
        <nutted>misluck</nutted>
      </gruffyToroidsOliva>
    </yohimbe>
    <sip expenseAvoySenoras="idlebyUnfeary" flowageMidward="throws1782">
      <soiledEpochal>882447130</soiledEpochal>
    </sip>
    <craal>
      <acerin>harls</acerin>
      <suff myronic="reshodConject44">
        <cascol>fylfot</cascol>
      </suff>
      <bemeal>
        <greisenOpaques>stumbleFanti</greisenOpaques>
      </bemeal>
      <cheesedJaupsTideful kurungToggingBebusy="ditesServistBesayle" piestBasketsBef="traysHuvelykCelesta">
        <sklateDrilvis>malchusAcalephTawyer4794</sklateDrilvis>
      </cheesedJaupsTideful>
      <formeneLichenyKennedy rustsBulbous="cull93" protura="murexidCanalla" enisle="dansk82">
        <nummary>85165</nummary>
      </formeneLichenyKennedy>
      <hermi forthy="827566479" methodSizalDrassid="levulin" tembetaTresselMilts="oarlikePlebeWud">
        <bedroom>xviii</bedroom>
      </hermi>
      <caphite>
        <gigbackAsaphiaGenesee>422978</gigbackAsaphiaGenesee>
      </caphite>
      <poke debrief="dissourOvenly" boort="tournayMopan9148" outredeNeonate="arrisesRameanOutpull">
        <etuaQid>359</etuaQid>
      </poke>
      <heartenPleopodBenzoxy foppingGuepardPhpht="flitchClippieRebuker" immunol="orangyLinnaea">
        <branPantosUra>earheadCattierMagot</branPantosUra>
      </heartenPleopodBenzoxy>
      <lassuSornari trigynForintTsar="9027">
        <arteria>36</arteria>
      </lassuSornari>
      <likin mirkyHeynnePuddled="138241">
        <attach>sibrede</attach>
      </likin>
      <firmed swartly="stanley">
        <lotions>comose98</lotions>
      </firmed>
      <scalars cassanJuggler="ketalSmetheAstraea" caunus="xyloid">
        <skanceAvance>sautyCausus</skanceAvance>
      </scalars>
      <protest>
        <yapocksTatters>bladOrmazd</yapocksTatters>
      </protest>
    </craal>
    <abseilCowkine>
      <bullyCoriumFoxily>9</bullyCoriumFoxily>
    </abseilCowkine>
    <surdityAnkhsMihrab dive="herdboyGimmer4885" huscarl="kinkhab" namatioFiggle="674" niggingSmurtleMayans="korzecFlasket" chih="113112">
      <ufologyScrayHafter>dicots</ufologyScrayHafter>
    </surdityAnkhsMihrab>
    <fiasco>
      <aigret>evadingPomey</aigret>
    </fiasco>
    <shiersGrowseSarods droitGnomed="coleraEuchresKaffir" cpsManchet="froggyFabularPeakier" fracid="ageistsSkewerPacaya" borniteCanons="flavicTrunksEqpt" rubiestDartoidIdolish="fooless9594" prosedTremors="oarsmenHalwePachyma" sneaps="gesterIllectSubzone">
      <xeronic>seaward</xeronic>
      <ploysSuppers elissa="worsensBread" scaleniMiaotzeBatarde="naked" diambic="katukaTanier" feasingNipmuc="15851533">
        <johannaCoccule>contiseHaolePended</johannaCoccule>
      </ploysSuppers>
      <clearerCen oxalite="undosedRasenFeminie" bibbons="shumalEanling" amitiesAmirsTreaty="mashlamCrosnes" avenaTsks="dozViragosRickets">
        <vespidSparidEvolve>traditeJanglerPeppy</vespidSparidEvolve>
      </clearerCen>
      <merrowTurfmanJess srutiUvrouLancet="toastDevota" pudgierUmiaqsAchras="antiqueToppers" prigGloppen="coperStringy">
        <colosso>sedgierNavahosNunnish2272</colosso>
      </merrowTurfmanJess>
      <dhikr levis="starfulHuzzahsDrill">
        <fazingAridedFicoes>lustresEndjunkGardeen</fazingAridedFicoes>
      </dhikr>
      <bunkedHexagonGpad dodmanCroche="7317" repinerSlimmerForfend="nuncles" sooreynGlaivedTuque="taggleFungi6" notaeumMabiMogo="monaul">
        <beatify>valRybatCardoon</beatify>
      </bunkedHexagonGpad>
      <corals fusses="shindyWokenSongful" icotypeUptableNinos="ocheredRaquet">
        <cedarsAtaxiaHory>jantMensch</cedarsAtaxiaHory>
      </corals>
      <hoggism>
        <steptoe>oofless</steptoe>
      </hoggism>
      <shist tarefaEncheatReboke="cothamRatingSignoff" dingles="98" formyl="24" yuchPledge="patesBarbaryMarker">
        <debtorsCertis>reemChoristKlucker</debtorsCertis>
      </shist>
      <timing camisRepros="58" poncaSpars="suncke" barnageSoakenOnehood="rehaulUnurned" drakes="raidEpochs">
        <wavablyArdencyHatred>709031</wavablyArdencyHatred>
      </timing>
      <regnantFanon foundryCorinna="70311">
        <lurkyRevokedMidlegs>423458</lurkyRevokedMidlegs>
      </regnantFanon>
      <dewlapsVicaryKorait>
        <somehow>cranklyShibahsWauks</somehow>
      </dewlapsVicaryKorait>
    </shiersGrowseSarods>
    <serosasTithes>
      <gauffreMiaoDotless>luminalCarmanCaman</gauffreMiaoDotless>
      <pigskin>
        <vacuumaLiar>ahmetRattel</vacuumaLiar>
      </pigskin>
      <alfaquiToque percuss="79025498" thujeneLooper="maffler">
        <guidoDiasterAngor>ilicic5</guidoDiasterAngor>
      </alfaquiToque>
    </serosasTithes>
    <bchAudible>
      <hipshotVisney>vulvateUnslingPaca</hipshotVisney>
    </bchAudible>
    <fulcrumTappaulOnkos>
      <lascarKambal>inboardDicotsChiles428</lascarKambal>
    </fulcrumTappaulOnkos>
    <sayaMitKibes exhumesTantras="7260">
      <kenyan>fixersPatins</kenyan>
      <odinite>
        <sobbed>scudlerAggadic</sobbed>
      </odinite>
      <smervy>
        <bicornRogero>mandrelCragganPyretic41</bicornRogero>
      </smervy>
      <oliver outhitWinsterVidimus="nay" ifecksWrixleGuzzles="4766" anilla="aretesKeratolBob" byronicMezuza="dishelmRiskishSowable51">
        <palmarCheung>8762</palmarCheung>
      </oliver>
      <henpeck cucullaWoodierVrow="249" ungluedCodoTribade="87" doggingNaegaitPearter="cruntCapitolChekmak" vexful="cocardeCrocks">
        <whoopGrameOttave>aigletsPollockTrucked</whoopGrameOttave>
      </henpeck>
    </sayaMitKibes>
    <sievingRosetta>
      <zabetaFrothyPhon>mutagenWilburTeheran</zabetaFrothyPhon>
    </sievingRosetta>
    <colies>
      <flamingBaying>hurdlesForlanaKeb</flamingBaying>
    </colies>
    <tzaam floroon="brochanSenary9646">
      <croups>rustleSetoff</croups>
      <ropyAwnsCastle gameyHonWonnot="enflesh2" flauntDaturic="vistoRud">
        <lagunaSalpinx>pastaAdward76</lagunaSalpinx>
      </ropyAwnsCastle>
      <vesteesJurevis>
        <cortinsOyezShahs>838218447</cortinsOyezShahs>
      </vesteesJurevis>
      <synnemaTyrrPlebian abator="outchidSamechsCokie">
        <flurtCitess>eatsBecreepSloop</flurtCitess>
      </synnemaTyrrPlebian>
      <briardsPledgeGustily resinolHassar="vacuum" drimys="epoistMisobey84" brittenNogadaIratest="44508" lucre="boxbushSeventyVision">
        <simiidTeaismDes>scholiaMambu</simiidTeaismDes>
      </briardsPledgeGustily>
      <discideRite koeri="lyctusMackVails" ellanCampagiCirques="inadeptBeslimeAll" khakiMallein="237046" coloner="fustianBrickleFashion">
        <morphGanglia>pikakes3751</morphGanglia>
      </discideRite>
      <lopped sultone="unsaferOrt" douglas="porinaDircaDript">
        <arccosLoriusSugg>homeric</arccosLoriusSugg>
      </lopped>
      <ideanBedub primlyPekoe="edifierBecramBelait" itemsSaimyFiliety="78861" rustilySalvoGraysby="371882061" labileFerris="spankBocciTwigged">
        <thorpeRonierBaboot>chagulScars</thorpeRonierBaboot>
      </ideanBedub>
      <nymphly leonPropelsTread="lininGreisen">
        <asthmaNunnari>flumedGivers92</asthmaNunnari>
      </nymphly>
      <spongyRescale skepsisMimmock="suesCarneol" ferdwitArtel="884" gitternSulfito="housageOutkick">
        <furialLimbal>guacoTishiyaDodgy8360</furialLimbal>
      </spongyRescale>
      <lustredUtterBalkan purgedPrunellFleshed="180622" frecklyKokanSundari="384606348" tensureApologSerines="flautoBelliGaddis" stipendPeritQuellio="shambuBaxterDante">
        <valoursLexicalElevate>wejackDyinglyPli</valoursLexicalElevate>
      </lustredUtterBalkan>
      <urgesVisayan hawmWillfulUlysses="beachyAcutateYauped995" lollardFet="650389350">
        <entoilMaybush>lampadsHeavierDreamsy</entoilMaybush>
      </urgesVisayan>
      <busiestMeatier airdockSuccise="foundsSnail" shriekyMoggan="returfAwnlike192" mockups="byres">
        <burgeonHeed>vengeEasies</burgeonHeed>
      </busiestMeatier>
      <colanePluggySpuming oglala="solideoTreesBuceros" toolsy="60032" inclips="labisKaesOtacust" amovingLonely="urticaWannestVadose">
        <lofter>rcptCarding</lofter>
      </colanePluggySpuming>
      <tulwaurWedgies loreleiNeddies="piet">
        <misjoinPrawnerLassoes>corradeAperies</misjoinPrawnerLassoes>
      </tulwaurWedgies>
    </tzaam>
    <briaredDopier>
      <shalakoYardful>caplockCandiel</shalakoYardful>
      <basiateWorstedHabub primeHanse="wary" faurd="sememicCovineYogas4" meacockUnsmoky="butting">
        <dioxySeit>47691</dioxySeit>
      </basiateWorstedHabub>
      <ulsterNeonedsRajes dawtit="herbier" panaka="uppointFoxeryGloried553">
        <evasion>genekiWoomp</evasion>
      </ulsterNeonedsRajes>
      <tyauvePairerUnlades conusorHylic="nobbilyAwink" mealedMuffin="leaked" germinaWheat="roey">
        <princeTittup>caviareDas</princeTittup>
      </tyauvePairerUnlades>
      <swampAsok floury="6372">
        <tonnes>trisalt82</tonnes>
      </swampAsok>
      <epactalObeli triolsSougherKyathoi="peonsPolling" cistGarceGotten="endarchDowncutRewired" lapseInletVidya="celloidTabbiedLinolin" sambucaWoolen="sorterDecart">
        <attackAymeBrool>departsVealyNogal</attackAymeBrool>
      </epactalObeli>
      <gambirBestudsAnatomy outgazeFeeds="sat" galantDumdums="capron890">
        <jingal>beardieDaimonChump</jingal>
      </gambirBestudsAnatomy>
      <nycteaSyria>
        <abounds>kimmerSenna</abounds>
      </nycteaSyria>
      <mamasPaterHype obligee="flakIulus" cronyCupaniaBellman="7">
        <prompt>caphiteBawlyPlebian429</prompt>
      </mamasPaterHype>
    </briaredDopier>
    <genin twyverPlugsQuote="87" whiffle="coateesScauper" wampumSizersSkinks="25100" croupFlushLoggets="tatted" torulaeLakmus="9864">
      <kolkozMicelleFists>plait</kolkozMicelleFists>
      <motionEpeirid pupasIcily="affeer6124" mannerPeggerPleach="cormVentageQuite">
        <uncriedBenzineWyson>41</uncriedBenzineWyson>
      </motionEpeirid>
      <rantedLitheMassas ariose="nucha">
        <noisesNornaWhites>ened</noisesNornaWhites>
      </rantedLitheMassas>
      <squinchAntilog bahama="ranklyPippingSpruik5" moco="genieDetinet78" sulkersLousierThroddy="9">
        <nudaInshoot>loyalerDom332</nudaInshoot>
      </squinchAntilog>
      <mnemeMitredCamilla scrungePlaitCatan="sievingLazaret">
        <baggers>eleanor2</baggers>
      </mnemeMitredCamilla>
      <pruntCritize dicastReladen="sootiedKolosFreezed" assesPanmanHir="yogist" romanaAsslike="pynot">
        <mightsWrihte>thiever</mightsWrihte>
      </pruntCritize>
    </genin>
    <unrufe snubs="duddery" azulmicPythicRheme="cetidJumpily">
      <inflood>filmdomTexaco</inflood>
      <samuin rustierFlear="coralsTweedsSylvans" accaSueviLaertes="zonules9642">
        <oaringPrepsOvulary>dagonCheneau</oaringPrepsOvulary>
      </samuin>
      <enskiedNewTanger stooged="unaus">
        <glitzyPlimmedBurweed>zoocyst</glitzyPlimmedBurweed>
      </enskiedNewTanger>
      <bindery patter="bichy" forints="oater23">
        <hoopers>5999116</hoopers>
      </bindery>
      <eolian quata="6070" boundedWayne="96" gymelHexade="epheboiChelp" tinnierVips="ewryElanceGoozle">
        <dapico>atuamiOometryOhm</dapico>
      </eolian>
      <conchaRebuySiper bossboyVeigle="didder" fagus="lilacTaverPigdan45" rooibok="metisseBlotDuellos">
        <myraRowed>tahsilDuelersConli</myraRowed>
      </conchaRebuySiper>
      <tunicleCyesis winraceHardock="hyppedGeratic" cuminolYawning="669281" booky="nontermBooleanFungoid" bewest="690">
        <commarkFreakyFielden>venomyIraqian</commarkFreakyFielden>
      </tunicleCyesis>
      <rotularVivosLunger>
        <hogansTads>panax</hogansTads>
      </rotularVivosLunger>
      <reveteTronk giseLeckerBosky="breagheWailful500">
        <agyriaPappusAunty>aureousSepultDown</agyriaPappusAunty>
      </reveteTronk>
      <coofs racemesTacetDatival="embiidAngusSteelie" shaysDeemGreit="tacesWakenedOrselle" huma="urticalXenias">
        <relistMoco>boltageAcratia4716</relistMoco>
      </coofs>
      <gliffyUnlealSereins warmupsXylyls="daffedHearseNaevoid" kitamatOilcaseFondue="caftanElusive">
        <nowhenAcuerdoWayback>boulterSerolin</nowhenAcuerdoWayback>
      </gliffyUnlealSereins>
    </unrufe>
    <dayLidiasLobworm usePalpus="relatesPlouked9332" cathetiLechersGreased="siccSweetsSuite">
      <copedPottled>mossingCurtate</copedPottled>
      <calfsBaleiDilute>
        <shackedTaglike>5661</shackedTaglike>
      </calfsBaleiDilute>
      <axersTraitor skippelGaloots="blindArrayStriken" libantCoresKil="730" lucayanMora="309" tatoosPronelyForset="elatorHokesSwirly">
        <gorer>exocarpSlapperBeydom37</gorer>
      </axersTraitor>
      <mangar kraBuriersSoda="shebat" orleansAurorae="699198" deggedQianaCaffle="goularoWairs" cellars="cantle">
        <secusLindoOdonata>monasaChaaSherry27</secusLindoOdonata>
      </mangar>
      <morguesAscriptSteng>
        <polymny>tunicaeDish</polymny>
      </morguesAscriptSteng>
      <flashed coladaWheatsRevving="rapaneaLithoRiots965" gawgaw="29222426" nocksDowitchTackier="arsonicAshtray" budlikeGlecoma="dzungar">
        <phloxinYacataProofed>deuxAsarums</phloxinYacataProofed>
      </flashed>
      <perosis>
        <anat>armrestDeletedGrundel</anat>
      </perosis>
      <bilobedEngaudCarer fenksBlellumLippia="whilieMeloid" grigsTundish="yojuaneHemps357" saddleSphenic="librDraftsAnnal84" todaModocTatler="buddhEvincedIdyller">
        <lampistMenald>defamesMastic</lampistMenald>
      </bilobedEngaudCarer>
    </dayLidiasLobworm>
    <quiaRambong>
      <earths>sloperReguardLousy5</earths>
    </quiaRambong>
    <nettsDasturiDunne dairousMashGiantly="fideism2" nigherFalafelAgami="188" kotoite="outage" assized="8746965" lilas="eviratoDikeletTouters">
      <yaudsStemmaNovel>718</yaudsStemmaNovel>
      <lawyer sailye="bloc">
        <crags>boost</crags>
      </lawyer>
      <unwise kodaOfficer="deashEaglesIts">
        <poweredSyce>fiercly</poweredSyce>
      </unwise>
      <copraQungTirve depotsNugaePectens="mouthsOrlosPrewrap" plashesAva="dinical">
        <cassineRespectAutoing>3969</cassineRespectAutoing>
      </copraQungTirve>
      <azureanMityBryce>
        <rhedaLeguan>shemakaLovagesTipper</rhedaLeguan>
      </azureanMityBryce>
      <mockadoFunnels avarsResward="772" dawtetGluing="maire" glibly="lowishRealismGigger">
        <stencilForhale>cousiny</stencilForhale>
      </mockadoFunnels>
      <train choctawChelysGane="ergotedPool230">
        <orlopCram>7872564</orlopCram>
      </train>
      <denims piattiRigletStacks="budging9817" reddock="limousBetoneUpcreek">
        <jupard>tabaxirRegnant</jupard>
      </denims>
      <circuitFossaneOuttop>
        <autotaMunitedOffsets>burglarPalamaCitadel</autotaMunitedOffsets>
      </circuitFossaneOuttop>
      <attaleh amylinAngustFluther="cigarTriumph" etymEburineThreats="415651">
        <objOutgnaw>9</objOutgnaw>
      </attaleh>
      <noticer>
        <scrushAmictusCubicly>noritesSpatzle</scrushAmictusCubicly>
      </noticer>
    </nettsDasturiDunne>
    <dribletTerrabaTartly>
      <crzette>papagay9</crzette>
    </dribletTerrabaTartly>
    <shuteyeAletteGoloe borPuzzleAnnuary="330975" biosomePushpinBean="tastedBebayWunner" quarred="coastPurim">
      <aruncus>vacated</aruncus>
    </shuteyeAletteGoloe>
    <racilyKnuttyTower deflowTcawiPerh="simblinCorton" logria="1288759" unhale="4" cembaliSuspectPodiums="318" duelsTrots="bramble" dupesEvicteeWormian="913990750" titiesTampers="merlion">
      <morsureEeling>baisTidies</morsureEeling>
      <vishnu metranPuddlyDevours="quilaUzaron" sowars="dogana" caphite="mescal">
        <dogcartKuduAnatase>corer</dogcartKuduAnatase>
      </vishnu>
      <grussChantsEardrop>
        <snafus>26718</snafus>
      </grussChantsEardrop>
      <nosairi wattis="94610550" pubertyHanceSorchin="ankle" monelStaddaWaik="nascanWaliTelesm" sextetFubsier="aboUnblissSwabble9852">
        <brankLarceny>blowgun</brankLarceny>
      </nosairi>
      <dormsAbreastEndleaf feifIpecac="icilyErinysGlutch61" nacresLockianBalky="sleavesAlbeTemples" pringleStrake="rommackVerverBlawed" tupikGobs="alebush">
        <retDardaolKid>cowhideMerk</retDardaolKid>
      </dormsAbreastEndleaf>
      <climeManlier egadsHairier="unfreedDaymen" hill="sejoinGowfer" huiaGrouterOutbuzz="finites95">
        <confitDerrid>sheriff</confitDerrid>
      </climeManlier>
      <grandMuddifyBotong housingZincizeSiol="honedKinoneTongan" furculeSombre="9864">
        <taker>ficaria9</taker>
      </grandMuddifyBotong>
      <ernie>
        <alarCurtestPaneity>9637258</alarCurtestPaneity>
      </ernie>
      <dirhemFavourBagoong sperateBasilPoach="10" unsafer="bends" sophian="samajPinsonsDoggier" peskierNunki="waeEndeign">
        <randsStalkCalombo>gesture</randsStalkCalombo>
      </dirhemFavourBagoong>
      <crosser>
        <numac>embatheMizzensTaxemes</numac>
      </crosser>
      <underliIleusEmodins reteneHidable="probablOsmolal591" meltons="esneSchappe" culdee="33">
        <sneestySlacklySynura>787</sneestySlacklySynura>
      </underliIleusEmodins>
      <meanest grantorKittle="necksDormUndrest5" pinda="37125" teelSlicklyPhoresy="orestesOvisac" meinSlick="smitersAbilo">
        <bairnlyMicerun>coecumReshootHatbrim</bairnlyMicerun>
      </meanest>
      <cubelet archwagInit="unshadyPavanCocopan" rhine="spewUprootsMooter" ecbasisOutmenMachs="81">
        <loafsJostles>okruzi95</loafsJostles>
      </cubelet>
    </racilyKnuttyTower>
    <sulioteLops>
      <laenderDodgy>forwelk9243</laenderDodgy>
    </sulioteLops>
  </marish>
  <cattail unnaiveSubornCossack="libridMamey" />
  <beslow hastes="gaurianHalala" nosterPomonalHookahs="unsaysJakeyVulvar" />
  <unadopt psaltryCessChouka="reaal" stellioTypicaGoup="unsafeHyssop" soleraSubdieHooklet="seppuku">
    <awaScampSpaying groovedSkilloTaverna="16976" turkiRosserFurcate="86305807" suppostPitside="8411" sudanicFusiblyJoint="sapiao" boomsIonics="beloamLangiteWaxman" reitPurify="ungild94" quailStiffenLamano="yawpersLeukoma">
      <subst>936</subst>
    </awaScampSpaying>
    <chrisma>
      <blatchSagless>lodenDecapSoutage</blatchSagless>
      <zillahsCarrizo>
        <reyokeAladaCedrene>probityDennis</reyokeAladaCedrene>
      </zillahsCarrizo>
      <yawningLuting>
        <epizoic>rwound</epizoic>
      </yawningLuting>
      <trocheeBachelNaias sanesLazarsRebait="fourthsOdyleSublid47" archsee="8" cutlassDipolar="morelloEtc" jealousDonateeGroined="undeify">
        <lacerna>shantey</lacerna>
      </trocheeBachelNaias>
      <combed socoBogumSplays="roanokeDadoing" hintedIniomi="camaron">
        <aciderRabbies>412045909</aciderRabbies>
      </combed>
      <cagerRhebok bedpans="wrigglyRadio6" ostent="toutersMensae60" bimaSyringa="jellies" wullcatChildedKurukh="medlarPeddle">
        <midlegsGrainerHerder>8</midlegsGrainerHerder>
      </cagerRhebok>
      <snotterUnc lossMotte="unneedyOutpry">
        <unsnaps>heparin</unsnaps>
      </snotterUnc>
    </chrisma>
    <anarchsSenaah lashEffluveRupa="bildersCanionSculked" kitterMatterFenced="vanadylJoewood719" lushingConicalVimpa="3" waledPalmadNotum="fcy">
      <twins>thuanMauves</twins>
    </anarchsSenaah>
    <histoneToughra stolesVaquero="unowing" wynneInfersTanzy="reladen" cuprite="awakedHypopus" namersWaicuri="rampoleTarsomePseudo" brazing="pickers" espanolAband="servEvovae" skreighAmpulPilcher="osheaYarayBurg">
      <verreShairnShakoes>hattism44</verreShairnShakoes>
    </histoneToughra>
    <ninniesPinaxRidders inquire="nantzCriolla" acoma="nosSprent3862" happensIndoorsYokel="3075">
      <feebAgios>garlandTamper</feebAgios>
    </ninniesPinaxRidders>
    <pupils chump="veninesMackledDaggly661" steepen="artiestGalban">
      <vanist>83343529</vanist>
    </pupils>
    <striate possiesMilor="586073649" joannes="270" baptizeCanardUracil="phasingMuggerHoch" lignesDasypodAvenous="23205" gimpedRcvr="unitarySeptiGimblet">
      <cutesSumen>pated</cutesSumen>
    </striate>
    <terminiShieldHarle artus="hacker" setpfxSmashCanopus="zoocarpJingoBoosts">
      <noology>7</noology>
      <sagamenApteralCopras galledBerakeTureen="81180950" corymb="cadding">
        <gilakiEmbus>chopineBanca</gilakiEmbus>
      </sagamenApteralCopras>
      <negaraCanner enemaPhyteus="zeins">
        <borageLemnaAuklets>hereticGranesChinafy</borageLemnaAuklets>
      </negaraCanner>
      <hagiaAbsalomCyanins outate="640535" dhalCleomesBathyal="ctsLawyerPilfery" glbStopple="nonasDilemi213">
        <tagalSyllabeIngest>poldavyTrutine</tagalSyllabeIngest>
      </hagiaAbsalomCyanins>
      <copesShewPixie chuseBastersEffable="84277" gemauveIllyMaister="fgrid">
        <borityStop>burbotVogue</borityStop>
      </copesShewPixie>
      <connerDulcoseArchd beganiCava="megaraBanburyPekins4063" madrierWeeping="4744">
        <cental>708332</cental>
      </connerDulcoseArchd>
      <blancheCuspidsJoins bimana="gagaku" edible="rynt" blier="76064191" legitim="33006756">
        <sidingsDevotoIllogic>sennaMarry</sidingsDevotoIllogic>
      </blancheCuspidsJoins>
      <wamesDizzies nucin="weasonsSeropusEutaxic">
        <tyloteElected>codeAwash</tyloteElected>
      </wamesDizzies>
      <toughSpousesGoncalo maghzenSkene="scrogsTussursBelgard" boleteDesmonUnlawly="moiledDanize" flapped="96">
        <ankhOutplotTorpex>1759</ankhOutplotTorpex>
      </toughSpousesGoncalo>
      <pereInjure corajiSchoolMandir="budletHurley" relever="unhaveKakke9074" cubesSkiltyWooler="isisMilkersSolion">
        <amay>clayGenesicRubber192</amay>
      </pereInjure>
      <anounouCoheadJufti fridaysBoers="14967" terned="sleidedDelawBitonal" softnerSharers="bummeryOghamBilbos">
        <schuitPsidiumOrfray>pannedAlfakiZaffree</schuitPsidiumOrfray>
      </anounouCoheadJufti>
      <damsons keckleTepary="lowdah">
        <extentRoofmen>18595</extentRoofmen>
      </damsons>
      <shiverDescureTembeta>
        <hyphaeGushed>imcnt</hyphaeGushed>
      </shiverDescureTembeta>
      <courserPriamUnoared copShawledSenate="47308883" alodialHayride="425" whore="citreanKgfDemits">
        <shownGiftNarked>goniacHyeVoltage</shownGiftNarked>
      </courserPriamUnoared>
      <eloine>
        <cosher>zudda90</cosher>
      </eloine>
      <wealden balabosRawboneBeasts="rushesShuba" syboVein="versesGuanin4" contekMameyesGavelet="skeezixCurrachClang9196" duckJewbirdTrevor="foxingsVinedEnable">
        <almondAirglowAcinous>georgieApaiseWintles</almondAirglowAcinous>
      </wealden>
      <pardoTongersTcheka tabascoArchinMisstep="amirayAvionsRaspis995" seagullPainterSacring="cal67" barnmenSertQuim="2769550">
        <caboclo>lavedWardingOther</caboclo>
      </pardoTongersTcheka>
      <caroachTradite metria="procere" howk="souseGelled7" foulderPokilyIgniter="fundersLookingMartes" crinkumFluffsAganice="uterusFrigidLardy">
        <jactura>fulupCatcher792</jactura>
      </caroachTradite>
      <refines ctgeAlthoBeguard="birdeYippiesWhims" pygopusThemaPalely="8568434" fluidalWhackAcetal="jatiEremic">
        <cheapTaysaam>1427401</cheapTaysaam>
      </refines>
    </terminiShieldHarle>
    <steenieLacy poise="rampireTootledDicasts791" whoosisUnhoarySav="couchyPalkeeCaused619" aeonDispulp="6666495" tritely="bylinerNol1" richest="ranterAraise">
      <gaufreCuveVarnish>unfaded</gaufreCuveVarnish>
    </steenieLacy>
    <janker maidishSoogeed="huertaUpgirds" sparksPreoralHulked="eulogyPoddishUterine" adelia="cataria" precastBulbusSneathe="wooAllwork" nightyTinsels="guanineBlownTwitch">
      <kempImpregnStormed>pgnttrpExcel641</kempImpregnStormed>
    </janker>
    <triunesRutted shaper="unhued" wigdomEaux="refloorAlalus" jockeyAhaunchMedrick="96" reluce="sienite" valorsElaenia="sbirro" sleavedToricMankind="2823477">
      <wizSnaker>osset</wizSnaker>
    </triunesRutted>
    <cocoyam>
      <gladdonBlowpit>pinwingTaberna</gladdonBlowpit>
      <doucFesters blypes="remanie" rendersAcediaMelos="817" cheyneyRaftmanOlympia="oathlet" eleanorDecaresOxim="88">
        <templed>heldRelessa</templed>
      </doucFesters>
      <allowedBelfast metrete="floorsCytitis" hyingly="didromySpuddyDynel84">
        <cupidonToona>55416375</cupidonToona>
      </allowedBelfast>
      <acouasmDadoingPrepd cowpen="gaudMillimeCobalt">
        <metresProsaic>dinsome</metresProsaic>
      </acouasmDadoingPrepd>
      <plea>
        <libbing>894974031</libbing>
      </plea>
      <willImpendFeste>
        <magmas>357658816</magmas>
      </willImpendFeste>
      <bayanoGollarDiana carli="foliousVirgos867" remijiaOreman="buddersBurry" wagingEsseraCiviler="gujarEnviron">
        <gavotsLaurelAunters>autobus</gavotsLaurelAunters>
      </bayanoGollarDiana>
      <acquireAnteriWheely foullyBiozoneSolate="pinyonSnibIsawa" antonBleaks="centrexFlocoon">
        <stagnum>1</stagnum>
      </acquireAnteriWheely>
    </cocoyam>
    <gracePoachySpells>
      <braiderAiversArioi>cicutaFenced</braiderAiversArioi>
    </gracePoachySpells>
    <brokageDemiUdish>
      <urachal>jailingBinocleUnfoggy</urachal>
    </brokageDemiUdish>
    <reveals>
      <malmock>stoveOrias511</malmock>
      <wahoosAnon garrickPolyact="14694" iconianIndolCneorum="brelanFlavory" dsnamesPodagra="boylaClinicsStadial" sploresMkt="9853">
        <braizePrudity>uniateHastive</braizePrudity>
      </wahoosAnon>
      <dowagerZamouseFozier pasteurRegulus="17" ganeGyokuro="wheepedPassus" rantockOtidine="760362025">
        <filingsAnatron>koaRealistChelp</filingsAnatron>
      </dowagerZamouseFozier>
      <yantra syrups="combsScreech41" mahallaCampongAys="gigsmen" unmasksTyromas="clipeiTuckingAnorth" chimpTiki="sylvateCarboxy">
        <foolessCuddies>kumissAdfrozePterion685</foolessCuddies>
      </yantra>
      <sonancy sclate="cubby5">
        <styanPrimsieHems>petrogTramels</styanPrimsieHems>
      </sonancy>
      <telegasLorimerDureful realign="balloonHastish266" nimrodFilletsKiku="1" waltyXylidicDiktats="odsGauzy" stems="moilingTpiPopedom">
        <indn>cunea</indn>
      </telegasLorimerDureful>
      <dories achromaBovines="startsy">
        <bishariManjeetTuber>upgoingWrestDanaine</bishariManjeetTuber>
      </dories>
      <filers dieters="greyerDawtieRagmen" tappersDuckAmba="864258935" oie="roricDenda">
        <nilgausThingsPateria>1284</nilgausThingsPateria>
      </filers>
      <oustitiPusleys>
        <enderonBruja>bardishChunariRibalds</enderonBruja>
      </oustitiPusleys>
      <chintzeBoatScarted>
        <sumph>matherUnlight</sumph>
      </chintzeBoatScarted>
      <unwellEntomic parcels="suspend" doctors="rusky" towheadUndoer="surgeLunierPolack">
        <treeySigil>innestVersantAlee</treeySigil>
      </unwellEntomic>
      <zymosesRewindGarage ubangiCantino="buckRethaw" sevenSqueaks="ovularDevideEspeire">
        <waveletBarefitFelted>jessingCardersChamos</waveletBarefitFelted>
      </zymosesRewindGarage>
      <besmokeTalliedDeflea curitesKnee="1">
        <krina>2</krina>
      </besmokeTalliedDeflea>
    </reveals>
    <cleomesCrip>
      <mandapaVese>659180192</mandapaVese>
      <rustApprize>
        <likkerHandingSextern>doliaEscot</likkerHandingSextern>
      </rustApprize>
      <dodransForciveHoghide louchPappies="48604992">
        <nitwitDhooley>gablingRosales</nitwitDhooley>
      </dodransForciveHoghide>
      <lockram stowp="mixupWagweno">
        <verism>19</verism>
      </lockram>
      <lion baaed="heraScarpedKiddos51" exoletePinacolFrogged="chiefFanatic" tenspotYukkelGenae="gongWithbegEuboean79">
        <sinatraMuridae>8705</sinatraMuridae>
      </lion>
      <baffiesSaifyCoops enatic="steepsEpacris6">
        <timucuaArctoid>abacus</timucuaArctoid>
      </baffiesSaifyCoops>
      <dobl>
        <samsien>83</samsien>
      </dobl>
    </cleomesCrip>
    <blanksFlagonGyro putoffsMasaAvows="longedHeraud" hafnia="serge">
      <agioHola>soarerKabikiAwnings171</agioHola>
    </blanksFlagonGyro>
    <singersFixedFodge>
      <cairo>6530</cairo>
    </singersFixedFodge>
    <wigwamChakdar>
      <rachelIcings>4</rachelIcings>
    </wigwamChakdar>
    <numidaeFastus>
      <planetsLilts>sixain</planetsLilts>
      <cookyAmidin>
        <seineHailsPattoo>witheryEtapes</seineHailsPattoo>
      </cookyAmidin>
      <bankedMiserlyMoodle bardesMaharaoBegins="uncastCnicus" getfdNoisyMumbles="eundemKitschy8341">
        <cohortAbkhas>mangaOutrick</cohortAbkhas>
      </bankedMiserlyMoodle>
      <nasionsImagism dhauriAgeeLava="drylotBelli" sherbetPouchesPriapic="ranketWummanPitpan" lycosidSaidiCulbert="homonidWaniganHorsely">
        <osmosed>mochilaSwash1731</osmosed>
      </nasionsImagism>
      <picadorKnapAppius oviparaSticta="2" angelesFoemanPalus="7" codeinMethid="kathrynMaguey">
        <rookerGentledTeazled>poppetsRenablyGismo</rookerGentledTeazled>
      </picadorKnapAppius>
      <tanghin cecitisAmende="light">
        <tuffsUraninIbises>adenyl</tuffsUraninIbises>
      </tanghin>
      <ausuboHingerRolley sunlampJoinSkaithy="respotOchrea" vanmost="9239">
        <dilate>pinjane2</dilate>
      </ausuboHingerRolley>
      <uncriedHaywireAmbulia fiskDiodon="5">
        <jawfallSamplerUpbound>belEnid</jawfallSamplerUpbound>
      </uncriedHaywireAmbulia>
      <dinLakOofbird armitasWeanyerTeap="526106" warrerApodan="waneRathTinsels" gledsDedoLowish="torsoChere">
        <abaser>thegnlyPoleyns</abaser>
      </dinLakOofbird>
      <coilersOsteal lunetsJubilarRosa="snideSyria">
        <boxball>rarer</boxball>
      </coilersOsteal>
      <oyletRetuned treey="abreastKnoller" fustleOsculesNinety="rumps">
        <cyclerKelsonSpheral>3</cyclerKelsonSpheral>
      </oyletRetuned>
      <okraBleck gnaws="gloater" ranidJaconet="jackey" chordObtund="likely">
        <pean>breengeTriasCedes</pean>
      </okraBleck>
      <mirkly>
        <widuGenevaInrub>singerEstrich</widuGenevaInrub>
      </mirkly>
    </numidaeFastus>
    <icebergHabile>
      <tarcelLascar>exitsZingsHackeem</tarcelLascar>
    </icebergHabile>
    <frappedSpurned nacresGrewt="senitiMimbar" dripPanakaLongbow="yielderEnniche" hillock="wearingCerning" stowerPantodSory="cawlUpgullyMousme" itemingGerusiaMacs="dinersMitt">
      <lagting>iridInradiiImmote</lagting>
    </frappedSpurned>
    <cassida>
      <findalGurr>61813</findalGurr>
    </cassida>
  </unadopt>
  <oyanaPecksUssels nogsTyronicFerular="mythistDiapnoeWhicken" />
  <aupakaAstiteEwerer />
</cursaSeicheAwn>