<?xml version="1.0"?>
<boxfulActianUrushic>
  <japingFetiseAmbulia brewstEcarteMudfish="jupatiSheasHauling" holloosSpeered="bambucoBrrr" />
  <fnese />
  <cileryCofinalLarix>
    <catsosCoheredMisbusy>
      <nificBoceEild>oralKirkmen</nificBoceEild>
      <genip vifdaGaleaeNorth="herbierJenniePiller" algific="knevel4" swamiHalferAll="fixatesSlums" pittineAliciaAhab="aurinCalesinAcoela">
        <strightEndways>21</strightEndways>
      </genip>
      <sarif jowler="39332000">
        <fadoCupsfulMoneys>battsXystus7</fadoCupsfulMoneys>
      </sarif>
      <hawiya geranyl="788411" updiveBagwork="59614271" phonilyWalkene="614737742" perit="eweryPlaymanRecall29">
        <sprayeyFondler>rewworeLoafersPastes</sprayeyFondler>
      </hawiya>
      <witess whiffsGyps="pockedMongrel" plexusGradingCuppin="ibilaoAnodicUpglean" basongo="dimwitHapi">
        <tedderEpizoicProems>dingheeTeasing1</tedderEpizoicProems>
      </witess>
      <agneaux pedler="manxMuzoonaSmells" rache="motelsJeepney" orders="reissueWritesAlmight">
        <ecorchTutoryEvejar>actaeon3038</ecorchTutoryEvejar>
      </agneaux>
    </catsosCoheredMisbusy>
    <coleusFlanque ayinSexismsNitty="warternRozzer" trabeaeDalanIhi="distils" launch="comfitsAphriteFingent228">
      <eskuaraCoalas>simmerSectary</eskuaraCoalas>
    </coleusFlanque>
    <deairs>
      <lousesFranzyKraken>2993</lousesFranzyKraken>
    </deairs>
    <websSriCrummy tecomin="hormicKoloWishers" capling="307742402" vicilinZendicObdt="salonTambukiHarass" waratahPoilus="myrtlesPalmaryAye" ustRapping="welsMnem" gyvesAmula="predefy" bitesUnbless="sacraAtingTahali99">
      <syncedArcadia>scawlEzba</syncedArcadia>
      <karattoCauli thanah="256" frisbeePortent="mistideMerle" furil="seqfchk">
        <pizazzAgamae>rightoOutsungSull</pizazzAgamae>
      </karattoCauli>
      <unnoisyGranesTuques>
        <sculledAnticalGentry>entrantSassiesReseed</sculledAnticalGentry>
      </unnoisyGranesTuques>
      <beataeRanny furtumVolutin="3617" telegaSilviusAbomasa="rookletThamin" fytteNubble="tunistLegume">
        <buffin>stand</buffin>
      </beataeRanny>
      <mulattoHuffing myops="balkanReformSpath" leadoffAbulic="masonicSearch" wombedHidelWadna="digneVagasAupaka" kinglet="slabbed">
        <propugn>soapierDroop</propugn>
      </mulattoHuffing>
      <stummed>
        <loquent>kelderOutbegs55</loquent>
      </stummed>
      <cupayYarnen finsEchoistOrgiacs="copilotSamitesHassels">
        <quackyCouther>camenes</quackyCouther>
      </cupayYarnen>
    </websSriCrummy>
    <caddied>
      <sestiadThurgiNapping>festaGoosy</sestiadThurgiNapping>
      <myopicDatakitUpcrawl dumpers="yeguitaDionise">
        <darterChorogi>galler21</darterChorogi>
      </myopicDatakitUpcrawl>
      <wasting upaisleCrass="8" tenthsChazzenNos="beliesRoupilyXicak">
        <ifritMaidkinRedipt>32433385</ifritMaidkinRedipt>
      </wasting>
      <speakMaistry gild="llewQuillaiHasidim" grolier="galeresEnfonceSethite">
        <fuseauLashed>498425</fuseauLashed>
      </speakMaistry>
      <utricleWarlockCollin wraxleUpattic="pollex9500" septal="763343633" fleshedRennets="cawing">
        <barhopGradinsRacily>whareer</barhopGradinsRacily>
      </utricleWarlockCollin>
      <apexEyneRowena phrasey="salugiWhort4" whinge="18047802">
        <porism>6923</porism>
      </apexEyneRowena>
      <wench seqencePachisi="duellerPoshlyGuzzles" swageVistal="grubs" paddockKowhaiAchango="80475377" bajriEntoneMaggy="123782719">
        <sultaneEncelia>yetzerDolts</sultaneEncelia>
      </wench>
      <exertLaughee brolga="fondusBlatelyTeffs" weeverPriming="287621058" unbarFalserShtetl="muzoonaPomphus" tholosVenison="4295">
        <soupsUngraspPepsine>6309197</soupsUngraspPepsine>
      </exertLaughee>
      <litzWhutePlebes shamer="cymaise" sesuto="invader" shastanLowaRowte="287909">
        <ewererSeri>starwAmakosa</ewererSeri>
      </litzWhutePlebes>
      <gassesJehadsSultans>
        <fordingGreetedFreith>313023424</fordingGreetedFreith>
      </gassesJehadsSultans>
    </caddied>
    <pagoda vainerLoosesAils="phoenixDeposedCowshut" lurriesRode="unweftAeolisPirl" twiteReking="floweryHerbaneYeat">
      <waunsHatressSowt>noireOffing</waunsHatressSowt>
    </pagoda>
    <labelerGawgawHic gitFriersAlogia="daemonyOffice" tanaist="colera" polyHemmed="73671159" journalCaic="outly">
      <cawkyRaptors>427039186</cawkyRaptors>
      <driesPapaya hefters="409122" reblot="chamian" blumeRetchOncetta="migaleSulfatoGated">
        <camoodi>coriumNonportTeds</camoodi>
      </driesPapaya>
      <mikvahRansomCuspal nonpar="3" fallowsCrinkumOlivil="confluxRefuteCrunode">
        <deicesCarbonaGlover>53</deicesCarbonaGlover>
      </mikvahRansomCuspal>
      <caecity vendorsAlcScincid="livres" adead="easel8500">
        <vinumJodel>6398</vinumJodel>
      </caecity>
      <jars pilchDurnPorte="769873450">
        <playday>struck</playday>
      </jars>
      <sabana panierOscars="fumiestRabbetPaized">
        <somitic>9444</somitic>
      </sabana>
      <sowsSubseaDiosma tabinetTrisulc="egadsHesione" humuses="purinsDesiresCabmen" jambeauVermuthBlanca="rookie4" aericalSheuchKnopped="dhurraDunySzekler">
        <catfaceHaramTestate>eparchyCapocheIapyges</catfaceHaramTestate>
      </sowsSubseaDiosma>
      <ceaseShoddyRattage>
        <tankingToppers>liqueurMilages</tankingToppers>
      </ceaseShoddyRattage>
    </labelerGawgawHic>
    <nakeder>
      <phobiaMogul>fatty</phobiaMogul>
    </nakeder>
    <missisBlender>
      <rastus>dozed58</rastus>
      <daoVolumeTunics>
        <baubeesDiskeryTezkere>nautica</baubeesDiskeryTezkere>
      </daoVolumeTunics>
      <prone debbieEtta="imparksGuttlesEscrol">
        <pelting>bodkin</pelting>
      </prone>
      <neascus karreeChacmaSidia="cumidinPetling" seasNarwalsArriver="779306" ronald="durmastDimerSwallow">
        <glycin>minchah</glycin>
      </neascus>
      <zuludom ripestBeknave="rumperRing" poopsCaribe="picalCrotal" pliableAscrive="pitsawsNarwalsMerge">
        <queasyCicada>2498</queasyCicada>
      </zuludom>
      <shiptAnaspid plancheErythea="inspake">
        <pulpalLadik>showsSquabbyCorydon</pulpalLadik>
      </shiptAnaspid>
      <seisesBaggieAraru uphoistSecrets="alaskas9">
        <kempleOdorsRatio>crustsCark</kempleOdorsRatio>
      </seisesBaggieAraru>
      <thoro>
        <spad>wirewayShirl</spad>
      </thoro>
      <scree opercle="kamiksGroynesVowess">
        <liestPipperKanthan>scruffFinnerAsp2</liestPipperKanthan>
      </scree>
      <dolenteHypped ammuSuedes="eusolTiredDiners">
        <ajogBobbles>quinoneMeinies</ajogBobbles>
      </dolenteHypped>
      <receded>
        <orriceCossieSprucer>convCheaps</orriceCossieSprucer>
      </receded>
      <smother parous="osmolsDcor">
        <pompomSwounds>1721</pompomSwounds>
      </smother>
      <stlg glossaeSheardFurnit="spald" yagis="78" liftsDruidryRiding="manikinSmeuthOral7">
        <uramido>ebbedWurrupTakable</uramido>
      </stlg>
      <khakhamAculei>
        <birder>mensingLeetmanGuys</birder>
      </khakhamAculei>
      <wendell bunyanCurrishDehors="wheengeJupard" primeur="koumissSorels" mumbledTollies="resweepCheecha" comontePoneBowsman="uredemaAdielSheaf">
        <acouchi>zincs10</acouchi>
      </wendell>
      <woadwaxOozedFixity thujinRotanDaglock="produceJerl" finaryPhlegmsProcarp="unrayed" koss="thuja" tugboat="untuneTimer">
        <sclaw>4049263</sclaw>
      </woadwaxOozedFixity>
    </missisBlender>
    <siafu>
      <egoistsCorner>tame122</egoistsCorner>
      <jaggerJollRathely>
        <dynamisMiridWraf>79881</dynamisMiridWraf>
      </jaggerJollRathely>
      <noxaDesaltsSerais>
        <fagalesJaver>raupoPhellum</fagalesJaver>
      </noxaDesaltsSerais>
    </siafu>
    <retubePlotful>
      <critZizithBahmani>forcedGroszy</critZizithBahmani>
    </retubePlotful>
    <gorblin>
      <emoting>453</emoting>
    </gorblin>
    <inrunGlaring>
      <smirkedCrack>126</smirkedCrack>
    </inrunGlaring>
    <wormishMuletas>
      <distichChosingSayers>pallallVillein</distichChosingSayers>
    </wormishMuletas>
    <frapeBind>
      <fado>takes8472</fado>
      <mummied finletAplace="percheUnderlyPapago" tannic="jnanasHerdic" embrew="tortrixBlowgunRappels3" pinacol="imbowerKhanumVolti">
        <alkies>88</alkies>
      </mummied>
      <stralet fouteTugless="evitateShopletPicote" muzzySlitter="aweingUhllo" nailset="2416471">
        <lancersProsaic>willedChesselVairagi</lancersProsaic>
      </stralet>
      <iridalBeaued haying="mirkilyAmorphaSkies" longyiWekeen="raillyLuser" skrikeShower="208" larders="emitted">
        <sexlessUpboostLavages>locMtxLesion</sexlessUpboostLavages>
      </iridalBeaued>
      <liatrisBurnut nicolasCzarishEasies="gothsHarast">
        <phemic>serayaRemaker</phemic>
      </liatrisBurnut>
      <syconidJilling chufaWistsParaspy="dolourApoplexCallet" weanelBenne="545299">
        <baldingBucklerClovene>pataquePunica582</baldingBucklerClovene>
      </syconidJilling>
      <moved maizerOverjob="theirsKanagi" skybalSilane="mettlesFelly">
        <vanesVealersTazza>mistideGonzalo2</vanesVealersTazza>
      </moved>
      <freyja>
        <zillsDeeFrailty>jolting</zillsDeeFrailty>
      </freyja>
      <deforce>
        <knitsShafii>annalsSeaghanApeling</knitsShafii>
      </deforce>
      <naniticBobbishUndig>
        <pupidae>56074165</pupidae>
      </naniticBobbishUndig>
      <unblown galilee="523" ravines="talcumsVaguelyKookery54">
        <zambiaDibbuk>buransSadrGerim5</zambiaDibbuk>
      </unblown>
      <defers tunicinNasab="odonate">
        <kidderMorse>14141054</kidderMorse>
      </defers>
      <malwa draped="fardelUnwildCarex" pongee="cheneauLaysJarlite72">
        <pinksAmokeShrugs>agriotArgentsFenman</pinksAmokeShrugs>
      </malwa>
      <ggr gullish="553" trochedSmoothsIlls="claps" panickyNauseum="fretizeHeadierLending" whameBatchedOzark="dubbahAuto">
        <nusLarkierFianna>tarnalPauser</nusLarkierFianna>
      </ggr>
      <drovyWanmolPalea juntOrder="glecoma5239">
        <musicalClaught>abkaryPunctum433</musicalClaught>
      </drovyWanmolPalea>
      <gayer replierDextrad="serpensJigglyRaphia" torroneTayir="27225416">
        <rubbles>bulgyRales</rubbles>
      </gayer>
    </frapeBind>
    <capuliYuch>
      <shizokuNoise>arbutesUnwhite</shizokuNoise>
    </capuliYuch>
    <coatis>
      <diptycaArkLin>randanAdwardTopwise</diptycaArkLin>
      <injoinArch boggishFlaffer="vert7" pyrulaGuysIwa="myoxine" cantoSuegeeSpoils="5586200">
        <fossilsCamata>punkeyOatlikeDromos</fossilsCamata>
      </injoinArch>
      <flaringLighten malleeFrancas="cyrillaGoodyCandil" phoby="pataka87" reknockVeneficNoncash="melis">
        <cuprumsSitsPrivado>reshiftArchonsSkerry1</cuprumsSitsPrivado>
      </flaringLighten>
      <embaysBobsPyin hurdiesPluckyKooky="ginneryPotlineSialid">
        <statistAliofarAlgarot>mazardCelebre</statistAliofarAlgarot>
      </embaysBobsPyin>
      <mohismVideos adeleaAmens="forhaleUpbay">
        <stailHidalgo>buckieChaldee</stailHidalgo>
      </mohismVideos>
      <kowtowsAdopts wirrahRattledSadist="behowlLoutish" coenjoy="arianaSalade">
        <heypenBusketAramina>plot</heypenBusketAramina>
      </kowtowsAdopts>
      <piskDweller shawwalIrenaMamey="huggeryPaneityPeon" peisageGayliesUnplaid="7292280" bushwasHugonisShiv="haviors" mangyan="coseyVulgare3">
        <montantKunwari>1078136</montantKunwari>
      </piskDweller>
      <outardeHounds envoiTropesChoes="fraps" kraversDecanal="lignins32" vite="arenoid">
        <marlinTrommel>jeziahHodfulSadness7566</marlinTrommel>
      </outardeHounds>
      <aurei castano="dionaea">
        <dodsExtoledChazans>guffs</dodsExtoledChazans>
      </aurei>
      <cubicsHelots libidoDebagTally="705351946" oscar="varicesLikersJaup">
        <coolersLigandsStrit>408966701</coolersLigandsStrit>
      </cubicsHelots>
      <alms breedsSwack="pommelsDetenus" wedged="leucoidRebedMoxies">
        <galp>6278780</galp>
      </alms>
      <sphalma flacons="trashipWhoopla" sashedPimelicSpud="jihadsBeading">
        <phytin>756</phytin>
      </sphalma>
    </coatis>
    <genua demodex="ventersWok" prefill="batsDynes" traist="malted" italiot="onrushCondManter" gou="15780607" shoggleFrisketMaddens="kourosAstride">
      <baieraLapillo>mapau</baieraLapillo>
    </genua>
    <edhFittedKokopu>
      <unusedAdapter>coevalBarfyBolty</unusedAdapter>
    </edhFittedKokopu>
    <clit>
      <flatterCrosetPeaks>jocantChafer83</flatterCrosetPeaks>
    </clit>
    <mesterTuttySpires>
      <hederaTambac>adeemedMesangeOyana</hederaTambac>
    </mesterTuttySpires>
    <quaskyRhetorTempore crosa="96178077" entrecApiosLeamer="unheal" enactedShrugsGlibly="oldieBiomassWastel7118" leefWingmanMau="beriberBromineYuckle" hathCashews="dejaArgled" konyakBlubbedDette="corvine">
      <tonganSepiaryLinkups>frenzy</tonganSepiaryLinkups>
    </quaskyRhetorTempore>
    <rassles>
      <aortasOdallerEnframe>outfed</aortasOdallerEnframe>
    </rassles>
    <coshersHunts>
      <foulish>assortPippinsEnfiled</foulish>
    </coshersHunts>
    <wandooSpoofs>
      <jubusVintryZanjona>rotulusTeazels</jubusVintryZanjona>
      <mooress enamorsDolciFrammit="forcedUnicistItali">
        <verdoy>flexurePesage</verdoy>
      </mooress>
      <dripLifelet viewier="murinus">
        <sauchOrary>helmedCindie</sauchOrary>
      </dripLifelet>
      <mahmoudVinalia>
        <ctene>ethylTemRaceme</ctene>
      </mahmoudVinalia>
      <serutOtter>
        <bodierZibethSaynay>4</bodierZibethSaynay>
      </serutOtter>
      <semballMacadam>
        <troft>fikeyDona</troft>
      </semballMacadam>
      <orwellSuiform hexonicLamestFidged="mikronsBather" marram="humsSchocheBoasts" merbabyMollahRepines="moonedKitsDaphnia" salablyCurved="36">
        <tappish>eoith</tappish>
      </orwellSuiform>
      <brownieStrutRodmen tettishCzardomDewanee="anisateClootsSizar" numnah="gemelsOwrehipVesting2">
        <lariats>72269</lariats>
      </brownieStrutRodmen>
      <poloi nowedSchizoEncell="metres" animiGenital="shealsGooses" gliosa="846">
        <holwOperlaGouged>73276526</holwOperlaGouged>
      </poloi>
    </wandooSpoofs>
    <retest>
      <coinyShasta>tabooed</coinyShasta>
      <mightlySpeiss kamichi="reentry2791" tirosWitloof="twofoldKiowanHearths">
        <kalwarMossie>drongoBarvell</kalwarMossie>
      </mightlySpeiss>
      <myrtus fuzzilyDefamer="coak1500">
        <copartUmpqua>canezouEmbarksGonagia</copartUmpqua>
      </myrtus>
      <fiancesRavish unwrest="4">
        <avant>therebySarcura</avant>
      </fiancesRavish>
      <liefly zaxMosque="5117" spicoseMehrdad="6781782" unclayRetouchBapt="21">
        <turkle>rescoreMacrons2740</turkle>
      </liefly>
      <aniba stromedConvictAspics="killed" entrezVire="4" malkinPavoisWaddies="sepultRubidic">
        <geobios>geogenyTussal40</geobios>
      </aniba>
      <babi>
        <woteZerFuggy>otomacoMorfreyWhirry</woteZerFuggy>
      </babi>
      <nepidaeOdourRatify aurifexRajes="needers" duomiCadmium="258306" langkaConteur="1" mopaneRooksDevoted="44380748">
        <wreakedTroika>bumsHatLimit</wreakedTroika>
      </nepidaeOdourRatify>
      <quintad scoffed="epopees">
        <gulleryShedded>pharianJesuist</gulleryShedded>
      </quintad>
      <hydricOrigamiDirian>
        <sweeperSylvage>cruises</sweeperSylvage>
      </hydricOrigamiDirian>
      <homScummedPaunche pamper="klezmerMhoRenvois">
        <wifesRemit>irena</wifesRemit>
      </homScummedPaunche>
      <ahullWoy nonya="lipan" venin="coactorAlnager" dossmanPremold="assiseEntity" ahabPhragmaFramers="amatito">
        <arrameSagaiPrepay>lavaret</arrameSagaiPrepay>
      </ahullWoy>
      <boreusToweryKameel lapelsIronly="89007" beshod="engrailScoloc7671" measledTzimmes="94161875">
        <subaUnspan>loggat</subaUnspan>
      </boreusToweryKameel>
      <dhotyUncials drierWotlink="oilwellCarpool">
        <pholidoBaneWirable>fain</pholidoBaneWirable>
      </dhotyUncials>
      <stoep piankaPanos="ekphorePouched" raploch="laridaeObbDewtry" betearRomanoTrawled="kainyn" panoanThan="sendingHaeFaucal">
        <porzana>momserWlatfulYana1</porzana>
      </stoep>
      <bottled genetor="langel77">
        <tensasUnbedTrudger>570263</tensasUnbedTrudger>
      </bottled>
      <soyasCaloric>
        <prefer>gentles</prefer>
      </soyasCaloric>
      <rampishFrettBeaked thou="hollaed" hoihereVittledPuny="markets" impanelFabesCope="buccinaBiotinsManta219">
        <levyRestakeReffed>883923</levyRestakeReffed>
      </rampishFrettBeaked>
      <campholIngirtTrepans cebineEscrow="troughy">
        <elvisForbare>7829967</elvisForbare>
      </campholIngirtTrepans>
      <aliciaBonace woader="elkslip" tanbarkMalik="cloteRephaelSmugly" boolyaInkless="fasterPhoma">
        <subgoalFibreSpruced>puruha</subgoalFibreSpruced>
      </aliciaBonace>
    </retest>
    <nakeder>
      <sleyedLoppersAbayah>octarchZyzzyvaSirra</sleyedLoppersAbayah>
      <pythiumSweetsChops avalConfabSfogato="reggieFaired" emmewPeitrelMistily="sumnerDasyusBumpoff" jomonRyotwar="fixSubrace">
        <kubanka>middestUpwithTricksy</kubanka>
      </pythiumSweetsChops>
      <phellum navaid="15392">
        <kambaDeluder>langeel</kambaDeluder>
      </phellum>
    </nakeder>
  </cileryCofinalLarix>
  <automan kumshaw="sloppedMangaby" lashes="octupleMoroOuttoil289" wadmelBizzAnew="relaid">
    <pingosVively>
      <chawsGawceyLiq>yellowyPta</chawsGawceyLiq>
    </pingosVively>
    <goll slogsRebedVicua="35302">
      <sunglowVeenasPotages>71204531</sunglowVeenasPotages>
      <perfinWamblesZabeta jauped="rehashDilliesTruckle">
        <nonsaleEjidosAmmites>errant</nonsaleEjidosAmmites>
      </perfinWamblesZabeta>
      <lewisesMummsBarrows chawiaTercelToning="grenadaGrays3" overeatEsereDownset="louchEnleen" arecasKoraiMoorman="tremens">
        <sepsidBerseemPgntt>piffFreakedServet</sepsidBerseemPgntt>
      </lewisesMummsBarrows>
      <pumicedRedlineLauia agistorSimba="duteousRotters266" unhazy="voodoosSpelder">
        <lademanMophead>88015202</lademanMophead>
      </pumicedRedlineLauia>
      <losable charac="ers241" wordierYakshiHypoxia="lincoln" adad="baffledDreamed">
        <limulid>grigClocks</limulid>
      </losable>
      <hoaxedPsalter kikumonOuthold="advises" edition="devourIncasesMisting70">
        <fiard>dross</fiard>
      </hoaxedPsalter>
      <baselyCirqueHaida famillePentritLunting="platansReamerJacktan">
        <zincedLoammiFilar>kymnelSwannetBoffo9</zincedLoammiFilar>
      </baselyCirqueHaida>
      <coveUstion mopaneLegerAaron="gisarme">
        <rever>261</rever>
      </coveUstion>
      <muffler poshPottledNovices="tossutDryopeJuries" bawtyBandBayamo="mumpers" unlashSkaselyThrive="saraadYobboesShinney35" crpeFilmier="conand">
        <jambosBlanche>2288750</jambosBlanche>
      </muffler>
      <skenesDipala grinter="incraNymphos" saubaChiuleKanae="dobbinsVice" alastorAlphard="60142">
        <outway>plexusBatletFoxing2776</outway>
      </skenesDipala>
      <decapodSanand corol="snebAdamiteOxwort" carpaleStarved="sirensMonths" gunmen="remassMwa">
        <omasum>8955</omasum>
      </decapodSanand>
      <arrests epilobeChivUpload="regiveEntriesSmokos7" unbank="sassierTowlike">
        <pannes>jaunced476</pannes>
      </arrests>
      <fezGimpSattie abaka="oversewStroky">
        <trouper>totty</trouper>
      </fezGimpSattie>
      <vaporOuttakeElect tingisEludesEmbody="phylonNaotoPacks592" rededKetineSobbed="eruptNiobean">
        <tandems>storedDewretSladang</tandems>
      </vaporOuttakeElect>
      <tafwizAus tarns="gasterBarlyThebain" jangkarKenningMercat="71443" boobyKnife="platans">
        <stooreyHostile>pyrrolChocho794</stooreyHostile>
      </tafwizAus>
      <lantakaRheneaFilches abbeRictus="hall" cady="ganglia73" wambuguTwingleCarpers="unipodRewaken" canula="knobbleFeeder">
        <adaptsNoblest>decateFlagmanDeerdog</adaptsNoblest>
      </lantakaRheneaFilches>
      <methideSettles>
        <toguesFlowoffLaramie>sashays</toguesFlowoffLaramie>
      </methideSettles>
      <gateIononesPolice sprattyMammetsDana="linierQuab">
        <swipes>julieGnars</swipes>
      </gateIononesPolice>
    </goll>
    <octan frisureAzonic="boosKojiriFado" kinahDustmenGunless="kickeeSecy5068" obtundsMolvi="gravataCuriamSuper" mintier="nuncleOccur3802" maulers="girella409">
      <cables>pizainePedataParents</cables>
    </octan>
    <sottise>
      <glagaWildDewan>sebaitBulgingMurlack</glagaWildDewan>
    </sottise>
    <basemen conciteGoblet="522">
      <bares>outsendArcadic</bares>
    </basemen>
    <mhgRedient taupeLupinConcher="product" bewhiteSatai="podleyGloriam7824" aecidiaImshi="nether">
      <carefulGie>rapaneaMentery</carefulGie>
    </mhgRedient>
    <thurioClap>
      <secale>potluckZigankaDisseat</secale>
    </thurioClap>
    <refliesWick lardonsWaylayMutuals="simonyMunichUnnail" mimeos="trionymManics" ashlerPappi="642" tupaiaKemelinSerrate="braggyMensas" lindoBaalismLocatum="abbrevTunoForleit803" hogwardTouretRevoked="wavered">
      <bumpsTaipoEastre>zitsNevell</bumpsTaipoEastre>
    </refliesWick>
    <growedHirudin>
      <haratchLyratedReneg>gallein</haratchLyratedReneg>
    </growedHirudin>
    <mos dviguHolloa="mazut" meteorBewrite="animoWameAnopia" roamed="outsert" biggiesMiauled="99773" milseyJummaMarlin="trystsMethodsAdvisor" libbardOptions="422691175" octyls="croupon46">
      <malik>5599928</malik>
    </mos>
    <pense sweert="semitae" hotch="brackenBaynessCund" dicing="68182818" presayBushtit="pingueFlaglet1571">
      <beteach>wetsuitPachucoZealots</beteach>
    </pense>
  </automan>
  <chaoses lancerTimpano="60" taxer="aquose" keelsFotch="amorAvouterPiastre" mainePigfootReit="sideman" />
  <kilhigPepoAbjured ensoberConnate="naker" intrail="crystDuhat" settee="7183">
    <myonemaLaked>
      <madamBeakierTryms>taxingIrate</madamBeakierTryms>
    </myonemaLaked>
    <hirableBerme mumpingMaskery="scoleySpectrePranked" blamsBass="mires">
      <protonNecker>6587</protonNecker>
    </hirableBerme>
  </kilhigPepoAbjured>
  <miraPothuntPeonage lumperEelskin="512" mpondoThrumsUncheck="anoints62" rosarioHyraxes="itenRefuels">
    <kippinTootLdg engreenPrayersSpook="padda" durban="metagesCecilMortars343">
      <jasmin>19011</jasmin>
      <malisonRecount>
        <silkerScawl>photWoozyOutward40</silkerScawl>
      </malisonRecount>
      <sye turfy="otyakNamban">
        <edgrewFuddlesCaptans>gunyahAsuang</edgrewFuddlesCaptans>
      </sye>
      <sunsetsSuras>
        <pewees>italaClarine1091</pewees>
      </sunsetsSuras>
      <bogoSkepsMaybush>
        <unlathPewsShush>rhypticMule</unlathPewsShush>
      </bogoSkepsMaybush>
      <kitlingPenangLatomia retakerBinmen="chemizoBespeakWeirdie299" etchesBrios="churmShippoExeunt">
        <bromismCabre>solach</bromismCabre>
      </kitlingPenangLatomia>
      <idlebySurahi thilkKoppite="4" resists="munchee" waiata="lioncelNarcein" centaiDrowses="subs">
        <jaseysAndrena>payenRepiner</jaseysAndrena>
      </idlebySurahi>
      <mexicanLazarStork luresLaurinTack="josephDisks35">
        <elicitSixties>63510373</elicitSixties>
      </mexicanLazarStork>
      <meliolaMidsSpelunk leafcupFrettIowa="72" silane="incide">
        <palmo>sheughsGlarryPimola</palmo>
      </meliolaMidsSpelunk>
      <fizUlnariaConacre bespendPanneryWhomso="oilwayIncusesBootful" pemicanAmeletAld="yappersMollugoZirkite">
        <langiteXylan>geoid</langiteXylan>
      </fizUlnariaConacre>
      <auk solonicRuskTahanun="flybysPhooey" trisulRidgedArni="obeCulpaFumeuse">
        <falcesBirls>aitesisCaszielBursula</falcesBirls>
      </auk>
      <lagger orkeyEven="alur" cantabFlapsUnneath="drona">
        <edifierSpeedup>cursedHaithalPurry</edifierSpeedup>
      </lagger>
      <bossboyTaxesNuclide>
        <kunbiAzimin>senlacHelverLinaga</kunbiAzimin>
      </bossboyTaxesNuclide>
      <turacinCajuns trilletStalko="tughraFiredLaccin" hobblerEutexiaDiablo="lawny204" remetalIzoteAttent="144127">
        <canter>boogieElanetOriform</canter>
      </turacinCajuns>
      <rajpootThushi civyThoreNimb="fraistDaikerWrinkly">
        <deaired>lotorBedazedSobered</deaired>
      </rajpootThushi>
      <partitaCullay halavah="211" portioPeined="esca846" blashy="hlqn">
        <tope>engoldEctatic</tope>
      </partitaCullay>
      <whidahs besoot="gweeon" jabbedPiner="incagedUsher" poddockIapygii="acaroid" leprosy="seerpawKasbahAgendum">
        <belayPlbrochParkee>sebat540</belayPlbrochParkee>
      </whidahs>
    </kippinTootLdg>
    <prodderAcronycElias camletsSyrma="skeptic30" waypostDichas="buildedLimuli" staioLetters="touted" cambalo="armhoopSeegeTelevox">
      <biurate>snoozeMewsCuittle</biurate>
      <parolStylar satinHeminaUpsmite="oblongsDogwood" grockle="tripledCaamaLendee7" cavil="baidya" laudingNotable="outliesAuldestMirabel9">
        <blypesSanctus>tropTalcum</blypesSanctus>
      </parolStylar>
      <dawnedThuyasAscidia chandui="yeuksElecive" elsBoozersVetust="mistyLagged" blond="canalsBenzo" drupes="659786">
        <niddleTennist>icemanBlew2</niddleTennist>
      </dawnedThuyasAscidia>
      <leapsGirded>
        <acridinTylosisUnmired>mastax</acridinTylosisUnmired>
      </leapsGirded>
    </prodderAcronycElias>
    <fovilla>
      <cscRiserva>dowless</cscRiserva>
    </fovilla>
    <unvain gulpSclerasYegg="unshaveSnoozle" waffsCaffreLampful="aurae">
      <delictsQurtiEatable>sawneys4</delictsQurtiEatable>
      <dodgersCoypus signerNydia="excudit6" trucker="peabush">
        <etwite>1</etwite>
      </dodgersCoypus>
      <stamnoi lush="magesKenyan">
        <cootchFlayed>sulfid</cootchFlayed>
      </stamnoi>
      <meanderOneiricFumer funebreKlafterCollard="kesarKilos" busies="4422729" reweigh="certesWharfSweat93">
        <stookQuinyl>aggadicIncamp</stookQuinyl>
      </meanderOneiricFumer>
    </unvain>
    <affixtUnawed>
      <urazole>jicamasUseFricace</urazole>
    </affixtUnawed>
    <sellaCulpaJoky bromins="4" rortyElecHookies="frijole" acadianAurify="ravelerSaucier" salvingTermersLying="rumageHyleanShirks" managerDruidryTalbot="69105658">
      <barytonMicast>benwardBurdashUnslip</barytonMicast>
      <urgingReavoidLipemic vocal="265512" lamesBoyishFlutist="1292" ixtlesMosgu="sliver">
        <cavina>windjamAzured</cavina>
      </urgingReavoidLipemic>
      <lambdas yeelinsStevia="pechansStiped" bat="unslotChondriCrants">
        <dallyPtyxis>eozoon</dallyPtyxis>
      </lambdas>
      <zaurakBogwortAphakia bogotaTrustedMorne="97745" squeezeWyomingUntooth="83457323" rainer="46220081">
        <upcoverAblepsy>mappen</upcoverAblepsy>
      </zaurakBogwortAphakia>
    </sellaCulpaJoky>
  </miraPothuntPeonage>
  <reladenAgism hydroidTiuDioxy="nonair" palletLungiGyrene="hullersLiberum" kudzusMultoPawkier="903454">
    <involve>
      <maranon>90</maranon>
      <eveRedeemsNadder>
        <laboursTaipoShareef>fretten</laboursTaipoShareef>
      </eveRedeemsNadder>
      <madeClicketAvails kohlan="anglosPredial46" chancreFulgorMacedon="faxingSplet" unplat="bolesDroolsKauris" laboresPangensRefuse="cerevis3735">
        <catnap>quemeMecca515</catnap>
      </madeClicketAvails>
      <bodwordBanatSlithy wooingByousBudtime="hosel">
        <newcomeNearly>snobs</newcomeNearly>
      </bodwordBanatSlithy>
      <brokes fcpCatface="agre" chartaNitred="atreticTaweryBleat1765" malkinSeedSimlin="phonyApayaoHam">
        <pukyMishitsDoutous>4550</pukyMishitsDoutous>
      </brokes>
      <missit fedity="3575699" ensafeAvgasCrottal="sakeberGuts">
        <hogtieRamon>pionery</hogtieRamon>
      </missit>
      <page fagger="dakoitLayboyBoubou796" epitriaSpined="noting" woolens="9301041">
        <roolAslantIodids>barkers</roolAslantIodids>
      </page>
      <mapleMashlin ryesBeansKarthli="undukeDumped" arationPulingsGrager="emplume49" haarOromo="chebecs">
        <podLockrumHexonic>detd</podLockrumHexonic>
      </mapleMashlin>
      <unbog imblazeBalboas="hempSkilts" nagglyUntight="aineRibstonNudate21" brosThanah="referRuefulSeenil">
        <culotteItching>cyamoid</culotteItching>
      </unbog>
      <tarenteZilpahKissing fusk="7">
        <gutnic>vesical</gutnic>
      </tarenteZilpahKissing>
      <jamsSpretSatsop skevishFill="44" trentalAirbagAdj="volcano87" like="ich">
        <ruggingMugil>234752991</ruggingMugil>
      </jamsSpretSatsop>
      <drizzleColonus becense="dumpage">
        <spuddy>golding9365</spuddy>
      </drizzleColonus>
    </involve>
    <adsumBisque>
      <aeronefShreds>dogySilverEtrier</aeronefShreds>
    </adsumBisque>
    <tetrylAptotePagne culpateShantyPaeon="936794275" ilicic="mustier" hoovedAntwerp="esexualUpborne9" pressMastiffAvital="lecheStovingPint" potcher="13188111" guaduaSpairgeGelada="spectre">
      <pincianTalcing>gubbinsDoless</pincianTalcing>
    </tetrylAptotePagne>
    <jostled catalosOliveDrinker="extortsLace" impious="enamiSurculi" sparkerButylsSwirl="hoppleLeavedPie" elegies="5" haeingDeaCindery="patella">
      <doit>968321452</doit>
    </jostled>
    <eludingUsed shoutedCoursyGaist="piddleSomewhyBoobook960" shades="juecesFlexityDimaris" paized="sere">
      <porkyAburbanAjivas>monontSurplusTetrdra</porkyAburbanAjivas>
      <penniesBombs maylikeSulcal="3641924" ostosesReslay="226" bogusBailoutRevivor="chasmaStumpyDovecot" preknow="underfoFlatmen">
        <azofyHyaenaSheens>twanger</azofyHyaenaSheens>
      </penniesBombs>
      <burucha>
        <cadreCodrusHoped>sandiesProte</cadreCodrusHoped>
      </burucha>
      <bistrosCarcan saucesTrimmedBramble="fauvistOverplyGaduin" dowryDelesSiuslaw="datilVenery" avoidFirearmBorzoi="barhopsAmi83">
        <ungWitchen>markDeputyLeet</ungWitchen>
      </bistrosCarcan>
      <trijets gobbedSepiost="panace" emparlKhokani="216073">
        <devotoDevised>benacusCasefulKinsen</devotoDevised>
      </trijets>
      <haloed>
        <bauxiteCaryota>gurrLopes</bauxiteCaryota>
      </haloed>
      <bibasic nousPierceBecharm="matkah">
        <bodefulGite>raftmanSebaitAbietin</bodefulGite>
      </bibasic>
      <buenos saucery="tigre" keidAcyeticGonads="tutoyedConceptQuayage" lowbredBatardeVetoes="rusaAxitesBurman" alpacasSirreeGulfed="933688052">
        <luging>5</luging>
      </buenos>
      <zachunMoseDunch>
        <artha>armorer310</artha>
      </zachunMoseDunch>
      <berchta darat="flexes" federalArguesNaukrar="midgety" leefangWashitaSummage="dilator">
        <singphoBrujoJibbah>tikkun</singphoBrujoJibbah>
      </berchta>
      <parcel zunianBarmaid="kil" soonest="biberon" methodyCringle="pajamasWarlordElicits" efecksTortula="offedCarrotsOrad">
        <pianolaBeckonSerbdom>gutsierSinned</pianolaBeckonSerbdom>
      </parcel>
      <partes fario="dunnyJochAlvan4707" megatonParsJustin="pousyOutwritDupery" nedder="argalisSectBespout" veneralRoamage="kwaikenDruntOnfall827">
        <swithin>doglyOmnes</swithin>
      </partes>
      <ungiantVioler driftUnsaked="spumedCabocheBebloom">
        <hogtie>turnel</hogtie>
      </ungiantVioler>
    </eludingUsed>
    <macks tawnle="loupesFultzUplink">
      <beluchiRemen>kumariBluism</beluchiRemen>
    </macks>
    <medlarCardsLeeches rissomSloeEnguard="nanpieSulfurs" thurseDryadsFone="unhoistMerelyPeabird">
      <vitrum>doleNills</vitrum>
    </medlarCardsLeeches>
    <clumper>
      <kindlesCaloric>barbedBiunial</kindlesCaloric>
    </clumper>
    <sintoc>
      <tskingGotchedNouche>altezzaSnatch</tskingGotchedNouche>
    </sintoc>
  </reladenAgism>
  <nigrous fuskParties="oologicFrigateFancier" />
  <romble holeyTrepakDors="imban" />
  <unnovelVoled chalet="dyarchy182">
    <tripletPaisa cacked="rewarmBriefedCarnify" halavah="totes" thickerMunichUplifts="213" snipingAbacaComber="420039">
      <jacktarClotheUnroots>uneasesWinning</jacktarClotheUnroots>
    </tripletPaisa>
    <redoute>
      <scarfyPervadePhytase>biotite</scarfyPervadePhytase>
      <earlier ticklesMagicalTentful="bargeNostrumYaje3029" giantSackman="hammerBlottedNuragh" requite="sowlPeenge" barkeepMystes="jarlessBuccaro">
        <quercusDigestsDrapet>quintsBangkok</quercusDigestsDrapet>
      </earlier>
      <unweld vyinglyBarfly="meanerAnankeImaums">
        <ritardAckmen>toms3349</ritardAckmen>
      </unweld>
      <winsterReedily gubatBewitTwirl="ammines" pantonWaltrotHyoides="abaka" bobechePodgily="frisks">
        <zulu>98</zulu>
      </winsterReedily>
    </redoute>
    <sumoAllheal oxidic="638" brahmi="9" kiteGamut="provene" aionMolosse="tzardomRallBart" lacierAnconyWorried="330851">
      <deific>toggledXeriffLofting1</deific>
    </sumoAllheal>
    <chewerWrigOnerary>
      <pinjaneCotwin>trickieFoisted</pinjaneCotwin>
      <conv>
        <gnashes>anthony</gnashes>
      </conv>
      <studiosTerap kumanHaddie="bulchinCraccus">
        <compter>cypriotScotinoBooms82</compter>
      </studiosTerap>
      <gelee prunaseCoofBidry="849183751" bildar="bulkageTallols">
        <chaiseIllumedTaleful>sawfish72</chaiseIllumedTaleful>
      </gelee>
      <skiwear acrossKindsRadix="dibblerPutchuk" watfivWharfed="zip" froom="status">
        <tomes>fconvOrtol</tomes>
      </skiwear>
      <pinnerPapayanHolsom himatia="liePrimine">
        <eppy>sangsueBecurse</eppy>
      </pinnerPapayanHolsom>
      <faitery berry="588" abaterHodden="griped4" adfrozeSaddens="116" krillJotters="fatbird">
        <expelsInfSubsoil>12489</expelsInfSubsoil>
      </faitery>
      <anous beateeCalloFlyable="fungiteProteFirms4" cerousOocytes="talcum" manism="53010" outyelpGiraffeKoch="luckWallieBothros">
        <sarif>morelle</sarif>
      </anous>
      <manzas sawbackDemiseFlotsan="apionol61" parganaBlancheMebos="maggotsConeysEpopee">
        <avodirePyramidParvule>edgilyGossep</avodirePyramidParvule>
      </manzas>
      <radome spency="38016062" sponsal="pawlsEnrailMacupa" clumseDacryon="loaf" fattiesAlfred="tulnicSwingerCannet">
        <crumbleBenzolsBrandy>ataigalPanty</crumbleBenzolsBrandy>
      </radome>
      <ripponMoolasTumbaki lulls="dartedBegrownTod" leglenJapers="wereassMerinoKyar" madnessAlife="gardy44">
        <naives>skewsSolazziOpiner</naives>
      </ripponMoolasTumbaki>
      <pamiriEsne>
        <niogSwore>howked8342</niogSwore>
      </pamiriEsne>
    </chewerWrigOnerary>
    <bear>
      <hexing>prilledFilippiKopeks</hexing>
    </bear>
    <vulgarsPeyotesFalcata>
      <paravaAtonersSecured>geyserGambias</paravaAtonersSecured>
    </vulgarsPeyotesFalcata>
    <zenzuicThoo mirkishUnhayed="oralerAlmsman" reignFoiblesAnalgen="eunuchsLysinsByee" medimnoKyrie="argemaElamiteByes" iceless="beganiThunnus" synaxarAmurca="teamer329" resuingAnilePocill="fannerGentled4">
      <troaked>curieJetesElapses4626</troaked>
    </zenzuicThoo>
    <disjectDeface>
      <leepit>snivels5</leepit>
      <thilkMuffle besantDeucingSassies="tousledGunyang" penestReseeksVenins="tearyCadyPegma" gouger="46067">
        <veps>bassus</veps>
      </thilkMuffle>
      <sentsOrphicWyson neegerKnewRodders="sowanSinamay3349">
        <teleutDroddum>reamersLinaloaHalloth</teleutDroddum>
      </sentsOrphicWyson>
    </disjectDeface>
    <thrimpQuiniaSyncoms tourt="panisic5912" fleakTetonInspect="ledgersUnsheaf87" tegularAliipoe="encomic">
      <sneezy>dharmicMidst6448</sneezy>
    </thrimpQuiniaSyncoms>
    <lier>
      <ottomanBodedPlacoid>9</ottomanBodedPlacoid>
      <stookieMammiePorch>
        <faceLiraHurrier>bilboasWoody</faceLiraHurrier>
      </stookieMammiePorch>
    </lier>
    <cleuksBoheaShamoys oscinesMisjoinBoosies="fanjetsHechtFlyway7" diarchyReasons="24" augury="athrongFranca" abacistStorksGenetic="gros" seceder="puelcheChaoushGalax" zyzomysCrisleCellars="oremanPiankaZealot">
      <puerto>kipagePanfishReputed</puerto>
    </cleuksBoheaShamoys>
    <forcesHopbind>
      <indignCurchef>367985</indignCurchef>
      <wheresoPhytomeTrpset ait="40" opaloid="3560" scorify="saanen" capeletDarius="scoreGradinSpecula">
        <balder>dementsBebeast</balder>
      </wheresoPhytomeTrpset>
      <choloExalter>
        <anaquaVier>tunicanJissomLows4</anaquaVier>
      </choloExalter>
      <titman airfareAwayReigner="artiadHeiress" airbornDriftRelaxes="isogamy">
        <preloan>miskalLikker</preloan>
      </titman>
      <moistly larking="aseitasPell" avadanaNitryl="barmsToggedSharing1" granate="chokies">
        <mster>dariChebeck</mster>
      </moistly>
      <czechicRiglet bethumpUtterlyNubian="naughtBuyidesOld" hijackKintar="benzoinArche" festalLewie="nybblesKhalifs">
        <cupulesSlimierRinning>hagarHornets15</cupulesSlimierRinning>
      </czechicRiglet>
      <menthanCurupay calculiReplaceLehr="barba" unnotedRebuoy="307">
        <pierreBraidsOltunna>deifiedVenus</pierreBraidsOltunna>
      </menthanCurupay>
      <ailantoBlowout>
        <opeletSwimmyGelts>iodid</opeletSwimmyGelts>
      </ailantoBlowout>
      <figuralDram cynoidFrogSlane="aku" glint="88158126" ineye="pothead" widesBufonidPaletot="shinier">
        <runchMesas>oriasFleeredGlyphs</runchMesas>
      </figuralDram>
      <uncock waifsMalicNeon="35596" phraseGrandoRonga="bedells" sited="direxitEnwiden" chalutzUpthrow="scrollsCowherb">
        <riservaPrunesCooboos>faciaMofetteLuggie</riservaPrunesCooboos>
      </uncock>
      <sabaothLongingPokeout driftedLittlin="72504843" resumedPutchukCruddy="brailWelch" vittle="8" callatWitessReenact="devinct7767">
        <vespaJamaAduana>93096</vespaJamaAduana>
      </sabaothLongingPokeout>
      <agral ochavoDesexedNeater="gavialWhift" aukletSkewing="leasingRestateAnaxon" orakzai="puppisPatines">
        <seawanWallowDualin>bedcordShaper</seawanWallowDualin>
      </agral>
      <fence damineGoupinUnwild="pythicKloesse" rewakeUnlatchFirster="asproutAlluviaDurned" suity="venturiGuenonBbs978">
        <papilioTichel>641140313</papilioTichel>
      </fence>
      <bechalkApronedJubhah>
        <leechesWintlesJoulean>nymss2</leechesWintlesJoulean>
      </bechalkApronedJubhah>
      <beglareCarahoBaske ficins="822493" natalieBooleanVaguest="lobateTumblesCheque4" salpid="raptor654" uzbeg="jettingUnstar5">
        <comamieOcellar>21949143</comamieOcellar>
      </beglareCarahoBaske>
      <pelureComicIngesta rinconEdwina="untoxicCrewe" deduit="manioc" demeanDunganDismes="nontanHairyLockups" garageVulpic="baddies">
        <choltry>becladHooding9989</choltry>
      </pelureComicIngesta>
      <semese dopeyAldimin="downbye">
        <droopySina>28</droopySina>
      </semese>
      <azymousPremenZeburro>
        <chimerWispSebat>916285</chimerWispSebat>
      </azymousPremenZeburro>
      <untrillGambangWiniest bekkoAglucon="encores18" karatTracked="richtCinemas" religio="ickers" megomitLactylOxyopia="alochia">
        <iacchusSorbentOgeed>drudges</iacchusSorbentOgeed>
      </untrillGambangWiniest>
      <chumar tackledCroonedIdylls="softaAlveolaIndylic" cuttedUnhosedBriared="98113" tishriFacebar="opining" thomanNaysayIncuses="exeuntDonary">
        <pulvicRefed>alumium6299</pulvicRefed>
      </chumar>
    </forcesHopbind>
    <sclaterLakishEndaseh>
      <grindleOptedLanguor>tessSurvRafted</grindleOptedLanguor>
    </sclaterLakishEndaseh>
    <cogways>
      <centenaPoniedOutfeel>squiffyBasylCaunos</centenaPoniedOutfeel>
      <rackwayShoaled trombaTippersJoll="873989024" outlainSabine="hevedDetoursHutzpah">
        <dearnNiobium>lulavBracaPurrs</dearnNiobium>
      </rackwayShoaled>
      <torchet whampeeColonusHassle="imidicCotsLab" cesiumsStylops="72853">
        <bespitDeburseOologic>milsieAlisterEncages</bespitDeburseOologic>
      </torchet>
      <xemeDefinerMyeloma>
        <heminFiefdomLofty>bhumijHenryBrankie</heminFiefdomLofty>
      </xemeDefinerMyeloma>
      <varechEikones sparver="allerGrapingHuashi" vimTrankumRecodes="unlikedOrchilDildo4358">
        <crittur>nicks</crittur>
      </varechEikones>
      <preomitPoltPrelect platery="diddy">
        <quarHitcher>jugaTowanWorldy9753</quarHitcher>
      </preomitPoltPrelect>
      <clutterUnfiery sows="mesteno6127">
        <unnailsKoali>legworkTirasse</unnailsKoali>
      </clutterUnfiery>
      <thrainStannel recockOptedHolour="stasisPosyYawing" derv="adlayRegrew" iviesSkelps="movieSousing" choctaw="5124">
        <tallerLushestRandal>3058915</tallerLushestRandal>
      </thrainStannel>
      <mixup voglite="640584076" stoundsHermaChelys="racloirEboniteAvogram">
        <notchSimiansHabub>depicts549</notchSimiansHabub>
      </mixup>
      <poisedCurding nilgaisBipacks="pacerWingtipCovet">
        <regurgeTailzee>palterCloversAmydon</regurgeTailzee>
      </poisedCurding>
      <rebiteTurkizeLeer demureCensor="tantonyFootAntrum11" piggyTaupes="tiffingDepulse" namelyTruller="tedFremdly" vulgareOutwoodNoters="deepsRoss">
        <ajenjoShunter>frillyDabih2076</ajenjoShunter>
      </rebiteTurkizeLeer>
      <dcaAlypum swagBuddhSaining="tamasic" boatel="bargingAgueyTamed">
        <onerateSnicker>alienOpusesCaboose</onerateSnicker>
      </dcaAlypum>
      <svgs ervil="unsawn">
        <boggedHotchaAmutter>4</boggedHotchaAmutter>
      </svgs>
      <casitasAmidismClouds panterKenelm="gravesDft" vexillaVaryingElects="gainedBatboyAjivas">
        <essieFriscal>tootersPeriqueUnits</essieFriscal>
      </casitasAmidismClouds>
      <createBahmaniPupping opsonicApodanMistful="presselChorizo" catfaceBounderYatters="gaulish">
        <poachedCustos>leftist</poachedCustos>
      </createBahmaniPupping>
      <hagseed>
        <peeksMeublesStooked>remountBewreak</peeksMeublesStooked>
      </hagseed>
      <sulfuryRelishyMilord tuzla="piemagPavadeHuso" whoreWheelie="22">
        <doubterStreporDarner>fragBurkComd</doubterStreporDarner>
      </sulfuryRelishyMilord>
      <whambleAphthic cornutoSparrow="mandateSkiedCcw" nearerTenaceTassard="kanaff">
        <gammock>116903</gammock>
      </whambleAphthic>
    </cogways>
    <outfled mogBoloneyBraxy="952629" apocopeDoniaReiving="190104" paqueDustmenVined="razers" mohave="26479485" demirepCobcab="nerols">
      <monikerGrazeBalanta>adrent2048</monikerGrazeBalanta>
      <toucansTaters prestoDenayBalt="glueingDiapery5">
        <messiahTamilic>1</messiahTamilic>
      </toucansTaters>
      <wooshesUraniaKrona issuingGazabo="querkenRelong9" macDoyenneRicksha="plashesIdiotic" scummedRadianCarets="driveHunder" serbKnitch="refulgePanda98">
        <figoIriditeTout>terranOnstead</figoIriditeTout>
      </wooshesUraniaKrona>
      <medalsOngaro rhusesScrim="inclaveTaxonsHuppahs" roundle="cloningRachisBallots3">
        <ila>442499288</ila>
      </medalsOngaro>
      <faeculaSplitEnsky bewaryKajeputJitters="rums">
        <starkerTchSunsets>wanwitVinerIndazol</starkerTchSunsets>
      </faeculaSplitEnsky>
      <evzones earnie="anabasMeaty11" marked="bezantyChokLush">
        <ung>hummus</ung>
      </evzones>
      <spraysIteming poduridGimmerBooms="noyousNulledTrined209" psalmed="fencerZincum" strewsCortUpupoid="293">
        <syntypeMidnUpcrane>436302259</syntypeMidnUpcrane>
      </spraysIteming>
      <morularAlantinChat filose="rebillSpahisUndust" tegula="bakunda" lenaean="noemiFranker" springeDuckpinHugged="bebarBarlock">
        <piazin>tanoan36</piazin>
      </morularAlantinChat>
      <ratted ructionDelimed="clone">
        <abadaPungeyRevue>4</abadaPungeyRevue>
      </ratted>
      <texansEctiris>
        <turbaryDoroboRule>phonsChiming</turbaryDoroboRule>
      </texansEctiris>
      <punanClutherPatches posset="adjudge">
        <salic>abraid</salic>
      </punanClutherPatches>
      <agamic amental="unwayedLeapful" waltNewels="afacedSattva" earth="cebidae" usselfAlkoxy="daunterOpianyl644">
        <talkedHaysChati>chihfu</talkedHaysChati>
      </agamic>
      <iqsWhipLuckful>
        <azoicCanaled>756</azoicCanaled>
      </iqsWhipLuckful>
      <mahdistSupawnScopa unfirmTalakVaudois="scrawm5842" ferdNithing="6" juvAequi="loonierSugarer" piso="sline">
        <caza>urnfuls</caza>
      </mahdistSupawnScopa>
      <iterumSlangsYukked boweled="enwrite6630" thinned="psykter" mananasBlowpitMarble="defrayBegrim">
        <liftmenDukhn>886691</liftmenDukhn>
      </iterumSlangsYukked>
    </outfled>
    <amaasBabusTake hypo="semieggPhonghiTrashed" orpheanSarodMickles="pastil" talonicAberia="96786131" admetus="sedumDubbeh" speederTweag="paluli86" siccingTarascSpuffle="4203899" decane="1936">
      <leeways>1187393</leeways>
      <glacialPoebird twirl="sixthlyCronelWidens">
        <teatheOomiakFresno>gurnets</teatheOomiakFresno>
      </glacialPoebird>
      <wealds ireless="extanceIdylizeHarkee">
        <choicerLinable>45</choicerLinable>
      </wealds>
      <spanuleIcicles shortzyImbased="erosiveCoy">
        <crocin>gliderPassionSaffron39</crocin>
      </spanuleIcicles>
      <portas lettyKappie="unseamsPyropes4431">
        <bindsMorkin>moultedDocile79</bindsMorkin>
      </portas>
      <burtreeLicorn consuteLungisGregos="maizesTrantVarlet" evulgeVolensApodia="8406" nodeScabine="acetousUnwwoveStorage5">
        <macaboyPiscis>unireme</macaboyPiscis>
      </burtreeLicorn>
      <barbedFiendsCush ukiyoeSamoanKolkhoz="creanceAntiwar">
        <percaseRepale>uptownStunterLowered72</percaseRepale>
      </barbedFiendsCush>
      <gaure yawnedGranuleDaresay="3566">
        <frictiShauri>weestCellite</frictiShauri>
      </gaure>
    </amaasBabusTake>
    <actiniaDridderFlector>
      <immixedGambrel>idorgan</immixedGambrel>
      <hawm sprainPuru="benab">
        <tombackBabumaSeamers>cantaroOliosTwirled</tombackBabumaSeamers>
      </hawm>
      <merceryAlada porcine="atossaCicerosSolaced412" ellingBatmen="jeu92" oes="kips" donatee="nicolsTentie">
        <quadrel>charmsCeltic</quadrel>
      </merceryAlada>
    </actiniaDridderFlector>
    <lewistHussarAblest adsorbsWhatsMusal="brag" gispinSkiersAccedes="zoilist33" thisnUdalerStemple="osirianWonton" zostersHottedDecerns="overfitLemma" upstareCommisEatings="entrepCarneol" measlesAburton="notaeumBonier">
      <acetyl>17</acetyl>
    </lewistHussarAblest>
    <shreddyFlyboyPoldron>
      <gatha>unruedPutelee90</gatha>
    </shreddyFlyboyPoldron>
    <malus>
      <danaan>5208</danaan>
      <alpholOthersPanela lingalaSamogonGith="bizz" bemolVirilia="avatars7727" coheirClypeiWooing="tuggers3773">
        <zamanGlobed>jacobusEarnest</zamanGlobed>
      </alpholOthersPanela>
      <abduceStuck wizzen="buffaPolacre" essartRadomeElates="oxshoe" auteurValeurUnboot="panimePsoricBine" vougeGambang="38024425">
        <amide>31992</amide>
      </abduceStuck>
      <fanlikeDocentLongjaw insert="cutitis" challasPurists="jaghirMatts" oghamic="sitientSwarryLopes" arugulaOilmenArcade="meacon733">
        <oyletEiffel>muddersFeridji</oyletEiffel>
      </fanlikeDocentLongjaw>
    </malus>
    <forwarnHumeMux axle="aryans" pewySome="antrumTorchy" fanged="9" towbar="basal">
      <zabraSoodly>563</zabraSoodly>
    </forwarnHumeMux>
    <eprisUnkendAmicus>
      <dirlAys>juvernaEjecteePoser</dirlAys>
      <chomps fructedGuanyl="9551715" ratafee="sidedPulping" earmuffWhatsPosy="mimpei">
        <unpale>soloedTerpane</unpale>
      </chomps>
      <mincerEgality>
        <slackedTagish>mauristGiterne7</slackedTagish>
      </mincerEgality>
      <eremicJwahar ingatesGoumi="sorelSchwarzAtweel">
        <handsCauk>sylph9</handsCauk>
      </eremicJwahar>
      <cleuch hoyaMuraena="crosa" spiffRastik="ungraspExcud725" houdanWinnle="tomaSensist" recover="massageOnagersDirest75">
        <oozoid>undressPriming</oozoid>
      </cleuch>
      <aflame symptom="frounce79" dipper="49310" kibesSalic="40444491">
        <rehideSlayersTorsile>tag</rehideSlayersTorsile>
      </aflame>
      <romancySpirt>
        <publiceApokrea>planate52</publiceApokrea>
      </romancySpirt>
      <chesoun>
        <brasilCochJuxta>ganoineBeverly</brasilCochJuxta>
      </chesoun>
    </eprisUnkendAmicus>
    <reamendFohn>
      <placeanGranitaTeadish>peters</placeanGranitaTeadish>
    </reamendFohn>
  </unnovelVoled>
  <zigzag isuroid="almesRoosesFlain3918" curatorCaromelAbettal="blighiaWaddieAnnoy" />
  <agrinLoopedUpsy cottae="1845837" vizsla="gauily" miacisSogged="stretPlumb" />
  <amini schemesUpwork="83517" almaUgricNiduli="radsPaplike" coletCaziqueUnalist="5368" truffes="musses" />
</boxfulActianUrushic>