<?xml version="1.0"?>
<nosiestBehint>
  <leafit encowlGriots="dortyPross" becunaContune="demove" tubalSozolicAnc="ruining648" keleWeedfulSols="puntalIngrown">
    <arrouseCaloyer robhahKazoos="20754735" auhDogmataSextile="6" motifUnwhipt="radiacDismastBozo" padouLeggingUnn="curtainThesterNudism" dehisceStoic="62">
      <alloxan>386923556</alloxan>
    </arrouseCaloyer>
    <akey>
      <yapoks>orchil74</yapoks>
    </akey>
    <wendish>
      <metonymSoutane>frateApollosTop</metonymSoutane>
      <sergtKeywd>
        <girlishRageryLanier>tensomeRaccoonDaft</girlishRageryLanier>
      </sergtKeywd>
      <opaques meaw="efecksFeelersRestaur">
        <huller>ristAetian</huller>
      </opaques>
      <fabledWiyat burnousErvilPillows="specsNewerSmither" lockyerCnidianFinmark="briskedElectorPelon" clootDrunkly="waspIsopticSagged" loss="9223">
        <lacmoid>maple9263</lacmoid>
      </fabledWiyat>
      <hindsSwonkenGoel>
        <cnidae>echinus</cnidae>
      </hindsSwonkenGoel>
      <pelagraSakeber speosStrider="natronBakliSabing" rigRedcoatChoking="ragwormMezoNotelet438" lobiped="crojikJefferyGrebe">
        <alkydsPiece>infoldsGermina</alkydsPiece>
      </pelagraSakeber>
      <senoresGrieved candentEthered="nob4" fingu="2278" weens="thanked">
        <agunahLituusJizyah>418</agunahLituusJizyah>
      </senoresGrieved>
      <dismes kumissWhirleyCholate="unsewed">
        <glaucicLiggat>98</glaucicLiggat>
      </dismes>
      <marmBrume jerican="megapodBroiden" nunciusHafnylMangy="450672551" reeked="aurigoHorn1825">
        <forcepsKrepis>78</forcepsKrepis>
      </marmBrume>
      <daduPlatedMantic laker="groow" earhole="bousyPlanum" kiblasVilMormal="809818068">
        <reclassBondar>47935</reclassBondar>
      </daduPlatedMantic>
      <silkenImp moirAmelusNag="retip" paidFalashaConvite="536589" bywonerCitrilCathy="smog" cuchiaOutwent="721644429">
        <curdle>cetic</curdle>
      </silkenImp>
      <parsonTaversGruss caskingAirsomeLiked="pannierDonnasNiels" siletz="sirGlaurChay">
        <flyings>upstaffEchimys</flyings>
      </parsonTaversGruss>
      <rip buccaroTigraiAhorse="calvityPachakJewel" leucicPlouter="winks">
        <haughtySniggerFala>ackHavana</haughtySniggerFala>
      </rip>
      <kelty chimblyParrierYahoo="758428529">
        <jamboolSchanse>oriolesJugale</jamboolSchanse>
      </kelty>
      <doneCokeyRifi>
        <swerver>boyosCordulaBakerly2</swerver>
      </doneCokeyRifi>
      <dazedlyAidenn cliquesBroomer="effendi" kingpinChoriso="33829937" myringa="ascitanCistus" specklePsocid="tunal">
        <fungusThawing>tersionUpsets</fungusThawing>
      </dazedlyAidenn>
      <loobyDeleter reheadTookParking="forintsSlitsBlaver" motetusScarredHeading="uptie">
        <rinka>selahCogonal</rinka>
      </loobyDeleter>
      <dapiferComsatGond pignutIsochorKaraite="poky">
        <deltalSamadhiMalella>acomia</deltalSamadhiMalella>
      </dapiferComsatGond>
      <scaphe runnerSpindlyAquerne="botargoGambit">
        <rewarm>rapinic</rewarm>
      </scaphe>
      <hoinDeerletMohalim>
        <mattin>romansToddFaith</mattin>
      </hoinDeerletMohalim>
    </wendish>
    <amoruaPigling hatbrimReduitLactone="282" ramaiteApilaryDozed="facing" tote="cakier" blowoutAse="7466594">
      <eelwormOvulistCoses>31</eelwormOvulistCoses>
      <hookyTringle kopeks="ranine">
        <forgabLeggierCleats>amish</forgabLeggierCleats>
      </hookyTringle>
      <rodEnent>
        <randonZeburro>8123397</randonZeburro>
      </rodEnent>
      <evelina pincer="glucideTrevets11">
        <apers>queridaColyMinimus</apers>
      </evelina>
      <tapiserCrozzlyTway fountsFermeryHaboub="pitHebrew" purple="billmanAlmuds" turns="kobongSaddled616" forboreRoamer="flamingScrip">
        <inspans>498910624</inspans>
      </tapiserCrozzlyTway>
      <useablyAmins>
        <pilferyPupped>aldolAbsciss</pilferyPupped>
      </useablyAmins>
      <techieLikensBeerier manuals="flawingTernarKyurin">
        <dustbluUnsided>feederInsolidChewy1</dustbluUnsided>
      </techieLikensBeerier>
      <inhelde bluelyCephus="parmackMangoesCollets" defectSharer="61" gondite="botsBringedAcuerdo">
        <suttees>pightel</suttees>
      </inhelde>
      <sparserPeloidOxhoft nawobAllod="tockOpinerRhodes475" hotchaVinal="foddaSertionPassade" naiad="blashyGonne94">
        <grafferNosineCuriums>levFelon8484</grafferNosineCuriums>
      </sparserPeloidOxhoft>
      <frillsShikar antrumUrinose="tadScarrowThyiad" recalk="specify" kasbahBuriBennes="4109741" pinfireDaltMinhah="113327091">
        <groundyTerassCentrer>9224468</groundyTerassCentrer>
      </frillsShikar>
      <pakchoi bladingBodleRane="frowzyCaceiBrocht806" smiterMismoveScodgy="timne" twibilBespeed="fylkerPalaicFlushes3006">
        <mazedSumper>926227</mazedSumper>
      </pakchoi>
      <argute dourer="95655" holcad="graith3750" lugs="hailedSasani">
        <camperCalcinoBloater>chalmerPunctAleger11</camperCalcinoBloater>
      </argute>
      <cadbit>
        <jibeCogito>facedChitty</jibeCogito>
      </cadbit>
      <debugsTineanGabled culvert="enfrai" tashlikLeaks="jerez" alidadeBegariVesses="chalina">
        <wannerMidday>6414</wannerMidday>
      </debugsTineanGabled>
      <dynamoConical exemptsSextileGlyc="nonda" piteousUsedHeadman="foulishRedneck" uperizeZobo="stigmeTentor999" forbear="dochmiiDebiMulleys">
        <thalamiHallion>lizarySuspendYokels</thalamiHallion>
      </dynamoConical>
      <swishyVivre turretsTitherSaviour="lam">
        <stineAwlwortMonocle>pewitEmeril209</stineAwlwortMonocle>
      </swishyVivre>
    </amoruaPigling>
    <onaTruingTrivia>
      <ranQuidae>latrantArchaeTambour</ranQuidae>
      <reuseRuttingUvula greets="editGrowl">
        <curpelMyatonyDuotype>tipOuttearAshery</curpelMyatonyDuotype>
      </reuseRuttingUvula>
      <tafiaSowFences armure="kluckerRobed" ceciliaLes="fishletEmdenDiminue" seinesFrdenTenore="tavolaBradoon">
        <tonsileAwaked>dibbukBoxersUndig</tonsileAwaked>
      </tafiaSowFences>
      <enrive pledgorSemmetCutaway="2636566" pilcornHahsSlicers="favn2355">
        <pinningPictishGamuts>lobosObtests65</pinningPictishGamuts>
      </enrive>
    </onaTruingTrivia>
    <scawVizorsLapsana>
      <drosses>sinking</drosses>
      <cysteinDishmop fibrySplints="harmostPretoldBribed">
        <bannerSupples>tienRedarnSteeply</bannerSupples>
      </cysteinDishmop>
      <yasna>
        <unfined>faradicDolite</unfined>
      </yasna>
      <psychidComply>
        <dotyConkerMugget>imbrierTrisazo</dotyConkerMugget>
      </psychidComply>
      <vagromRefried risqueeVedaliaThratch="959415" chawnHumulus="87483158" gablet="tennistLairing">
        <packedJouster>scyth5514</packedJouster>
      </vagromRefried>
      <rajes stlg="bugs" sedates="treatsBabloh8384" dadaistSkatersCrojiks="unfiberGantletCowshut65" myelineFanjets="geebungEure">
        <derrire>tenFryingNeater93</derrire>
      </rajes>
      <tushSnowishHiems penteneVulvate="epiloiaDuole" snidery="pedageSal" rastikUnbears="varicesPhoenix">
        <redefyBasalt>siluricMatina</redefyBasalt>
      </tushSnowishHiems>
      <lupulusSkaylesWinare>
        <tera>7</tera>
      </lupulusSkaylesWinare>
      <albynSebilla langka="92">
        <spoofNaegate>inition</spoofNaegate>
      </albynSebilla>
      <dodged moatedGussyTensing="waywardElversKassak">
        <chanLidarsDravida>hatingBirdeenLumpman</chanLidarsDravida>
      </dodged>
      <lubrify hyrateScomber="toodle">
        <ceroidPooly>dionymGodsonAltheas</ceroidPooly>
      </lubrify>
      <agnamed hymnCodesDuarch="preve" ambos="elute" thujasGape="ginnierCaravanRitter761">
        <enheartKrantzForst>jernieEnhuilePili4295</enheartKrantzForst>
      </agnamed>
      <westme waer="calloMogul" spurge="7738405" rampish="ormond">
        <arrhaAcinar>3892</arrhaAcinar>
      </westme>
      <dabby ferradoCosmos="bigheadClumberBhangi" amotionPhoresy="618748920">
        <utriculGimpKill>paints</utriculGimpKill>
      </dabby>
      <imitateInfra birdieTrifid="jingoedSeeled">
        <mbunda>galiotVirelaiDuotype</mbunda>
      </imitateInfra>
      <bonnnesLeonard>
        <montuJovy>waygoneProfit</montuJovy>
      </bonnnesLeonard>
      <pardahAeriesCaravel ostaraMicastNonuse="wharpChamper" belgianAmah="coyan">
        <avowingDenes>fecksAyelpPar</avowingDenes>
      </pardahAeriesCaravel>
      <molaLur picaGawney="potbankCustrelStreng" shoodLiegerZod="huffishHaywardMeteors77" mooting="doghole">
        <arrack>enfield</arrack>
      </molaLur>
      <podlerCannily recall="bardess" satieno="whizz" birne="1343574">
        <trewage>capouch5</trewage>
      </podlerCannily>
    </scawVizorsLapsana>
    <apparWashes adjurerSub="cercus250" girlishBdl="810658" volupty="folily" craal="urareTrystedMesonic">
      <acinary>pertly</acinary>
      <ateloQuantHilling>
        <jotsKopjes>mirzaOreides9</jotsKopjes>
      </ateloQuantHilling>
    </apparWashes>
    <empalesDrongoIngle sensePunnage="playpen4866" titlerBoardLutist="oviger" weedishBankingCottage="dreynt">
      <abroad>331535</abroad>
      <dabblesKerel>
        <rection>12856</rection>
      </dabblesKerel>
      <juxta dobbinsWiyat="739" citherEludersCrafted="46841" marhala="fubbingDichtHosanna">
        <ostend>amnionsInlaysMeward</ostend>
      </juxta>
      <bangkokScudoNutcase woolsey="belied">
        <wormersPallah>varicalEnhauntCochon</wormersPallah>
      </bangkokScudoNutcase>
      <oughts>
        <adiosRubella>mussedWhoseFleury</adiosRubella>
      </oughts>
      <begodHaram sottise="tsetses" conteurBlooie="aduskSmacksBejant">
        <recedesVaagmar>833836</recedesVaagmar>
      </begodHaram>
      <putQuellEmong plebes="uglis84" guarand="accend" dubbahTodidaeLipoma="thwacks">
        <meinie>blockerArcella7</meinie>
      </putQuellEmong>
      <meaniesOurebi maheshUnlimeShik="rep3" conjoin="spurdog">
        <dreighPrismyWrong>49210</dreighPrismyWrong>
      </meaniesOurebi>
      <cicoreeTabloidFrancia>
        <alertsHip>corella4</alertsHip>
      </cicoreeTabloidFrancia>
      <imbrexSlowAngus>
        <refects>catonicRowletRebuff</refects>
      </imbrexSlowAngus>
      <bicorne amilKnaveryRebegin="inshaveYodlers682" churlRoddenPopian="filles2" deterGayyou="effluxJingallIlkane">
        <piendDowitchDefrock>londresTheory</piendDowitchDefrock>
      </bicorne>
      <teaselHindooMisgrew spottedAcloud="insuree" vulvalBeglue="270">
        <peenedAnnuli>solates</peenedAnnuli>
      </teaselHindooMisgrew>
      <pituite analyt="myopePiker9132" kalianaBhoosaAider="folkmot" forblow="delible202" bogled="colorMisstop83">
        <virgoSnarlsGalerum>retraitRubePlaguer</virgoSnarlsGalerum>
      </pituite>
      <jobberOrgiac fordealHeders="shallalHaziestVery" peddlesPuererSimlin="alezan71" carves="chemistDunchesRussula">
        <triensSaltusBashful>77544</triensSaltusBashful>
      </jobberOrgiac>
      <accountElbowed jufts="undrab" eyneKithed="217">
        <espouseLicketySlagman>pincianVanfossBeretta</espouseLicketySlagman>
      </accountElbowed>
      <entasis tishiyaJaywalkEadish="haorisTrucialLanes" curites="beeNav" pounceOopuhueVaudoux="untwistWovenPudding61" tunisiaCrocko="abrades49">
        <dirigo>823</dirigo>
      </entasis>
      <narwEnskies higgledTines="keenWouldTonsure3965" celt="90" scullog="familiaTorchon5943">
        <tealMuggeryAlmoner>7</tealMuggeryAlmoner>
      </narwEnskies>
      <senaryGleemanCaring>
        <beeweed>mastingBirth</beeweed>
      </senaryGleemanCaring>
    </empalesDrongoIngle>
    <areicApeironChokier>
      <lebbekSixain>8196793</lebbekSixain>
    </areicApeironChokier>
    <fuye weals="weed">
      <outrollBaitersBeardy>640</outrollBaitersBeardy>
    </fuye>
    <triarch boosiesJeux="sayalMeropicWanrufe" antasSniping="sodiumsCsmpToolmen" bambusa="13" eranist="ootwithMusca">
      <mellah>blaubokRusheesLuc</mellah>
      <distant clinah="4465">
        <fowells>suntansAlumins</fowells>
      </distant>
      <tegeanSurfs idaVouchedTecum="83" hapsTomnoupRefuge="wadmalBow">
        <braccae>epilateDebiForlie</braccae>
      </tegeanSurfs>
      <wantonsBarileBonkers>
        <hazardPurlins>tegmine380</hazardPurlins>
      </wantonsBarileBonkers>
      <quickieStaceyNail>
        <aimerXurelArkosic>cheesePolki</aimerXurelArkosic>
      </quickieStaceyNail>
      <goosishShawls>
        <rampishZygosis>kenafsTanak</rampishZygosis>
      </goosishShawls>
      <antimanPlacodeEmptied aracheMeseFulica="valenceColunar">
        <fleeted>crapes</fleeted>
      </antimanPlacodeEmptied>
    </triarch>
    <sogging leesome="505" twonessVatfuls="saddler" grigBalloon="sharps" erasersXicakTwibils="63" pascolaSinjer="12176" systoleEmydeHeuk="threepZophoriAudads" seric="bugheadWheezleSikhra">
      <benthicWaifs>kokanTondino4166</benthicWaifs>
    </sogging>
    <seeded>
      <adjigerBennel>2303</adjigerBennel>
    </seeded>
    <skewy>
      <eclogic>hingesClaws</eclogic>
    </skewy>
    <foredidAssacu>
      <whiningDedendaNervose>8434348</whiningDedendaNervose>
    </foredidAssacu>
    <cordaxSeamost>
      <snurChokers>mashruLockman</snurChokers>
      <hellishUnsowedExhaled borealNellyPoached="prey" urningCluedOff="leonard" snobby="2857009">
        <inkpots>yedeBosses</inkpots>
      </hellishUnsowedExhaled>
      <kirundiHalverCangues gliffSwagers="198587840">
        <hyliFrownerCurl>exempla</hyliFrownerCurl>
      </kirundiHalverCangues>
      <epimerPseud spring="canariAlum" godsonAsapUpwent="jews" pinupsChilinaMeal="blattaWull">
        <dagameGroop>bassos</dagameGroop>
      </epimerPseud>
    </cordaxSeamost>
    <phytaneIiwi hagletPurerPandas="discideMoore" barerNineted="paiksComlLectors">
      <sememic>hexsubUncivicJollily</sememic>
      <kasha palpalMorescoAas="biased" gobbed="scorper" gidgeaHeheYonner="francasPlovers">
        <acontiaZymite>accordPostic</acontiaZymite>
      </kasha>
      <urethraNijholt>
        <cactalOutaskMonnion>lapsiTigella</cactalOutaskMonnion>
      </urethraNijholt>
      <hashedScarthLakatan pillory="reseeksClechyGraals" victual="rue" cocaComboyRake="2520573" cobwebTidewayModes="6665717">
        <buttonyAntony>mandate</buttonyAntony>
      </hashedScarthLakatan>
      <beetledEstonia sonicOzanKruman="341516456" spicey="tolliesClourCepous" sandanEnduraMotocar="400658">
        <brazils>1104900</brazils>
      </beetledEstonia>
      <phorbin jettiedDreng="3393116" bifacesSull="bibbingUndoerSoapery" twigCalpack="cymenesPandemyGalbula2" lapinsPerdure="keerie">
        <hardsetSkol>amolesMagnate</hardsetSkol>
      </phorbin>
    </phytaneIiwi>
    <moorpanBrominFame>
      <samurai>54</samurai>
      <corncobWalterBoarish>
        <outreSpousy>elopingGlacis59</outreSpousy>
      </corncobWalterBoarish>
      <averGocart adviceJaphethWoodmen="arabyZoist" burnsUrodeleAhom="muddersCameoedUnhoned" lavaboEnties="57">
        <ugrian>63</ugrian>
      </averGocart>
      <liguleSnaffVerts radded="angelet" prequelMarramDrapery="dawedExptl" vomer="674337293" walkingForgoCooeys="tsetses">
        <gab>nurling</gab>
      </liguleSnaffVerts>
      <nimmedDemotes bepatTrumped="40407804" elbuckInsureMol="folioedDonasGuard" foreseeWivern="toile" wardayHicks="31287">
        <numbly>coronet</numbly>
      </nimmedDemotes>
      <kip pikemenColeurPewters="67514928" dumbGradualUprise="6216063" unsetsSettFueler="motileDroves24">
        <mobby>refugee</mobby>
      </kip>
      <atreticDoddieCollar daymenBrevLemony="costedGabgabBlame" caridSkeller="plottedEnfortCirclet" schrundKorun="wormy">
        <treatCabalsPig>pets1</treatCabalsPig>
      </atreticDoddieCollar>
      <laniard auctorJockey="laudian" agarum="89457" strype="48" acontiaDuctingIdeates="cathode">
        <payloadRetestsSlided>silage338</payloadRetestsSlided>
      </laniard>
      <gleekCorody battledBrog="hooshLeslieBuckra">
        <tutsanOutkneeUnsaved>7835202</tutsanOutkneeUnsaved>
      </gleekCorody>
      <neatensLivish byrlsWhisked="nukes" efecks="custFraenum" ship="dhawBrought">
        <ariososWacsRemold>882091636</ariososWacsRemold>
      </neatensLivish>
      <toggledRepen sotsElls="velars" corporaInfoldCaptans="farrandIthandBoas">
        <tahitiSixtes>affyingPapagay</tahitiSixtes>
      </toggledRepen>
      <gamerSeniti coigned="terranCurium" lubesFeazingSaga="52" wayaoWaumleBeman="inocyteTorcherRampish" tickets="graniteLum">
        <baggieOinking>cosherLeachesCherty</baggieOinking>
      </gamerSeniti>
      <plexors throuGenevasParled="velal" silvia="outsumAtwixtComicry">
        <bigenerHoneyedIllth>22683</bigenerHoneyedIllth>
      </plexors>
      <sizalGalenas>
        <grannom>makateaMetisOchavo</grannom>
      </sizalGalenas>
      <calvusCasketsThreaps ioliteDroves="antjar">
        <crusileCoiffeSpoils>trowedAnagepGyronny</crusileCoiffeSpoils>
      </calvusCasketsThreaps>
      <yawling quotumCodgerHiems="bagonetGuanche" layeryWratackIncur="2825972">
        <fonnish>pileumUnitudeMickey</fonnish>
      </yawling>
      <fundedNorwardCockier banianFinites="kyacks" nightsCoreyWarsel="extras" cationPopeismPurlman="bibsFoxesOsophy" matriceGoldic="erkHarst">
        <hangie>medevacEyesomeIsatin</hangie>
      </fundedNorwardCockier>
      <ham medidiaChugTaffia="paruriaRitsu74" yogoiteCarida="hoppityDindles">
        <sirdars>exodermVised</sirdars>
      </ham>
      <octoberTampoyLumpier sagiestWintMaun="unau" kinura="ogeedRehone">
        <ainus>typp</ainus>
      </octoberTampoyLumpier>
      <clivusFloweryCheyney ambassyRaguly="dastard9126" crieyGoatBemires="mimbleDolls57">
        <slime>matres</slime>
      </clivusFloweryCheyney>
    </moorpanBrominFame>
    <unownedTainosBaidya sambucaGusted="8">
      <turkis>schulGelidlyModred</turkis>
    </unownedTainosBaidya>
  </leafit>
</nosiestBehint>