<?xml version="1.0"?>
<noctuaeUnvital>
  <elytrumHachure mpbs="outsift" goofilyPavesRinner="expiree">
    <razors>
      <despeedSoxMedille>coaledDogmata651</despeedSoxMedille>
    </razors>
    <loaflet siwash="batteauMarlpitCoffing">
      <goods>thracesJangkarPiepan</goods>
    </loaflet>
    <flouncy>
      <whulter>indeedWoodbinStager</whulter>
    </flouncy>
    <coaterPelotas kipeFikey="dicastsHimatiaEleuin" loomer="recureShofars" kitchen="rosetan7800" carbeenBodken="quidae">
      <antasBarmfel>terri2655</antasBarmfel>
      <spicula>
        <facemanArraignPistol>cornilyGaller</facemanArraignPistol>
      </spicula>
      <chapelRioAnepia buboes="budder">
        <nobblesRazer>weewaw</nobblesRazer>
      </chapelRioAnepia>
      <anarchy tinererAtaxiteOfferer="atabekBismar" unrra="2376" loringLugeTroller="gawkies" praised="sanyasi">
        <imidesTing>runny</imidesTing>
      </anarchy>
      <unsmugSpoofSevery>
        <nudeBolts>grosetCaribiAlmique</nudeBolts>
      </unsmugSpoofSevery>
      <ahabGelatesZincked jawfishManege="268974912">
        <popeyesGuanaRuderal>kaliumArtiadDumpler</popeyesGuanaRuderal>
      </ahabGelatesZincked>
      <nobly moderns="waiting" kifsCuratesSkerret="sightsOatlandGamari" paulineLaccase="frailes" basaltSwipedUnicism="ergotinInseamsMuzjiks">
        <wraw>verminyGosplanQuayman76</wraw>
      </nobly>
      <fellingBindles choreusSahrasOutfled="enfiledBest" dogtailUnsilly="manmadeSaining">
        <guan>485812</guan>
      </fellingBindles>
      <methods bilbies="measlesHist">
        <bucky>nullumHesper</bucky>
      </methods>
      <wyndsAllied vibistZehner="kasbekeSarzan">
        <arbor>padles</arbor>
      </wyndsAllied>
      <toeingTenacesClubdom cofinal="girlandSlinteAff" tenner="hokeyPace">
        <rfreeHaltereLantaka>copulaWowsSylvas</rfreeHaltereLantaka>
      </toeingTenacesClubdom>
      <votingSarahFantasm degust="4276775" woomerTeminNewgate="offedUpgo" unvexedLemurid="seancesAbo">
        <razzia>oculliBellic</razzia>
      </votingSarahFantasm>
      <cineolsCutletHazanut euclase="noilage" infestCuttiesFumid="loryParava">
        <rappenBignessThecla>baconCoombes</rappenBignessThecla>
      </cineolsCutletHazanut>
      <greenly>
        <bardieSoaperSardoin>49683</bardieSoaperSardoin>
      </greenly>
      <lagarto sojournPilferBalita="bullousItelmes" stourDiosminGravata="londresKaaba" ceteneOphrys="vespineOam">
        <wheelMarie>reguliChesty</wheelMarie>
      </lagarto>
      <fibular>
        <meitheiAggrate>galoreCandiesShuns286</meitheiAggrate>
      </fibular>
      <organrySwirlFayumic lupininMateriaAscent="legateFamelic6034" awaitsJebelQuinela="mizenReboast">
        <preduskSmall>mein29</preduskSmall>
      </organrySwirlFayumic>
      <tiffanyResendDowly turmut="pangaeaWryly" pulpsMack="43" moundy="both" glances="hematal">
        <corymbs>7333843</corymbs>
      </tiffanyResendDowly>
      <topplerDuroyOxskin traiks="983545291" heminsGopherKodak="78661" opuscleMahoriParky="chevretHierosVasal" cabuyasBrerdEyedot="assume">
        <trikerBlunnen>numbers46</trikerBlunnen>
      </topplerDuroyOxskin>
      <mamona unshape="payerWannessRya9931">
        <jawholeSpeakRundel>weighin</jawholeSpeakRundel>
      </mamona>
    </coaterPelotas>
    <trover>
      <revaryThymele>celloseFibrose</revaryThymele>
    </trover>
    <balatas>
      <strayerSordorGirshes>averahTanager</strayerSordorGirshes>
      <plywood gorgersInticeKetimid="corinnaTurkRompish9" slicersPreampsCourida="papHoagy">
        <gaysome>329858250</gaysome>
      </plywood>
      <santimi stingy="1858" vasal="89" nicestCheyneyTaper="80">
        <narco>gecksTawkin</narco>
      </santimi>
      <citoleKillPelioma>
        <biffies>thouing</biffies>
      </citoleKillPelioma>
      <halferSnipper guigneDemonry="stratas490" loqZebubMetic="scythicAplitic">
        <bhoots>thudBraggedSipe</bhoots>
      </halferSnipper>
      <neoceneVennelWiniest waveletExscindElapoid="barrer" abiddenPensum="abeyantBitts" kinhinReeds="sigmaNebbuck">
        <merkhet>uca</merkhet>
      </neoceneVennelWiniest>
      <mremAcmiteCritic>
        <caplins>hogskin</caplins>
      </mremAcmiteCritic>
      <optantPrivant drawledBowelsJaloppy="5">
        <abyes>33597729</abyes>
      </optantPrivant>
      <molkaTeguas wonningSmous="19548822">
        <seepage>outweepEmerit</seepage>
      </molkaTeguas>
      <flesh>
        <vallate>overdenSwedesDogy6</vallate>
      </flesh>
      <fleabagWartedHoptree ccitt="rafty" eaglingNascanUpknit="gisla" jingletUnspoilEntails="9344462">
        <velureFerretyMidden>sybilHylistUnpoise5</velureFerretyMidden>
      </fleabagWartedHoptree>
    </balatas>
    <brazier blooeyGroanNewburg="nicene" loggatRealiaAngeyok="soueegeBakaVesp17" unamo="abrin8" kyeHoney="502" waffs="zipperHettieSimula" sups="abetIdothea">
      <unzeAjangle>mairsCruet</unzeAjangle>
      <amendeNuchaleBever>
        <finicalPelvicRamtil>xoanonNipaKhanate</finicalPelvicRamtil>
      </amendeNuchaleBever>
      <germaneAbraxasDks acharInjures="9387">
        <inclavePoddingClyde>35998747</inclavePoddingClyde>
      </germaneAbraxasDks>
      <increptLinkier>
        <dawkinBeediPellets>merciHaik</dawkinBeediPellets>
      </increptLinkier>
      <taririNicaeanWhiles esters="793">
        <wardensOttettoIsuroid>swird</wardensOttettoIsuroid>
      </taririNicaeanWhiles>
      <cogidaBuganDated sridharScalesEngr="hulloasFluidal" untruthAnomicMoolet="610542366" duckingFliers="6460259">
        <jacktan>65181675</jacktan>
      </cogidaBuganDated>
      <imbosomPlaneUnduped caliverMarsala="coziest" sensingThralls="407" cesiumsSucresRosehip="mudfatTrayneMisform7" splay="dogearOverawn">
        <sussexTramway>5919967</sussexTramway>
      </imbosomPlaneUnduped>
      <laseLinseyWittols inseer="irred6509" fetchesUbcMuscae="rodentRimed">
        <puerile>stroupIvy</puerile>
      </laseLinseyWittols>
      <hirpleSeatBimodal rigours="tradite">
        <achySatoriMahmudi>lustreSlobs</achySatoriMahmudi>
      </hirpleSeatBimodal>
      <demodexGemmaSerbian>
        <mascledMiggAstatic>88309</mascledMiggAstatic>
      </demodexGemmaSerbian>
      <shavers>
        <naoto>libantMaul</naoto>
      </shavers>
      <sgdSangerLioncel belleek="thomismUneaseLibbing">
        <sacks>ovals2</sacks>
      </sgdSangerLioncel>
      <poecileBoardly untinctSawneys="glaiksKelebeCroute989" sprees="waywortLazuli" urceoleGeltsMuggur="810238">
        <coxitisEverlyDomn>lipuria</coxitisEverlyDomn>
      </poecileBoardly>
      <copiaUndamnDragnet ipseandAcnodal="untaxTrismus" cunan="yapa">
        <poddle>uviticBetowelSadhaka91</poddle>
      </copiaUndamnDragnet>
      <ragweedChuter farrandCustAnsar="jhvh" crewedNomic="armenia" maytide="septile">
        <ringedFuchsiaSarsi>acuchi</ringedFuchsiaSarsi>
      </ragweedChuter>
      <ringleValineSmudge orgiac="7553">
        <findon>giggingLancelyGaliots</findon>
      </ringleValineSmudge>
      <urgencyDebunksHimward brusherUrinousThor="balaAlpItaves414" plottStump="tenrecs" antiaeBeyondsBrokers="coninsShotesRusher">
        <delaine>descortRevisitBeau</delaine>
      </urgencyDebunksHimward>
      <resewed>
        <mytilid>44</mytilid>
      </resewed>
      <gambaNaleds elbowerBellhopTailage="gosplanScalade" sitfastCowlitzDagmar="resee" mineralRecoup="unsaferOsmoticEutaxie50">
        <ruminalGlucase>acutesStrakedVersed</ruminalGlucase>
      </gambaNaleds>
    </brazier>
    <moronesZoniteAcoupa hollooBreastsKedging="57568" rignum="wended29" iraq="sitteePalacedTuner">
      <meno>coiny</meno>
      <petrous>
        <eyass>charScugCzarina</eyass>
      </petrous>
      <uppbad>
        <sutraEtaLongear>curiate228</sutraEtaLongear>
      </uppbad>
      <balaganDoter nix="chitlinRabal" scrapesCulpose="stubeNambanGrannam" swathsBlinger="renewer" stupes="footy">
        <normed>salay</normed>
      </balaganDoter>
      <fidelesAcquist>
        <regreetDiamant>mushruBehest</regreetDiamant>
      </fidelesAcquist>
      <african>
        <kippeenWacky>pasta</kippeenWacky>
      </african>
      <spicule>
        <yuechiThrifts>osiride</yuechiThrifts>
      </spicule>
      <morphoOyeletSpear paukpanReglets="shunnedOpaque" threeps="prasthaBruntDesand429" yowlerTrysail="ninetedPuntaDiffuse" writhedShellumPutback="422051">
        <oscars>citralsSurname</oscars>
      </morphoOyeletSpear>
      <unright>
        <ophir>ramsonAbwattsGurian17</ophir>
      </unright>
      <emanateIrk>
        <stoviesPatrolsJangkar>42829</stoviesPatrolsJangkar>
      </emanateIrk>
      <profaneLangurOutking>
        <mouzahKentleAnnicut>introitDissoulRelined</mouzahKentleAnnicut>
      </profaneLangurOutking>
      <quaggleDhurna>
        <rummish>perplexSparada</rummish>
      </quaggleDhurna>
      <garblerVotalCostlew teukKillowVivific="rewrapt">
        <moliereOolitic>demoid</moliereOolitic>
      </garblerVotalCostlew>
      <guiltStomalChengal benwardKabard="paydaysPiecing">
        <botflyEcusCopalms>copihueFilm</botflyEcusCopalms>
      </guiltStomalChengal>
      <aldmSlayed obfirmGenear="67392710" mobedHiking="tubesMorkinOrchils7" scythesAssise="7624">
        <galleraInlardIzzards>slavismDuple</galleraInlardIzzards>
      </aldmSlayed>
      <kol>
        <sperageCucking>bridlerAalsMedaled</sperageCucking>
      </kol>
    </moronesZoniteAcoupa>
    <tulwarStrivyMoodily>
      <durNebulaeMeloe>45940370</durNebulaeMeloe>
      <masarisToastedStowce balanLiane="pash" fiqueOrchils="cleamer" jellingBiorganTomato="alo" vingtun="4">
        <slade>sclimbTalariaSteeler</slade>
      </masarisToastedStowce>
      <propman lawkTelson="cashbox" pandan="twitSpulzie">
        <fogusZambo>laurelsPeafowlFiefs</fogusZambo>
      </propman>
      <swipes jaob="fusils" narwRyotwar="shr7422" griper="302942739" oestrus="slicken">
        <curaraSadis>1772560</curaraSadis>
      </swipes>
      <blee germansWearied="varanid" moraineSubcity="quixoteHaedDeifies" taboursBobfly="lammingRangesGondite">
        <bistreInlawLienee>kainiteSupr</bistreInlawLienee>
      </blee>
      <foalsDeltalAlveloz boubou="cuspisBruskPursily65">
        <macupa>775</macupa>
      </foalsDeltalAlveloz>
      <trica cariyo="chemicBondsPicote" vanillaTermor="dusunHelio" dtenteOboistShraf="lawned">
        <deduce>hokesHaikai</deduce>
      </trica>
      <sursizeStut poiesis="connex" unneth="dormPooa" embosks="mestizaMimbar">
        <lobatedCapless>squadTerritsSwayer</lobatedCapless>
      </sursizeStut>
      <cascara showoff="piskun" inbeingMarageTeiidae="carses" opalsMommer="143214479">
        <banker>979693</banker>
      </cascara>
      <catan citNelsonRematch="sabbed" vialled="plupfWickiupReeded9628">
        <tilak>27609087</tilak>
      </catan>
      <burelCloveCtene mehrdadOddityElishah="walkeneHereof615" deleImpedorGrutten="mudras" backrunTeraticAguish="lauia45" almugThiasoiBegloze="1999">
        <unboxesZerebaEsbay>gnocchiEstatsGeisa</unboxesZerebaEsbay>
      </burelCloveCtene>
      <mendelVicFelsic train="agogLadronCynthia" fylgjaXyz="sionAghan">
        <ungivenBryozoa>seiner</ungivenBryozoa>
      </mendelVicFelsic>
    </tulwarStrivyMoodily>
    <aphanes hamiteTendrilRoyet="nonoicThiamid2" ophisAldaminWolly="crocardBurweed" tattiesBoll="troggs" auguredFronted="sprentKellys901">
      <forgavePredryAdenous>308611179</forgavePredryAdenous>
    </aphanes>
    <flipeRespot winemayUpstir="deafestHaggishBornan" vespalDolled="manilleAparejoKabar58" heppenJobsiteJotty="17" gloamShirts="spoilerCongreeCourant">
      <darshanPlumifyMecums>basellaArumsGoutish</darshanPlumifyMecums>
    </flipeRespot>
    <acontia disavowTallith="555">
      <barileDittoesMealock>chechem</barileDittoesMealock>
    </acontia>
    <trophicCorpus>
      <kiddushBourageIngroup>billsPauxi</kiddushBourageIngroup>
      <bldrSelahs crayon="quizzerFormaGuttery66" dmarchePrexyJaup="18119055" latins="sps">
        <etamineBursati>806881374</etamineBursati>
      </bldrSelahs>
      <vicetyBravoedTzitzis>
        <teachyShedderNepote>rheneaSomali</teachyShedderNepote>
      </vicetyBravoedTzitzis>
      <telesmEpikeiaOutkiss femicAfricReadds="temptedEthics" coom="eyingJassSnafued">
        <ogler>carpetTuxFlabrum</ogler>
      </telesmEpikeiaOutkiss>
      <taxemesRenvoi oxerTussleRhachi="9813" palestCatery="papulanChott" saltatoMuletta="spacersGuvIndexed" surdMoothTaperer="anopia">
        <ludGranula>1</ludGranula>
      </taxemesRenvoi>
      <loriJowery recededBijou="rhoncalAgrito" oxheal="etuve" kines="hacksawChilli">
        <epergne>twyersCestuiGable</epergne>
      </loriJowery>
      <lindaneAbilene dawdlerCgs="801284301">
        <bewraysWarundi>wotteth</bewraysWarundi>
      </lindaneAbilene>
      <chinafy feudumAloysia="guru">
        <tentily>faraonCassateSpuddy738</tentily>
      </chinafy>
      <unlaceYoginiVerge mirdhaAlifOrgyia="81725229" wakersBraggedExturb="zoccolo">
        <durionsCoolenClart>bathsDurance</durionsCoolenClart>
      </unlaceYoginiVerge>
      <vocoidRefulge drillet="7">
        <adempt>tactorFulhams</adempt>
      </vocoidRefulge>
      <odorfulDescortPalled acherLysogen="namers" soapKhalsaDragons="yapnessGoosedMisset">
        <wetbirdToylandTinosa>garage618</wetbirdToylandTinosa>
      </odorfulDescortPalled>
      <mataiScenes conics="letheStumBookies201">
        <vitial>fellerQuixote3731</vitial>
      </mataiScenes>
    </trophicCorpus>
    <allene>
      <forayerGoglets>4097652</forayerGoglets>
    </allene>
    <crowtoeParrierBrazils>
      <pawnersSkinks>talcousKelleg9437</pawnersSkinks>
    </crowtoeParrierBrazils>
    <blueleg relapHistrio="603875">
      <dittedBedless>crewel</dittedBedless>
    </blueleg>
    <gnowLakiestDrool>
      <pousseLainageGook>tiltingPareja</pousseLainageGook>
    </gnowLakiestDrool>
    <maulersTid>
      <conedUdellTabored>langrelChollaMerbaby302</conedUdellTabored>
      <aggressThworl ramateRedears="anonymReannexCoronas" buffersMantSubzone="6461025" badrans="mesitylSicklySpunked">
        <mulvel>capomo</mulvel>
      </aggressThworl>
      <folkishLevying>
        <ostiarySouth>tonga</ostiarySouth>
      </folkishLevying>
      <waipiroTictocRenegue wes="9505" bands="110868730" pupatedColeSoldan="moldingOaky">
        <boomboxBureJutes>703539</boomboxBureJutes>
      </waipiroTictocRenegue>
      <dwaleLenesHoof incagesBorax="knockerEnspellPeartly">
        <mateSyrphus>285759630</mateSyrphus>
      </dwaleLenesHoof>
      <briaryGusted filoseAstrJustina="5622938" buglingUntroth="napeadUnspot" sultaneCoupeeCrural="50963" buchuPeddled="pursualClechyCamaron">
        <pycniaCare>shentGld</pycniaCare>
      </briaryGusted>
      <derideMammasPituite membral="lemonsUnlist">
        <taxable>nunSexilyBaked</taxable>
      </derideMammasPituite>
      <civicWotsVariers sclaffs="finca90" flyswatSpawner="didoesStalder" ptoticViii="8">
        <eoleFlackScorns>apaiseVesical6</eoleFlackScorns>
      </civicWotsVariers>
      <babbageLangueTayassu strype="cutweed" stbdZipper="dispell" mistralModestDeliver="ravinesSumdum" scalageHitoshiKamik="polygynGaussRang">
        <taureanRettornFerri>981288</taureanRettornFerri>
      </babbageLangueTayassu>
      <crupperCoolingCubit>
        <equerryGinnleIcings>joshua</equerryGinnleIcings>
      </crupperCoolingCubit>
      <crammer>
        <rolloHattizeRudesby>bumpsy</rolloHattizeRudesby>
      </crammer>
      <vitesseHolistsFilosa hulu="peevingMoperyYechs">
        <clobberMormonUnwaxed>houndSuist</clobberMormonUnwaxed>
      </vitesseHolistsFilosa>
      <ruinousIncuss grattonRupeesJocund="barkingRenamesPunties78" evaded="kankieKnessetMyoxine" loupe="smalmTeddersVedalia">
        <zamouse>grunthLisk</zamouse>
      </ruinousIncuss>
      <wooded tailageGeitjie="2351028" girn="bethankSalukis" oozy="pretryCoquet" wede="ladanum">
        <fleasFaqGyving>washinLantana</fleasFaqGyving>
      </wooded>
      <ufsAppro>
        <tamponHaets>endplay</tamponHaets>
      </ufsAppro>
      <pooch time="wistingDurio" wurzelsNouilleYun="snicherHatbox" smytrieCepaDissent="scrow454">
        <mullaShilhButine>hurdledMulga</mullaShilhButine>
      </pooch>
      <maypole>
        <lipan>widowy</lipan>
      </maypole>
      <silts untiltUnsilly="carfareCyanea" ruskyGagakuCavemen="761116698" gramyPhenyWalchia="berserk" twiddleRemicleUtility="bromidsBavette561">
        <shintoDenaroCoraise>4</shintoDenaroCoraise>
      </silts>
      <ohmagesRetaken year="originIrenicaGlaiks" turkiVickStaith="sethicArtal">
        <cryptoRunnelAdits>rayingMamiesBribers</cryptoRunnelAdits>
      </ohmagesRetaken>
    </maulersTid>
  </elytrumHachure>
  <vespineIcotypeMurrha glandClombenMirrory="phragmaDionizeRitely">
    <dealer amidinsDolleyPeepers="lobiPermix14" townletSquails="68" amphidItysTereus="hammers" gumpusWanmolCurtaxe="eelfare9300" attic="batteryAltairGratten">
      <throwerPostals>fastedEmulate</throwerPostals>
      <geezers gashlyMickiesCubla="aefauld" grolier="vitrousChaumer" luluaiDerivalAtemoya="babblerMyrtles">
        <spunkPoisson>garJiminy</spunkPoisson>
      </geezers>
      <scaselyIngoted laurate="glaikitGloria91" trootFlavoryOdontic="motetsRastersWaicuri" outbarAllasch="browstNeritaNudate">
        <persesShraveDiacoca>559115</persesShraveDiacoca>
      </scaselyIngoted>
      <impackMahican blowierTayAumail="midgeRevererCarauna" aboteShood="seineRugoseCurua">
        <laggardGinwardStrops>antralTeaware</laggardGinwardStrops>
      </impackMahican>
      <zibet upstoodErelongSisley="visardWist" sakhaBummelSyntax="acuerdo" facily="kasmGanosisBipack" diaperyIchs="598">
        <unwealKoronaStroyer>piaffesBrotanyDolours</unwealKoronaStroyer>
      </zibet>
      <tringaTutulusCimnel terriPega="coalingCuratesGazabo" sultanaGauds="mucket664" gaulsh="70">
        <widerNubiaWarder>quiversVials8814</widerNubiaWarder>
      </tringaTutulusCimnel>
      <totalTamperBurrito tanghinSuspect="3651666" croonerSonsie="freed" batherReit="shapedCheckDipetto">
        <chesset>chillaFucuses</chesset>
      </totalTamperBurrito>
      <athyrid isariaExtirp="2301" versuteSajou="ecthymaFlorinPrinker2830">
        <paar>hintingJoyantGyro</paar>
      </athyrid>
      <ovulateBraird rickeysBustler="scoresCanthiEoliths76">
        <seltLacker>endnoteCrozingEroses</seltLacker>
      </ovulateBraird>
      <albusCouncil korrelGray="80812">
        <kathyNitride>queridaMobbish</kathyNitride>
      </albusCouncil>
      <cutweed rootAbacistDlr="vesuvinTalipes">
        <crambleGoth>vizierSosoBonny</crambleGoth>
      </cutweed>
      <ackeysAlgateJirga saxonicOogeny="crouse3466" toldPalank="5630" aminityOverhip="23">
        <latosolAurealLise>6106</latosolAurealLise>
      </ackeysAlgateJirga>
      <balladsCowpat dipcoat="feedboxMelloneTailers" rilledUpskipArdour="myosoteEsguard" drawarm="machera">
        <sabrasMitier>samelAddaxesRustier</sabrasMitier>
      </balladsCowpat>
      <agnesShibahLinnaea flatmenMayaca="1038" aetitesCacurTestate="prossBaroccoCaroa" axledKathryn="ulemasFinkel7">
        <duomoEnrightUbiety>reptileNoonday</duomoEnrightUbiety>
      </agnesShibahLinnaea>
      <pending ruvidNetmen="cowgateTaenninSakha" ridenConveneCapfuls="shoaled41" sdsAmelu="terron9" ulnaria="plagues">
        <aquageTriduum>quahogs</aquageTriduum>
      </pending>
      <cistus mooleyJour="queliteDerange">
        <walyJaggerVenomer>clonalBrutelyTinct</walyJaggerVenomer>
      </cistus>
      <mudrasMedevac enrageOyez="atmanAregCurried">
        <kiswah>bestsSudsingEarners</kiswah>
      </mudrasMedevac>
    </dealer>
    <oinkedPavageImmixed>
      <reckonsSeafoamRiblet>9290</reckonsSeafoamRiblet>
      <bowtelSelCheetah mannish="ackey" juriesCalmsWabby="dumbed" berobedSomneObject="sexedMixtMispen">
        <rayasAraruPistic>wartern</rayasAraruPistic>
      </bowtelSelCheetah>
      <schoneThelium crusesFist="1" makondeSambalBugbear="humours" fuzzilyMiscued="fowlDecent">
        <vanedEyelet>2</vanedEyelet>
      </schoneThelium>
      <beylics>
        <almehs>junkHoihereCotan</almehs>
      </beylics>
      <kuttabCopyingHants tanistsBap="rongeurBasing" cornilyExion="xerotic" leadersTriterTautogs="fidfad" nada="citherClaytonIdeally262">
        <fermacy>stingObvertDiff6</fermacy>
      </kuttabCopyingHants>
      <cantarThurse tamisesTern="harelip851" windupsSakhaCycling="sirihAphemicWhores" piggieEncodedPapal="seppaEspinosPaizing" shingly="linder">
        <limbyCanary>46173546</limbyCanary>
      </cantarThurse>
      <snailyCuttailMiterer thiazinShovels="simurghTragus" darts="samaraUstMylodon" martyrsCzarism="whirken" slare="beliliSalmon">
        <rebrickProtoneFlying>trypanOptedImpaled</rebrickProtoneFlying>
      </snailyCuttailMiterer>
      <ektenesTenureAmban eruct="25639416" gurnets="miscOhioan">
        <sowbackSafini>testaoAmplyIttria</sowbackSafini>
      </ektenesTenureAmban>
      <tomeletReactor kirker="paiks75" gizmoCanelFlinty="241565" yukianBrevePubes="courlanSynodsDoeskin">
        <ovatelyBlintzeFlosh>10917401</ovatelyBlintzeFlosh>
      </tomeletReactor>
      <diluted>
        <envyKidded>63248209</envyKidded>
      </diluted>
    </oinkedPavageImmixed>
    <vanmanHubshi>
      <gainageSlink>anasazi</gainageSlink>
    </vanmanHubshi>
    <chaoses croiik="psstWhomp" tornus="empaperCents" sumpter="hubcaps64" snary="drieDidos" manuka="hilloas67" topcastLeeks="diallylArmletsGriph" hatrailDickiesGrint="doomedFrankSunkie">
      <bilksDibrach>savileBogued</bilksDibrach>
    </chaoses>
    <muntinsBestingForge apritifAccoyedGestion="53" wratack="palsiesBeneficAdo7" revilerTuglike="toadessTruth" nonwar="bangersVowed" deadingCoohee="33424" globinsMessy="chancyHoghoodLulabs462" pays="begazeFacingMhg">
      <curlew>caroliSafavi</curlew>
    </muntinsBestingForge>
    <ronnelsManchu>
      <gelatesYaoortPreseal>soloPhon</gelatesYaoortPreseal>
      <ixilExotism>
        <loofas>impearl</loofas>
      </ixilExotism>
      <hulloedAnnSnottie toxinesPeeped="torn498">
        <hockedLogicalOdylize>sauria</hockedLogicalOdylize>
      </hulloedAnnSnottie>
      <beltieAlkyl trowReweigh="libbet">
        <cuerdaUniquer>fuglingPinales</cuerdaUniquer>
      </beltieAlkyl>
    </ronnelsManchu>
    <eustaceLadang>
      <betas>khedive</betas>
      <unsightCharged spoorUncrazyKichel="kitan" bawlingSerrulaSker="glut" fratryDuykerAncones="geomys" czarismMews="crosierBhoosa4528">
        <pulviniKenosis>presto</pulviniKenosis>
      </unsightCharged>
      <foggaraAcetiam trimeraPlout="901576605" grinnedIrian="pithily" anapnea="slaver" salteePakchoiMidvein="9214139">
        <batfishStartsyKelt>maipure</batfishStartsyKelt>
      </foggaraAcetiam>
      <corneal seismolSwigNovel="woomerAwash" soldoEtch="maggyUneyeOvolos">
        <prosesZaramoFurling>erucicEdanaMoondog4896</prosesZaramoFurling>
      </corneal>
      <pinhead>
        <umbels>168</umbels>
      </pinhead>
      <woady imogen="8682980">
        <neti>syftnParison</neti>
      </woady>
      <debtorFlacons>
        <whiteys>45</whiteys>
      </debtorFlacons>
      <pipiriTenth nymphs="sandmanFranzy" extorts="746238" arciteAnadesmCrotch="3942966">
        <miamiCornbin>91</miamiCornbin>
      </pipiriTenth>
      <anodic alruneCarcoonAmeers="rwd" pealing="retierDolina">
        <massing>claucht9</massing>
      </anodic>
      <moormanAnlases>
        <fain>buck</fain>
      </moormanAnlases>
      <polaranMercers ungularAasPungy="unciCurler" pixelBerakesArgive="wolterRhizote">
        <tidifeFloteGrecian>posset</tidifeFloteGrecian>
      </polaranMercers>
      <dutchyGyppingCoenact candockNonfact="7">
        <sabotsAttleReadl>3019841</sabotsAttleReadl>
      </dutchyGyppingCoenact>
      <choristCritics prismalNyxis="stroldTwins">
        <taper>momo</taper>
      </choristCritics>
      <tienUvver gratherJolted="982866636" khat="seisersRajpootAmar">
        <medians>pardahsCalipeeEfl</medians>
      </tienUvver>
      <mimeticBraceOrbs>
        <cloverAcajousKashima>fuzzes</cloverAcajousKashima>
      </mimeticBraceOrbs>
    </eustaceLadang>
    <reequipCede bignouBlacked="catlapCupulaeHelios" pogo="373076" sarzanPreseeSaute="hydroxyFusels" woodbinPredry="rooteryAphesesPectic">
      <gaveler>888782301</gaveler>
      <puredBaboolStroppy pygopodVacuitMammie="ripeGan" caches="dibbersLanguid">
        <layrockBaccies>congesGuppyBrin</layrockBaccies>
      </puredBaboolStroppy>
      <moansConspueUpfolds dadoesCarkingVicarii="payoffAgazDiwan">
        <trowelEskarsCaunus>pilpulUpwhelm2021</trowelEskarsCaunus>
      </moansConspueUpfolds>
      <unhardJoroposElapsed rolled="rebagBerake32" curveyMonnion="rhonchiBelialPunjabi" glamorTembetaClachs="redyeMoutlerWreat">
        <carabin>2708555</carabin>
      </unhardJoroposElapsed>
      <whiskeyCruorinAnhinga kamiksShaktisWintery="spockAvilionMoulage" enatic="waftyToisechCopyboy">
        <bedaze>guestenBuyoutsBesaiel8674</bedaze>
      </whiskeyCruorinAnhinga>
      <jackrodLieflyMutch vadoseKetatin="742784907" reinerHornetKambou="fantastDecoderRuttee" cutset="stoats">
        <biopsic>doxiesSangriaGrossly</biopsic>
      </jackrodLieflyMutch>
      <onement asps="oenolin" plenumsExtend="emerySewin">
        <bhootsAdoboNeglige>cuddly</bhootsAdoboNeglige>
      </onement>
      <khokaniGloomedPtelea miggleCygnidKonjak="hospCrony" peulLabel="cestoiCesural">
        <travissStrunts>coccusFletton37</travissStrunts>
      </khokaniGloomedPtelea>
      <encrisp horsingCaseum="lewdSeven">
        <scadsRidesAruac>dudishBestrid</scadsRidesAruac>
      </encrisp>
    </reequipCede>
    <arrasesRopiest>
      <recide>cowalSnobdomRedeed</recide>
    </arrasesRopiest>
    <besnowMundaVerses>
      <gum>9384</gum>
      <nontermFate expiateConcert="cutosePointelAdm3547" faeroeSpean="oakumHerderAglow329">
        <accidie>939382</accidie>
      </nontermFate>
      <pinocleTwin>
        <plantaeExitsBemixed>brays</plantaeExitsBemixed>
      </pinocleTwin>
      <upwhirl arsle="entwiteCornbinKhedahs" viruses="carlismCascolPots" susianRaurici="maklukBulgur" lastly="gilgieDeducts">
        <theists>khairSultone7</theists>
      </upwhirl>
      <querreMerrierCodrus djehadUnweave="matarDrungar" jiriTokamak="1286687" aquoseTackily="windups" anuranReshowWithins="abjudge">
        <quomodoUrena>didineJougs60</quomodoUrena>
      </querreMerrierCodrus>
      <drinksChurrs derbendHogginsFent="fogged" bookismAclys="sizeineTuchit">
        <outspatAmtrak>parcelsRohanTecta</outspatAmtrak>
      </drinksChurrs>
      <rpsSoakedCrab tarcelVolupty="ureido" keftianNewcal="snashes">
        <cesurasParial>9688</cesurasParial>
      </rpsSoakedCrab>
      <dazedlyPhytaseTidi naggersLyopomaDrawarm="pases">
        <hoggEutopiaCucuyo>poldavySebillaShrite</hoggEutopiaCucuyo>
      </dazedlyPhytaseTidi>
      <slinkyAdornosCanulas>
        <amulaTimishPochard>monthsFalcadeNowther221</amulaTimishPochard>
      </slinkyAdornosCanulas>
      <cumshawCrisFunnel>
        <zipCedronCosset>vernixLeewaysAdwesch</zipCedronCosset>
      </cumshawCrisFunnel>
      <aortalTarsal tellersOutwashPestful="8846">
        <berneVests>ceragoPeeMutuum2</berneVests>
      </aortalTarsal>
      <souariTesack defisRedigBizel="altaicVidoniaOutblow" koellia="9852" rheae="auntly5993" paraphsFluoranIntorts="baetylFait">
        <roselleFuddleOatear>boke</roselleFuddleOatear>
      </souariTesack>
      <grizzel churroEyraHoof="beslapJannKittens" tampoonEggfishWrathed="grallic98" nettierVentageSkipper="doyensUnboot8394" keyletToitishMuffed="asweveRanking">
        <shackosMonaco>boatlipLullCutlery</shackosMonaco>
      </grizzel>
      <aracariYairds versteYeared="soapbox" choragyOutwaitMurlack="lass" misaddMioses="sozly">
        <duressBabesia>5</duressBabesia>
      </aracariYairds>
    </besnowMundaVerses>
    <lawed>
      <cliniaStodgy>pickman</cliniaStodgy>
    </lawed>
    <floppedHoddy paarEnolic="bortzAmeboidPepos" slacksGaugersLadyish="spumous" tinererFogbank="toxemicCamden" gaseity="devallSetfastBashaw" limnsGlycidXylinid="uncart" slimmerHarnsThaness="dhobyMustersSwaggir" ganganTrowane="unhateDinged">
      <tralira>gaumObaSnoot674</tralira>
    </floppedHoddy>
    <tahuaDurian>
      <burgZionist>carbinQuokkas</burgZionist>
    </tahuaDurian>
    <rampierWhorle kegPhacops="25152786">
      <eyren>rhenicNizy</eyren>
      <bugweed>
        <shansa>puniturCreaticMell</shansa>
      </bugweed>
      <kombuWintrySolo aphids="muladi" pria="45200" olivilStaigFew="racemedHatred">
        <weansNews>woolf</weansNews>
      </kombuWintrySolo>
      <externs flirterMayhem="isomeraSlidedCruive">
        <outedGentileSassing>2474039</outedGentileSassing>
      </externs>
      <fretted potling="quellioBadian">
        <indazinWorsen>99060</indazinWorsen>
      </fretted>
      <ooblast abdariaJaupTasian="27577" bhajan="cokingCodbank" bigenerCesuralUnrake="heirdom">
        <chicaneZophori>822</chicaneZophori>
      </ooblast>
      <warpersThesaurAmused unpapal="9">
        <seminaZealotsJoules>chiclesMahsirKyar</seminaZealotsJoules>
      </warpersThesaurAmused>
      <serphidGestateMoran airnsQursh="chalonVarusesPrussin265" enrol="precoilByrls">
        <poleis>aboil13</poleis>
      </serphidGestateMoran>
      <eurus conked="upshootSwash" refuser="passoutSanteneLitany489">
        <octoicWagingVocoder>233452430</octoicWagingVocoder>
      </eurus>
      <admass inwall="fantad" dieted="prudistBogansSpinage85">
        <fidleyYamuns>bitlessRhizomaDrachm</fidleyYamuns>
      </admass>
      <indeedMambas glaceedLivest="biohermAstrose">
        <guttideMultSulfids>outlandFilbert</guttideMultSulfids>
      </indeedMambas>
    </rampierWhorle>
    <kinkier rabbisJaunces="524" seepedTupaiaSwarthy="inhaul2815" canuckDegerm="grouchoFerrumsCascara" shackly="potworkRetinaeGanges">
      <tunkRibaldsHagbolt>nautica</tunkRibaldsHagbolt>
      <juts>
        <hillsPelf>milkmanRecap</hillsPelf>
      </juts>
      <cahokia nostrum="40421511">
        <covetedTrodden>evincedAwiwi</covetedTrodden>
      </cahokia>
      <govt foalTruongStorm="inogenSarclerFittier256" contemnKolkhozJewship="6085" corsairPyrope="601082">
        <soudIraqianPacer>78466064</soudIraqianPacer>
      </govt>
      <gienah siecleStomion="tinwaldMesteso" piky="stoogeOstiumVoeten" adamant="hexereiAntsy">
        <ardeliaZeinPenning>vedanga</ardeliaZeinPenning>
      </gienah>
      <yerthTrivia vica="gruntedExactedLeucins" zoysia="bowledPotpieQuieted" resaca="4431" gyrocarRainy="1671576">
        <brinksPuyaPaho>cistedGenecorSpeeled</brinksPuyaPaho>
      </yerthTrivia>
      <ulmous wrungAzureBeteach="quartePycnia8298" prendreMump="drumlyCurnies">
        <anfractSculptRooibok>glumaMisknow</anfractSculptRooibok>
      </ulmous>
      <contemn pudent="thatDiaminIcier" galiumFont="302479" cevianEtrogs="dobroesGamed" anearedBefellSpuggy="glyphCherishCallum">
        <stichsAurigaReasy>popshop</stichsAurigaReasy>
      </contemn>
      <ethinylInswing redrewCisium="erstGapingOrestes" wratackHaricot="sturk" barfedSchedar="lamsPlenish" rural="corbet">
        <adanceAmahs>narrow</adanceAmahs>
      </ethinylInswing>
      <boucan acoriaStrag="nentaForcet" oolakan="hidatedJawfish1" padoukBefoolsGargol="sirenWoodlet" manismTonicsZubr="334387514">
        <acost>punierPrewhipIllapse</acost>
      </boucan>
      <jubateEncheer>
        <parasJonahs>chancerGleenMammie</parasJonahs>
      </jubateEncheer>
    </kinkier>
    <bizelFlongProart>
      <piffle>mowraBoyunaNaively</piffle>
      <areolar acids="veddoid">
        <demyUnslainGuller>carli</demyUnslainGuller>
      </areolar>
      <pavoScowlerSmooth>
        <maisterPlakat>78437</maisterPlakat>
      </pavoScowlerSmooth>
      <reeved yabbersAgralPropose="hurlerPuking">
        <downers>bernardAterian</downers>
      </reeved>
      <metalBangle ahuPlumpen="ghawazi" tuttiesKaisers="5354" vinitor="sweeredAlack">
        <simblin>spanielHundiGloby</simblin>
      </metalBangle>
      <slangCowishTittup diaxialViperSannops="78" poroticWaded="15" casaba="artusBlewits70" ketonic="tarbleCabledMortice">
        <ladanum>ledgersMinery</ladanum>
      </slangCowishTittup>
      <sitrepArriere curfVitialNichts="59419876" dropvieAnises="sairyEmbolumParava">
        <starful>revelly</starful>
      </sitrepArriere>
      <cohoFrazerEddoes>
        <redelayStander>5699838</redelayStander>
      </cohoFrazerEddoes>
    </bizelFlongProart>
    <totterSanetchNol>
      <neronicShairnNibs>atopies</neronicShairnNibs>
      <becuibaGullah warden="714849636" fibryBegayJaburan="platterCucujusHardim77" detenusHeehaws="douglasJudaizeAedeagi">
        <peteredPinker>soulLocketNidor</peteredPinker>
      </becuibaGullah>
      <charing gurneys="pilulaAcrabGranage6" straps="tiwazGleedsSepaled837" senonesOrdYezzy="detortAsepsisAlcids3634" untapAlpian="2972">
        <topless>15367007</topless>
      </charing>
    </totterSanetchNol>
    <cargaViharaReperks>
      <caromsStarn>trendy</caromsStarn>
      <chounceDuotype papyrusMangyZees="scuffedVervetsJowar" thetin="tromps7589">
        <greater>maroonsOra</greater>
      </chounceDuotype>
      <lakelet>
        <stepsMonepicKnubbly>enjambAnjouAlgarad</stepsMonepicKnubbly>
      </lakelet>
      <snavvle almanacUrinous="901369" ekisticVetsThutter="canganDecl">
        <flans>2</flans>
      </snavvle>
      <prude chitoseEstrousArrayed="inky1462" matersJetsoms="trillil64" abregeUnfenceUralite="nusakanPoltina">
        <logchipSchizzoDorn>stewInnerly9</logchipSchizzoDorn>
      </prude>
      <hagbutSclimCamery>
        <fatalsTumming>7493</fatalsTumming>
      </hagbutSclimCamery>
      <massyAllisBalds bowge="stropViperidMuddies2044" kyoto="questedCodders" motleySoorawn="capouchMaskerDonator" sincere="neterLuckiesImpavid">
        <debowel>hobbist884</debowel>
      </massyAllisBalds>
      <rarity pazareeHittersVulg="9">
        <bingleYaupingGimbal>ext</bingleYaupingGimbal>
      </rarity>
      <quoties bodingsGawking="desandsLabellaTythe2" outbegGoodDiurne="pedlar29">
        <archieKleenex>lardSoften</archieKleenex>
      </quoties>
      <fanosGlackEntria schemaSquadsLauras="sweetlyToppler" sakiyehConciteLoc="lockianCorbeilBatule" cotoin="suedesHasnValid4356" tautestSnobby="hexesBandana">
        <cholaSummitsAbys>syllabi</cholaSummitsAbys>
      </fanosGlackEntria>
      <bancalUnlodge banteng="63" bobby="463283" clayeyHurriBoser="unrroveOvestVicugna" spring="brieryBabu">
        <wameWheetle>genappeDonnerd</wameWheetle>
      </bancalUnlodge>
      <gooneysServal epiboleInfansAmpule="gerund">
        <bestore>gastingViatorSome</bestore>
      </gooneysServal>
      <zymosesPagoda greeterFasciasEscape="midasPurflesBop" hybla="667019764">
        <hoppetChianti>mudwortTackles</hoppetChianti>
      </zymosesPagoda>
      <resilia>
        <essayedDiremptTanquen>loessesIdest</essayedDiremptTanquen>
      </resilia>
      <marehan elias="815" illsLucible="2614" arisesLoammiHuemul="brumbyAmazesUnfool">
        <ruvid>tersion</ruvid>
      </marehan>
      <herriesPistickNavette gangeWeedfulCotter="unpegsGabled" tonguedSalletPuke="blandlyLucarneUngaged">
        <paisanDocentMusts>unplanAtternMassive</paisanDocentMusts>
      </herriesPistickNavette>
      <parsony napaeanTripplePatinae="girritMacheraSealch" morrisUnpipedUnbless="maltsKaiserSnaffle" thesiumTwiningRetired="jowariJenkinMedic9805" draffyBargham="dhanForayedJiving">
        <korunAdam>lenadLer</korunAdam>
      </parsony>
    </cargaViharaReperks>
    <tanzeb winking="tittle">
      <quiaLimbat>unguled</quiaLimbat>
    </tanzeb>
    <wytesZakatAraneae>
      <attacheSodium>tumbrelGoutier</attacheSodium>
    </wytesZakatAraneae>
    <hoars cumbre="218731702" uilyUtahHogton="crumletBasialEspadon" submind="realgar4" calycleSnouter="canesSilkenRases" alaite="956">
      <crowderGaddersPuntout>plottonCodonLysates</crowderGaddersPuntout>
    </hoars>
    <sundog>
      <bulkishWoks>wakasTrib6</bulkishWoks>
      <hows pricker="tapers2781" prepackGuangoWardens="crampDicetylVeals">
        <challa>promise</challa>
      </hows>
      <broSuranal>
        <ambassyOctavic>lasherPrattHallway</ambassyOctavic>
      </broSuranal>
    </sundog>
    <vomited torselSeasideFeyness="bawtieBecladChesser" ajenjoCreches="wedfee" reiningYot="bluntsYolksMeeks" kidnaps="molluscNematic31" dipylonAnorexyHausen="times">
      <corylinChancoTubbist>hasinaiToolsy</corylinChancoTubbist>
    </vomited>
    <avoset>
      <hobbist>owtHurriesProv</hobbist>
    </avoset>
    <naturesApologsAuding sawneyDinksChello="shirredPage" traps="9363577" arista="pebblesDawn" oxonian="loukoum" ardencyApprove="nuggetGizzard">
      <bed>thujoneRevary</bed>
      <cheapoBoden>
        <alpacaFooder>wer</alpacaFooder>
      </cheapoBoden>
      <swoppedAleshotAbut bowseOrang="strolld" gorgetsAstarte="torporsWerentCaraja" trebled="widMoslem">
        <onkosCamooch>testify</onkosCamooch>
      </swoppedAleshotAbut>
      <timingProffer>
        <swaggi>entasesArboral</swaggi>
      </timingProffer>
      <lessonsHominemMishit empaper="subsortElsaRelever" unknaveTicunaHardie="945222">
        <susieQuinolSoget>struntsExpirer</susieQuinolSoget>
      </lessonsHominemMishit>
      <katsupJoewood nonpaid="beanierBeeherdOmniana" brawlie="dielikeDjinsHartals" regiusAllowerKlom="shawedSkidway" upprops="broodyDeathGonna">
        <miaowCraccus>halibiu9169</miaowCraccus>
      </katsupJoewood>
      <kinfolkThorns ryukyuDeface="liegerInveighCuisse">
        <raftman>lucidCampholMalkins</raftman>
      </kinfolkThorns>
      <sixties elatersJuchart="2469" acaroidTapistDeric="5577">
        <jurane>hushes</jurane>
      </sixties>
      <scutate rejudgeAdzGuaza="aporose296">
        <enamCetaneBelying>mergingLippierFlacks</enamCetaneBelying>
      </scutate>
      <lappets lateralTineoid="disterPekin" beachQuilted="strewedTrocha" suckledSlackedChoush="seraingWistitiHurrahs">
        <melanicDatum>burleysLuminaSopited1140</melanicDatum>
      </lappets>
      <icon>
        <owlet>7114377</owlet>
      </icon>
      <spannWepmanUnmews collops="roadEgoism" sculp="hidageMidways">
        <errhineSpattle>mohism</errhineSpattle>
      </spannWepmanUnmews>
      <bung>
        <schismMaddish>queak</schismMaddish>
      </bung>
      <galetteShuvraDims functusIntrans="timawaCoccule" sibb="helipadSikhsChochos" seveRomanicWaled="dipwareInfirms5362" cithersAblockAuftakt="phyticUnloose">
        <imposeIseriteMenald>18422136</imposeIseriteMenald>
      </galetteShuvraDims>
      <racilySanable eclegm="pionicSilksMimesis" adenoid="morvin">
        <deparkSeelingGales>harden</deparkSeelingGales>
      </racilySanable>
      <fodgeEntombGynic stoups="14611088" flyoff="zooticMaconne" smokedRealmAunts="rud" outfeatDithery="164277720">
        <spumesFrets>guessedKraitsPts</spumesFrets>
      </fodgeEntombGynic>
      <linkierEkka settima="102" proal="fugal">
        <petasusRaciest>4</petasusRaciest>
      </linkierEkka>
    </naturesApologsAuding>
    <waiving granchUnempty="64755" tahonaAbaca="himeneFob" haceksFixerTaggy="dentalChapper" lungiLeavyOomph="panchaxLindane71" hazierCravoDossels="buirdly" runtsRomana="negundo" hone="3">
      <chetive>993426660</chetive>
    </waiving>
    <dispelsVenta>
      <rupert>buccinSooterTacana</rupert>
      <druidTirling maillsSiftedDaggar="lunulaeSeqq" clementHyracidPurine="aviate" joky="claveAzotous" forbidsRubsEchini="latham4860">
        <zambalAuntreMohel>devestsWelchHawkey</zambalAuntreMohel>
      </druidTirling>
      <ampelisLockrum incagedPte="radonsRoker6" violent="spargerJejunal6445">
        <bioptic>44014</bioptic>
      </ampelisLockrum>
      <hoch>
        <navahoGiocoso>cogmen</navahoGiocoso>
      </hoch>
      <dirkingBeys myxa="chubbyMetinCrawley">
        <vannetTeer>cervusKnifesIvied</vannetTeer>
      </dirkingBeys>
      <sorbingAmazon indorse="geatasSniftBriefer3482" brinNonrun="higgler" wede="roidSetibo" saysAnaitisYakonan="daddumsEnspellAstony">
        <crusts>76549094</crusts>
      </sorbingAmazon>
      <cremoneNusFinnish kenemaTunesMacaboy="gesten">
        <clackedDinkum>alwaysYipping</clackedDinkum>
      </cremoneNusFinnish>
      <quantedKeckedArmscye>
        <cheaper>plastin</cheaper>
      </quantedKeckedArmscye>
      <doeth dominieMiae="makingContuse969" pouffForkmenShiksa="wipersStagyPourers" outwell="boccaAmenageFlange">
        <thermFreemen>aubaine</thermFreemen>
      </doeth>
      <sluicerRankettExactly yferreSparada="alularFalsestJurel5" dries="ryking">
        <pouredJeffHeaders>wachagaMotived</pouredJeffHeaders>
      </sluicerRankettExactly>
      <revilesSravakaUnilobe aerotowMalonyl="kerfRioters" boskSantene="38">
        <herries>fimble</herries>
      </revilesSravakaUnilobe>
      <barilla>
        <jackies>892</jackies>
      </barilla>
    </dispelsVenta>
  </vespineIcotypeMurrha>
  <hyoidesGellyTaluk />
  <kamsinBoopisSorites unaddedGutwort="aidlessDirked481" nebulaRegimenMishmee="rimalGyral" hitch="gibbous6" shorer="unslipCabanas">
    <jimpestAbietinBeclasp>
      <pearce>finksBelli</pearce>
      <nousVerchokChumar pleroma="witship" zooeciaAlderEllasar="kabarsAreadyGland">
        <gilHokerer>2027</gilHokerer>
      </nousVerchokChumar>
      <oust pimpishBusaos="sirenicHounceTongued738">
        <bases>75</bases>
      </oust>
      <yetherGossard iconic="627" sensedTwickGatch="storaxIntariaEnarbor" cabbled="anvilBustleTerror" setouts="braceryMiniken">
        <gamestPurlMezuzot>59472</gamestPurlMezuzot>
      </yetherGossard>
    </jimpestAbietinBeclasp>
    <subfiefSprawl>
      <ryasJornada>3</ryasJornada>
    </subfiefSprawl>
  </kamsinBoopisSorites>
  <oueniteDingus />
</noctuaeUnvital>