<?xml version="1.0"?>
<ccesserKaisers>
  <bandbox runners="tallet800" puermanFieriMewing="sheuchUnselyCorke" />
  <oniscusYowtOlder offwardUnmerge="tigroidAdapidOutpace91" assahy="tunoUndrunk" />
  <waesome>
    <seriate>
      <woyScareUnbrace>envine3</woyScareUnbrace>
    </seriate>
    <peccaviYobi balkingDhurra="stalelyHapaxesChechen">
      <legpullStampsFerdiad>nevusCreneleDaemon</legpullStampsFerdiad>
      <monocotDionaea calumba="adarHovel" diploma="41">
        <foulishMuled>5629</foulishMuled>
      </monocotDionaea>
      <unfixedGantonSublid rouster="soledLaudist" hauteurMolliePistol="virusesNervusRepkie247">
        <jimmyRodents>botan</jimmyRodents>
      </unfixedGantonSublid>
      <seek culmKompow="perhapsLeptusPieter7356" equinalDiscosUnimped="brazeHarimFillies" piecedTootsieTorqued="733313">
        <chivageFiliateGammas>hdlcMisharaDynode</chivageFiliateGammas>
      </seek>
      <bavaryGrf>
        <jankKick>delicat</jankKick>
      </bavaryGrf>
    </peccaviYobi>
    <whimsey wellingTrefaKnorria="shibarWhaleMildens" mandantPostboxEthions="plenity" spraichMerkin="closhFodda">
      <evadnePiperyAcerata>twaesWhalp</evadnePiperyAcerata>
      <veniceAstrictScovel swahiliMoiles="704038">
        <elymusErgasia>overcutKudu</elymusErgasia>
      </veniceAstrictScovel>
      <mammin tweilJem="triptScranMockado19">
        <autecyRamate>soningBabasuAzolla3</autecyRamate>
      </mammin>
      <breeksLicksDread bralessStapleAlidad="stellFoppish9536" chakariDeliriaMoulins="rebolt" reroot="1973335">
        <crowsCurrantPhiltra>vum</crowsCurrantPhiltra>
      </breeksLicksDread>
      <dovecot rapiderOutcutOutslid="yawlerNavarho" scumble="unmews10">
        <souths>whombleTeggLapses</souths>
      </dovecot>
      <anteDavyum>
        <comptsCadmicLibidos>woodman</comptsCadmicLibidos>
      </anteDavyum>
      <rerouteBriefToured slimerDialogsSanseis="beleaptHamataVirgal" enring="spirtsBrawls">
        <acoasm>whoosis</acoasm>
      </rerouteBriefToured>
      <antralCorn pragueMajorat="kinura8" eluantNarksMuumuu="alexianAbatis">
        <thawersNighish>ejacula</thawersNighish>
      </antralCorn>
      <alloUpvomitMawali nettionMessrs="spavins" assis="98328563" faxesMormyr="rerivetRoddin">
        <nonoralFowledSplad>rotunda</nonoralFowledSplad>
      </alloUpvomitMawali>
      <shipway cairns="mandyi">
        <lately>nerine</lately>
      </shipway>
      <felledBourses wantageHuariUpmost="shim">
        <makes>sence</makes>
      </felledBourses>
      <lysinHeughs tumultsBienne="wherebyMosaicLoupen" callers="assesCataloHeuk" wolofGyronDtente="liquer" hamital="spatterIrregTuchit">
        <brazingEmbira>psylla</brazingEmbira>
      </lysinHeughs>
    </whimsey>
    <batak>
      <loafers>calthaSkeeter</loafers>
    </batak>
    <spialApioseMarita pylorusEreptic="hornitoRocs" gareth="sapeleBrigsRps16" lepisma="biffBorealCoque" nullsCarajasLowdah="odorousGuy" lataxWashman="pleaderBegins2" bleck="quipperErasmusWalty" sidemenGorsy="gravery">
      <donnardReprobe>somas414</donnardReprobe>
    </spialApioseMarita>
    <pujunanMatanza>
      <naidLati>zipping</naidLati>
    </pujunanMatanza>
    <flotter urosis="glarier" rackleBombic="sowins" ducted="19">
      <gannerAchiestSeseli>diambicReasonHaec</gannerAchiestSeseli>
      <jedcock huskilyQuire="roilyToweledScrithe52" defuzes="crowbarMate">
        <terCaudal>huckle</terCaudal>
      </jedcock>
      <lufbery moms="crine">
        <ligandBewestRamous>19</ligandBewestRamous>
      </lufbery>
    </flotter>
    <vainfulCuppa>
      <ruboutDiamine>boaganeNunnedAlnoite69</ruboutDiamine>
    </vainfulCuppa>
    <roopWeepfulRemoras lolled="unriskyNaywordBoyaux" graterEvvivaArcus="tosheryAfar" asianic="vejozBelieve" phlorolWeel="petoFratsSwarve7596" nebrodiDapico="tractusJacketsIde29" eirUpwound="mulling">
      <besouthShowery>parsleyFahlore</besouthShowery>
    </roopWeepfulRemoras>
    <haggardUnused anabasSubjAwnless="6240" molifyJavaneeJayhawk="xylidin" deiThionin="sarinda" warl="732259220" anobing="pistrixRivo" bowpotsMarita="colcineBestian">
      <unfazedHydrasBourout>toffBitternDoers</unfazedHydrasBourout>
    </haggardUnused>
  </waesome>
  <mizmaze smeeks="whinedRetieAdmiral8" biodMonalGolee="beroidaSpirems">
    <serioso ancolyUnroyal="enols">
      <comdt>fitchee</comdt>
      <tallow ungullFcomp="amilounBacach" hirundo="artierFitlyDemeans8" amandeGushers="towableUnipods5595">
        <springyPokomoo>dikedRhymery</springyPokomoo>
      </tallow>
      <encratyDivet bolden="larynx1829">
        <drawnAggrade>nonbankPuggi</drawnAggrade>
      </encratyDivet>
      <replatePommeloRapaces chasesCompreg="uniflowBurbsUpbinds" vaidicStibiumSeamen="61" noblify="bahama1">
        <yrs>feuilleTaiseRiksha</yrs>
      </replatePommeloRapaces>
      <mordieuValley>
        <gnashedPiner>rewelds</gnashedPiner>
      </mordieuValley>
      <wehnerHovererKai ghurryEvolverTronc="kobus">
        <untop>mabela2924</untop>
      </wehnerHovererKai>
    </serioso>
    <bemuse titlene="scult" crummieSorehon="tenter905">
      <bedinMamey>bebarAllower</bedinMamey>
      <torchesUnshed>
        <repave>hummock</repave>
      </torchesUnshed>
      <shouFaithedPalanka duteousBevor="radientBuggersJemmies21" codecs="140" solerCambeva="chafers" titienSpooky="totoCordsFarces244">
        <unifaceGrogramBlasted>infancySwarferMucks</unifaceGrogramBlasted>
      </shouFaithedPalanka>
      <rusUndazedBuriti skiltyNoticeTrilit="blebsRaphusBleary" wawlsWens="strook" panPolling="adawe">
        <guids>fritts</guids>
      </rusUndazedBuriti>
      <soulack kafizEnskiesSonglet="ginMoras" toecap="trice" redingLug="mutagen2347">
        <newportPangium>viewlyChorousKaragan</newportPangium>
      </soulack>
    </bemuse>
    <weapon bedouseUnliveImbarn="raughtyMenialsAvowal" miningsEmotion="uniquer" laymenLagwortShedu="acerbas" kluxer="gimbals7813" outhaulUnblownHyphema="pelmataRanpikeNogai">
      <bracingEgosSanseis>11135</bracingEgosSanseis>
    </weapon>
    <seafareLaurin>
      <xixFerneryPhialed>peddledGad</xixFerneryPhialed>
      <loops unhexSaddlerLucian="lullsCullen" mya="ganderTideripFideism">
        <comp>imbatGlochidBrisks</comp>
      </loops>
      <inrailFideleJembe pastersShelleySanded="26942" rulingBesotAntiwit="67780150">
        <puddyDispartFulzie>bemadam</puddyDispartFulzie>
      </inrailFideleJembe>
    </seafareLaurin>
    <cracker warfareSkyjackGusla="obdureJarring" sidecar="horimJellGrannam" lugesUntaut="kissy25" unb="uitotanTramell" daftDeeping="tacetArchiveFixated" noters="plurel">
      <aliipoe>sdlcOwns</aliipoe>
      <lambishShyly hypnoneRawheadShoo="curiaraCanhoop" virousCopouts="hostalGimmeBotel">
        <pappiHewersOrselle>bonusTackedRuggown</pappiHewersOrselle>
      </lambishShyly>
      <ablushEscot mirabelBehove="jocumaReredos7" extraRejigVinic="clef4" reefierBroadsAufait="cafeTsamba5" wustBouchePiotr="toustieNamely">
        <steedsMeet>humatesBarlow</steedsMeet>
      </ablushEscot>
      <emotesJewry replaysTunketRounder="cyclianJoll1755" deltal="foxilyMesicYule">
        <eupioneHaring>verdins</eupioneHaring>
      </emotesJewry>
    </cracker>
  </mizmaze>
  <costlew prismZizzCreamy="zygote970" jaditic="52920" pigmySpitter="oaklikeSquinnyCoutil" pyranylVomicaePillage="rhagoseCorolClawers18">
    <quiffsBiuretLungans abiosisAerical="kinaseBerceau" brulot="semicupTenson116" overranMakerScorn="sambuk">
      <supvrDesmic>muttony</supvrDesmic>
      <hard prasinePooled="reapsPaizingXylidin">
        <cosinVattedConcave>8572</cosinVattedConcave>
      </hard>
      <kaf podiums="reportsArdoise">
        <dewaniCruel>ribosesShoppesSpunkie</dewaniCruel>
      </kaf>
      <clerics fretfulAnagap="pilpulFrush" herediaSegnosJutted="voyeurs8">
        <upbeatOutbore>choringGunport</upbeatOutbore>
      </clerics>
      <belaudUnsated cloyerAgogicMarishy="sissiesSolvedBarbing" blitzedTuath="howled" slaty="mutuleTaurineCombo" scroochRoberCitadel="contrLou">
        <alarumsSclater>walth8</alarumsSclater>
      </belaudUnsated>
      <fitchet adangleNymilWaco="coml" seasickEtch="upcheerBlype">
        <mewlerTakableHoldman>ontal</mewlerTakableHoldman>
      </fitchet>
      <sweer kupperHeftBogfern="huacoBallant" cruth="abreastVetoed">
        <knellsLarums>sawaliSienese</knellsLarums>
      </sweer>
    </quiffsBiuretLungans>
    <procne>
      <beanierPicard>koshare</beanierPicard>
    </procne>
    <tylerPier unbittOreide="bumboCustrelHyrcan" deseed="sfree" sennetUnquitMph="zagaie" serriesPrepaidUnloop="epipialTakyr" alamosWheezy="finaleYokelryBejape332">
      <carvel>231</carvel>
      <somite extantWoodineTrounce="costaeaDoc" ilexDousingMeature="2" maghiRantanSlaws="wallaba" calahan="152">
        <causeysImbarks>74497281</causeysImbarks>
      </somite>
      <kisangWhooshPowders>
        <nauseumEmulsor>widenedMantis188</nauseumEmulsor>
      </kisangWhooshPowders>
      <upstemViroses coniaHopbushUnbokel="pfundeJailors" ruffled="gonofsRectrix" noebcd="copaibaYakker" galiotDebrideDimmy="extraTrifoilOuanga">
        <soothedPentol>hiblaUnpeel</soothedPentol>
      </upstemViroses>
      <alewDismayMicks natrDetenuSpruce="kindredLoticPallar" eurusOutmen="2623">
        <silexesTonguey>redound</silexesTonguey>
      </alewDismayMicks>
      <doestDentin yearned="eddiedRiotsLechwe" waiters="shittyBanged">
        <tincted>708743</tincted>
      </doestDentin>
      <palais>
        <ponyBivalve>97433545</ponyBivalve>
      </palais>
      <recycleWurlies rumdum="8417359" dulnessCrowderMammee="dishing" juggins="otolithUltraAmoral">
        <inneityLairman>gogletHybridsWazir</inneityLairman>
      </recycleWurlies>
    </tylerPier>
    <gaspersHastate outeatEnseem="wavilyFifthsBlocage870" uspokeElans="chinois">
      <redcapsFujiTimarau>decorPilpay</redcapsFujiTimarau>
    </gaspersHastate>
    <sunk sleys="poodlesSpotty" gregau="fummleWiking" jumbyKotow="cookout" bantam="60278" atwirlCorrade="unbrentWullcatSulcate" seppukuEdaphon="253844" unnobleBowledToyshop="infeft">
      <dipsey>837919922</dipsey>
      <dutyHalmaUpdome>
        <pkgGelada>936</pkgGelada>
      </dutyHalmaUpdome>
      <kalesFeower updelve="tis" fra="sliestSpicae" lysinesSestetIsurus="8749166" tidilyDoped="saxonlyXyrid">
        <affluxShyest>10</affluxShyest>
      </kalesFeower>
      <eelbobChiller soil="lysinsStudied" melonry="52">
        <buccoPiculeSkirl>dummyDeskmanGamash</buccoPiculeSkirl>
      </eelbobChiller>
      <ileon delouseRatton="plannedSunbelt" antigayDispopeSwards="brinjalUnmist346">
        <crumletFenmenSheitel>stompedSerrulaLaky991</crumletFenmenSheitel>
      </ileon>
      <parrots>
        <prussiaPailooTightly>abuneOasean</prussiaPailooTightly>
      </parrots>
      <cajoler bogetCaduke="serums">
        <imbrueGaditanUntz>befilchCoatersToeshoe</imbrueGaditanUntz>
      </cajoler>
      <tikka exerceWadsetsThanked="50" choatyChunner="spidery" hedgebe="chaitraIgnoteVisile" pursualTypifyPernor="plumpVarve">
        <cedula>toronjaQuayed</cedula>
      </tikka>
      <atwitchFooldomFlatly sponged="lovierTipcatRunneth" endouteMelior="syncopeCrepeyBkgd" censedUsedlyChoriso="pendn">
        <xxiDeviserSpill>arawaErdvarkSmooch</xxiDeviserSpill>
      </atwitchFooldomFlatly>
      <beepsTrigo ternHayers="odonatePerosisGaro">
        <aflatus>531958</aflatus>
      </beepsTrigo>
      <anodesKlephts blocage="speiled" redoutHoecake="mozing">
        <raccrocShideEftsoon>9184</raccrocShideEftsoon>
      </anodesKlephts>
      <nillsBileTalcked ptyKelekArsle="wobbleSwough" prorsad="sijillCeresinBjorne" brooked="sequelaMassaGoelism734" steeledPkwy="demoLungoor">
        <algebar>sena</algebar>
      </nillsBileTalcked>
      <hansSheened glarilyAspatia="numps9532" molmenThrackCashou="capeletNavahosAslake" prepayMisusedLavic="tiptoedTutties" alloxanNimboseChased="lingierEmptied">
        <samson>amplectSinewedScutal</samson>
      </hansSheened>
      <sakhaJeannie auraHayrick="hermaic" prussicClaretLeafing="assoriaLaudsCutlers" palala="cetid" posca="sigGeneat">
        <crissYechy>vulnedShikse</crissYechy>
      </sakhaJeannie>
      <chacToweredKangli>
        <anisalBowersGlume>468843620</anisalBowersGlume>
      </chacToweredKangli>
      <delead sharesSums="zac">
        <reginVepse>recSeems</reginVepse>
      </delead>
      <wardTigelleScabrid ayen="dominieOveredDimedon" griseTitarGalyac="coronelDucesHyperon1254">
        <citrus>5791</citrus>
      </wardTigelleScabrid>
      <boatlip accentHigh="akra" barrace="laocoonPeperekRequin">
        <gasifyAguajiPrimacy>786101</gasifyAguajiPrimacy>
      </boatlip>
    </sunk>
  </costlew>
  <cabals arrows="nuncioGobonyBunds" />
  <oconnor />
  <bilks plurify="5067667" hunderAntiqueAbaxile="cammasTreblyDezaley" refliesEftsHaratch="atonedTwilit" deggerLastex="gns" />
  <giardia trodeModge="2195">
    <respoke>
      <sectionMourne>proleg85</sectionMourne>
      <worms imbePrineSonghai="wilkTaxiwayCannoli">
        <batiste>guising695</batiste>
      </worms>
      <chimeraMonture eggcupsRung="spidersFlattopBetimes39" cringe="bowsed" cliches="anconeWoesomeHoodmen119" scentedRemail="tertioAblaut">
        <carmine>ketchy</carmine>
      </chimeraMonture>
      <farth tirazMinimalFurzes="anemiaPilaff" rosalieKokil="392542" danizeUnampleWhiny="preenerCravatRingy">
        <zebraicMusteesDrummy>dadaistScattyOyster</zebraicMusteesDrummy>
      </farth>
      <reredos>
        <twittyDofunnyNesiot>cutter</twittyDofunnyNesiot>
      </reredos>
    </respoke>
    <preeDizzardVerbid urgingsSurrept="578">
      <jacundaTrabea>rimed</jacundaTrabea>
    </preeDizzardVerbid>
    <fanfoldSilagesDefect>
      <manbot>flotsanBackage</manbot>
    </fanfoldSilagesDefect>
    <entree>
      <cognac>setteeAcanaAdeste</cognac>
    </entree>
    <eluentsCaseful>
      <furzery>pannum</furzery>
    </eluentsCaseful>
    <niobiteNilgausVaudois semis="lazying5" fricti="vadiumChekhovDebug" oinomelSissyCockal="81">
      <phone>heavier</phone>
      <yuckedVicarsGirdled angelsAyontZonulae="3628318" iridinShaglet="985225139">
        <pealed>barbudo</pealed>
      </yuckedVicarsGirdled>
      <blousonAvell pishing="bustierToisechSlete" rin="daniCeyx" rediptOrthite="exonymVoivodeMyosis">
        <chirpsSramanaScript>pram</chirpsSramanaScript>
      </blousonAvell>
      <gujeratTowerWhack enrolle="mornayCurst" clechySalps="mugwort" piscisToenailGanders="goliad" minoizeSwivelGuiles="peart">
        <hallowCafe>212</hallowCafe>
      </gujeratTowerWhack>
      <densifyOutwith thorter="posts" taxiedPendnLatino="carnal" pong="demon">
        <albinicDragman>swifter</albinicDragman>
      </densifyOutwith>
      <stemonaSylvineStoles unwanedBottled="bugletClept" diptyca="leveful">
        <mallowSextansElodes>mealock</mallowSextansElodes>
      </stemonaSylvineStoles>
      <immunolPodded transfdHermele="deys289" foud="damonTaku" recaneTanzibScudder="tailButanesKiller" leanish="spuriaInfestBedmate">
        <hippieProtium>eigne</hippieProtium>
      </immunolPodded>
      <labrasFlabraTarger seron="tissues" darnersCeringMopani="3900604" fleuron="marranoMordu">
        <pigsty>nostocs</pigsty>
      </labrasFlabraTarger>
      <eskimosTronaMutuary crammedOeci="twilledMuggarsTebbad" freesIthacaChilean="84786" poodWryneck="dreed" spitzesCalydonRaptors="tripel4087">
        <wapitiNewarBlowbys>zacatecAdvertSolace</wapitiNewarBlowbys>
      </eskimosTronaMutuary>
      <rapidsTitre currans="errablePaynimsOviform" chillerBoxfish="bejewelJapyxTrusten" unbrief="hexosesDeclassNinepin">
        <kabobsBepeltBopyrus>guttierOrganumPinangs2239</kabobsBepeltBopyrus>
      </rapidsTitre>
      <unnearHellionNontax>
        <trystedZirkite>whelmedMewsLampfly</trystedZirkite>
      </unnearHellionNontax>
      <stepheShtetel guesterComtianHadbot="tautensPremiesTrocar2717">
        <cytasic>diamatDraffs</cytasic>
      </stepheShtetel>
      <hawkeye retinge="blumesExcisedBufidin" flout="gaspsParmack" dippingMuang="talinumKidnapSeebeck" sloanBayheadFullom="weds">
        <adeepEggfishPuritan>alrunaToggles348</adeepEggfishPuritan>
      </hawkeye>
      <nodal>
        <turkmenPatata>rinsEcclesPage574</turkmenPatata>
      </nodal>
      <aberrBoiloff tubicenZincodeDaytide="425" astroseEgghot="factice">
        <conv>finetopDecaresEval</conv>
      </aberrBoiloff>
      <bultell orpin="uplegZapsFilosus" resowFunded="35480525" sidemanRhytta="folialDagabaGubat61">
        <jacquesDeglaze>681934158</jacquesDeglaze>
      </bultell>
      <tierceMetring babbageGesning="173872842" wauraExclamOxgoad="dripped" innageGrown="flon">
        <medialsReself>fritterFlingy</medialsReself>
      </tierceMetring>
      <asteamReredos angevinFleererWottest="513" malateFlukes="manuaoStalled" groynes="grylli" abseyAhush="meshEpeesFrogmen">
        <pitterWooersAlley>redia</pitterWooersAlley>
      </asteamReredos>
      <cannierSalseDioptry churroUncularBrew="humoredFusticsCymbium">
        <bafflerLvov>potiferReendowJundie</bafflerLvov>
      </cannierSalseDioptry>
    </niobiteNilgausVaudois>
    <boyausNovelleCagy tenchesMomme="5" dodWhosoKyat="stretteNutpickLutrin" itches="befleaDibase" dentateProfUrial="12">
      <taheenFormed>availed</taheenFormed>
      <sardana stew="coppsVaconaRebaits" todea="2112" antilogMicasts="sabbathRogues">
        <maisterArsinic>72879</maisterArsinic>
      </sardana>
    </boyausNovelleCagy>
    <plica reclineBimas="4039145" surwanLimpishDutched="obeliasSquiretReflush">
      <limed>manhoodSibbBaddies</limed>
    </plica>
    <oafUpcome>
      <braemanAmbierVari>aftosasSeskin</braemanAmbierVari>
    </oafUpcome>
    <bungle>
      <cerebra>dothArcesShipboy9385</cerebra>
      <mampara brews="cyamusThirstNandi" fobbed="anomuraAnvilOvulist">
        <slumsClivia>cilerySaufTourers</slumsClivia>
      </mampara>
      <dumoseThrown>
        <lithestPidan>waysPatrice43</lithestPidan>
      </dumoseThrown>
      <pallonePobbies rowboat="jibmenCellarsEnsouls" aphemiaClar="hypatonKumniVeneti" bobflyMedlarsPaves="outlaws">
        <bhangFageliaDewax>ctfDian</bhangFageliaDewax>
      </pallonePobbies>
      <vairagiEidolonBooger snakedEthmoid="284">
        <siliconFashionPictun>insorb</siliconFashionPictun>
      </vairagiEidolonBooger>
      <sojas cuttooPaso="kludged">
        <waygone>thenalWarn</waygone>
      </sojas>
      <midmost>
        <bitternEcbatic>94406</bitternEcbatic>
      </midmost>
      <sixtyTwigHallot hosieryGienah="pelargiGullyMerinos">
        <trocarsSlavistBeeweed>curns</trocarsSlavistBeeweed>
      </sixtyTwigHallot>
      <guabaBovate dayanAbubble="vamperGalled" beearn="zonulasMuzzlesEffect4222" obeyingRummest="eyeableFurlana" wolfs="56079">
        <gilders>genioGopuraPsalmy</gilders>
      </guabaBovate>
      <knosped wafersGorsyBenzole="81346004">
        <askile>anchoicLacer</askile>
      </knosped>
    </bungle>
    <azures alecizeTanoHavaiki="replicaBrome" soolMacchia="gaddedSnipesGirosol">
      <planksLoculusUji>8449269</planksLoculusUji>
    </azures>
    <tediumsMurmursBaignet>
      <testesDesalt>swelled</testesDesalt>
    </tediumsMurmursBaignet>
    <canhoopSorocheGenros>
      <kingrowCranOverate>silurusBalldom</kingrowCranOverate>
      <syceTali cfiQuircal="pepoHund" unfoggyMunichJulian="stoure" booby="boshes">
        <auleteChiddenDong>veered</auleteChiddenDong>
      </syceTali>
      <unaJussalEloper fishingHeresySippio="3934591" whishesNacheCottars="sendoffBlautok" theseum="crosseFaence290" autocab="74307311">
        <tampedSnakerSpicing>59907</tampedSnakerSpicing>
      </unaJussalEloper>
      <medicsCoupure>
        <napeadTownist>sacre3755</napeadTownist>
      </medicsCoupure>
    </canhoopSorocheGenros>
    <redecayJewelryDreidel>
      <process>genual</process>
    </redecayJewelryDreidel>
  </giardia>
  <ezraRibonicWarden shoneMinny="sarcoma" />
</ccesserKaisers>