<?xml version="1.0"?>
<rivers>
  <filledThomasaNocht />
  <souari volta="jauncedNavet" louiesPaula="cursaroGammockFond" efikYieldy="543930" indowStrikeBaroni="brahmanEnterer">
    <wheredHommock zonked="850" vidua="jnt" ervils="japanJuponsStrolls6710" tankieWhipsaw="arewEtherol" inaxonAgeismsZittern="vernileCrista" pluffTaenianVigogne="fensCuriae" fledgyConnateEvene="61">
      <nonsaleQuahaug>waspsPlushyRafter</nonsaleQuahaug>
    </wheredHommock>
    <baulkyUnopenAmerces sudaria="2695959">
      <jocelinDevexAwin>private452</jocelinDevexAwin>
      <deceitsRoofHodaddy sectiveKhalsa="22232" ghyllsAuratedVavasor="subgit" cimicesUrinalsLory="sipiboMilpa" spaeingStabbedCraps="yangtao">
        <abjectGuaryArmine>enskied</abjectGuaryArmine>
      </deceitsRoofHodaddy>
      <eldin lallandShrewsJambee="vallateEvenEnchyma" vivaryMessrsPaunch="migsUmbrana" hiltsInezPropene="shindys">
        <dattoMeetsAdoze>brawlsSarks</dattoMeetsAdoze>
      </eldin>
      <holdupsRuach>
        <extancy>broiden</extancy>
      </holdupsRuach>
      <pisachiRugaeReives cypres="bobbingApogean" squdgyCrierEnfield="oculate48" wirbleWimbrelScreeny="jesus" meshedBighorn="pierisVelNicaean">
        <gentiinChaftNim>reducedProtei</gentiinChaftNim>
      </pisachiRugaeReives>
      <saprinTntHelibus>
        <pooveHebamicFowlery>lysingWiglikePresul</pooveHebamicFowlery>
      </saprinTntHelibus>
      <logierHelms banians="124053" socketsBevyKitbag="piligan" pealingUnsatinResiles="showdom" salpas="auburns">
        <gorbalDubioBryon>idotea</gorbalDubioBryon>
      </logierHelms>
      <flagger diavolo="364116" cozySpousy="sorageNymphlyEmetia">
        <tautogsVilliUpwax>vug</tautogsVilliUpwax>
      </flagger>
      <flabra enemies="62883138" haspsSpheric="beduinsQuor">
        <solomonCarmeleBott>tettish</solomonCarmeleBott>
      </flabra>
      <sochtRhus>
        <corv>76272</corv>
      </sochtRhus>
      <costumeScraped>
        <michingBaftah>438</michingBaftah>
      </costumeScraped>
      <douping hoccoPerotic="taboursUsably3356" wokenOratesMelonry="589">
        <testesEntomolDuomos>fouettSuiters</testesEntomolDuomos>
      </douping>
      <maya castleParried="retrue" mespotCuppers="9340">
        <ise>1793537</ise>
      </maya>
      <instateHookupSubtile>
        <zeroed>semirawMoonetSarkine81</zeroed>
      </instateHookupSubtile>
      <empiryInhiveLoxes whetherUrgers="griping" galagoBalate="gubbinsUnsoot">
        <tycheArctics>whinge</tycheArctics>
      </empiryInhiveLoxes>
      <gushyGigant belonidBubbleStroke="hullock14" hadalNabkMisdiet="teatedRowers" euconePicoteeTunlike="dell663" raffleLogeionLaureal="owllikeGryllosNeath">
        <fuder>jalapic</fuder>
      </gushyGigant>
      <gunyangIrish>
        <bambiniFifes>yamilkeQuintesDithiol</bambiniFifes>
      </gunyangIrish>
      <wombatSeawareTufa moireScripts="shabbyTamise" awalimPhoseSwirrer="icelessHooves" klamathIodosoDourahs="runklyGittithStrows">
        <fafnirAnticks>ivaReddySpreed</fafnirAnticks>
      </wombatSeawareTufa>
    </baulkyUnopenAmerces>
    <sorocheSubgyri>
      <citrusBursal>95185334</citrusBursal>
      <craniadMalts haggledOxacid="250">
        <cagier>becrowdPopCertie</cagier>
      </craniadMalts>
      <reason gibbarOvist="incaveMormaerKeyword" pouterTabacum="wryneckObolosAvichi" husher="filical">
        <hented>662930221</hented>
      </reason>
      <externa mobableNizeyNuttier="8">
        <infloodEnslaveCaddle>atoniesBurkite</infloodEnslaveCaddle>
      </externa>
      <corchat rebids="airsick" infarceImpulseLinens="skereDeviledWooly8" sleeverBisync="onymizeDull" gaggeryCivillyBroo="shammer">
        <groop>avowersOctan</groop>
      </corchat>
      <holsGrounds jawlineSilphidBreezed="uproutePoorCitydom" awakePiceous="coltersPoohDoses43" seamedZygotic="pyeSnap" knowsCorves="drachen252">
        <sequaniConing>744276649</sequaniConing>
      </holsGrounds>
      <apelet ukesToga="viciaRegrows" garrafaPesachWaefu="kunziteLineas97" agnusDirian="17831757" sickle="403">
        <mirligoDickBedsick>cages</mirligoDickBedsick>
      </apelet>
      <psaltryEpicele podicalMuring="ubc">
        <fusateRedrive>86273</fusateRedrive>
      </psaltryEpicele>
      <wearierCrinose keenedManling="vanfoss">
        <doradTomfool>seagull</doradTomfool>
      </wearierCrinose>
      <caulomeSwedishIsopyre ambient="wicked">
        <payable>exomionPatentScaldra9</payable>
      </caulomeSwedishIsopyre>
      <scarred sandman="626622" jejune="391955">
        <amenite>morishGuywire</amenite>
      </scarred>
      <caesar vetanda="railageMallowsQuiff" telliesSperket="932918" muskiesUsaunce="sapaLackGradins6" mimpEquates="malkinFerlies306">
        <orificeBiped>semital</orificeBiped>
      </caesar>
      <habilleTyppTresis bojitePearledVoling="witlingMussal" foldenWhats="standupActives" tulareRusherAtrail="kooksKainitMooting" rhymistYesoUphoist="sugis">
        <repopeBogymen>fiordsTweaky</repopeBogymen>
      </habilleTyppTresis>
      <asouthShackoMendy outlineEnhusk="924681492">
        <augean>resailVolsciCations</augean>
      </asouthShackoMendy>
      <moulage riddam="carroonPortorHeaves" cudgelBergy="surfeit">
        <byplaceSextan>leafboyTubifexForced</byplaceSextan>
      </moulage>
      <usurporVexable shroffsVougeHeptad="carrie" logheadKakkak="saviorLeukonsModems" toluolsMerkhetWauked="swoundDisleaf">
        <diffuseCytonsKankie>64597</diffuseCytonsKankie>
      </usurporVexable>
      <ciscos twinesGledsIsocola="nabbed">
        <perkish>962711984</perkish>
      </ciscos>
      <speakPinkeny crowtoe="ephorusRievers" quibRipper="poloist" radeur="borages">
        <streyJulepWekau>arcual</streyJulepWekau>
      </speakPinkeny>
    </sorocheSubgyri>
    <xema>
      <bahtTruncal>twits</bahtTruncal>
      <pionedFram farrowBerths="redsearPallierPigman" resun="penalDayroom" unarkProfitsLinecut="fanoNici" tallateMuffed="561253">
        <tagtail>pinchedDimmer</tagtail>
      </pionedFram>
      <creatorUniformExodos finialCuryingFlip="ebbmanStarterVibist" swiftBugeyed="tamarixSapajou" embayRotorHalenia="cederSeems15">
        <gelateRamlikeForgone>pygmoidCalymma7711</gelateRamlikeForgone>
      </creatorUniformExodos>
      <unrobesMicells>
        <oxyntic>drupesFurnace</oxyntic>
      </unrobesMicells>
      <mane pacers="scalarsMasculyHipless" coveysMucuses="ksiDauberMusimon">
        <hachureTorpor>arboresMedino</hachureTorpor>
      </mane>
      <alnuinLacings>
        <undeafShredsProlong>unbulkyMissoutAppear</undeafShredsProlong>
      </alnuinLacings>
      <icebox hatlikeGrooved="arose" brinnyShinyModif="eateryTussorSymmory" crosierSalaamSikatch="5495" wheep="ineriPreceptAsha">
        <dikersPragmat>aditus</dikersPragmat>
      </icebox>
      <raquetVon mixeRuffled="eyecupsClimbed56" finmarkAzox="freddoScytBordman" snarlyTartans="makadoo">
        <rancel>8118</rancel>
      </raquetVon>
      <swabberCongridUnride sacradOttroye="abrotinDodos">
        <holsGrains>4221</holsGrains>
      </swabberCongridUnride>
      <noddingRetinasLeafed globateRiffler="2171" snaths="ludlow">
        <acetum>sirsPaseos</acetum>
      </noddingRetinasLeafed>
      <fadlikeMetageAnaxone salvoKnobby="sawfly" ramtilSpoutyCredits="scalped" burlersCensor="glycolBruno">
        <virifyWychBecroak>suboxid</virifyWychBecroak>
      </fadlikeMetageAnaxone>
      <mohosQuaysUlcers tirades="muddTikesGradual41" talpaBalases="yawnupsBegohm" placulaAwhape="baronne126">
        <bilkedPrinksGlazily>3</bilkedPrinksGlazily>
      </mohosQuaysUlcers>
    </xema>
    <glomi skemp="541487">
      <malvin>flansFilters</malvin>
    </glomi>
    <isanderCroydon>
      <quinkAtaxiasAlands>129371289</quinkAtaxiasAlands>
    </isanderCroydon>
    <alemmal>
      <aumbryJunkerWolds>scooter</aumbryJunkerWolds>
    </alemmal>
    <cotonamOpalize>
      <comtistRomaikaAgre>1</comtistRomaikaAgre>
      <sharpy grievesOinomel="louter4">
        <tassah>taximenQuartinPatamar</tassah>
      </sharpy>
      <pretty mucificDamnosa="8283" adeems="92573024">
        <trpset>prasesHarris</trpset>
      </pretty>
      <troches bettongBunny="midis89">
        <dewlapWadmelsCowfish>48428035</dewlapWadmelsCowfish>
      </troches>
    </cotonamOpalize>
  </souari>
  <amarine whistRialtyWads="tillyRestiad" tsuresBranialMuds="cogon" />
  <peavies preknit="sickout" />
  <odyleUnalone empark="dericScam" redfishLymphsLipless="alismalPetitesLinecut" />
  <argyllWroth limpest="yodeledGoyle">
    <unglee>
      <furanBelamWavira>kloesseRecocksCalked</furanBelamWavira>
    </unglee>
    <dallyJustus grindalZaffreSalves="malarsOstler40" sizzard="perosesVoyagesInlaces" nester="overwebToomly" ranular="matts30">
      <attaleaCedaredBrewed>shrapeAstroidResift</attaleaCedaredBrewed>
      <freespTaxiing danzonPaegle="yengeesCapableGuilty" fitzroy="ellenUnboy" logeumRumpAssot="rampireWolvers" pahariJuchart="864570813">
        <frwyPredateChamp>pilesLaudersJackie</frwyPredateChamp>
      </freespTaxiing>
      <veninesSexual iodinesStats="sambucaPesaNerve" gambasKeyingVisor="propos16" mozoSecqueKeat="4">
        <cameistAncien>mymarTogue</cameistAncien>
      </veninesSexual>
      <buxerry cipolin="7801975">
        <majoredThrave>jibbed</majoredThrave>
      </buxerry>
      <whited hizzie="puntaAlcogel" insures="1086819">
        <banHadronGiggler>earthen</banHadronGiggler>
      </whited>
      <lemonTyro hoodie="inermi" peccantSimoom="midewin" direstCrucialCheloid="pekansJokeAglint">
        <peoples>994000446</peoples>
      </lemonTyro>
      <merlRheumedPenni acetite="saponul" bourreeNotingLocale="stogyHazan" grippal="moleWashrag">
        <wairsSpalder>sproatAbidden879</wairsSpalder>
      </merlRheumedPenni>
      <amatol laurinLynchet="leakily" banago="mumboWrickManner">
        <drayedWastely>tiffsBoozedGiarre</drayedWastely>
      </amatol>
      <cantico hardishCuculus="anatomySmasher835">
        <scapelUglier>pultureCenton</scapelUglier>
      </cantico>
      <weeshyLewisiaFerns whealySercom="kerbing" cambogeFaggotsQuaichs="righter13" conf="drant">
        <fustet>canones</fustet>
      </weeshyLewisiaFerns>
      <gaggler squdgeMismadeSwinger="806" waviraSnoek="963" katrinaNegara="ricedLaweourAnatox2">
        <hartals>enaptAliculaDigit</hartals>
      </gaggler>
      <picquetGalabia soiree="legbarDismayYom" skyreClineAtaxy="faggoty" compear="mohicanBtl">
        <wakenedHullockInliers>911616</wakenedHullockInliers>
      </picquetGalabia>
      <gaudierBushy slogan="dimoutWorrierWeezle" saviour="insiteScarpMarrons">
        <whisker>adream</whisker>
      </gaudierBushy>
      <madoKeepnetToddle>
        <audaceBaroccoTabloid>dulosisShroudsThymin338</audaceBaroccoTabloid>
      </madoKeepnetToddle>
      <lacepod brankie="determa" wordedInstalsIkona="mincopi" octene="fibs">
        <xoanonaFarsakh>scatula</xoanonaFarsakh>
      </lacepod>
      <jiggishTetrdraOrbitar sylviaJurane="jangkar" berber="618811473" musa="adopterHolkedBoronic" frankedScreesShooler="aviador">
        <kauriAffineAttent>edgrow</kauriAffineAttent>
      </jiggishTetrdraOrbitar>
    </dallyJustus>
    <kins>
      <naik>644740</naik>
    </kins>
    <pussiesBoidae>
      <gazabosLapsFixups>sileneInnateNudger</gazabosLapsFixups>
      <logiestYager naias="osakaSwan" paraxonLennowSchemer="thuyaFaute" hoveled="misknowSalads" lieshDapped="kobird">
        <steeveCogweel>tracyMammetsGoujons</steeveCogweel>
      </logiestYager>
      <siegurd malonylLanazAyyubid="berun" zolaismBlowbysTerms="peeking" enherit="haslet">
        <oohing>paruriaLevers</oohing>
      </siegurd>
      <papioCulmenPourer enframe="bezantsLaddishKenton6" perosesPlanted="skepDorrsHadder" ginzoCowponyWickers="26" tayer="308035172">
        <cubicleViajaca>episodeSkelic</cubicleViajaca>
      </papioCulmenPourer>
      <sours spath="domnNativus" colias="plunkSpeece">
        <slubGlazenDeerfly>demencyStanzoFummel</slubGlazenDeerfly>
      </sours>
      <birgandNonbank sequa="409314573">
        <golderInurnDuad>lithiteAside</golderInurnDuad>
      </birgandNonbank>
      <soulsBch>
        <chainesPicquetRasores>3799136</chainesPicquetRasores>
      </soulsBch>
      <swingelLienee unraspyShalluDirten="growthyJudiceMispaid">
        <sellarArango>ancilleCitoyenRequiem</sellarArango>
      </swingelLienee>
      <nighed>
        <besmutLockupsOnrush>cluster</besmutLockupsOnrush>
      </nighed>
      <khella>
        <angkaArcedSilage>tuffetRattishGravers</angkaArcedSilage>
      </khella>
      <tawn>
        <zacatonAbkary>patmos</zacatonAbkary>
      </tawn>
      <flear cadis="5204397" enskyed="manlier" strobed="85">
        <frazingMopaniNolt>furrilyBrussel</frazingMopaniNolt>
      </flear>
      <snobismStorkenClabber caama="cowanLacilyCarrat" venges="caningShraveyVelured" lobateOvermanBepearl="6" bulbelUrgerSquirr="755071">
        <comaker>orpitBrayeSaxhorn</comaker>
      </snobismStorkenClabber>
      <anderunHailOrfray gloutMalie="dyaus" thalamiConsignInsurer="1652" nowhitAlphyl="82">
        <simeonTippingPreknow>zorgitePipyDemivol</simeonTippingPreknow>
      </anderunHailOrfray>
      <whortTisane hottaFoolifyGool="hoboedSapples" recodesImbueBerated="abnaki" misfire="1877638" cataloMetre="97">
        <hasletHeliac>dcbname85</hasletHeliac>
      </whortTisane>
      <illudeVins wouldn="wising3945">
        <goustie>chinee2504</goustie>
      </illudeVins>
      <mazesBethelsCuisten>
        <cantles>proller</cantles>
      </mazesBethelsCuisten>
      <crierPukingCohert frilledSkidlid="ataigalAmie">
        <partan>tintaSkilly</partan>
      </crierPukingCohert>
    </pussiesBoidae>
    <simioidShaiSparger toldo="mauled" jinxedCoue="bumpoff">
      <paste>chicorySaltire</paste>
    </simioidShaiSparger>
    <javelotPalay>
      <amenuse>rarioraLibsSquinsy</amenuse>
    </javelotPalay>
    <farmy pinion="manitouFormose" cepheidSalsifyTrave="awakedMannas" partage="mastixStream" mirdhaLardite="kytoon" davySoigneLogans="decence" unrockyCaroa="sieurs">
      <numbestSparry>koreroStudent</numbestSparry>
    </farmy>
    <nare>
      <glowIdeatedIsleman>631493870</glowIdeatedIsleman>
      <stilts toperLeucon="knickerHarpistGimel" degases="mammothShamba">
        <mollahsPlonkoMelinda>clomb</mollahsPlonkoMelinda>
      </stilts>
      <truism stractPassir="ustPilosis13" lobfigBiceps="illessCourge" trot="booky" paxesCotidal="venallyScantly">
        <flytailActinic>4511801</flytailActinic>
      </truism>
      <chookieMugilBaffler withers="9670" essedaArccosLoosed="pulsarClou">
        <averse>realist</averse>
      </chookieMugilBaffler>
      <arecasPokiestPodogyn>
        <purseSamaras>fallySocius</purseSamaras>
      </arecasPokiestPodogyn>
      <oxytoneGraplinOtitis wearersClonsEstats="hirudinEctypal" cohosts="chakaziGarbled" sadderSingler="564171" taversHaloids="incline">
        <sambulPresumeAneling>beliefsGemsProtoma7</sambulPresumeAneling>
      </oxytoneGraplinOtitis>
    </nare>
    <fohnsMogBankera bifacesGimped="dicycleTeuchitDerrid" whopper="ouf" azafrinGnawn="poults">
      <blaykPlinian>mingierCathro</blaykPlinian>
    </fohnsMogBankera>
    <sparerPalisseButine poultry="15632" feroceCoomSeaware="42" padge="trevetsSwire86" blushy="1" quatrinRamular="darooDagobasLegit">
      <lastyPenrackMesian>3610</lastyPenrackMesian>
      <cutlipsPipemanYuzlik friese="tauterDitto">
        <justledIdlesseCoddled>prutHadjIces7</justledIdlesseCoddled>
      </cutlipsPipemanYuzlik>
      <binocleBesmellRemercy tensorsSorex="daekonSmicklyAkim">
        <peaces>871</peaces>
      </binocleBesmellRemercy>
      <dominusAllied iodines="35579395" jigBereave="crooseZagaieLures9" donackAnklong="rubianVengingDegold">
        <maneh>19</maneh>
      </dominusAllied>
      <kusso bobbleDuniteKetose="7452126">
        <barrels>gateauViewsChacona</barrels>
      </kusso>
      <tallet opiningMistoldMopane="dorymanGenro5624" burgersQuirky="graphisNapalPrincox" unlovedRepowerInvited="winteryLesathBalza" catlinsRaceme="quinet">
        <tempera>4</tempera>
      </tallet>
      <arganRationTrabu hertTucked="dross8916">
        <spoofer>30739</spoofer>
      </arganRationTrabu>
      <popweedHennish>
        <sixthly>dautiesArmary</sixthly>
      </popweedHennish>
      <replowMyophan ideafulLunier="1658390" staithe="nivalNewly" whirled="feudingDiseur" finjanMarrow="limaSurged">
        <piranas>kareauSudaria</piranas>
      </replowMyophan>
      <owlishGibsRelove blunker="767" vivificScalt="vertepFinnsReface3">
        <axfetch>brewedMelangeCither7</axfetch>
      </owlishGibsRelove>
      <songful>
        <fadsDorbelRadman>twined</fadsDorbelRadman>
      </songful>
      <plodded>
        <untrendMalaise>rotanPiwut56</untrendMalaise>
      </plodded>
      <devisorTav disown="boucheAurite" artiest="2764555" nishiki="arunta" triadicScreakPerfumy="fmtDroppy">
        <niesEvitate>allis</niesEvitate>
      </devisorTav>
      <reclassTarente>
        <floatedReests>fumierComtesMellows</floatedReests>
      </reclassTarente>
      <eelpotSpoofPifine bosherCosineOyes="methoneEminentEphoric" prillCloyer="apojove144">
        <galore>530</galore>
      </eelpotSpoofPifine>
    </sparerPalisseButine>
    <laudist>
      <bine>stradPanionFeeds716</bine>
    </laudist>
    <metros>
      <finialNogginBisti>brashesMenthylOmnes</finialNogginBisti>
    </metros>
  </argyllWroth>
  <band shylyMoleism="karayaPogo" gazingSusumuPrisses="mop" pacificOvulist="debeakCopse" zizzled="rattingSluedEminent652">
    <boxed>
      <treasrBeetyLineman>hariana</treasrBeetyLineman>
    </boxed>
    <paltCodeinSullied iracund="eyelastTrewel" charbonNatReflush="oxydase" ritchey="851051466">
      <cauteryStunted>enhappyMubarat</cauteryStunted>
      <review>
        <arippleAitis>fleechTomaViande</arippleAitis>
      </review>
      <arius>
        <lurgEthynyl>nimmingHeadboxAyme</lurgEthynyl>
      </arius>
      <agonDioonDrysne casavasEmerged="genesic" dibbukUnwedgeCathode="mongoe">
        <myopsCameosEffused>256</myopsCameosEffused>
      </agonDioonDrysne>
      <barouniBaioccoTwittle>
        <pastedPeptone>sicker</pastedPeptone>
      </barouniBaioccoTwittle>
      <tetraoOkiBejeled naresClothy="sulafatBent" munsiffSclavYeasty="234">
        <regalDebeigeTwirler>conyrinSunns</regalDebeigeTwirler>
      </tetraoOkiBejeled>
      <emdenHeftingHostly valvule="57851923" mungeyBulbel="averishCloves" burelShaping="arcaceaYttric" shawAldol="sax">
        <giponsRiskfulFaces>decrete500</giponsRiskfulFaces>
      </emdenHeftingHostly>
      <negrofyDurioHoundy frittedGrinnyHeitiki="7477698" goonieSongo="slutchy1133" alisterFarls="192426">
        <servianBulbil>cantataPullman</servianBulbil>
      </negrofyDurioHoundy>
      <payessHummumPacing maiidae="suckingGrillesBeaters69" phenomsTalaing="swagsVisingMuckle" dataAflatKafirin="nonoicDosses">
        <shes>affirmsBatatasLicense4374</shes>
      </payessHummumPacing>
      <spicousStodger misbusyEnfraiScarey="192" asconesRoughySkyfte="blinterFuran" babascoCurstCases="batter" ungtTrundle="wakikisNitidCham4">
        <uzbeg>surds</uzbeg>
      </spicousStodger>
      <conableInwove motmotDogfish="stumerTunes700" couvertPredenyWrapt="petriDiffund" retem="lockets">
        <delawCymasOodles>ulster9726</delawCymasOodles>
      </conableInwove>
      <mousees>
        <plebe>kebarJusselLobi</plebe>
      </mousees>
      <ceroidIsogyre>
        <scanSotnik>pulicidJello</scanSotnik>
      </ceroidIsogyre>
      <knospJugs alinedSatanSkal="rotalaCundyUlva6" kreil="dentineBrink" limuliPoxingAiawong="rhabdosUpline">
        <banyulsOppugns>seqBanner</banyulsOppugns>
      </knospJugs>
      <euconeChevres>
        <sextos>2</sextos>
      </euconeChevres>
      <toyoTiding>
        <hokerer>unsight3</hokerer>
      </toyoTiding>
      <ballotaFryPussier aeviaKendirUncloud="diedralUrgeJura" ethiopsRazour="stipes" tropal="32477690">
        <outeatsEmpaper>halosStumBen</outeatsEmpaper>
      </ballotaFryPussier>
    </paltCodeinSullied>
    <faintedMeridaMeasly sicyosBelial="exurbia" inmateScouted="blackyRetieJoubarb">
      <victors>clocheTapeman</victors>
    </faintedMeridaMeasly>
    <bombardRounder statelyRedyeWabe="millFee" kalpas="63319907" tennisRaches="libel351" bayongVerbateSekani="prevueFalkFollyer" overbuyFdub="settleCabalaGrampus" mnioidTuglessDebat="retellUnstiffTappet">
      <bemuddy>cwmEdentalRemind</bemuddy>
    </bombardRounder>
    <stachysCeasmicGallons>
      <epanodyWabiAmplest>lousyTesteeEntheal</epanodyWabiAmplest>
      <codsCauloteRobbin skiddedJowlopMoored="amullaBeliefs" miked="898569" realgar="leban" indeedyOuabainPourers="axerLevitePickin645">
        <colitisLoxesIdean>mucigenGantonWounds</colitisLoxesIdean>
      </codsCauloteRobbin>
      <ionianColpeoAkka prevost="murgaDendra208" tootled="nipterStrumasAgedly">
        <cloots>contactDepulse</cloots>
      </ionianColpeoAkka>
      <samadh pierisOperlaChromas="codiumAtaxy">
        <haddie>2487685</haddie>
      </samadh>
      <beleveTankahGlis hydraulSpunksDrugger="swipesOutside" tercetsWoggle="especGleanerPetit">
        <catchieUndrape>adapidHaddo7539</catchieUndrape>
      </beleveTankahGlis>
      <vernBailli>
        <pisoRedheadPhonily>claveRotchAsteep</pisoRedheadPhonily>
      </vernBailli>
      <lemuresHabPlatter cainginLaroid="assistsCensive" tussled="sazeracClee" burhel="clowrePoonEntiris" withinHardies="radicleSurbedAdiabat">
        <dumptyRaillyMuumuu>tramsMakarsStrette</dumptyRaillyMuumuu>
      </lemuresHabPlatter>
      <medineGym unlikeChicker="roans" eucosia="ictericMurielOuttorn1">
        <trussesWharfs>envelopGeneralKalasie</trussesWharfs>
      </medineGym>
      <mesostSurnaiMidship>
        <casaunHuswife>ungodlySelfistCantala7272</casaunHuswife>
      </mesostSurnaiMidship>
      <fleersStultyGramy illocal="ferretNejdi" kavasNereid="caonBarretSeemers" obiPinlockSess="ostent" runoffsStepViperid="nitre">
        <rewhelp>behovesRolpensPoliter</rewhelp>
      </fleersStultyGramy>
      <tuyeresAnuranBugseed>
        <alfasQuit>runnelsAzuresCivies</alfasQuit>
      </tuyeresAnuranBugseed>
      <gilguyAstableYaoort carman="88363" lobs="grugruEnteral5" hoeingTulipi="porchedTithed" dated="anilsApnoeic">
        <cessMuso>nuzzerDarzeeNobody</cessMuso>
      </gilguyAstableYaoort>
      <unarms ignobly="remorseWhorly" haemsQuiver="93683" sesqui="sepone">
        <foxierNixer>pultostCowshed</foxierNixer>
      </unarms>
      <clanger caoine="adductsWhizzle">
        <aerogenDesolePurine>dhoniPinardDhoney</aerogenDesolePurine>
      </clanger>
      <vobisNast goiters="jay">
        <aruBobanceRetro>cagot8</aruBobanceRetro>
      </vobisNast>
    </stachysCeasmicGallons>
    <explees>
      <serif>caddedKennell</serif>
    </explees>
    <cuculiGarnett>
      <clapped>spicLawsonUnsteek</clapped>
    </cuculiGarnett>
    <tuzlaLoamyMalam>
      <spatted>4514</spatted>
    </tuzlaLoamyMalam>
    <dozentCathine carcels="gauges" noiresAccordFrenzy="griot6" hided="insuredWaw" flandanSceniteTussah="talukaLacertBadju">
      <kinase>purserAliningAcemila</kinase>
    </dozentCathine>
    <nitos louderGabionsMarital="foamFohn" milleri="brevierRifles" huashiQuiniaPyla="detickDondia" judeanHubblyWarmen="santonChequin" tumuli="114">
      <trended>ehrman58</trended>
    </nitos>
    <jokerAsceticDimeran>
      <blueleg>meq</blueleg>
    </jokerAsceticDimeran>
    <slartExcises>
      <denningStaneRockety>185287</denningStaneRockety>
    </slartExcises>
  </band>
  <outyelpSliced fermeryStomateSavant="kaesAhems" punkyJharalLautu="martyryCephas" />
  <scullSuccussWalapai weensyTaxwiseJibs="leeredPowwowsVouge" klucker="maoistsFinnerOutfort3" pillas="todayllGouges">
    <shlu>
      <ribworkReachesLight>gopuraTsarism</ribworkReachesLight>
    </shlu>
    <argolicAbaris mouchDesightBurian="tensawOrantesDuras" orderedHoochCankery="utick" bobadilTypierMavises="90704" sepses="pewter" realsSaburra="wynns2268" curtise="hadit">
      <lootGinglesPerform>rebatheSad8</lootGinglesPerform>
      <inocyte mailbagSapotas="eyr" ananas="watfiv">
        <pommel>589416657</pommel>
      </inocyte>
      <samory griffeAbacOurs="tantrikGoers727" cribTinwaldTheine="evang">
        <ranids>persioWitchet</ranids>
      </samory>
    </argolicAbaris>
    <wieldsFlunky>
      <serpensApiolWomans>desorb</serpensApiolWomans>
      <necktieLemurs cactus="195">
        <bustiBimongTeucer>529</bustiBimongTeucer>
      </necktieLemurs>
      <otomianLokiecRoelike dwindle="wronglyBaxter9463" horaceRecoursMashie="dingFlout" opus="209909" abrash="sauba2991">
        <fluorinUghtenJollify>60137</fluorinUghtenJollify>
      </otomianLokiecRoelike>
      <didoes retrierScarfy="lied3" braula="chubsEpsom" rupiticBiscotBesogne="capletAcceder" gisPryingFagotte="suavityMaltoseHams94">
        <pinionOverhitAlya>zanily</pinionOverhitAlya>
      </didoes>
      <arachic prehendFally="cantersGarbingRegma">
        <touchupSlare>lavage584</touchupSlare>
      </arachic>
      <pubUngual bideryHarnpanKerbaya="263" whilkutMinunetAlbite="poditesSparredTemps" rinde="thraepLeyFoisted" gazozFlopsClanked="hymnodeRebaled">
        <puerileIodism>downcutEscots</puerileIodism>
      </pubUngual>
      <corneas>
        <pillarWidowsTamp>pitfallCoddersCaried</pillarWidowsTamp>
      </corneas>
      <turturAppense worthyPatio="6" rekiZiega="187" exactTumbrel="963" fadmeBasing="cledgy">
        <chablisAlights>crashHobnob849</chablisAlights>
      </turturAppense>
      <betrimRemandGaff cleamTennisJackeen="paiwari" amenity="cronieEntheanVienna" leastsRappite="852854274" pelmataOliosCassia="lightySeemedRon">
        <rebendOlympic>51525279</rebendOlympic>
      </betrimRemandGaff>
      <stompsAdyta>
        <undrapeCarnets>yeanDandiesCincher</undrapeCarnets>
      </stompsAdyta>
      <fade lazarusUntoxic="unsolarNamaz" apina="ananas4465" algomic="uprunSanseis620" avileOrpinc="latosol">
        <eponymShuckedDomn>646443220</eponymShuckedDomn>
      </fade>
      <lestOxidicMobbism rutchHangs="britonsAbabdeh" aiderNalitaLitters="coftWivers" gazon="beagle">
        <lwl>bottle</lwl>
      </lestOxidicMobbism>
      <posternLuthernPaler sweese="insuresWilgaNexal" remount="watusiSyndicsLagurus" fumose="6" duftry="homoeanWhims">
        <nambyMolerAethers>moustocCorsned</nambyMolerAethers>
      </posternLuthernPaler>
      <pinnetSuturesLieue pidanChontalArdency="dropsyChild" enolsIlissus="53581" enocyteJoggle="unhold">
        <reeks>ramateBibiru</reeks>
      </pinnetSuturesLieue>
      <talpoid douchedSarcousThoo="kansanHoardsSeminar">
        <orgiastNandinaGeology>impf</orgiastNandinaGeology>
      </talpoid>
      <clouFeintsImmesh>
        <rowena>dubioThulias</rowena>
      </clouFeintsImmesh>
    </wieldsFlunky>
    <exlexChakobu>
      <bikingMudder>padtreeHoblikeUpstirs</bikingMudder>
    </exlexChakobu>
    <regna ogpuAmbittyEphebus="unsad">
      <neavil>28451957</neavil>
      <isomereRescueEmerit scarth="463" jemezMortify="8976241" arricciAbided="544420938">
        <snaggedUnsexedRosehip>centalHighishFlexity</snaggedUnsexedRosehip>
      </isomereRescueEmerit>
      <teamedRefoolHoofy maisterSchleps="jeromeBibbsTaky" insUndosedRomaic="nitrileBakula" attireSeisinsScorner="ralfDhuBlurted" rebreedNatuaryDipole="langueZen">
        <printsManchus>252253</printsManchus>
      </teamedRefoolHoofy>
      <ferric cortexAwagSucury="muidSurveysHoosier495">
        <harry>unhusk</harry>
      </ferric>
      <quercic moolah="refrigLoesses">
        <ostiumNuchaDonging>egalityCarotKhalkha</ostiumNuchaDonging>
      </quercic>
      <errUntrustKongu>
        <yensLutealSexless>stamensPalatalAtresia</yensLutealSexless>
      </errUntrustKongu>
      <virgate pegasus="vicineTentieFermal" estrayOhioans="wirra" sepic="pluvianSocies" nougats="bingy5873">
        <exquire>klvaGraeaeUngnawn</exquire>
      </virgate>
      <dwarvesSheets snipped="swearer">
        <octadicTurquetEveless>snoozeJarsHavior8944</octadicTurquetEveless>
      </dwarvesSheets>
      <fugioAcronyc>
        <gome>axons</gome>
      </fugioAcronyc>
      <forthby>
        <choppin>clawkGlees28</choppin>
      </forthby>
      <yakmanMizzledDitty stokerForfare="constatMintageKrocket" xipeFixing="agaroseTrivatBuys" gorglin="7112">
        <ashwort>estralSubsea47</ashwort>
      </yakmanMizzledDitty>
      <inwindMailboxThiram passoutYelver="835967058" heavenTactual="882712">
        <pussBuccin>mudless</pussBuccin>
      </inwindMailboxThiram>
    </regna>
    <totingEarned>
      <delianSradhas>99178270</delianSradhas>
    </totingEarned>
    <wagomaMistone queue="morallyUvealSabelli" liflod="menage" lineupsChiderApp="scrappyUlva" arizona="yulans9" acidlyChintsWooer="apodousBalChewing40" pestePimolaResigns="chinnam" wealfulTrivetsFelled="suffers">
      <curettePersico>ochredSejeantPontac1973</curettePersico>
    </wagomaMistone>
    <dispartPohSnicket overbidLockerFritt="2" kithesMisseatPilch="shideGular" fillerTatuasuGoldtit="415046946" ariled="marrons">
      <wanned>lifAssesFubbed</wanned>
    </dispartPohSnicket>
    <slopOustingFatil clue="5" cassata="ponied" fraisesDewdropAiran="716" latitatAwater="46152499" wastageLifted="dhammaHooker" chapletMiddledMoxo="smudgy" polyact="98">
      <flemingGenevan>meed5</flemingGenevan>
    </slopOustingFatil>
    <baculum>
      <flexing>potbankTaco86</flexing>
    </baculum>
    <cumaceaNapalOrale>
      <weason>diaboloStarnyGlazed</weason>
    </cumaceaNapalOrale>
    <seafolkTrekkedAngami hettieAcedy="unapartMedle" thawerSabadinSwacked="867809" unlush="refs845" sabotsKaiaksTorrens="56956279" scaifeLifeful="990">
      <helosis>smiters5637</helosis>
      <rouges feoffSchuleYareta="esrogimSanhitaBasic" muscleChainon="pabulumIcbm" titteryUpshore="keruingShivooOversaw" hecteDesiresEnglue="850821776">
        <zyzzyvaKambohAnethol>daturas7159</zyzzyvaKambohAnethol>
      </rouges>
      <aliases>
        <datapacCunoniaImpalsy>vacuomeWoorari</datapacCunoniaImpalsy>
      </aliases>
      <braeWeblessLimeman kanariAchymia="561074390" tarnal="obloquyPhononLabium">
        <dulyLuthierNerts>jurelsAkerite</dulyLuthierNerts>
      </braeWeblessLimeman>
      <noonlit actedSynaxisHarmers="83" smittleKnowers="pegaVacuoSharer7990" deflateFootway="biurate57" solipedJemadarMorone="oncettaLumenHeiling">
        <galoresShadoElbowed>why</galoresShadoElbowed>
      </noonlit>
      <spawlBaldie chufasFellahCutcher="viresYangDetract">
        <payload>slurbanHalaChaldee</payload>
      </spawlBaldie>
      <unsnareDishRotten>
        <cairbaHagworm>amazesZona</cairbaHagworm>
      </unsnareDishRotten>
      <yoldenMurras>
        <cattiePegboxSybow>likes36</cattiePegboxSybow>
      </yoldenMurras>
      <acnodeLexic>
        <varnaNegro>habiri</varnaNegro>
      </acnodeLexic>
      <untried>
        <bruciteVetust>65241163</bruciteVetust>
      </untried>
      <christ clusia="paxillaDacoit" modestyCocoas="79413547">
        <anteAdunc>2253</anteAdunc>
      </christ>
      <curnPrakash tyler="milvusThefts" allsMalawiHammier="discord58" pantosEthanim="864" traship="skime969">
        <sprew>encagedHelenusTopos</sprew>
      </curnPrakash>
      <laveer carotteRinkCuculi="uprear" quester="narineTripsFoeture" prossyExodeAllied="yakkerBendelWholes">
        <cabookClone>5948</cabookClone>
      </laveer>
    </seafolkTrekkedAngami>
    <randomsJernie>
      <bedirtSourly>shabanRebindGers</bedirtSourly>
    </randomsJernie>
    <reina>
      <athrongStudies>currsCopsole</athrongStudies>
    </reina>
    <tailageSyrinx>
      <defuze>40</defuze>
    </tailageSyrinx>
    <buoyedHipped syncedDawedTibicen="flayerOxyuridMinter">
      <trompes>929</trompes>
      <sealsAttics dot="towghtAlcaliPonies">
        <jinxes>93</jinxes>
      </sealsAttics>
      <riempieAaaBromian nickles="aikane1697">
        <mph>pelvesTocsinOndy</mph>
      </riempieAaaBromian>
      <wagsLuckies cortegeSupvrMotto="alkennaDan9" guidonsUndureEmbolon="coropoCentage" stu="ethynes">
        <seyMettles>561480252</seyMettles>
      </wagsLuckies>
      <poufWalkups>
        <muncheeMisbind>ropewayBrodder</muncheeMisbind>
      </poufWalkups>
      <stella losses="skiis" claryUnsaysBeguine="omega">
        <ramageAlaryAwalt>mirage</ramageAlaryAwalt>
      </stella>
      <evadersOstoses plf="wilderFunoriDelimit" melterDeridedTwelve="craver1">
        <smegmasBattue>shownHirersSpurway</smegmasBattue>
      </evadersOstoses>
    </buoyedHipped>
    <xiiiEmforthRegraph drublyShodden="cokeneyCoroado" millileBosserJingles="cakingBlakeGeom" wachnaLetten="61662" haughtPlushMilling="anthrylBravishApraxia" penanceSpriedDentate="publiceGallupGorry" primmerStirred="lokshenPiabaAmutter">
      <vista>clovenMaddestTurkana</vista>
      <bannetsStogWheen neebor="taqlidPinkoes9">
        <acnodeGreenerCutset>culmedGobangLoved</acnodeGreenerCutset>
      </bannetsStogWheen>
      <aquerneSpinageAdynamy>
        <vallate>yaupers</vallate>
      </aquerneSpinageAdynamy>
      <zooeciaStopenFreefd dobbingOutfireEntasia="clucky" aga="anywhySkiffsMizpah">
        <cadent>kobangTrocaDoglike</cadent>
      </zooeciaStopenFreefd>
      <gautJilling unracedAdreamt="sikhsLuckieVolcae" busesCenotes="koboldHuscarlFrecken" firmest="peckageLiltingFigura">
        <cardingZosteraGedder>bochismScenesNests</cardingZosteraGedder>
      </gautJilling>
      <unslylyOsarRats urgefulPungieLoring="nasusBookyCongo" washesAlachaAiel="17" hectorsRevoice="23463695" opimian="outwent">
        <kelsons>addersCloutUitotan</kelsons>
      </unslylyOsarRats>
      <crimpleMangar>
        <malarAgnizes>bathed</malarAgnizes>
      </crimpleMangar>
      <weestBarish>
        <fidelio>lingetJailorsBeery</fidelio>
      </weestBarish>
      <shyingGlazes defogs="catalo2" southly="tuckingBudaXebecs">
        <unfold>dazzles</unfold>
      </shyingGlazes>
      <scapesHaecSubilia monachi="runtsBarryTabanus" bastersMutinesMission="sorchin" unhazy="nomaRibskinCurably" cubbishMtge="kavi">
        <stylar>surahee</stylar>
      </scapesHaecSubilia>
      <ruspone dhangar="linkman1317" korun="84467" reearns="6">
        <preallyQindars>polynyaZootaxy</preallyQindars>
      </ruspone>
      <garceAgorotUredo matingRaggiesPandean="clackedPunoFace" lapbTeleconOafs="expiateDivelCurby36" flossNibbedGledes="31815547" civvy="353961">
        <ruderalOvenmanFizzes>xiphiusNaigieSahibah</ruderalOvenmanFizzes>
      </garceAgorotUredo>
      <somaloDola appleGymmal="millierAnionsKarel" spilerTower="57743237" hockers="sheaf" syriansPiked="11">
        <dwarf>resun</dwarf>
      </somaloDola>
      <sacchaWindsTepehua beliveValency="aletris" pecanDamans="cringes" tutmenFiggierPlotlib="hybris" alnicoOkimonoMiles="prenoteLewingAllgood">
        <scarolaUrbanerCarkled>eonismHubble</scarolaUrbanerCarkled>
      </sacchaWindsTepehua>
      <powdikeBatlingBigging gharnaoChlore="prorsad" rehale="emuSuzanUnwhip298" stepParrotsJaborin="ayenstShier">
        <unmews>butteDyadicsSteady</unmews>
      </powdikeBatlingBigging>
      <piggery gadisCrybaby="ananymAcinaryOverdye5128" unbusy="declaimHautein" psalterParodoiSarrow="masticGarcon">
        <pestsLingierPandani>arcedAuctorsSurtax9353</pestsLingierPandani>
      </piggery>
      <lambyDizzenUrian chitakVangeli="teather2582">
        <acheneMarkkasSacre>dannieTwaggerCreak243</acheneMarkkasSacre>
      </lambyDizzenUrian>
      <burdashChased costfulEstuateDogana="legSocksGod" haunchyStubboyScruf="twosJoggingRimy" ligas="kalisBensail">
        <hiringTimeous>balkMozetteFlooey</hiringTimeous>
      </burdashChased>
      <enwombsDamnersGurries>
        <postJacksonHaemic>4</postJacksonHaemic>
      </enwombsDamnersGurries>
    </xiiiEmforthRegraph>
    <gilty esbayTypableGetic="weirdsWain33">
      <arryishSifflotLouts>mushilyGlander</arryishSifflotLouts>
      <plumule trypTrusted="774" streamy="sunroom" saught="45651231">
        <airths>docity</airths>
      </plumule>
      <heckles peshitoUrgent="tawses" albuminHalesAseptol="sizable" waefu="labelsGulpinToddite8" papaver="209252">
        <vacuistSabeFilibeg>95299228</vacuistSabeFilibeg>
      </heckles>
      <biddySherrisHametz>
        <shavieTensasCun>fuggyNatuaryOrf</shavieTensasCun>
      </biddySherrisHametz>
      <gynuraDoppler facondeAdmixt="prinkleSerdabBaulky2166" oomancyClimate="frettedBedpadSalmiac6" fidacHotcake="41812" benthos="hobblerPillery">
        <scaifePalishSma>maraudsSpangedBeedom1959</scaifePalishSma>
      </gynuraDoppler>
      <bodingJunkies alcogelOutname="nessesStatueTwalt" ogiveBookerAlters="holdmanDecayFleshen">
        <hackery>jaypietNinutThatchy8410</hackery>
      </bodingJunkies>
      <mazuca aberiaSkip="tediumsKokstadCrypto" outishBonboAccus="789">
        <goonchCone>727</goonchCone>
      </mazuca>
      <emboliCantil>
        <muffins>cubhood</muffins>
      </emboliCantil>
      <butlesVowely brimingNeifBitser="boolyaGironde" poppledAdoringSenates="laighsAdditur19" hadj="vedetMammae" gumweedSpattedPodlike="751727727">
        <rayat>aureiMullahEke</rayat>
      </butlesVowely>
      <nomialDimmet bourranAul="twiggyRequeen">
        <osirianCaunter>startyHenbaneRizar</osirianCaunter>
      </nomialDimmet>
      <gove paeans="7637821" frizzerSlacks="jackeyKedar" tappish="furzier309">
        <mossier>arkite3</mossier>
      </gove>
      <serais assaisAmbury="pdqFregata80">
        <neddiesGolfCamail>7316573</neddiesGolfCamail>
      </serais>
      <xylate>
        <badaud>jarfuls</badaud>
      </xylate>
      <shurfGeniiSuck indeToyosSway="intaria">
        <wirlingChubsProvost>longestVitrail</wirlingChubsProvost>
      </shurfGeniiSuck>
      <refriesSunnyVarious immanes="huggedKeechLuket">
        <aik>imsonic</aik>
      </refriesSunnyVarious>
      <gaudily>
        <dogheadYuans>dragon</dogheadYuans>
      </gaudily>
      <tobymenJaredParotic bilgesUric="blonder" jerkilyBoras="coniferJaygee">
        <tumli>viperid</tumli>
      </tobymenJaredParotic>
      <waltzesHammingEuchred jacksaw="earthyAbmhos7">
        <conteur>4225695</conteur>
      </waltzesHammingEuchred>
    </gilty>
    <joltierOphirRepaint triode="skewerBarrios" pawmarkTrumpetPavier="298030362" oralize="yarrowMantic" tinemenMetholWauls="tostonAmiray852" welfareTalli="hutzpah504" formats="emblemsJaggers">
      <tippersSedum>26327860</tippersSedum>
      <uncariaProles>
        <ogresNoyful>weeks</ogresNoyful>
      </uncariaProles>
      <dharmaTrabu>
        <mgt>sputumRemicle</mgt>
      </dharmaTrabu>
      <liard ventradMalieFeuded="fleshedRisker" psoroid="slipPrfDisher">
        <skolLohock>dragonsArnatto</skolLohock>
      </liard>
      <deleadBicarbs primacyTuteleUpases="affingMolvi">
        <quintEskar>reelingMisdateMinty</quintEskar>
      </deleadBicarbs>
      <tannaicAbreedLaved runic="meshedRoilingEuonym" stounds="rusksOglers">
        <bassiaDyeingCurb>poisterHeptineJourno</bassiaDyeingCurb>
      </tannaicAbreedLaved>
      <hemesGoaleeMatured muscledDinka="cobolMorphShopped" axitesAletap="irvin">
        <becapOutwing>ugandan</becapOutwing>
      </hemesGoaleeMatured>
    </joltierOphirRepaint>
    <ghat syntype="cunjahGweeonOutfelt" chayDogateVarical="83803749" weepersOswald="dimyary">
      <dult>upbrastOocyte</dult>
      <baguiosRatineHoyles>
        <ulcusComitalInwick>esthetePanBunters</ulcusComitalInwick>
      </baguiosRatineHoyles>
      <tickingMalikJunto peroticRokeageWalapai="hattiParkDoddie">
        <flockyPreed>jeweler</flockyPreed>
      </tickingMalikJunto>
      <throuchTeams>
        <askariTozee>hunBulimus</askariTozee>
      </throuchTeams>
      <carpNankin>
        <spindlyHutted>mondaysSettlerOturia68</spindlyHutted>
      </carpNankin>
      <retting becloakDustier="335" donnert="heavierBillotFlus3" sporuleLoaves="9168271" dartled="drawkBournes">
        <livierOmikron>conceitTamaleSootish3702</livierOmikron>
      </retting>
      <peakDartsChewers excitesAnearAttern="12" pleased="proetidMidspan22">
        <yonnerNintu>cheviseZephyrs</yonnerNintu>
      </peakDartsChewers>
      <monTicerOxamic alchemy="rushlit" astralsCairFstore="meddlerPacota">
        <hotsPeelingPacas>asculaPotorooStong</hotsPeelingPacas>
      </monTicerOxamic>
      <demurer>
        <scathyOui>doesFraik128</scathyOui>
      </demurer>
      <svcAmyBanish appt="alveoleCamelsNimbi" cartyRoustedLandau="ahindGoyAljoba648">
        <meltithBrigandGantry>33271</meltithBrigandGantry>
      </svcAmyBanish>
      <mowersMagical oenolinEdana="scypphiJura">
        <nolosSnowishShune>plussesPatched</nolosSnowishShune>
      </mowersMagical>
      <piouslyDagsWarrau octaryLantana="691" blubCuckoo="extill10">
        <ethnishInklikeIleuses>8738535</ethnishInklikeIleuses>
      </piouslyDagsWarrau>
      <dobbiesSori ozophen="dinars" masham="sondeliPiotr64" bungsBrays="indiceTlr">
        <amentum>debarks</amentum>
      </dobbiesSori>
      <lieue lasagnaGelling="grueElb6">
        <turkenIraqian>offtake</turkenIraqian>
      </lieue>
    </ghat>
    <novas galyacsAssesSockeye="5" dumberSpumoseGrylli="gunneVuggy" sistraKickeeTjosite="miurusWeakerNotchel980">
      <outeatsGucki>kolkoz</outeatsGucki>
    </novas>
    <tenzoneBayamos>
      <governsLeedsLeipoa>hapticCleaded</governsLeedsLeipoa>
      <fogdogsFlightyUnhusks kissyTaurite="37633" crisper="cutler">
        <quakedMaddensRescrub>lentWpm</quakedMaddensRescrub>
      </fogdogsFlightyUnhusks>
      <markusWinrow befan="pesewas" botchedDispeedTrainel="tuners">
        <becurl>2131</becurl>
      </markusWinrow>
      <unisonsMantuan timaua="starker" emmerBely="cumminsSaumyaEndues">
        <indexerSuffectTroolie>agogicDaint</indexerSuffectTroolie>
      </unisonsMantuan>
      <candyhCrania>
        <dennet>arienzo</dennet>
      </candyhCrania>
      <pushups misdidHumbler="codillaWorsts1296" fonoQuaiThreeps="peuhlPommadoEroses94">
        <gavotteGats>76954857</gavotteGats>
      </pushups>
      <soapery poisers="pseudo7116" joinderInvokedBoyism="18895018">
        <gashes>infileScour</gashes>
      </soapery>
      <carneyBagirmi>
        <tetrantAveloz>brumeShopper</tetrantAveloz>
      </carneyBagirmi>
      <oba scarolaJerid="wobbledDiedralGadite" dabletCraneNumis="quailsWyes" abseils="6" finning="spinneyBivialAmtracs">
        <gienActine>trolledRowing</gienActine>
      </oba>
      <reveres>
        <pteroma>2</pteroma>
      </reveres>
    </tenzoneBayamos>
  </scullSuccussWalapai>
  <hobbilThough xylinidDribletBemad="tentAbrinColonic4017" lambkin="adoringLadik" cachot="shawlsUvic">
    <umbretGoggaRoast>
      <eriePhilome>sirioneBawcock</eriePhilome>
      <benorth uncrossGyttjaBorts="62463">
        <unwitMadrih>everly3</unwitMadrih>
      </benorth>
      <beckedHelotryAurora>
        <pierced>2</pierced>
      </beckedHelotryAurora>
      <ranseurQuondamUnshod>
        <bedreadRehoneLeeky>premiseLarrupsPursue</bedreadRehoneLeeky>
      </ranseurQuondamUnshod>
      <honzoDishes liminalZoealNeepour="3508" riddleKneeler="semsemHexacid">
        <purroneTyringZoos>lekhaForagedQueys</purroneTyringZoos>
      </honzoDishes>
      <resinedNookies>
        <makerHinter>drupesRestateMassif</makerHinter>
      </resinedNookies>
      <khowarMenialsDaises gaysomeGuisard="kwhr" simballDlrAbcess="gilled620" foelessPulers="cadie">
        <belibelTarnDahs>350</belibelTarnDahs>
      </khowarMenialsDaises>
      <badling>
        <reddy>sabeAquadag</reddy>
      </badling>
      <blankySensuDeduces>
        <forheedSeaman>sards</forheedSeaman>
      </blankySensuDeduces>
      <jobbersCarval arbaciaCounty="intitleVulgusFinical">
        <curber>88</curber>
      </jobbersCarval>
      <faithsLatenCampi>
        <stoutsVictrixClasped>254</stoutsVictrixClasped>
      </faithsLatenCampi>
      <renkOverman blazer="spurtleCoteryGebanga">
        <tutee>prexiesPrunt</tutee>
      </renkOverman>
    </umbretGoggaRoast>
    <shemaalVagallyHelp tenture="danseurCalfishArrow" warelyHumboPorret="toyingCenterSedged2" drabber="58071659" holleke="pugmark">
      <tuumSloperPreveto>goladar</tuumSloperPreveto>
    </shemaalVagallyHelp>
    <hazels tablerPimelea="apercusStoaeCansful" decease="seisedMicklesSloked" saifyRelishy="defraud" lopseedTalcher="wrast" lucernDub="kintyre" coluresDicier="suttees" squinsyHoggee="mispartSacrad">
      <ruggleWiggen>82</ruggleWiggen>
    </hazels>
    <abeggeSynonym>
      <condosGuttingWaning>coarseVenatorVans</condosGuttingWaning>
    </abeggeSynonym>
    <hordeRapeyeAbsit>
      <polling>1497</polling>
      <eartagNymphly jigsawsHopbush="francia">
        <crewingPiggiesLeese>54163320</crewingPiggiesLeese>
      </eartagNymphly>
      <fartlekBegrayDuenna herm="afloat" pardesiBrazilsTriage="jasminsElans329" marines="tokoDetestWesty">
        <accurNomadicMisted>diveLoudTsubo</accurNomadicMisted>
      </fartlekBegrayDuenna>
      <getae lesionTweezedGroused="4118858">
        <kluckKvar>hashabiPokeysFjelds2</kluckKvar>
      </getae>
      <lyncher>
        <batchedBalawu>hopped</batchedBalawu>
      </lyncher>
      <ectypeAlbian cornettUrealVaried="18145652">
        <decanol>novialFohns</decanol>
      </ectypeAlbian>
      <muonNaywordLulavs>
        <chromo>3323811</chromo>
      </muonNaywordLulavs>
      <evapPincers irking="regaliaCandy" awakeOnza="simpai" ridgedKamassThronoi="withed" weezeCornuleCowson="shacklyUnblown">
        <meliola>67422224</meliola>
      </evapPincers>
      <unclifyKeensHauld>
        <eggySorbed>verstaPlouterDingbat</eggySorbed>
      </unclifyKeensHauld>
      <gimpyRipierWolter ongaroExhortGapes="scrinCaleanUnlove" soogeeJehads="873201" cogroadCharlesPereion="idiasmNumps5" anadem="itcze1211">
        <outdid>vouchorHowlingHapless</outdid>
      </gimpyRipierWolter>
      <mown irishScarved="fenrirChajaJewless241">
        <femmesOvines>syzygiaVaivodeInflow</femmesOvines>
      </mown>
    </hordeRapeyeAbsit>
    <buransGis>
      <barolo>candidaCaveatsWarking</barolo>
    </buransGis>
    <rhodian infarce="5726233" chaymaAreal="sepiost10" braveryDoited="cutlets" koryHinch="1720145" enfortMatalan="chillerLeonesAdry" swallowWutherTongs="slimsy" mousseUnridPsoas="874632">
      <pugree>unfedProlineEmbase</pugree>
    </rhodian>
    <waftersBirses>
      <instals>vomitusBawbee</instals>
    </waftersBirses>
    <rappiteTeclaCycled impartsOutline="buddhiDhootis" mazeful="394" apeek="moolvieBlashy" ratio="divertAlltud">
      <warniss>calls</warniss>
      <dagmarLupeose hepburnHustler="obiismsTrysailEloine" unfrockBaldestKarewa="renninsCollyDribs193" taraf="1814" streitDour="75629748">
        <bihalveTariqa>grudgesPommies</bihalveTariqa>
      </dagmarLupeose>
    </rappiteTeclaCycled>
    <sweetenAntjarLieve decupleSnafuScrump="44273422" animineMussuckHornist="keenaTch" vaagmerOzonid="whemmel">
      <acinousDumpish>maireGadsman</acinousDumpish>
      <hamsProctal frownRibband="844122">
        <misaim>bomberKorunyProviso</misaim>
      </hamsProctal>
      <goldangSalivasHewing>
        <chunamAppling>isomeryOzones</chunamAppling>
      </goldangSalivasHewing>
      <maciesUncaned retem="demagog">
        <sickleTrochar>385</sickleTrochar>
      </maciesUncaned>
      <etagre axels="uncoat6199" hardsSean="kohlNudismsFluvial" jatkiSalpoidGlancer="gimmal3" sthenia="tabbiedCarposSnips">
        <lethalHeros>egoizerMimidae</lethalHeros>
      </etagre>
      <caramelEducive tenaimPadesoyFilose="imerinaAdeste" ionic="virgaFisk">
        <caromsStrichExtents>shrivelVestiniNisei8796</caromsStrichExtents>
      </caramelEducive>
      <sellsHedgersRedeck hardockReengeWoodwax="seizerHucho3539">
        <lupinusKalemaVerbena>chibol4</lupinusKalemaVerbena>
      </sellsHedgersRedeck>
      <velvetyPidgins gobbingPithfulJarbot="triflesRamseyVasa253" pocus="62" sopor="turjite">
        <crareAntibug>2</crareAntibug>
      </velvetyPidgins>
      <togatedShivery sinning="vaguelyJars3" tieredJumana="riperScolbChoenix">
        <jaspoidCon>606</jaspoidCon>
      </togatedShivery>
      <linolicCrucheSpat>
        <auge>haulseMoneyerKeta</auge>
      </linolicCrucheSpat>
      <accrues suffectMootch="fuzzyCimeter" habenaThasianMimetic="4923624" animine="anjou" breeds="sipingInfimaFulmars">
        <rageryDockLayback>temachaAlbifySorrels</rageryDockLayback>
      </accrues>
      <briersApronTeruah mahsurRamper="lepaUpdried" uncasesHilledHexa="benightPiller">
        <ichebu>buckledGavials</ichebu>
      </briersApronTeruah>
      <coupingEtouffeSenones sgadBlendeMmfd="otkonPitless" warred="wakersMonteraGlaceed" animous="upcreepMelismaTentful60">
        <disodicKolkhosHestia>dogsledZonaryMenthe9934</disodicKolkhosHestia>
      </coupingEtouffeSenones>
    </sweetenAntjarLieve>
    <kays fanonsRatioOlearia="yammerHeavesJackrod" memoriaUnlimp="haemDer" osmiteCadentEmyde="97" attaleaOlpesBegulf="1" dispelsOrbOncoses="pistHermitsAnklung" moho="burger" verrugaMolmenHomiest="fanbackDokePervade">
      <gloggsTabusNourice>938691</gloggsTabusNourice>
      <outgrowGrecing deflesh="ussr" ouphsDizzyElands="mehelyaKniazi856" beheiraRetrad="ors" lopers="gorseddOodlesKnoit">
        <addingCatchie>whisksDonneDate</addingCatchie>
      </outgrowGrecing>
      <audited ifree="oranteShimei5">
        <fleecerTomback>perau</fleecerTomback>
      </audited>
      <skilletFauldTapnet proxeny="eutaxic" curfewsCowpockVivian="entrees">
        <pulikAspace>drayageNeurad</pulikAspace>
      </skilletFauldTapnet>
      <coterie>
        <voletHillmanDowress>miser</voletHillmanDowress>
      </coterie>
    </kays>
    <tilterUnravelLift>
      <latvia>grannieRekiss</latvia>
    </tilterUnravelLift>
    <duledgeWily hayingHumbo="gammickCarexPelioma" nilghauVictus="greying" outroarInwards="collopHebeteSafeway" tarries="dottier">
      <liguresMudcat>2</liguresMudcat>
    </duledgeWily>
  </hobbilThough>
  <hyalinSpirity beshade="47707" toterAdvene="jivaran5558" haolesTeemerAirfare="coquetsBuhls46" standeeGawcieGalik="cream1">
    <kudzu>
      <savage>tensaw58</savage>
    </kudzu>
    <zibet>
      <pament>nigel</pament>
    </zibet>
    <woodingResids>
      <loudest>thrill</loudest>
    </woodingResids>
    <myronicGerms>
      <lalo>agneauxBekkoOgdoads</lalo>
    </myronicGerms>
    <baja>
      <otarianUphand>aquinasUse321</otarianUphand>
      <talpine byronicDasturi="amasBulbousStalker" orlandoToolkitAshery="spraysAlvusBeater">
        <burbledKaver>heme</burbledKaver>
      </talpine>
      <nomisms azureanZatBudge="winishBawl" cuberLabrose="566913" whsPotusNucleal="accedesHooeys76" gledy="vespoidErgane">
        <upbrayTavertLoofas>addictAmtmen</upbrayTavertLoofas>
      </nomisms>
    </baja>
    <faenasJesses frottonPreidea="rookeryPmsgCouthy" speckHeize="rayahs" daggerVinculaJimbang="sakerJitneys">
      <sucuriYaffle>speosGil70</sucuriYaffle>
      <foutre dojiggy="bemires" scewingMiauled="glutoidVertigo">
        <flakePersistFrawn>pine</flakePersistFrawn>
      </foutre>
      <seletarFinner longfin="eater" fibulasCevenolRevary="treesPreens">
        <trichyAlgy>heme</trichyAlgy>
      </seletarFinner>
      <electicPilary fendingTopDonet="sideralReburn">
        <luckedZucco>kiver</luckedZucco>
      </electicPilary>
      <betels mozoEmptoryRetests="28507">
        <desray>echappe</desray>
      </betels>
      <vannusPloestiEmball preenedSquaws="sulphur" utopiasCumaraAlce="hexadesSputumJugging" minerva="spret" doffed="rexineTurkmenChoky">
        <dislike>sobolesCaptans33</dislike>
      </vannusPloestiEmball>
      <piasterFrolics plutei="renvoiPuled8717" roper="faconneAxels" figgingSnottie="611698522" ochrea="eyelidsPapists681">
        <beetlesChimble>10705476</beetlesChimble>
      </piasterFrolics>
      <unholyUnbuilt stashie="382935">
        <pagedSorrowsFallers>emigreeLensmenLimns</pagedSorrowsFallers>
      </unholyUnbuilt>
      <spisula stammer="8" deciseDialingIther="twankleJailed" spurtleFurl="wadmelsPaver" shackedOutlyCodder="sadlyCrull">
        <vulgarsPeed>habitedDorey1739</vulgarsPeed>
      </spisula>
      <behapDeslime cardiumEunomiaEssays="9720046" peropusDidySippers="featousGaffleShellum" ostemiaBrattle="bemaskEgohoodCradock" blader="samuelPomeyPointer">
        <woubit>unmewShechem</woubit>
      </behapDeslime>
      <bramblyCiergeAmtracs nibbledEstradaYowing="lawlike">
        <hags>saltineDipnoid</hags>
      </bramblyCiergeAmtracs>
      <bonumPythonsLurdane lagopusPaegle="moedMerat" kyuThough="28251285">
        <monton>jemmy</monton>
      </bonumPythonsLurdane>
      <threipJearLandman>
        <immerse>twingedNature</immerse>
      </threipJearLandman>
      <elix>
        <climant>koae</climant>
      </elix>
      <bluntie embeds="flakersFuchiAxoneme" fags="untwistReseizeNibsome" wysty="zaqueMoperyAloof">
        <cozy>lewieSey</cozy>
      </bluntie>
      <morsalAncylusHushed tangelo="33867807" acorWeedily="grapy" khasiTitmiceBelched="meacon9638">
        <snowing>blowups</snowing>
      </morsalAncylusHushed>
      <psora skippedSprowsy="orpincFunt" hucho="astely" repique="mufasalEophyteHathi" duffTharen="submaid12">
        <tameinDilkerLavash>4</tameinDilkerLavash>
      </psora>
      <papasSkimp flaxVirgilBlowie="selungIcemenSlask" mellicTaurianDuring="yulan">
        <yamensSoapsHarenut>28860674</yamensSoapsHarenut>
      </papasSkimp>
      <ravisonOtter thruout="teatherLactyl" oficinaKhakhamBochism="739">
        <secosLanesXylaria>gazebosApothec</secosLanesXylaria>
      </ravisonOtter>
    </faenasJesses>
    <entrantPeguan haricotLek="22449" serpent="soliFlative">
      <drouthsClientsBroking>toking</drouthsClientsBroking>
    </entrantPeguan>
    <senaahChaus trottieBourgZephyrs="samoans26" fluxureStolaeReneg="chuserFixupsSpartle" guerdon="leaferyUnrebelClof" codette="tenuisErvils" lamentBubbles="mulmullParenCheaps">
      <shah>malvin</shah>
    </senaahChaus>
    <reuelAshmenMelonry>
      <nidgets>foolsHead</nidgets>
    </reuelAshmenMelonry>
    <draftBlunged>
      <stroam>774079</stroam>
    </draftBlunged>
    <jeromeMac>
      <tzars>carbinIntagli</tzars>
      <kneepadSileneCrocker lynetteDarkingNet="acinusBrannerJube">
        <coviteUncurst>drops1885</coviteUncurst>
      </kneepadSileneCrocker>
      <cowskinHague skinnyHoofedCuprite="pulpedBock132" alaskanWormilTrading="brawsCadmeanUnread" huloist="taliteNidiotIgnavia" coital="52321364">
        <gassesCyperusKilts>forsookCanids</gassesCyperusKilts>
      </cowskinHague>
      <greboBeauedVantage cadelle="piskunSatyr" peshitoHein="mailingBesprayBosuns">
        <moneCalceusJurator>crumby</moneCalceusJurator>
      </greboBeauedVantage>
      <kerneMyriads wifekin="clart" anilicRestiffAtomies="revuistChudCrts" japishFocused="lituus" upperKickoutGuttee="58972471">
        <avoyOogenyGlazer>headAftward</avoyOogenyGlazer>
      </kerneMyriads>
      <basalia teapotMalakonOik="verdinAsperlyIndorse" wapYom="novaleSindhiPaddy" jinkedPekeUnbait="23468117">
        <deficitSoothHunnic>bairns</deficitSoothHunnic>
      </basalia>
      <wiring spicedPita="dampenAlgTatie" lambkinRudishObelia="pinxitMarred981" bedrapeMimsy="wert" magmasHuddled="4774416">
        <totally>aerides</totally>
      </wiring>
      <suintVaunts randBenmostVesicae="geelbekRiferIndical">
        <gelatedFizgig>kecksy66</gelatedFizgig>
      </suintVaunts>
      <blistYawping>
        <sclav>oniscusFitcheMisfits</sclav>
      </blistYawping>
      <beseeScoliaGropple necktieJuanRainout="siring">
        <unruledRewakenCagier>dustbox</unruledRewakenCagier>
      </beseeScoliaGropple>
      <recluseDromonsStodger figoValleyPining="whidahsHairpinRequire8" datumsLanated="poindedGeodesRasceta32">
        <rhexia>tewitRappees</rhexia>
      </recluseDromonsStodger>
      <witSappers wotePeloidBanya="agitantPize" labrasHawkeryOtidia="846" violino="epaulet" pirnedFusumaScalls="unhewed">
        <altilik>36942</altilik>
      </witSappers>
      <antique systCooee="tartroFilar" corbels="vineaFloweryBembex" beakierTesack="smurr">
        <boilery>266116106</boilery>
      </antique>
    </jeromeMac>
    <unfainAgnusesManaism>
      <daggerCopart>sattar</daggerCopart>
      <xerogelBedward curneyAlienly="pidan">
        <affying>exogensMiswrit4597</affying>
      </xerogelBedward>
      <semiCrab aurochsMoslemYeshiva="spadersMittens" slumpGdsAlypin="astondPerterJumbled">
        <ballotsMalaga>drachmaNimsFinity</ballotsMalaga>
      </semiCrab>
      <clunkRamnesPrerich flinchSynchro="7252074" phlegmsYapok="tamburaFlockedAddicts8887" odonataTurcoFautor="isoetesBowles">
        <qasidasCistudo>puduStagedPontify</qasidasCistudo>
      </clunkRamnesPrerich>
      <partnerDimarisReside thorpsLipomasCoatees="crutTemplum" famaRobberLabaara="lutaoCissySwoln" gettingAlbertaLyndon="171077064">
        <pakawaThakurAirlift>updateVorhand</pakawaThakurAirlift>
      </partnerDimarisReside>
      <umping noveneNozzle="hitherAmire">
        <shearBlowen>bepileAwe</shearBlowen>
      </umping>
      <chignonUpspeakTrikir dozMakable="imberbeZemeism" iudsAboutDols="gelableNabu">
        <gwyniadJowari>muddy</gwyniadJowari>
      </chignonUpspeakTrikir>
      <dimers pulvinoBleaklyMincers="detinet" joggingWanger="mendy">
        <dosainBlabsDiacids>affrapSkywardCrier</dosainBlabsDiacids>
      </dimers>
      <brazierCurrie>
        <reesterShammer>ectypal9045</reesterShammer>
      </brazierCurrie>
      <tottenNallahNoddled firthKvutzahAdoulie="9245159" unhorseBrayed="sten" qualmZatiMitre="scubaOculateAronia" teenetWelfare="tipuraSchemesKronen">
        <estuary>bolson</estuary>
      </tottenNallahNoddled>
      <taposaBeerage aquabibGusleeRumours="pushersCoecalMaddle">
        <jagger>tomSukOnymity</jagger>
      </taposaBeerage>
      <shankar pewitButlesMerlon="permitsReseed" callerBiotins="ratchBairdi" vainfulKodiakWides="ope715" pencilsGuaricoReality="pushfulUnwille">
        <cool>upsendGrummel</cool>
      </shankar>
      <manlyNauch ozonify="waesBaburd" asearchMordieuPerrier="buskins">
        <eldingVervets>306225457</eldingVervets>
      </manlyNauch>
      <satsumaMoverGunster mimmoudPaukyHobble="auntsPlaya" outjinxFrenunaMekilta="cans" voucherCalabaUnmiter="boxed" grittieMoroc="loader">
        <shereefSarangi>cplUpskip</shereefSarangi>
      </satsumaMoverGunster>
      <linguaLawnsHadrons rescuesUntrist="ovonicSdeath" inwindPersea="sandraAzotic43" hammyOstein="206738">
        <conrey>bimodalDoutousOverwin</conrey>
      </linguaLawnsHadrons>
      <avisionEssoin voetsek="dorsa">
        <deparkTrover>19722185</deparkTrover>
      </avisionEssoin>
      <helving>
        <manfredFotiveFipenny>877569753</manfredFotiveFipenny>
      </helving>
      <simmonsPoliter spalesCetusBrevet="hersheyExuded4254" demiesGlumpySynaxis="ritsuHastDonny">
        <alaresPossets>aerogelSlyish</alaresPossets>
      </simmonsPoliter>
      <util kindlerJarlessWoadwax="guv" uvresFlypastBikini="disponeAtomiesAmply64" ethAnepiaCanaled="dretch" squawkyPlatoButine="13">
        <hypoingPupsLuo>9</hypoingPupsLuo>
      </util>
    </unfainAgnusesManaism>
    <starkSapphoSoleyne>
      <fylfotRetallyChazzan>bummilCyprine562</fylfotRetallyChazzan>
    </starkSapphoSoleyne>
    <boldenFaceoffAircrew submen="8200215">
      <barbra>kibbleEnlureMennuet</barbra>
    </boldenFaceoffAircrew>
    <manrootCozie happierJowler="inshoreVahiniRuby" lifelet="5279">
      <gourde>unmanedMoistyGimbri525</gourde>
    </manrootCozie>
    <matzohTranviaBagge>
      <ucayaleHorsily>netsmanDernlyTazzas</ucayaleHorsily>
      <minors baalize="cudweed70" myraCoralViperan="72817" unitersCutheal="muesli">
        <ethidPanosPrecept>baring</ethidPanosPrecept>
      </minors>
      <dingbat writh="sunsuitBiog" beseemsFlaxesRasers="20999" pronaos="reiNaulum" tendon="sprawlyScomberMilch">
        <boylasCryalPenults>anoles98</boylasCryalPenults>
      </dingbat>
      <guilery clans="wrackedColleen" idorganPareil="75663">
        <besugoMahzorsWanrest>9921</besugoMahzorsWanrest>
      </guilery>
      <rerollKeena diemBibbled="disject1">
        <herySavorer>1385774</herySavorer>
      </rerollKeena>
      <keef kyanite="disformEverlyLugged" assaut="wharves" potbankMusts="chollaMaizer" ikona="welliesBass">
        <yarestMetall>pretaSubveinMyriads</yarestMetall>
      </keef>
      <undeepJackpotNummary whap="puddaShansaCoaxal">
        <cujGater>2508</cujGater>
      </undeepJackpotNummary>
      <releasePria quailed="wynrisBayaDroner" idiomIlamaBebilya="ballettToyingSmocks" pinche="pokefulRunawayKaruna" scritchCathaFrypans="57387">
        <roslandRanales>plebbyScreigh</roslandRanales>
      </releasePria>
      <affixal nagster="gosportHelibus" antdom="apathia" gladeye="slip408" scrinchAteuchi="potline">
        <croTeemingSunless>haymowsLugs</croTeemingSunless>
      </affixal>
      <truismChoresWaxily>
        <inchainPearce>higdonYodhDecuple</inchainPearce>
      </truismChoresWaxily>
      <tricksy>
        <noesisPiala>mityLatomy</noesisPiala>
      </tricksy>
      <splayedPorpita>
        <flenchTextus>haddin</flenchTextus>
      </splayedPorpita>
    </matzohTranviaBagge>
    <pagedom>
      <pastry>166414664</pastry>
      <holts matchetRookier="gooeyTools68" lovesRubefyGnashed="caitiffJamwoodFirstly3690" strack="auroraPalach">
        <trendsRevelAugers>setula</trendsRevelAugers>
      </holts>
      <dosselsAgoniedUnpoled swaziHabile="maystArriverYesty" goncalo="glor9" shogaolForgabPirojki="wrestUpwrap">
        <terminiSanche>litchisSync</terminiSanche>
      </dosselsAgoniedUnpoled>
      <oftnessDelistsSkyhook mycoses="fldxtPitomie" yolked="kodiakWoaAbatua">
        <lumpmanDaps>amorosoKaon127</lumpmanDaps>
      </oftnessDelistsSkyhook>
      <stickenRidder kokioUnmoldy="72" consolCaskingEtta="7" rotRodentZootype="wildlyTrokedTutor" stevelGeneral="coniaKyoodleAsculae2">
        <oxfordsSwinelyEvangel>buildsOutreadWefts</oxfordsSwinelyEvangel>
      </stickenRidder>
      <hollaOvercupOutwile stingyBootiedHead="bedralZinky">
        <fossageBodrage>mijlZazen</fossageBodrage>
      </hollaOvercupOutwile>
      <myna>
        <bribee>cowherdChylify3878</bribee>
      </myna>
      <seabagFlumesCowlike>
        <echoizeUntrust>glideOutrankPavy</echoizeUntrust>
      </seabagFlumesCowlike>
      <purseGinzoLaxest boggish="5" swaged="76" bettiesTeraphAckee="sparyDefamed">
        <amyrootBurele>5244</amyrootBurele>
      </purseGinzoLaxest>
      <stoting tyesErsatzTroak="elrageOdeum" uhuru="sably">
        <pastersCholos>pavettaPipageKnacker</pastersCholos>
      </stoting>
      <cladsMovingsCrampy myrtle="skellat229" canthal="bidetCatwalkCutcha" gousty="surerApathic" capuanTetrazo="fedorasTiredom">
        <bollockThrummy>66739</bollockThrummy>
      </cladsMovingsCrampy>
      <laurateBetornReaping crinWellingTeaman="54154">
        <scubaAnnum>86</scubaAnnum>
      </laurateBetornReaping>
      <budgingAyah>
        <clowerErratumPuffin>9152</clowerErratumPuffin>
      </budgingAyah>
    </pagedom>
    <otate>
      <pannagBlumeFeaze>funnelsMacuca86</pannagBlumeFeaze>
      <balanus boaganeMenages="oswegan" clovenePontonsFizzed="42227652">
        <sabAkene>blasty</sabAkene>
      </balanus>
      <shivvyBelgas>
        <tugsUngt>chafferHumored</tugsUngt>
      </shivvyBelgas>
      <dugdugPomaneHumilis teuton="247" thorpFlirtedUpbar="embankEgretta" teesMorales="teleutoCrusado">
        <nickarGrueledDotish>rhabdus</nickarGrueledDotish>
      </dugdugPomaneHumilis>
      <reactedHotheadChewers nymphaGeasterBemean="berlin" rubidicSmash="gapperi9" uptide="oathayPaloloSnoose">
        <binousMolleHug>830710123</binousMolleHug>
      </reactedHotheadChewers>
      <ritterAthensShwebo debacleBorerDebuts="perine">
        <ekoi>343681639</ekoi>
      </ritterAthensShwebo>
      <detailsScowing>
        <pincherScrewHeft>perked</pincherScrewHeft>
      </detailsScowing>
    </otate>
    <snakilyHoopman vein="8281449" gange="57468316" acriteMamelonRara="stobRunwayTammar" cannySucuriWinemay="fussesBequest">
      <mimosasLegsGoosed>660932751</mimosasLegsGoosed>
    </snakilyHoopman>
    <cabocheTikorMagnon>
      <redatesLittlerKues>hostieSinging</redatesLittlerKues>
      <regions cuddieNuclealAce="bombastWaltronBill" cereusZayin="clawersTrigonaAradid" chounceExcidesBalcony="polices5904">
        <coaptedGenappeTrainy>cubeb3156</coaptedGenappeTrainy>
      </regions>
      <diplopy inwritUlulu="judyAlbe" beep="joins" yelling="28647" getsulLandmil="221141">
        <surerMaffickSlender>winierLucigen46</surerMaffickSlender>
      </diplopy>
      <dandyDinettePyretic aunters="goracco" mitierLeoniteSaddish="beedom118" grouf="basallyElaicAlmemor">
        <powdery>tsuresMarquesReqd</powdery>
      </dandyDinettePyretic>
    </cabocheTikorMagnon>
    <swirls>
      <direcly>ugric</direcly>
    </swirls>
    <trioRattingQuinela idylerMascleProfile="ohsSoga" ensnowDindledScarrow="scopineMaypopsBawling" unthrobDimit="lomataDisallyChaccon" jamnut="peeringWaseguaScaffie" eyingInviterTopog="rurban9314" ulcersLiegeColloq="armoryYoureZanella" romanzaUnfelon="laserLag">
      <robots>mobileElfin</robots>
      <jovy figsVassals="910977445">
        <ancylusEremite>alisierModus</ancylusEremite>
      </jovy>
      <hebenon mactra="99" rebudCapsula="armouryAnlia" swarmerSeqenceScrotta="1881" upswarm="ibycterGawsy">
        <instead>27981931</instead>
      </hebenon>
      <dulbertBanque apyrousLambastCedrin="insoleFrazer">
        <plat>daftAleuron</plat>
      </dulbertBanque>
      <unsackTorajaFirring dioramaHalalah="ethnize">
        <moronicAlinedHaying>vends356</moronicAlinedHaying>
      </unsackTorajaFirring>
      <sargoFamilic sepadOsteoidTibias="homagesExcerptCuon">
        <gawm>43433138</gawm>
      </sargoFamilic>
      <jerseysFlinderGotra squawky="3432800" koronaMyriadsFadings="94061268">
        <oatlike>koppen419</oatlike>
      </jerseysFlinderGotra>
      <sennit novaliaRappiteGowns="melledCupid" fauvismTerata="miauledTairge" seedbedVirls="ply" myotomyDreamsNellie="cronies">
        <hypingSoursMason>22</hypingSoursMason>
      </sennit>
      <adoptBaboen wormingTaxir="ammonea">
        <socialDolmansChorial>nolSteamieWombier</socialDolmansChorial>
      </adoptBaboen>
      <clioneCopoutsAketon>
        <sepDoatishDjebel>155</sepDoatishDjebel>
      </clioneCopoutsAketon>
      <atypicTipree>
        <trionesIntitle>hoop</trionesIntitle>
      </atypicTipree>
      <mushesNitridsSuity>
        <akneeSpahi>84519129</akneeSpahi>
      </mushesNitridsSuity>
      <ovenman foller="588">
        <pedantsJibman>centricGlorOption</pedantsJibman>
      </ovenman>
      <sidingChaferNold crusadeOstraca="tungs" treason="45693584" mismake="170" flinderVert="pkgsGofersCrux">
        <knutty>jogSleets</knutty>
      </sidingChaferNold>
    </trioRattingQuinela>
    <sliveThraverRobin>
      <rackful>89241</rackful>
      <ammelin rhombiWailingPhooey="reswarmAlthorn" picalInique="cuppen">
        <piercedDeluge>foelikeOutdidStopa</piercedDeluge>
      </ammelin>
      <groggy stannidBasses="aflame" ola="1704">
        <cruiveTropistAmiral>galahsShinilyDrunks</cruiveTropistAmiral>
      </groggy>
      <shilletSackenChartae phooey="copihueGipser587" atticsGlosts="hemlockChocard">
        <neseFname>spragsDodd</neseFname>
      </shilletSackenChartae>
    </sliveThraverRobin>
    <chalker synopsyLease="cheapie8693" alkines="390" sylviidMarmor="lormery">
      <signaryCongeonWiikite>clum</signaryCongeonWiikite>
    </chalker>
    <lampers>
      <exurban>squinny</exurban>
    </lampers>
    <debel>
      <wabePimolaLegpull>tootleDrosky</wabePimolaLegpull>
    </debel>
    <jehadsVar uinta="sociolAgrafesOphioid" beliked="byrrusCupelAngrier" plunderOvoidalProse="carrot" soaperSlee="masters" taperedSexpots="celomsFagoty" creak="8261" alosa="61431980">
      <godetia>strude</godetia>
      <botaGlottisZoilus codoThrinax="oralismDoorsEnrolle">
        <devallPiddler>4</devallPiddler>
      </botaGlottisZoilus>
      <uigurUpbuiltGiulio>
        <dunlin>dryrotWhitney</dunlin>
      </uigurUpbuiltGiulio>
      <recodes>
        <snewWabumaTribune>cateryGarvie</snewWabumaTribune>
      </recodes>
      <cyanusDulcity hambleIdoTarapon="antaeDunnedGravies" hitless="8714" timetCreatesLeones="310673" jutishUpsteps="gambiaJackmanAlay">
        <tangierCamas>390</tangierCamas>
      </cyanusDulcity>
      <carlinoStemlet>
        <pukrasMittentCarian>vinewMinimaWaypost</pukrasMittentCarian>
      </carlinoStemlet>
    </jehadsVar>
    <enoilChair>
      <pinx>1274528</pinx>
      <facebowPaddy kolachRimbase="alapDinahIns">
        <codetta>byninGuttateBudding</codetta>
      </facebowPaddy>
      <tritium>
        <heloeCysted>bruscusBeepingEntrep</heloeCysted>
      </tritium>
      <arcadiaCatlingPentode kaddish="nabakAgaroseOvism953" brosyYeh="lichAshram575">
        <chargedGetherSooey>priceDodging161</chargedGetherSooey>
      </arcadiaCatlingPentode>
    </enoilChair>
  </hyalinSpirity>
  <dundeeErthly>
    <kingsSmallerHied>
      <debonesEmbliss>queeve</debonesEmbliss>
    </kingsSmallerHied>
    <ioniPrerich cermets="aumail" allotedTilsit="ribbySpirlieOblique" barrelRetrip="atabalsYetBaning" scars="veinletAllonymDefrock" lacepod="ghosterYasmaksMeters1310">
      <havingsShram>romancyAiery</havingsShram>
      <spahiSkirreh pursers="sulaBaham" peaking="siccaMexicanBoy137" fusainLysates="dzerenBenthonFantoms">
        <defersProduce>psalmy</defersProduce>
      </spahiSkirreh>
      <otolite tintingPatanaBishari="khadiPlattMazda" sordini="aswitheCirca" cockal="naysCoupled" bobbleMurielLigure="prune">
        <formeMomes>readdSaltieGewgawy</formeMomes>
      </otolite>
    </ioniPrerich>
    <wagonedUmbesetUpanaya>
      <moyenneBaygallPedler>graipDrearyAcilius</moyenneBaygallPedler>
      <condole conveth="inhaleFarrowsBurrito" weirder="403980" orgiacs="scrag" prawny="2437709">
        <oner>rooming429</oner>
      </condole>
      <alamothDosagesCusso moo="smaltoCuspate9339">
        <dsname>unshoreTodayll</dsname>
      </alamothDosagesCusso>
      <ribeLasedDover pinweed="veniamTessaraTreads705" pimaricFurmity="oubliet">
        <gondiRaki>5463</gondiRaki>
      </ribeLasedDover>
    </wagonedUmbesetUpanaya>
    <djibbahPostwar>
      <baylikeUnceded>resawsEditalChasms</baylikeUnceded>
      <quizzed tawPotator="62231707" gayer="dacitic">
        <zonkedFrowardRacy>7910</zonkedFrowardRacy>
      </quizzed>
      <rubifyNodule curnsHelpful="aclydes" twinly="atrailGrouterUnvisor" briqueFoliateRueful="oafdomLouvres">
        <liking>bogeys</liking>
      </rubifyNodule>
      <smeeksJaditicEsrogs dalarClock="awashConsumoEdh" grivets="outpity" ajitterZuluize="vino1">
        <kittedBuggierSinkers>rocky2669</kittedBuggierSinkers>
      </smeeksJaditicEsrogs>
      <aclydes deathinPeeriesTinemen="uphang" hoppoHave="gnetumsSmudged" dullsPhippe="samel" whingerCuyasBenshi="crockOmers">
        <mirishMurkishClaim>owsenCoz6</mirishMurkishClaim>
      </aclydes>
      <inkiest nanosecVolageEuconic="651885">
        <tipitConcursStrome>yuapin</tipitConcursStrome>
      </inkiest>
      <tosserSalmoOke swaddleBuck="chakar" unguyedEmerWitwall="exam" monicaRoer="crores" mordieuWisted="gablingFentMoorish">
        <argyriaYum>troupeBasalts</argyriaYum>
      </tosserSalmoOke>
      <porrigo balizeEasedPooling="pinnerChampe" allboneOakum="coprMilles" pebanDorsiBriss="stycaTochers" aimeeMovedTache="stomackPikBallam">
        <rariety>earsh</rariety>
      </porrigo>
      <agatySond woodwaxSpaeDurning="strongFallageThrees">
        <mulchesGrantEscars>subfiefHaltsMeshes</mulchesGrantEscars>
      </agatySond>
      <comism shoo="woozleUnquertOstiary" roralCrewGelated="geeingUsurperCopulas">
        <nanny>neonateCedula</nanny>
      </comism>
      <aguamasKorariDoruck chilkat="weighAdpao" pea="riskishBiding">
        <bertinAssiege>7061</bertinAssiege>
      </aguamasKorariDoruck>
      <brasse diazineTerreLong="crura" hulyQuabird="flookForcite7">
        <ramsonsLiveyerTutwork>svaminTaenianThoria</ramsonsLiveyerTutwork>
      </brasse>
      <rittersAruke>
        <clote>hajKanten</clote>
      </rittersAruke>
      <stichoiHyalins rebobUraniidPukes="vejovisSeined">
        <partieTrull>annas</partieTrull>
      </stichoiHyalins>
      <reindueGamahe>
        <sturkGlobed>trackerAzotea</sturkGlobed>
      </reindueGamahe>
      <exciton fruitSudesBabion="chaplet">
        <pastora>diePinner245</pastora>
      </exciton>
      <twosome dubsFuelerOtidae="icecaps" nauseamAntonyAgamont="nosegayFail" spereRanchos="easters">
        <athingEnkiduCatty>680928802</athingEnkiduCatty>
      </twosome>
      <joshHuck wastierUnkeyVergers="detinue" pannierGwantus="caproinCatchesDeforse48" vulcanWerste="302380">
        <mussickIllbredPiffles>fiauntTintsFamed</mussickIllbredPiffles>
      </joshHuck>
      <wulliwaSebum>
        <joanne>81084</joanne>
      </wulliwaSebum>
    </djibbahPostwar>
    <enemiesBayz>
      <encased>teenierBurets375</encased>
    </enemiesBayz>
    <agroan novemAxisedOblate="guest">
      <gladded>mania8722</gladded>
      <miffyCanalis deckel="bundyRunsy" revelly="outribHormion" saiteMafiasHumus="tramperBesotOrange">
        <lunule>giddifyPapayanTorpids</lunule>
      </miffyCanalis>
      <edger codeias="jujubesBalianMaddle" bacuryPisachiWorky="codline">
        <marty>bitsyChapes</marty>
      </edger>
      <bouffe>
        <mavens>diamber</mavens>
      </bouffe>
      <couxia cequiToursGoal="pargets" jalapinBallon="1379">
        <floccus>plangBoscDusk</floccus>
      </couxia>
      <ellSuevic>
        <getters>khotan</getters>
      </ellSuevic>
      <conkingIkonGlossae bagio="65103" flyaway="cimbriPhanosJareed">
        <drchGleesExxon>4</drchGleesExxon>
      </conkingIkonGlossae>
      <pindalNides sewnFagotedSwamp="moarian">
        <grovedUsuary>wotlinkEnsaintOasis</grovedUsuary>
      </pindalNides>
      <astrutLauroneObelisk chrysin="sperateUriel" punnageAustereMasonic="cerillo" chamos="khepeshPuraque5128" tentigoSat="soupledHaying">
        <choenixBarblet>80231</choenixBarblet>
      </astrutLauroneObelisk>
      <mobableRattleSandawe marinal="quieti" rattageSetwall="elevons2478" waives="pantoumNomarchVulvate" rhaphesChiffonArchwag="unsageJaphethWavicle">
        <duykerBassiRaffery>syllidSeba</duykerBassiRaffery>
      </mobableRattleSandawe>
      <dulcianHenpeck gaseous="aracari">
        <sferics>snowdon7357</sferics>
      </dulcianHenpeck>
      <soucarJupard mavenFashing="batedInfile">
        <spyship>meliorJahvist</spyship>
      </soucarJupard>
      <nuraghiRouthy camion="dirity" shriver="diting">
        <carlo>canidae</carlo>
      </nuraghiRouthy>
    </agroan>
    <tasserCordalUnprim>
      <frauenBefore>hyacine</frauenBefore>
    </tasserCordalUnprim>
    <paysageQuezalAdread>
      <satlijk>musted</satlijk>
      <adatomCadmiaNemoral napierRancors="defail7846" itonama="wyndsPhellum">
        <drys>spaeUnfitsUnsurly</drys>
      </adatomCadmiaNemoral>
    </paysageQuezalAdread>
    <attunes>
      <compeerBesom>morthDewater</compeerBesom>
    </attunes>
    <unjamEnsnarlDenies>
      <dilated>aphidCasasia</dilated>
    </unjamEnsnarlDenies>
  </dundeeErthly>
</rivers>