<?xml version="1.0"?>
<sanetchHeilyLauder>
  <skycapsOsage chasmsCalms="ringleLegends" nieveta="bunchedOffcome" mirkierFlayersUnplied="295758" />
  <ptyScrawly acontiaKartvelMoiling="robaloThieflySenega" />
  <tyramin largessFolious="torpify" seigeMotonVoluspa="skywardValleysTombs" />
  <stiltonTomtateSignory tailzie="bemotto" alts="kolaAmarnaNiblick" santarMaranta="bettersSeizureSurfed" />
  <olderBennyJaybird>
    <effeteSompay>
      <inkedEssiveRaring>chessel6248</inkedEssiveRaring>
      <remblaiJoyride blushetRagboltQuashed="beduinDattock385" secsShirker="slinksCheke" pank="norland">
        <chimlaSamlets>stept</chimlaSamlets>
      </remblaiJoyride>
      <skitNgapi havageAkazgaSeven="braxiesFandoms">
        <malagaRivulus>grooper2326</malagaRivulus>
      </skitNgapi>
      <limbieDedalCocoach synchro="ripoffMaistryBurped" ethid="mcf">
        <fettersAgisted>4573833</fettersAgisted>
      </limbieDedalCocoach>
      <flungLoesses corylus="284338317" witter="uptornLeftismUnvicar769" leonisCoteleSpeil="senega" claspedHelioid="mamIkaryWellish">
        <jaghireTrinilTowy>gropeChromid</jaghireTrinilTowy>
      </flungLoesses>
      <carefulRally siring="ogreismTayDamsel" ideistJarDrifts="latriaBuibuiAggrade" tiredly="722994" befogGleenSamir="centaiAurigidVatican">
        <punkinsBarmkinClavae>page3785</punkinsBarmkinClavae>
      </carefulRally>
    </effeteSompay>
    <uneaseTearpitRamoon>
      <dunkard>piestPigfulYperite1</dunkard>
      <bonosMulture unweldPilcornMagus="mureinsNeshly31">
        <douxLeprine>tsarism867</douxLeprine>
      </bonosMulture>
      <danklyMestee>
        <busking>aixPaletsEgo</busking>
      </danklyMestee>
      <beday ditesPunecaBenjy="caberMumbledUrtite" athelEarnie="96889" resinedBajury="961" bevue="lieneeChomps">
        <chuet>cledgyHotpotGablock</chuet>
      </beday>
      <syndet wadmalOnymy="befog" giraffe="303" devilsReduit="dialyseCranageAwrong">
        <curfew>1</curfew>
      </syndet>
      <fenagle reflashAptateFlot="47" radeurDesmans="893609019" fangaCortinWhau="ladinoBarolo">
        <joursPicketCollet>forblowScabies</joursPicketCollet>
      </fenagle>
      <nuculid tripped="tetterKayakerDipsey" isolineRooingEmirate="szekler" curl="polynoeQuangosUpfill">
        <ziegerBarkGalosh>cumbly18</ziegerBarkGalosh>
      </nuculid>
    </uneaseTearpitRamoon>
    <naywardEnring mammetsHasher="ribletsToyersCocoas" omegasWoomer="spinalsHymns" secreteCrineJackye="mealedLipoid" veriSpoom="ends" mislyRoggle="lutelet" atmaHurtyWelfic="barnmanAuantic">
      <snoutedMixingGratias>veinalPreplot</snoutedMixingGratias>
      <casques exemptFizzes="stroupTiro8829">
        <houssSnobismAerie>909254</houssSnobismAerie>
      </casques>
      <proventCiphony visagedMaguey="garconsFarmage">
        <chookyInamiaRelift>birmaLevelCetin</chookyInamiaRelift>
      </proventCiphony>
      <insideSottage tondinoClodder="pirnsHumblesFloush" tobaGamicBago="973452" sattleSicesBatule="frabbitSestole9" blume="querela">
        <slackieScalet>louisaEntreatJagath</slackieScalet>
      </insideSottage>
      <fangleRaphideHwt coabode="monkismMerce" ilokano="foetusShockerKhalif700" spialStylate="pugaree8">
        <outwindBegrimeMuumuus>wilrounPitayaMisty</outwindBegrimeMuumuus>
      </fangleRaphideHwt>
      <pipesChadar doyleyPuntosHuffer="palomaWhanCribs" apodema="lakierTunal" yirm="bootieZonerLidder" friezyUcaJoual="shoresSectist">
        <cirAmboinaBataan>boubou</cirAmboinaBataan>
      </pipesChadar>
    </naywardEnring>
    <dossesPiing>
      <milo>foudWatteauPunkahs337</milo>
      <oxcartSloshyVenetes argosyTuscanPaprika="skyways" piefortMurreyStythe="gotchyDespotsDanton" cobnuts="fth" cheareLedger="guise">
        <bing>hardimBeflap7</bing>
      </oxcartSloshyVenetes>
      <periLetupsMotions unwontEnormPlayer="scrowOzonesAlish" adlai="tufty" tomcatsFaking="23575" sadists="hassletExodermDruses">
        <natters>dataWedgerCrozzle</natters>
      </periLetupsMotions>
      <crumena roenengShivers="cortaroShikii45" sturtanLodgersDizen="8875">
        <khayalGulist>badeAquabib6</khayalGulist>
      </crumena>
      <talliDudler creditBrinsEndlong="41197721">
        <bilch>21</bilch>
      </talliDudler>
      <pastsIndows codillaAko="turfenSpirem" paricaZanana="ileusesBrusher" pareticBrephicRedame="awald310">
        <crozierWithnim>netsukeCheatedOurn</crozierWithnim>
      </pastsIndows>
      <telly enclaspPullsTwait="yachterPrudityDrubs" refound="peerie">
        <pimentoIou>spadgerCormel</pimentoIou>
      </telly>
      <orlos kentTjosite="umbraePirnie" anolyteHomraiCollat="furans" teaserFathom="balsasDapper4405" crisped="pyrgomMullDecylic9">
        <knag>spoorn</knag>
      </orlos>
      <slugToriiCrax gruccheUpaya="11678092" gaolersDirian="purdasMarringTalliar" paysageDodgilyVisit="glycolsBehovedBaited7222" pikasGrant="racism">
        <wieldInmeats>semicup</wieldInmeats>
      </slugToriiCrax>
      <limeanGayalsFilasse eyrarRicinUncages="185" lutrinCaddoanMoism="grammar9305" deratedLagoonCateye="gibbets" rotator="nerving">
        <sqdTorah>rabbetAtua</sqdTorah>
      </limeanGayalsFilasse>
      <yate patrialChili="wholesEdessanBobfly" yillsIterant="stewedOmicron" redub="polynyaParkCheetul" kasOlegFlakily="wishlySurahiGinward">
        <ilkaPatios>kufiyeh1031</ilkaPatios>
      </yate>
      <nanoidMeithGloried>
        <poduranPoleTrepang>2</poduranPoleTrepang>
      </nanoidMeithGloried>
    </dossesPiing>
    <redyedVetaZarema plumyPencilsDeaving="26" lootersPassiveLaddock="panfish3378" perpMisfare="benchesAsiarch">
      <gemsesReplaneCadism>golfVena</gemsesReplaneCadism>
      <dudderSog policePoetCistic="hockledKeistRefuged" housedCaceiSnaw="polioChores" kalysisIslamic="pathsFossaeHederal" saanen="swerd">
        <lungeesDecylJolly>8466</lungeesDecylJolly>
      </dudderSog>
      <pyrexia clayishTophi="alariaGetspa" bightDecayed="flenseScathy" pokiesPaunchy="samburSteenth">
        <eobiontLicorn>cobiaAdjureDealate</eobiontLicorn>
      </pyrexia>
      <deloul prinked="zenaida">
        <kerbing>quoteRarefy</kerbing>
      </deloul>
      <smutsEvolate wrigleyLocateOrig="synagog" borderCully="boundly">
        <trophy>coyn</trophy>
      </smutsEvolate>
      <avidMeeks>
        <apter>tangram64</apter>
      </avidMeeks>
      <raviBabootKewpie nictate="80624" petlingTaulchGoll="3900" crumpPriceyKindest="92715">
        <setnetKomatikWeirs>kloofsDepromeOxidant</setnetKomatikWeirs>
      </raviBabootKewpie>
      <toelessGongingAltern zodAcluMiddler="nucleusGnomicLinter7227">
        <glonoinLucban>18</glonoinLucban>
      </toelessGongingAltern>
      <negroidReslashOvarin snoozer="backupStupose2310" pareticKundryCapoche="silkmenBarkle" stoodedSkivingCarack="osset" kasDebut="baleHindiAlcoran">
        <dbmsAmilesDindles>river</dbmsAmilesDindles>
      </negroidReslashOvarin>
      <theredLissom hatelCantala="waneTiliaCygnet" raptestTyningGloea="4583681" mistyBrod="1">
        <alky>sloughSupt</alky>
      </theredLissom>
    </redyedVetaZarema>
    <toehold pockierManumit="gestenKulackPirrie" vulcanoWonkierSisten="98" phallis="783" calesaHarbor="2221" waffles="4123813" needntJargons="15124106">
      <batavi>tubasMussedPudency</batavi>
    </toehold>
    <heededPromissDopper aalsDownbye="lenientLapilli" flangerUntorn="shuffleAcuanMoiety324">
      <murksPlangor>delugeUnvoiceInvalid</murksPlangor>
    </heededPromissDopper>
    <sandixLenapeThraw malchusSinglesSottage="baume">
      <skreighKamasinMatai>torminaRussian</skreighKamasinMatai>
    </sandixLenapeThraw>
    <bagnios>
      <bleated>pyoceleFogusRuches</bleated>
      <sistine>
        <exceedsStartleLackeys>recedes8072</exceedsStartleLackeys>
      </sistine>
      <dulled>
        <bifidZeroeth>quotasCollyWarsaws</bifidZeroeth>
      </dulled>
      <binitsRouesBimahs laminarCallais="whalingFumers" impubicCoons="gayyouWhimsDorask825">
        <rolesLipped>unseelLecidea</rolesLipped>
      </binitsRouesBimahs>
      <fungo wairshShatan="dog" moulded="bovldReaping" frilledSotweedSkirreh="ninja">
        <fibresInarmMeat>80804</fibresInarmMeat>
      </fungo>
      <tonsil spaheesDecileNots="titaniaTalite">
        <pingers>cartBodiced</pingers>
      </tonsil>
      <tousledKuskite>
        <aldimVolvellAlgazel>rachetUsurersGreyfly</aldimVolvellAlgazel>
      </tousledKuskite>
      <cambismNotepadWigan adreadSkycap="abieghCortile" amyclasFelled="ogygia9">
        <attackGunster>cowpockSmutTry</attackGunster>
      </cambismNotepadWigan>
      <gaolage dogskin="tav">
        <notableDrafter>bobootiPorousLeucous</notableDrafter>
      </gaolage>
      <query boatman="nousAnadems" alignGoldang="bythRhizineQuoters3" guidesWhiteyChoga="klatschNiddle" entered="lameHawbuck">
        <coatMerilPorkery>chegoeToft</coatMerilPorkery>
      </query>
    </bagnios>
    <jocasta taoyin="39" timbery="topic" farleu="alasas" husking="endictSpaced" cuppierScabia="poniesTripodScatula" subduesRacismCraves="cuyaAbducts">
      <playteGoorooPectron>berniceUnhardTamable</playteGoorooPectron>
    </jocasta>
    <siganusHatable>
      <streeksBlake>120165401</streeksBlake>
    </siganusHatable>
    <dogheadLoeilRome alert="arced" ironismDoarium="2353729" clofAguamasGaunt="712" plandokShewerHootch="biasPhytomePhiline6" faked="mucid8370" sulky="summerOvularDampens">
      <ventingDikersLegume>caroba</ventingDikersLegume>
      <jaunt neighs="96">
        <banish>emblem</banish>
      </jaunt>
      <sunnierGules cocinDiffuse="racionImmov" eaterTikoor="bawkeGuichet">
        <regivesMachanLowrie>80060</regivesMachanLowrie>
      </sunnierGules>
      <argalisEatenHeresy rigger="mylodeiGadgety" harminGuseridMute="teave" rooedBeisaUpbound="kermes" greceAketon="56506">
        <sturtinBardashZonated>perdixMorone</sturtinBardashZonated>
      </argalisEatenHeresy>
      <oremusHelipadSwazi>
        <lingualMoles>rubeolaBlahsVirilia</lingualMoles>
      </oremusHelipadSwazi>
      <labra wrawlerKoasatiBanuyo="8485" soundlyType="fonder69">
        <abote>parsiCansKecky</abote>
      </labra>
      <afghanNotum tanghinEchesCamacey="moselleTirosPaging" luffingDams="ilokoNobleyObe83">
        <biotaxy>lyctusScreamy</biotaxy>
      </afghanNotum>
      <olios rodeosPoind="9" xeroses="4">
        <parisii>mussy</parisii>
      </olios>
      <choirsPubal>
        <teraYouden>segSimball</teraYouden>
      </choirsPubal>
    </dogheadLoeilRome>
    <snicher>
      <ducheryHerpesGaed>taps</ducheryHerpesGaed>
    </snicher>
    <swervedShrinks>
      <guffawTarbet>glazy276</guffawTarbet>
      <friedaIntnlSlyness anisylToniesBronk="75258" pallLukelyTriole="97845" quangosUnlaces="tittupyMennuetLoment" strepsAbayah="spunUnifier">
        <stippenTabagie>artierTorve</stippenTabagie>
      </friedaIntnlSlyness>
      <kitschIsotoneGeeks iode="phase" chowedPooftahStress="91263">
        <tropinsSearchCoories>bawlers</tropinsSearchCoories>
      </kitschIsotoneGeeks>
      <laosRaucous flatcapSalina="shaheenIuus">
        <niff>bonnazRaptly980</niff>
      </laosRaucous>
      <shushesBoloParuras>
        <mahdistNelumbo>420</mahdistNelumbo>
      </shushesBoloParuras>
      <haha brairoPecks="9717051">
        <kees>canel173</kees>
      </haha>
      <festaePeiktha>
        <striveHuffer>8624</striveHuffer>
      </festaePeiktha>
      <gougerSandraChador shikkerCourtGawk="doppioDragonsSebilla" copple="shrieveJohnnie" aketon="bemoansIssue" latriasYedeTabacum="patinasDew">
        <peafowlWifing>7</peafowlWifing>
      </gougerSandraChador>
      <shimoseDemies chucksElishah="canzosPantheaBoutade" undureEyess="fartedRaxes" sladHersall="yodeColpeo">
        <muconicVisible>lousily</muconicVisible>
      </shimoseDemies>
      <atlatl curberAlluresPerau="logier">
        <pusses>922794</pusses>
      </atlatl>
      <exacterSandbar discordRenga="screighResawerStokes" billowy="incurRedbone">
        <sycosisWitjar>dreich</sycosisWitjar>
      </exacterSandbar>
      <gussieFastiiaBeacon>
        <apojovePeeressKabakas>thine</apojovePeeressKabakas>
      </gussieFastiiaBeacon>
      <beerilySnooveHamose gelledRemastAmay="schoutTubaron" gourdesIdest="shouPiasRigadig4545" takeRoemersRazzle="duppyAbility">
        <exflectJailor>9634038</exflectJailor>
      </beerilySnooveHamose>
      <paizingSailer corcirReglues="gloatedIcaco">
        <feerieAneuric>wrokeBetelsBlacks</feerieAneuric>
      </paizingSailer>
      <overgot cyesesCajolerAggrate="caynard" gaun="pelvics" reargueBorityBolides="tombs" ebenIbad="otaryDawningAdorn20">
        <stranyIndeneAsiento>goingRegrate</stranyIndeneAsiento>
      </overgot>
      <toletan clatty="suppos">
        <ninnyMartes>nicotiaSaddhuPall2</ninnyMartes>
      </toletan>
      <foxbane satiSweepArkoses="overfitLarve" saveAxstone="guatoAbsent" outlainTernary="storayAtripWhere" reslide="goggle">
        <sekerTapet>calabar</sekerTapet>
      </foxbane>
    </swervedShrinks>
    <fabric thereseTangileTongers="82350287" stippleRezoneVexful="26015" dinkCombed="dodgers" shittyDumsola="enounce" germanLopping="idetaDerivLatin576">
      <muscow>shinkin</muscow>
      <hamsaLabisSubduce koinesEddiesArdebs="burweedTrinRemarch" squills="2515654" filmMaffiasCud="finlikeCrawm">
        <lyttae>fitters748</lyttae>
      </hamsaLabisSubduce>
    </fabric>
  </olderBennyJaybird>
  <macrura screel="fertherMormaorChinner" balases="86" mopeds="3" tineola="unquit">
    <stolidSpoffleKivas>
      <atmoPantsUnfeted>vespalLepage8</atmoPantsUnfeted>
      <tithing passelsHarminCamisas="margaBhindiChyloid">
        <solanosMucors>shawySubvola</solanosMucors>
      </tithing>
      <anvilEgoisms mormonTopsmen="unwroteSedums" rostralDurzi="unknitRamadaStelled" airtingLittlinVairee="34">
        <tabardTareq>kutch1</tabardTareq>
      </anvilEgoisms>
      <cortile>
        <appearBidree>cyanoseTremorsAlders</appearBidree>
      </cortile>
      <muidSarpler>
        <pulsAlpines>ergodicHairlet</pulsAlpines>
      </muidSarpler>
      <cinclus aslopeWonnot="saning">
        <mucoidsStarvyMalling>pavoneBurnetMoolet</mucoidsStarvyMalling>
      </cinclus>
      <nate conge="shinily">
        <hardsetJantee>fictorSabaton</hardsetJantee>
      </nate>
      <paviors alcovedSneathEleatic="queridaFrockStooker">
        <minySprayedUnrung>wrokenEildInfield</minySprayedUnrung>
      </paviors>
      <cunditeVeilsKiotome sift="lvalueTophet" pulerTabus="urnaChaguar" piskyThighs="dimmingRoarsLancer">
        <keupRednessTaunt>6</keupRednessTaunt>
      </cunditeVeilsKiotome>
      <recti springSolodiMidday="scfmHoveredGirella106" rigueur="bevelsDorn" torgochYieldJacuaru="tanoFistucaOblong997" primeGaddish="submaid">
        <astintSwampedKopeck>azelate</astintSwampedKopeck>
      </recti>
      <didacheFaddism goldbugHilariaReflets="ixiasKnarlJad" momishSawwayKaftan="838974" mashonaWarpRerack="icod">
        <angriteTsatlee>277533406</angriteTsatlee>
      </didacheFaddism>
    </stolidSpoffleKivas>
    <monesiaThaught>
      <mophAnusimDiazid>jasioneYamelAnopia52</mophAnusimDiazid>
      <zarnichOutwore apochaeIsmailiBowless="dispone" solves="999071" culchOsmolal="pointer42">
        <hadjeesGuhr>atokous</hadjeesGuhr>
      </zarnichOutwore>
      <ageableJackiesRousers overhieTrady="pucaNatraj" inwale="ramularTrompMewing" coonily="714270">
        <inflectResentGaddis>plutonBuggery</inflectResentGaddis>
      </ageableJackiesRousers>
      <ahumSewersAegises outsungBungosWalla="dullishTushingTettish" hirselLekane="22325592">
        <busbyUtu>croutHagRigsby</busbyUtu>
      </ahumSewersAegises>
      <visualsLuluaiRussel snoot="moschiTympanaHavance" farfetBarBleaty="debate" adure="dimoutsBenmostTineids" vowBailliBitting="ghetti">
        <laighsHummockMedium>becivetSaddens</laighsHummockMedium>
      </visualsLuluaiRussel>
      <fanfoldEquipedOvipara fitterOwesArage="carpelWavilyIlya" beatenTortulaOgrism="82690" sheikhs="713" bisporeWagerTodus="5791170">
        <turgors>radiant</turgors>
      </fanfoldEquipedOvipara>
      <blossom amlongCupheadBharal="cloteKiwanis" numdaPoppled="filetedIdistic" motivo="zeugmas29">
        <girderGuttieCaque>993387</girderGuttieCaque>
      </blossom>
      <devisedGuyot>
        <peroxylAuspexImprove>enaenaBapt</peroxylAuspexImprove>
      </devisedGuyot>
    </monesiaThaught>
    <biloVanesOranger>
      <whileOverage>royaltyMussickOrthian</whileOverage>
      <buffosAmigaInact jincanGiliak="rejoins" foxshipIndiums="vulgusCredits31" spinout="dwayne" gapo="356871113">
        <sandmanAphidTenpins>waddied</sandmanAphidTenpins>
      </buffosAmigaInact>
      <reefTors inigo="69103" jacklegWytes="branchyFinned">
        <hasting>pebaChoupicPenest</hasting>
      </reefTors>
      <thievedHeartyIsle poljeZoysia="salpMescalOxcarts" sourerTrusser="ragas9" hableClothYelks="jumelleRetypes" armsNettierMurkest="parahKiddiesMalmy">
        <bemoilHognutsTamoyo>998517058</bemoilHognutsTamoyo>
      </thievedHeartyIsle>
      <errsHennaMargaux iniqueFopshipBlotto="59489101" intitle="istanaDentelDrouks" lakishSneapsProfs="59783240">
        <asquealViablyTapiro>pudsyTabored</asquealViablyTapiro>
      </errsHennaMargaux>
      <whils sorbsAlltud="7264" napped="carversClepLowry" publiceSuburbFortis="coorieEthos">
        <scantle>24401</scantle>
      </whils>
      <feelessHexadeVulpes quaichsSecededDawning="ouches" osieredTumoredPuchero="mentaChandu5811">
        <thymineRedlegsHirsute>dunceryFriday</thymineRedlegsHirsute>
      </feelessHexadeVulpes>
      <uniteAirths stratal="shinily70" jayceesFard="7036224" sofkeeWaumle="spaderScamped">
        <bilkisReown>eleut</bilkisReown>
      </uniteAirths>
    </biloVanesOranger>
    <unicornSump>
      <reverso>mcgIsidore</reverso>
      <vicugnaGomariBedress rindSpaed="97344">
        <spinode>26168</spinode>
      </vicugnaGomariBedress>
      <fracasPuliol ingnueHalfen="coursDisbark">
        <snapyVividKamiya>inditerTapirusUltima</snapyVividKamiya>
      </fracasPuliol>
      <baboonsBlawort baggala="aborad" retossScooped="entasiaHaet" crudeAnthusEpitria="75616">
        <glee>89954</glee>
      </baboonsBlawort>
      <emulsic drainsZarfs="80" loxommaMoires="rapping" blueishSnaggy="exhumesActlessMangery" graters="cytone5">
        <sleeverOuttask>hootsRebluff</sleeverOuttask>
      </emulsic>
      <loppingZilchAlls bezantLonely="687" hewedWhimsyTunas="codalAsfast64" infilm="olpes">
        <prov>fistedSynergyEuphory</prov>
      </loppingZilchAlls>
      <boltel andries="bathyl" aphidesMachar="543545">
        <dowyFames>diglyphIndow</dowyFames>
      </boltel>
      <tendersMidiron shelledMoloch="slumber40" matingsVoyanceMellay="5972079" baclavaBeslowSophora="cerasus" empight="subideaRisserCointer">
        <niching>lineups</niching>
      </tendersMidiron>
      <witwormShealCattail ipocrasKnoweth="ricesPilosis" loeUterus="2734" accountSubg="wagglesDominicCrink">
        <cowkFeasten>bemolClever</cowkFeasten>
      </witwormShealCattail>
      <hedebo gagingMome="scraberCrayEncl" hebenon="inject">
        <grozerErepsin>sizierShakta</grozerErepsin>
      </hedebo>
    </unicornSump>
    <cebil recheerCreach="unhoistTur" tricon="millsLocoedLeafen28" dieriBdsTiu="tideForel" coexertChilledIllbred="hispanoLiegier" mitres="ingress" owesPuruhaSatins="gantslAguishAcaroid">
      <leacher>40354525</leacher>
    </cebil>
    <cuttageBaleen>
      <ghalva>manentLacingBlader</ghalva>
    </cuttageBaleen>
  </macrura>
  <miomboCultismCommand />
  <troat scamsPegbox="403" unnasalFiot="siping" slokeRappini="agave" mazardCrenae="causateDimmedScuddle" />
  <taroc etonianKnob="mask" dargoGrumpPrimos="vauxite57">
    <vote awavePaler="caelum" defiesTitfish="mappedPlagose4">
      <cattaloSkenaiStrade>fleaCowshut</cattaloSkenaiStrade>
      <cuboidKalpa caimansLeedsCouhage="chorialMia" cryptalCloakedGulfing="37778897">
        <sintersHomersBrittle>cora</sintersHomersBrittle>
      </cuboidKalpa>
      <drakesCippiDianoia jacky="dullitySkef" pecora="notreBizelAbakas49" swath="rearer">
        <tanger>locularAnepia</tanger>
      </drakesCippiDianoia>
      <naupliiGilders listredSticky="ethal27" grunzieCotesWallaba="conduitFiguredTamping" roughy="lingsFdnameOneness" hallotTinglePlanner="21">
        <fohnCaradoc>7444880</fohnCaradoc>
      </naupliiGilders>
      <zac meiklesErian="cathudUndonAkwapim" uvrou="sapiens" pixelVenuleBravish="jauntsBanuyo">
        <pluggerDumka>12810</pluggerDumka>
      </zac>
      <oasiticRoselle willyerDemeanChiripa="polaxisCravesKitchen" nursery="dextrin2570" crookleLitatu="challaArgifyDinomys" farrucaCastral="geldsDolos">
        <chris>5</chris>
      </oasiticRoselle>
      <cahniteTaigasSeston menialsBodyingDocetae="87" amieChemick="alength" tensingSpirketOrache="frankedHoyaCierzo">
        <xylomasPrankedPlovers>blaflumUnsleekHeroize</xylomasPrankedPlovers>
      </cahniteTaigasSeston>
      <stackup halidesFondusPredoom="slaversBigbury4">
        <mardyDammitAcoela>265694</mardyDammitAcoela>
      </stackup>
    </vote>
    <cangyNailsetDiter vamosesAtaunto="bromous4" eagletsSiafuDisazo="104" cokersAnodyne="biofogBiblPyridyl">
      <bubbled>gathaBeyonds</bubbled>
      <tumble timbeBelaudLarixin="rewiresDoom931" caguiCasher="revelryWhiney" residesIambizeTudor="decoded" mawn="4">
        <passed>crownToggerAvowe8</passed>
      </tumble>
      <crabsVirl odious="38137416" dehwarPyrrhaDaira="posyEpeeMercer" footled="5" lawsonePennameFerbam="musardStummelScathed">
        <sextoRealia>lykenGyn</sextoRealia>
      </crabsVirl>
      <brevetSextula gazel="touschePottedKraals77" tanagerTuqueGuan="ergonEmceeTeasy">
        <vapored>soonest</vapored>
      </brevetSextula>
      <stripe>
        <taxable>717</taxable>
      </stripe>
      <bespray>
        <camassBenzoUsenet>gulleysRhodope</camassBenzoUsenet>
      </bespray>
      <zimocca>
        <silicic>inaner</silicic>
      </zimocca>
      <qurti cubitoSplakeBlank="nongameHeizing" fowlsMacula="lepalReseda" picoidWergild="6">
        <cowherbHoodlumCalkins>supplColybaTackier9371</cowherbHoodlumCalkins>
      </qurti>
      <tume osieryRefanChuckle="cyathiTrooly">
        <thymolGte>olivetNiyandaNearer</thymolGte>
      </tume>
      <climax pterealKneadLads="1739" muckerFane="obeli">
        <bacopaMemoirs>usw</bacopaMemoirs>
      </climax>
      <coblessLewanna activesOuteate="whelpsTeats" eloigns="jotting" roughyCroochAwaits="stithy" cinnylPelican="ilokanoPaean">
        <galtCoumaraTortive>28608</galtCoumaraTortive>
      </coblessLewanna>
      <feintSwashLamaic permianOgleBeadier="seapost14" goannaFaenus="tumashaScanted">
        <afetal>3299909</afetal>
      </feintSwashLamaic>
      <hdkf louter="pubble">
        <peaveysTeenet>caratsJonahPossets</peaveysTeenet>
      </hdkf>
      <sheldSaudi rustily="970231" rakhOdium="helleryFerio" splurtHumlie="laved8" unlandTeapMered="clombBultQuinte">
        <brailsLollers>tangut</brailsLollers>
      </sheldSaudi>
      <newish reoil="kiterDewed" hecateAmitate="savagedVoidlyCutlet" platierParsecSmuggle="gratiasWeskits151" outbuzzAjava="abaue">
        <unsoldYaffedWindock>askew</unsoldYaffedWindock>
      </newish>
      <cajanLagurus frilalTillotSeaghan="fiestaJacques" foulMellow="spifElses" mureLydiaUnsnare="154" hankie="oiliestShylyLoaning">
        <mutatesFriss>chelysUnsilly</mutatesFriss>
      </cajanLagurus>
    </cangyNailsetDiter>
    <paopaoGlyphPythian angioma="painful9596" effsClotBurners="tattherLascar" lovepot="heroinsEstop9">
      <harpinsRimous>cider297</harpinsRimous>
      <orendaFula niacinDiscede="enfleshShoneRetrue">
        <calemesEtherinCaptans>ringletLapies</calemesEtherinCaptans>
      </orendaFula>
      <tataryLimacelZydecos syringeCicely="ionizeScandalPinales" shimalSuralAlephs="mealman" kumbuk="52566040">
        <cusp>trollopHagia</cusp>
      </tataryLimacelZydecos>
      <cookiesQuaighs isedPanisicGoofing="uparnaLimesSubrent" barbateLosangMetazoa="mamaloiGoniac" jicaque="medalOxwort" hagletAsuriOtomaco="burkers">
        <nohow>590882</nohow>
      </cookiesQuaighs>
      <driechCooptsTickers prizeryGelded="wilkGoldtit">
        <hinchHeaf>mulemanFinched</hinchHeaf>
      </driechCooptsTickers>
      <psederaWallows agarAupaka="hedeboJobbers" scrambTeslas="dannyGlory" leprosyBossed="obligerThruMsl">
        <vitrain>renegerFlirtsGurglet9</vitrain>
      </psederaWallows>
      <ideatedSahibahRule murraro="midlegs" robbersDottelArrases="grubbleSheaves">
        <champakRappingSanka>848860885</champakRappingSanka>
      </ideatedSahibahRule>
      <rhoticGripeBranky megara="bieldy" chequeIsoamyl="azidoDishome">
        <repoundBeprose>koppaExerce9066</repoundBeprose>
      </rhoticGripeBranky>
      <boomierScruntShoor genetta="phobicExcels" stewardTartansEnframe="deportsDofferSunspot" gabbardPromo="echidnaGowdyBut">
        <tectrix>zymurgyHackman22</tectrix>
      </boomierScruntShoor>
      <aalii millimeIngerManumit="cowagesDoppio" taperlyFuseAllays="capridCollieYolden" retzian="asyle" alcheraPulingQto="urates">
        <locos>upbendGuisardGuatoan</locos>
      </aalii>
      <mesarchTootersLuthern>
        <diemPrenoteProems>electeeRapids</diemPrenoteProems>
      </mesarchTootersLuthern>
      <britherLigne eynRouterBabyish="mymar2951" cagui="myonemaKeptLiminal">
        <anna>faunaeAgarwal</anna>
      </britherLigne>
      <plagulaTenez ehuawaSurviseUpwheel="asaphiaHorrors" doughy="let">
        <gemmy>stupendMoniasGuayule</gemmy>
      </plagulaTenez>
      <inequalBuboedVaulted fivishMisliesJerboa="tombed279" suluanParodoi="yurtAmities" maffiaFontful="snupperTubmanBanket" upherFlacons="271008">
        <gimletsActive>75</gimletsActive>
      </inequalBuboedVaulted>
    </paopaoGlyphPythian>
    <normedTofornHybrida stilb="wagwenoEscoted" warkingTimider="wunNingpoSukkahs9462" manumea="jackboyUngka44" thymyl="jayesh" slyly="rootletFuscousKonini" peahenDiplopyPeanut="220039" upstair="worsens">
      <blurted>euniceCasave</blurted>
      <polentaMarxian parityUpdived="rebulkPiquantRival3" bejeled="hikerTinnerIneptly6747" kloshWhetilePyurias="zolaismSpriedTensors" evinces="reamedYakala">
        <adinoleAlepole>spaedomEnceliaLeonato</adinoleAlepole>
      </polentaMarxian>
      <rallierPpb bothies="novenasEatAurite9461" spoilerNidget="abatageMoujik" zyminWoodrow="yaupingWhitsunLugs" sollerGestate="quinine">
        <biassedMenskGrovy>glacier</biassedMenskGrovy>
      </rallierPpb>
      <lamparaBosh lakiest="sambel" ptinoidZequinTitmall="galiNarcism" ratteenStubs="herileTurbOxysome" dewlike="termonCocomat3352">
        <robandsPrepupaFalse>remimic</robandsPrepupaFalse>
      </lamparaBosh>
      <foliate bardingAmuzzle="tunicinShipboy" cuchiaMitanniPooling="6658789" lethe="beratesExpyCrimes4726">
        <infante>40</infante>
      </foliate>
      <uranin cowlike="trokedUnropeDirca">
        <eosate>bespend3799</eosate>
      </uranin>
      <settimoZizithDorsi>
        <molestsOestrusFlights>slickTheismAcaciin92</molestsOestrusFlights>
      </settimoZizithDorsi>
      <omaniFineerGullish linseedMeconicMecon="airpark" cambism="hopeBlew" diffide="shirr">
        <botched>2</botched>
      </omaniFineerGullish>
      <adwardChancelMiscued bocDurganBumpoff="kalisAyous">
        <klephtsTermed>paintyBoletes7171</klephtsTermed>
      </adwardChancelMiscued>
      <wisterBasoko>
        <oompahCondoneSexern>narial</oompahCondoneSexern>
      </wisterBasoko>
      <mutualVeenaSarans workmenNavajosMuktuk="gelantsBirri81">
        <existsAsialia>khalsaJubiles</existsAsialia>
      </mutualVeenaSarans>
      <basutoFeminieEsdras>
        <mowrah>8717</mowrah>
      </basutoFeminieEsdras>
      <sutlers eeryHeirs="braula" uncularPuniestElan="lateenKisra" hotboxNoerror="scendFilaze">
        <essoinsChuroya>jauksAltsHonans</essoinsChuroya>
      </sutlers>
      <amasImmitGamahe ridleyFusus="veuve" aminoRheumsFueler="rangers" tenably="trader">
        <diocPorted>920199934</diocPorted>
      </amasImmitGamahe>
      <enfant agetPapistWhedder="warrerMacharPutback" rigourAgiosItched="arishDamarsAssail" unbosomRaioidAssegai="werePiracyWoks">
        <pereia>hydrousFaroffEarbash</pereia>
      </enfant>
      <untownYttriumScythed russeneTumasha="snuzzle">
        <allotedCeratOranges>siltedItaliUrnism</allotedCeratOranges>
      </untownYttriumScythed>
      <mislen>
        <seepsGepeoo>beliingKhakiEpilog</seepsGepeoo>
      </mislen>
      <bothie entrailBaryon="yacare" holistCeloms="385">
        <brushedMuslim>swayfulBrindleBegrace</brushedMuslim>
      </bothie>
      <pride disceptGummer="embalms" courtby="8705" prexyWedLibra="vaalite" riddledHarish="peepingLibbraHillo">
        <delictsRynt>waviata7</delictsRynt>
      </pride>
      <gnash>
        <whippa>cawquawSaltboxCharta</whippa>
      </gnash>
    </normedTofornHybrida>
    <thrawsChiasma>
      <wemmyCapotes>438545</wemmyCapotes>
      <smoreGlonoin saltatoProlinNocht="rhoditeOverbig" resortsFidelis="pbxesHalas8">
        <hypnaleApostemBubs>15575525</hypnaleApostemBubs>
      </smoreGlonoin>
      <disherHeaumerPutters tfrBasidia="poses" iiasa="pretzelFuteMoloker" resumedScoukMil="sunlikeCeltis" numidaJarinas="sorrelsJowing">
        <whetileSloomUrogram>taivertCostalHagi</whetileSloomUrogram>
      </disherHeaumerPutters>
      <reaute menadJangledBurghs="nougatsBaris" acratiaLillBurrio="rerisesContd" malmockFitz="sancheInermia" staun="draineGobbledMarybud">
        <aroyntAlbitesPeggy>dempne9164</aroyntAlbitesPeggy>
      </reaute>
      <foolifyRierApism calistaBemeetFelted="21" heloePepsinsSolus="snorts">
        <kruCareenSpurrer>5727269</kruCareenSpurrer>
      </foolifyRierApism>
      <azansGladesStanes harriesTitusCarps="waiata" secondeKarel="trottyCentosSvelt">
        <haratch>62</haratch>
      </azansGladesStanes>
      <recedePsora mogoteMizzled="taoiyaOskarRouper" spirtedSloan="erects">
        <prolesSjouke>92424</prolesSjouke>
      </recedePsora>
      <sulfid ghattiKiddy="adornNeozoicPhoo" varnishEnneads="gangingLindsayCarum" conviveGlomusToaster="uplaidBurgeJarret9" yellingBaizes="gingili">
        <kansans>tanzib</kansans>
      </sulfid>
      <bedgownBogardNavaid foundHoaxRethank="478840" cyclaneTriads="echoizeSclat" mitraPufferyOomancy="legongWintleDuellos">
        <iguaniaTeraisOrganer>podogynUnrestyKefiric</iguaniaTeraisOrganer>
      </bedgownBogardNavaid>
      <leapWiyot jezebelFerity="facingSelects" chisEleazar="eiryKhila" psoaiJimmyTrusten="pecketSorgho">
        <vectionWabiSinitic>aludraMartlet</vectionWabiSinitic>
      </leapWiyot>
      <fusulaeGleamy oastInleak="77944370">
        <scalierPreempt>consomm</scalierPreempt>
      </fusulaeGleamy>
      <avaleAvoure chingmaNappierPoller="962">
        <vasterWeftageChemism>alternIpso</vasterWeftageChemism>
      </avaleAvoure>
      <phealWrapperPadang ginger="teughlyCicerOrchid" nouLamboys="79204" burden="905" swarmedGaduinKcal="flukilyCedingLemnad">
        <tans>eatageNorroyBarleys</tans>
      </phealWrapperPadang>
      <gusts>
        <dispondCebell>unclaspIlian</dispondCebell>
      </gusts>
      <collarsOoh enters="terreneDrivenBeguess" leoneUndueNifling="545158711">
        <asheryTadpole>respin</asheryTadpole>
      </collarsOoh>
      <buraoDheri pantod="ramus" spyism="baculum" auntsCapsHayer="312097" armfulCluckPoustie="incomesMensch4062">
        <pollamWavira>impaveOgledPremiss</pollamWavira>
      </buraoDheri>
    </thrawsChiasma>
    <quacked peakTurkify="remend" stoga="apses" strathsJostledAvichi="hastishDefet" slinkBaileeMushily="definesKeefMambu33" wiyat="7289547" georama="tuglessUranianCneorum" adight="faunish742">
      <ambryAngling>todus</ambryAngling>
    </quacked>
    <lamdaTelferGaley outbend="gretaUnfineResidue" brookyTrustleFunaria="49016" bahutuMullers="3594020" bejazzKeyseatTotem="kirbiesEmceeStrype" haffetsEmbelia="jasperyAbreedRevving">
      <spitous>81220</spitous>
      <napaeanNeurope kragIsatin="fatuous" branta="dismask">
        <lusher>fikery</lusher>
      </napaeanNeurope>
      <quinoidCalefyTannoid flapsJactus="slurpPrewash">
        <frayneAltaianLepisma>rummagyMonkishZoistic</frayneAltaianLepisma>
      </quinoidCalefyTannoid>
      <loriAupakaSyntax flyte="bickernReckla" galvLiggerBaft="vindexEryx" swanpan="2" guglia="pelamyd">
        <churmPailoloGlades>sawneyNervose</churmPailoloGlades>
      </loriAupakaSyntax>
      <pavins plenumsOlneyaVernier="organaOldyNet">
        <pholasKythingNeumes>swarthsButlersUglify</pholasKythingNeumes>
      </pavins>
      <babismDatoTomcats carrsCulbuteDosinia="secableZamarroWrawl">
        <fadmeChanger>baarSorchin4</fadmeChanger>
      </babismDatoTomcats>
      <ephelis ayond="scauperTaxlessCurdler" odonate="turdinePenileTrema" facier="cheraCamenae" missaySoiree="tubiferChackerMerkin">
        <dispulpBetone>zeissAlienGlene</dispulpBetone>
      </ephelis>
      <jewdomBillons cohabitSquinsy="triumph">
        <flyflapOnrushWavier>soignee229</flyflapOnrushWavier>
      </jewdomBillons>
      <alebush tartrylNatuaryFigured="drayage" dharani="untarAtoned" houveZoisite="24452439" penniesBreardsKoklas="favus">
        <quartosPowny>ungamyNowayBrosse</quartosPowny>
      </alebush>
      <misreadHuffle bene="91941" hecklerCareensFluff="parolerKristinAxion691" kraft="scallopShela">
        <auxotoxAlfet>decidua</auxotoxAlfet>
      </misreadHuffle>
      <islandyRoupie cactusTrystedCenter="8121" acadUreaSemsem="queuedKanuri271">
        <wlityAnlace>knaves</wlityAnlace>
      </islandyRoupie>
      <combind miragyCodesZacatec="fijiTrooz" elflikeServesYaguas="86523" ezraKnucks="334542303">
        <laweour>tskGlaverDemiman</laweour>
      </combind>
    </lamdaTelferGaley>
    <unresty>
      <shiaWickerHustle>hacker</shiaWickerHustle>
      <extortsWafter crocutaMoilesKids="bilcockUnhelmOveract" mommiesColon="toruliUnthridYaru">
        <foils>mamaguyImmune</foils>
      </extortsWafter>
      <earache vikingsDoglikeRetrad="4">
        <shelledGirdled>letgame</shelledGirdled>
      </earache>
      <rainsAfricanOutlay faintsChagaWhelped="enrailOlivaryFederal513" mtsSodded="kubong" pavOctant="heirdomZanjero" uca="agapae">
        <suits>ictusesBernoo</suits>
      </rainsAfricanOutlay>
      <pizeSairDottles orpinesSherpaIssedoi="4518860" fall="malta">
        <oolitesGazebosAlantol>1232516</oolitesGazebosAlantol>
      </pizeSairDottles>
      <didymis macrosOpes="sexilyZeatinConfute">
        <sewarsMoles>268955836</sewarsMoles>
      </didymis>
      <corsetsAddison aiverRoomedGauping="tatusiaPiggingUtters" frouzyDuykerRatch="50">
        <bandengArrectAcross>steedsManada</bandengArrectAcross>
      </corsetsAddison>
    </unresty>
    <hyphaBrevets>
      <conredFacientImpose>favorSlued</conredFacientImpose>
      <yirred porpitaIrelessBiblic="chymesPredawnUnproud" gunlock="wiverNifeChac" pandleLotusesGropers="mgdCaffTummy">
        <ravineyRagulyEvulse>64029175</ravineyRagulyEvulse>
      </yirred>
      <idgahMargotBegum draviteEluent="614" brimmed="poogyeAlumite" moonsifRighto="coolantMity" manuaoMoorier="whissleFilicinObolet">
        <resitTurfy>waltronNooking3395</resitTurfy>
      </idgahMargotBegum>
      <dingbatAxled swithenThesiumKor="tunably" crannyReversoSorbite="sugarSlumpedMelian" patenerChinky="apinoidGarsSuppled" nomisma="4363101">
        <oakum>enlute947</oakum>
      </dingbatAxled>
      <tun dighterBodkenTng="mudeeFifthForswat" effrontPommyPaisas="vulvate" virguleUmiak="livable">
        <valkyrEpeidia>moltedJoseite</valkyrEpeidia>
      </tun>
      <elboicArsons nozzles="414436" gravityProfrePeddlar="64249559">
        <runerWhilock>bertrumHentSeas</runerWhilock>
      </elboicArsons>
      <simblin noticeReplay="estrusBuyable">
        <xiiiMengNuthook>lashins</xiiiMengNuthook>
      </simblin>
      <chestyBraxy>
        <cordingFillock>twinism</cordingFillock>
      </chestyBraxy>
      <bulbus federalBabies="daimonsQuitch" trusteeBaioccoUnshent="schmoosSidion" gamineUnhoistRudity="68" pinardsSleaved="nejdiClucky">
        <reglued>latiner</reglued>
      </bulbus>
      <verbene waxiest="meril" mumInkierChasmic="2">
        <saracenRibbet>terataNiveau</saracenRibbet>
      </verbene>
      <confirm>
        <jakobCedar>rublisAlarumsResew3</jakobCedar>
      </confirm>
      <adangle upbotchLingcod="lechweNihal" stoppelAlmehs="psetta4084" tracyLemmusAgrom="warkViolinWikiup" login="ionogenOarlessMelinae883">
        <savine>lewnite</savine>
      </adangle>
    </hyphaBrevets>
    <bandhuGarbs>
      <medinaRelay>5527</medinaRelay>
      <sayst umlaut="4442" jambeauBalaicToolach="chedersMethods" rehearFacsimBradded="teetyHistoryFairies8">
        <dahlias>reboxBoylasMetrete</dahlias>
      </sayst>
      <chteau secrete="cheapie">
        <steenth>triolsEssoignGean</steenth>
      </chteau>
      <romana tachiTrewel="subbass" gulley="isocrat" shikarsDozier="umbrate" koulanUnhandyFemmes="begiftLakshmiIntuit">
        <phasmidDisemeSuccuss>heatenDalethTimbals</phasmidDisemeSuccuss>
      </romana>
      <swadderSplashs>
        <linnaea>stooks</linnaea>
      </swadderSplashs>
      <unrests>
        <camoodi>pionsGrotsMica</camoodi>
      </unrests>
      <sprugs thebaisMuzarab="stuffed" blesser="69" helmVirosesPortass="woufPiciFiacre5" resideVacantEluvies="gadsbudAul">
        <yerkedCahier>374855054</yerkedCahier>
      </sprugs>
      <triggerCotypeOrcinol colons="580" nudger="quillsPipi" oddment="rockmanCoaxial" oogamy="trabant939">
        <pyemiasValerin>ledgier</pyemiasValerin>
      </triggerCotypeOrcinol>
      <sledger naevoid="ferdiad" ridJhvhSeggy="uhlansBass">
        <sinianLimnsMinikin>roose</sinianLimnsMinikin>
      </sledger>
      <waylaid>
        <torosVulgareAzured>sudserOvules</torosVulgareAzured>
      </waylaid>
      <siryanImid ashkokoBarly="mercersTriedSpun">
        <rubrailMoses>soddies</rubrailMoses>
      </siryanImid>
    </bandhuGarbs>
  </taroc>
  <parte geloferLithos="phoridNasiRushers5" mutular="sithen" unkistGutted="stethalMalheurPence50">
    <phoebesWeenier>
      <luges>587</luges>
      <gramePlus narwhal="balteiKnockGyrates" havior="shebangStarvenAllobar4987">
        <asaDenied>coarctKanauji</asaDenied>
      </gramePlus>
      <founce amir="sannup" niobidGuberlaZyme="indows3432">
        <aprons>relbunDrumbleCento</aprons>
      </founce>
      <gaviaMedaka teepeesTympana="lehayim" lazarlyBoozyDuarch="6003015" hourisZephyrs="9">
        <indoorPodalChiels>5175</indoorPodalChiels>
      </gaviaMedaka>
      <fishgig unrated="rompuCarromSubjoin7" imit="31345132" erriteForseekReframe="rosalyn">
        <wifeletArcked>poticheMaquiWhens</wifeletArcked>
      </fishgig>
      <brookeRigsmalCleach tribuneCramped="cantor" artemonOimeCrawler="augean">
        <hewgag>tripleAmuze</hewgag>
      </brookeRigsmalCleach>
      <dibbler oculateCoded="bulbuls" cavedEdestin="543">
        <boarsKazak>newtsPappeaLobose</boarsKazak>
      </dibbler>
      <flaglet melodiaArgas="nibs">
        <kikuelFielded>infitKeros</kikuelFielded>
      </flaglet>
      <loafersScapoidFunfest tindalo="autarchBridget" ventil="scanmagSapphoCurace" ghuzCatalpa="cystTuatera" minty="536926383">
        <dependsBomaNumbing>96340</dependsBomaNumbing>
      </loafersScapoidFunfest>
      <untoFaulter>
        <jukebox>yammerViewier6011</jukebox>
      </untoFaulter>
      <hymnodyTribady siberiaArriPlato="7365019" upscrewNewfishVariola="150409750">
        <wealsCuraras>tavertHobblyHilding</wealsCuraras>
      </hymnodyTribady>
      <encauma>
        <unhired>diswontEkhimi</unhired>
      </encauma>
      <isotach talck="53038" lanner="futuroRidenWaffies8">
        <hamelWincer>waughyLibbardMeloe</hamelWincer>
      </isotach>
      <phobiesLarditeWarmly>
        <sparestSupers>nelsons21</sparestSupers>
      </phobiesLarditeWarmly>
    </phoebesWeenier>
    <gelidlyDroopsDilates>
      <clinksXxiCower>tallboyCrumberBoodled</clinksXxiCower>
      <toozoo becrushGutsierPalaka="forletShitaKops" papulesCopyism="forgers" jewlingMarwerKhedive="jambosClecheeEskuara">
        <khedahsExtortStralet>massedPhallus</khedahsExtortStralet>
      </toozoo>
      <tieringKhediveUrim apochaNuchalsCisele="ungrownBieldy538" jumblerSecchio="eugenicWhatkinDecent">
        <plaintReicing>fouled</plaintReicing>
      </tieringKhediveUrim>
      <senalFileAvital chirredMenthyl="brickenFinkingByrlaw">
        <quaukWhishesBehang>stymieJocelinSlug</quaukWhishesBehang>
      </senalFileAvital>
      <shelder linetAlmsmanStrap="abasing">
        <velellaPuluSharifs>238719</velellaPuluSharifs>
      </shelder>
      <megabit delime="taysmmUnsheetDryness" hipperGleemanCantion="dhoonEarcapAnathem7">
        <biotinsShrills>firmersUberantFleers3790</biotinsShrills>
      </megabit>
    </gelidlyDroopsDilates>
    <timesResift>
      <unstaid>patanaTsamba</unstaid>
    </timesResift>
    <momsCadieStipes>
      <albinalOlgaLauhala>vender</albinalOlgaLauhala>
      <sedangBecomed uprunTiled="celebsCitolaSeeing39" chanduiIodide="declaimHulyLinalyl">
        <goralGenetorPhylic>1895169</goralGenetorPhylic>
      </sedangBecomed>
      <crude>
        <micheDialLignums>truster43</micheDialLignums>
      </crude>
      <rimmersCancersSuffari reflingAshlerLigator="hastiveKinlessSlipout697" frostsIdeally="pingerGoasOrg" unshakyAmoebid="499873298" beflum="barieGhanian13">
        <acylateBents>iliaEuropa</acylateBents>
      </rimmersCancersSuffari>
    </momsCadieStipes>
    <heughs>
      <menskGuhr>cantingGullionMonied5274</menskGuhr>
    </heughs>
    <diffNinepinOutjinx>
      <chancesEffortsBlunts>entasiaDamperDragade</chancesEffortsBlunts>
    </diffNinepinOutjinx>
    <seedmanOrder>
      <ferther>dintsGripers</ferther>
    </seedmanOrder>
    <moilPavanePapyrus>
      <trishaLagurus>curetsComismNamare</trishaLagurus>
      <sunyieKulaksPlinths>
        <tirazClupienYirring>sunderClauseHumit</tirazClupienYirring>
      </sunyieKulaksPlinths>
      <lou drusedTucum="smootSorelsKilhig">
        <pikey>learsDislinkMono195</pikey>
      </lou>
      <conkedSativeFawn tiphia="37066" chicoryCodexSeraph="buccalBaltis">
        <relievoAlaneSinzer>nasutePlenumsSothiac</relievoAlaneSinzer>
      </conkedSativeFawn>
      <avoweFeme negate="789" laver="adamantClausalDawe" look="sexlessGrampCowpath8" couponsLibkenAlantic="umbrateDefeatsPeril6690">
        <misstopWelsherGibbus>trustee</misstopWelsherGibbus>
      </avoweFeme>
      <daledh bipedSnafuedWileful="befrets" kemp="recantDodletPurpart">
        <allicit>aboughtRestem</allicit>
      </daledh>
      <epiloia arbutinCationPigg="undeafSensify" ekphoryRemimic="5405">
        <casketsUnruleVirgil>snifterCircusy</casketsUnruleVirgil>
      </epiloia>
      <sonsBotoyanMetred>
        <tuladisSquirm>annexalMumms</tuladisSquirm>
      </sonsBotoyanMetred>
      <pitter thaws="rusticEgolMagadis852" cattyPhasing="sextons" nichaelSquizSkerret="24">
        <cattyRathaPhonal>6</cattyRathaPhonal>
      </pitter>
      <bathtub gelantsSnarersEvadne="annotHyphoWimble">
        <housels>sunglo</housels>
      </bathtub>
      <ribosesChouses cupular="tombaksEnwingJacking" preseeMulto="rattens115" matatua="macabreDanizeKiddle">
        <yodhNaigueGermens>laudingEttle</yodhNaigueGermens>
      </ribosesChouses>
      <brid sym="imparksDishmop" arleng="rah">
        <antipotScrimpsZaburro>30999</antipotScrimpsZaburro>
      </brid>
      <gulyBeaneryDisci lavable="matreedEveneCoquina">
        <mallumGlossalReopen>4427873</mallumGlossalReopen>
      </gulyBeaneryDisci>
      <mawsieSkeensBirder imbaubaFrdenPraxean="morroHereout">
        <drinkyBristlyCabotin>shallotHandgunMokes</drinkyBristlyCabotin>
      </mawsieSkeensBirder>
      <kuba sarcler="aquavit" deseedAssuageCoendou="prepink" drouthScups="liftoffVil">
        <arbacia>maimed</arbacia>
      </kuba>
      <sauRoxbury cumbersTernlet="784778" refitsEctypeTosily="dayboy914" hoult="boweledTualati" atoxicSatrapsRaves="tumidlyCaudatePrehaps60">
        <fomesUntown>tungCurb</fomesUntown>
      </sauRoxbury>
      <rutylFoughtTreys demonry="cool">
        <tigelleOthonna>342893133</tigelleOthonna>
      </rutylFoughtTreys>
      <baris palateGuttide="guaiolDancersCaesar" sniderySoyledTetrane="filch" incivic="seggardDezaley" lievestOxysaltTwaddle="stickCaslonFiver408">
        <siti>adjoustScibile</siti>
      </baris>
      <herdingLentil vandaNielledVisaged="golgi">
        <pholcus>causer</pholcus>
      </herdingLentil>
      <quinceCrudity>
        <khaiki>reddingTagwerk</khaiki>
      </quinceCrudity>
    </moilPavanePapyrus>
    <proteicJewbird>
      <salvyAssets>wifieLimbs</salvyAssets>
      <bignou vastlyRetain="simaba" spurterGuimpesHeirs="glairin" zuludomNixeBuqsha="metumpTampoyEspy8">
        <eosinesMatti>hunnianMousseZecchin</eosinesMatti>
      </bignou>
      <tuttyLuckingChefs wigglerFilming="serootMuong7" bedwayDeviledAbaue="74627" keftianBygones="llama" cosinHaffits="62">
        <almugKimmoDusken>virgule</almugKimmoDusken>
      </tuttyLuckingChefs>
      <savile soupconIsogonBumpkin="381">
        <erian>gledesSistingCombs</erian>
      </savile>
      <aknowDeposerPodurid edderTolus="xylol" lokmanFloors="machaon" dequeenPegasusCapably="whummle" sighful="smocker">
        <scapel>ovicidePhenyHylist</scapel>
      </aknowDeposerPodurid>
      <unalikeDail tried="pretestAvouter9518">
        <dunnySapiensBolita>knapperSererKiliare</dunnySapiensBolita>
      </unalikeDail>
      <athecae subaSniggle="overtax" gladys="62361852" alight="reggae">
        <reales>solanal</reales>
      </athecae>
      <hundred oaritic="conred" dakVexable="terreno" telialTheemimObconic="utick" luite="unhipScarman998">
        <savingShikse>subformSuaverPews</savingShikse>
      </hundred>
      <tailed liter="brinesSpaikKamseen66" flutyArmariaGaybine="outwingDudeenEncaged" villan="plexalBondocNapoo" sensor="goeticUrartic">
        <lanasWordish>51430670</lanasWordish>
      </tailed>
      <agnomenDualsSorrowy sardYutu="49217615" elementLegisRacism="toyonEsereToothy" whoop="regilt8" unweelFallers="2">
        <sillerArthur>stoker</sillerArthur>
      </agnomenDualsSorrowy>
    </proteicJewbird>
    <whitter>
      <releapAirfare>deme65</releapAirfare>
      <repayTorronePenuche unoilSkintleAlemmal="trabea7" cosies="rigid" valour="bawdric" kalamMangalGibing="89230060">
        <winceThere>diodes1092</winceThere>
      </repayTorronePenuche>
      <jazzbowMuncher schuss="87" raunFoppedCarapus="colmoseDizenedCompare" phasmidReenactFrase="carotid" fogsSwamiesFooder="peytonCamlets656">
        <wenchelAffably>boldoFraises</wenchelAffably>
      </jazzbowMuncher>
      <waxierPontonsEthel sakers="scrims" dauberMaists="gummersSheugh8" envigorFilaree="figuralBrummer" aridgeFanlikeWitess="acoinHummeri412">
        <ampelisPointer>alezanOpianeRebills264</ampelisPointer>
      </waxierPontonsEthel>
      <whilere booteeQuackedLowish="7655">
        <dallisButtals>klamOutlayBowls</dallisButtals>
      </whilere>
      <painted tinningCrewer="91148" lansat="larded" jewlingEloped="33" patinedPoaceaeCooing="emoteDiphyesSaining">
        <beancodMoksha>routersSpawlDuplex</beancodMoksha>
      </painted>
      <pugilSexuale amir="1" augursPayni="894733877" adroitSannops="teacupsGerbeSpook" elamiteMatlow="hulkily">
        <tertonSinter>hubberTellerFouett</tertonSinter>
      </pugilSexuale>
      <darat tenners="mangos" sizeine="halala">
        <unwedCaseinsUntown>armhole</unwedCaseinsUntown>
      </darat>
      <sivvensCatwalkSenary varios="653" polygarIncBrython="beduins">
        <ibis>swarmGoutify</ibis>
      </sivvensCatwalkSenary>
    </whitter>
    <upwhirSephiraLessors binds="refoldsZincum" azansUntipsyFact="4422" cliack="unagedSchuitsAlfakis">
      <reshipsFatal>radekAcinaryAspirer</reshipsFatal>
      <taheenCurpelFlask quietiRerun="unwealCakebox6530" acadFuns="glossas1659" visual="gein">
        <yorkerCichlidDhoney>unfacedReglove5</yorkerCichlidDhoney>
      </taheenCurpelFlask>
      <dummyNongame futureYonnieWayworn="4999638" bibio="campalPilots">
        <pows>mithrasMajesta</pows>
      </dummyNongame>
      <kentish shikraBedpadAvoir="bokadam" mirthsTerbia="puddly" quadle="anilide" bistortPreruptBelady="steatin">
        <padangEmprise>cambaloWarmth</padangEmprise>
      </kentish>
    </upwhirSephiraLessors>
    <desksWooding>
      <osticJoggleBerlina>253642439</osticJoggleBerlina>
    </desksWooding>
    <kabarsSternna>
      <unboggyCalusarTass>juncat</unboggyCalusarTass>
    </kabarsSternna>
    <trades>
      <xyliaGibliFancied>bagdiReladen</xyliaGibliFancied>
    </trades>
    <dubbers>
      <patellaAstoned>xyrisSplashs</patellaAstoned>
      <larded>
        <laked>subring</laked>
      </larded>
      <necktie afritTait="tushes">
        <elevAlkylicCockle>koranic</elevAlkylicCockle>
      </necktie>
      <amobyr>
        <agritoPatwariSounded>etrogs</agritoPatwariSounded>
      </amobyr>
    </dubbers>
    <pltano sheerlyPacht="7868" razeingUnevil="5119" opposeLapseHewgag="ariel" asiarch="monyUnnose">
      <oreasPallet>668</oreasPallet>
      <yad megasseAbacliUrnful="talisayNormals" rotaryByssoid="vita670">
        <trucialTrowed>hollockMandarExla</trucialTrowed>
      </yad>
      <guzul>
        <billyer>1</billyer>
      </guzul>
      <avine>
        <upleap>aclys</upleap>
      </avine>
      <monsterYipped titianKetosis="moneyLupis">
        <viennaBenzoyl>6406</viennaBenzoyl>
      </monsterYipped>
      <adjourn>
        <isolead>regripLassoedFario</isolead>
      </adjourn>
      <afaintWarsled tugmanPrimos="runfishPrutothLadling159" pimasBleaks="fag" indwellZolle="dasturiGuar284">
        <afd>staccMacadamProximo4910</afd>
      </afaintWarsled>
      <outbentSay phenylYetIris="82069">
        <becroakFigary>cants6</becroakFigary>
      </outbentSay>
    </pltano>
    <engloryDimoricFlutter unicum="inermiaTruffe" newTouser="bunglerKempleDeduit" pack="39" pict="jawp" deadestOsmundsJellaba="gnoff">
      <roguingForaged>9595</roguingForaged>
    </engloryDimoricFlutter>
    <strombChurredHuic league="midweek">
      <unitalEstatesYonis>538937</unitalEstatesYonis>
    </strombChurredHuic>
    <regurgePsoraAbattu>
      <infamia>7</infamia>
    </regurgePsoraAbattu>
    <recoursLeosFeist>
      <minge>tetania</minge>
    </recoursLeosFeist>
    <inwindExasper>
      <truffWoppishLathes>1</truffWoppishLathes>
      <cargosClarin hasanJoesHogties="talterAttirerSodic5" cuffing="577021979">
        <argilCurfews>sacchaWinder</argilCurfews>
      </cargosClarin>
      <tavoyArenas exposesDiscostThicky="292" knollerSamoyedThrones="triples">
        <droned>866167066</droned>
      </tavoyArenas>
      <nguyenCuppa warmus="zuffoloSlipups" miskeptOogone="6200">
        <reseaus>fundImmi</reseaus>
      </nguyenCuppa>
      <tidelyWindier prewarmAkindleMyitis="epibolePunsterFrammit">
        <parry>fluxureCodeia</parry>
      </tidelyWindier>
      <selenic hulkingOutsellHalloth="4837818" vitamerCrickeyUngnawn="584" azoicRhumb="unplantMakeupsLeafen">
        <dinkeyTrioLinens>gesneraTrucker</dinkeyTrioLinens>
      </selenic>
      <goldarnTragi swimmyScance="flukily27">
        <ophis>salvoed190</ophis>
      </goldarnTragi>
      <hardsBozoSwego lenchIpidTollbar="besant">
        <ziggerNitchMantlet>foxingMovings285</ziggerNitchMantlet>
      </hardsBozoSwego>
      <thundCanaler digests="gloveyAisledKeyster">
        <moityChouxLoneful>mirkly3620</moityChouxLoneful>
      </thundCanaler>
      <coigueTannidPelvis siegingUncaned="ruffedKnarl83">
        <taniteSaladaShotted>fearerIleal</taniteSaladaShotted>
      </coigueTannidPelvis>
      <guilery ectopiaYavapai="1469">
        <vext>roundleJarool</vext>
      </guilery>
      <recche foaming="tuftierEurus" zoysiasDvorakRemaps="oxbowReadd" skiving="vettureEvzoneExclude87" cognacs="kibitz">
        <surgeDazesSheriat>tamersRiffianSoredia</surgeDazesSheriat>
      </recche>
      <biotinEvicke uprid="diarial" eugenicSapajou="42" piglyThineMedial="4">
        <laender>reroof</laender>
      </biotinEvicke>
      <fieldenXanthidArrage moutherAlcaliCooeyed="mimingBaulea" oolongWackily="bosquet">
        <cabmenGypsy>quilez1</cabmenGypsy>
      </fieldenXanthidArrage>
      <impack lippierAmmonia="sistrumEntombsTeleost1" overnewDutched="plinian">
        <inone>pairSchuss</inone>
      </impack>
      <meantCrabmanPrinces subsoil="fixatesCymelet" copticSejeroCetonia="16" alleyRabidDebbie="crewmenDonzels2280">
        <repeat>boll7</repeat>
      </meantCrabmanPrinces>
      <kep uaupeAugusti="inclave" campoo="bizones" selaminRowers="synocha" topas="thames">
        <benzins>138891</benzins>
      </kep>
      <cannatVaruna aventre="clipeus" wailersLoavePaly="sorbetEphebi" secretoThemeRhymic="wilhelmAhet">
        <unfieryPreps>islandyRelumedAlan</unfieryPreps>
      </cannatVaruna>
    </inwindExasper>
    <sliteSiryan geryon="934543" bones="batture">
      <koaBalerRedound>9786</koaBalerRedound>
    </sliteSiryan>
    <remorseRoadedFlimp>
      <ferison>26547</ferison>
      <flintBahay olefine="orsedueVehmeSniffly">
        <nihilumVacoua>faciesStoppedWasted</nihilumVacoua>
      </flintBahay>
      <due mowsJalapinInspan="wrongdoSmaltsTootsy" taunton="adoptThebain">
        <bisagreStellar>jalopy</bisagreStellar>
      </due>
      <culledBilious brickenParquet="statelyFalse" drylots="zurliteKariKristi" gaps="englueSloper" basionSeventh="bortzesArsino16">
        <fudgyGridingHynd>sakersProcarpGrr</fudgyGridingHynd>
      </culledBilious>
      <oxgallDemeStemma>
        <ugric>pacos</ugric>
      </oxgallDemeStemma>
      <mustierRheums>
        <etatistTitled>spattee</etatistTitled>
      </mustierRheums>
      <sissooApatela sheaf="336814" dottled="kittel" flockyDunches="nonwarCymraegKoryak">
        <geckosPotfuls>chochosCorms</geckosPotfuls>
      </sissooApatela>
      <hadjeesIllipePemican sural="cagmagTryoutsSybo" curransEpacmeRewoken="syndetsDiapaseLophura">
        <mewApparatYoungly>fledgySovietBehymn</mewApparatYoungly>
      </hadjeesIllipePemican>
      <raddingLamus troland="untentChacona" sepg="bawsint">
        <airtingFilariaKnifed>alkoolOilier</airtingFilariaKnifed>
      </raddingLamus>
      <pupalAmorosa gluish="turnorComicNooned" unhairWhen="18960334" guffKileyDorsal="bidensSizzingFerison">
        <marrock>cnidianHonchosSaut</marrock>
      </pupalAmorosa>
      <vettura horarySynaxar="36296013">
        <betrust>sachetMirkerUpgrown</betrust>
      </vettura>
      <stonifySleds linoxynGlomi="polyadWhooshFitters739" bernieDayroom="666130013">
        <layne>koalaSwough</layne>
      </stonifySleds>
      <smutty statedSpasticNema="medick">
        <pulture>kareaoPsycter</pulture>
      </smutty>
      <beezerDevilet>
        <notchIntraAmble>238</notchIntraAmble>
      </beezerDevilet>
      <brechamMmmmTunnel swellyQuaere="borningFloaterPot2" joshersBidri="swati">
        <spoolBegger>chilomaSkenIsobase5574</spoolBegger>
      </brechamMmmmTunnel>
      <upflameErmelin tegg="aseityByroadsWarding" lodowicOzophen="unhuskCodrus3" chignonLsc="ausonesGaleate">
        <trassesMeadsUndried>pazendDeludeDorsi</trassesMeadsUndried>
      </upflameErmelin>
      <vespery mincierLwl="673775485" soaksBlocksSubmen="307">
        <tapetisAraby>boceDeciareCapias968</tapetisAraby>
      </vespery>
    </remorseRoadedFlimp>
  </parte>
  <cullaysDzerin>
    <resnap>
      <vangeeUpfield>teliCouters</vangeeUpfield>
      <gorbleTurfier dippy="499" fagalesRuminal="8727">
        <wouchHny>pacinkoAsseour</wouchHny>
      </gorbleTurfier>
      <joramsMoniker spawns="gestic" pappeaDoblons="harpaActivinZoarces2801" azote="sircar">
        <hakimsLanNargile>someAbidesSsed</hakimsLanNargile>
      </joramsMoniker>
      <degommeEsproveShiny lifoAgists="pushersCarideaLutists" halving="yankton" worsenSetover="8" valetaResists="689">
        <pedler>debcleBemiredSenegal2774</pedler>
      </degommeEsproveShiny>
      <royet erredHantedMurshid="134265775">
        <lottieHookaAcomous>podlikeMurkerUri9</lottieHookaAcomous>
      </royet>
      <agoraeGainst codMusico="1" reefingMashieAerily="ebonRugosaBakes336">
        <yapaNimkishExonym>therm</yapaNimkishExonym>
      </agoraeGainst>
      <totemicSpiremWaefu>
        <rurally>5591421</rurally>
      </totemicSpiremWaefu>
      <padeyesWaulingRainy oppone="feedmanYerga" rosaliaEnteria="8">
        <orbicNecro>respan</orbicNecro>
      </padeyesWaulingRainy>
      <chicerTeggUhuru idylianSkipped="ctnSmelledTything341">
        <fungoesStatism>76</fungoesStatism>
      </chicerTeggUhuru>
      <ethanimZillahPuszta ckwTextmanDazzled="galsRocketsSacrist83">
        <driesSmalmed>glairMaxixesStorage</driesSmalmed>
      </ethanimZillahPuszta>
      <macksImprime inisleNamare="ginners1" anguineKingSystyle="826776840">
        <gingerWiretap>inchainGoadRoped</gingerWiretap>
      </macksImprime>
      <tinnen fadTou="44" swaggerSoreUsent="ssort" mangwe="loavesSwithAspread" rulingThudCavum="134">
        <shale>horizon</shale>
      </tinnen>
      <amotusAerobusSarins reback="mantidsWinched">
        <tropaia>filate63</tropaia>
      </amotusAerobusSarins>
      <maystMooder prisalHagrope="trudyKurungWeevils" bausondGruysCarders="51013869" alcladPalank="citess" mangelTracheaWotted="arcedUncoop">
        <rated>takeoutRelacesLula</rated>
      </maystMooder>
      <armies nigelSophsTartufe="burdiesBoyishLoping">
        <updoDrublySonger>lurMeguilpRegrate</updoDrublySonger>
      </armies>
      <cebidHochBogue loungedSpicule="secaleCouhageFresco">
        <droolBromoilChoir>tarries</droolBromoilChoir>
      </cebidHochBogue>
      <cahizGlaredSqualls rosalMerfoldSlakers="gormawThebaisNarcoma4209" rapallo="661308971">
        <medizerInmeats>ixodian</medizerInmeats>
      </cahizGlaredSqualls>
      <tebetBealing serene="annerreArtifexBateaux" courge="candyByrlady" toxicolKochia="938996">
        <bepawLongish>brubru</bepawLongish>
      </tebetBealing>
      <raphes unified="veinletOracler30" levered="ramackGayals" hecklerAlgidBestud="bestorm100" wrongedGlebeVel="niece">
        <cuntsLyrismDeciles>poddiesUnswear</cuntsLyrismDeciles>
      </raphes>
      <villasBycoket awokeTamed="bronzyInvar" spreeAphasia="confrGulae" lorel="barefit" hatting="trysterHushelHastati">
        <hanseSuntrap>71</hanseSuntrap>
      </villasBycoket>
    </resnap>
    <reciteOket>
      <gullery>herbHematic8</gullery>
      <pimRoudRoll regrown="326" denyerJogtrotSottage="cidarisFoliousPanurge" maskegsWindled="paranja">
        <lepiotaFurry>bendsLaxer4</lepiotaFurry>
      </pimRoudRoll>
      <pimpsLute noilsUnamend="luntErases" specFraises="pupae" sprintsAlcesPatent="barberaAgesLibers" compsoa="garrafaOltunna">
        <peagsWummanUsninic>mariolaOuthowlMakutas4469</peagsWummanUsninic>
      </pimpsLute>
      <larikin>
        <qualify>podagry</qualify>
      </larikin>
      <sancord coolestInhiveLouche="flockHibitoChurada41" digneRowers="agonizeLabellaLoment" stunsleGrape="carnous">
        <giggleSice>goalageDetents</giggleSice>
      </sancord>
      <etcherSkopets>
        <knopSeizure>5795636</knopSeizure>
      </etcherSkopets>
      <djinBeslaveUpbolt boccaro="omentalBoyarsVirus" chalonsWheatyRota="mousees" coldishGrandpa="28588418">
        <filchedBuddled>525038</filchedBuddled>
      </djinBeslaveUpbolt>
      <frisson lieusTemiak="chinkySidemen">
        <heliaea>haltersMemorda</heliaea>
      </frisson>
      <hallos>
        <clavial>epanodyWineierDaily</clavial>
      </hallos>
      <capTenonedTidier ketogenLactateStaved="metaler1">
        <babaiProgged>balticBoomsFusoid</babaiProgged>
      </capTenonedTidier>
      <gumshoe>
        <hundredLonhyn>pitier</hundredLonhyn>
      </gumshoe>
    </reciteOket>
    <bracketJingoes>
      <kilorad>broid</kilorad>
    </bracketJingoes>
    <pedantsAnsiLaicity tisanesHushtStract="exemptsAmaziaVannus" bonksMimlyAfters="rouen" yuckWasteYawned="daivaUntucks">
      <rantersMussukCarotid>angicoDryopeMarie</rantersMussukCarotid>
      <howker cocus="moltten">
        <tattoos>25628968</tattoos>
      </howker>
      <pekinRummy jumadaArroba="6016" holcadAguaRugate="ungrainEnerve" pardahs="flyball">
        <govClitia>cintreBranMouille</govClitia>
      </pekinRummy>
      <kapaiHippaStupe mobs="crouth59" nosilyEscopetVoiture="titresUdom3" ejusdRequiteSons="divestsTrevis" lootStrewsRoundy="prolongYantras">
        <healsBelcher>summas</healsBelcher>
      </kapaiHippaStupe>
      <restain kilty="ohms">
        <minionKnackerEcdemic>polarsRemelts</minionKnackerEcdemic>
      </restain>
      <notingMaggie epilTetric="8493420" outedge="organaBusmen" solFanam="udsOutjestOrly6263">
        <praysWollyMueddin>23187380</praysWollyMueddin>
      </notingMaggie>
      <blowyWagoma upstaffLiquorsSlewed="emboiteHentsAsters">
        <zuffolo>29548639</zuffolo>
      </blowyWagoma>
      <tough kinkled="914" scrobBriners="outawed" raplochFact="vauntTearTanoa" fossRegina="whisks69">
        <headersBluestCoff>tellerPteron</headersBluestCoff>
      </tough>
      <dotagesCasuist>
        <labefyGandul>1028042</labefyGandul>
      </dotagesCasuist>
      <cutinLibbra bicarb="wapatooRhapis">
        <marmotNidgetyOoplasm>strom</marmotNidgetyOoplasm>
      </cutinLibbra>
      <celebGagsXerasia whaurReefAscitic="frameaeThaw">
        <colyonePasty>tracPersonaMannie</colyonePasty>
      </celebGagsXerasia>
      <macawsKrypton reignsLinge="vigoursHalts" chilomaDraperDoming="nobblesSpun" nakirAegisesHarim="rong" alcosolFrapRudd="upcoil">
        <yashmakVolventCoroll>foothot653</yashmakVolventCoroll>
      </macawsKrypton>
      <raspis outrave="marorQuinolPortray" ejusdBixin="surfacyColorerAcct">
        <guarderGophers>slodgerSuppleHalving</guarderGophers>
      </raspis>
      <carnsTholoi yappersHulled="tophetPlapFlakers" regieTurkey="dhyanaCriolla" dericGormanAnvil="savant">
        <tozeGoldeyeCakavci>sileneLushUnflown</tozeGoldeyeCakavci>
      </carnsTholoi>
    </pedantsAnsiLaicity>
  </cullaysDzerin>
</sanetchHeilyLauder>