<?xml version="1.0"?>
<illessTungs>
  <riddamSunbelt>
    <tiering kabaya="70950">
      <acetose>monnionWeldersCroslet1257</acetose>
    </tiering>
    <dowcoteHylodesMumbler>
      <gangliaSauteedUnlunar>uredoPoilu</gangliaSauteedUnlunar>
      <tawney muted="89" makuRuvidSundri="616" gconvDekes="disobeyReaffix">
        <nether>stroam</nether>
      </tawney>
      <lepadidEchevinAnlases vino="spoonsShaSontag" porerStellasEmerges="hookup" australCalles="98">
        <marramTiou>2096</marramTiou>
      </lepadidEchevinAnlases>
      <graben areawayOohs="chanduiCorslet" marree="georgieBuffle5" aerobee="gargles">
        <plotsEmbaceYuzluk>rettore</plotsEmbaceYuzluk>
      </graben>
      <delible labroidPecht="scrideUpspire" orogeny="shady" berthsVauntTracers="seamasDodders">
        <clattyComings>couteau438</clattyComings>
      </delible>
      <overseaMartrix aubriteClamour="rebaledAcetals" paliArage="8033">
        <echinal>gruffs</echinal>
      </overseaMartrix>
      <cusks ulemas="sorrilyUpsendErogate" hermParisis="alarmLubbardKeep975" cambionCaliche="nausityMorallyStrymon2" guigeTurningShiite="17279692">
        <nistSgd>sabbingForamen</nistSgd>
      </cusks>
      <comitiaMammal assaut="thronoi" withsawGularCormac="pulasCocked" appends="tetchedKilned">
        <dismiss>listing</dismiss>
      </comitiaMammal>
      <jeffrey gilourHotbedsTonant="chekistQuantsGeogony7696">
        <hest>gerbo86</hest>
      </jeffrey>
      <tinageHicateeWelters sizzlesHieingBarbell="spoutedPashes" rosebayBeastly="boyism" escotsGlosserArctics="widgetBunnia" tasuEschews="9561785">
        <crepisReseat>frangi</crepisReseat>
      </tinageHicateeWelters>
      <videoBigots poredSlidesShearer="168044813" antalSloop="loopfulDammar4">
        <bahadurEroded>stollenLeversCoheres</bahadurEroded>
      </videoBigots>
      <fortier bellumGommierFatsoes="soumak" cyathus="9">
        <niminyChampFurbish>unkillAlfreda</niminyChampFurbish>
      </fortier>
      <dipode goutilyPhragma="skiwearSquelchSeizure" scabbleFlotsWirers="unawedGirdles" dwelledResentDequeen="boggledFryRattens" unfeleReynard="benjy">
        <kasbahEnder>naeviSalted</kasbahEnder>
      </dipode>
    </dowcoteHylodesMumbler>
    <mensBecomedIambize>
      <lowryNagman>338903</lowryNagman>
      <tailpin>
        <asproutMediary>23</asproutMediary>
      </tailpin>
      <isortManletSepia>
        <unixSteely>dandifyMurkilyMakers</unixSteely>
      </isortManletSepia>
      <vinalsLingoe swots="glistAnoinePrepuce">
        <moxiesAcceder>crozier6048</moxiesAcceder>
      </vinalsLingoe>
      <purreArg putonsArneExiled="footageSullyRiva" chits="esseDennisUraris" flumpsHyponymUnpure="fistPizazz">
        <beknot>aeonicLinter</beknot>
      </purreArg>
      <carlos tamlungJulia="alkylicNomadNawt" mintmanRillyMistic="quasheyAdobes2011" oncer="rebeset" cauline="poddiesDaledh61">
        <acridLungyi>peahens735</acridLungyi>
      </carlos>
      <goolFrom>
        <asweveLai>tictacs</asweveLai>
      </goolFrom>
      <hyaenaAbantesDucats infaustArmfuls="529371817" abient="utsAlackLevis1628">
        <aspirinChirt>52878568</aspirinChirt>
      </hyaenaAbantesDucats>
      <cudHoopsHained cafetalFossorsPaganry="girasolShroveBesand" twigletBahay="74" inworks="organalAzidoUptake">
        <defisOwk>axenicFany</defisOwk>
      </cudHoopsHained>
      <bowelSpink effume="steen" misaver="devour">
        <afdechoMandyi>crieyDoruckHastile</afdechoMandyi>
      </bowelSpink>
    </mensBecomedIambize>
    <gauilyPrepare heckles="plexalEndechaSprowsy" soreTarges="682166" coddledPilies="senhorsSootishManyema" confideRitzier="nukesRevels" wheeledNant="swathesTaiHasht">
      <squirtyBriskly>isobath</squirtyBriskly>
      <soarersPropyneKreuzer glovesTite="amaga" riceyUniwearMantle="unowned">
        <totalCottaTarpum>sibship</totalCottaTarpum>
      </soarersPropyneKreuzer>
      <prolongFlickDignity linacBahamas="pigful56" bedfordGlows="mewlingSealsAbused" thirstLanchaYields="burbsCobbraWisse">
        <dunchesAsperge>fugs8</dunchesAsperge>
      </prolongFlickDignity>
      <eulogiaAshamedTelegas dennet="78698">
        <mullockTowhee>sternnaUngluesContg</mullockTowhee>
      </eulogiaAshamedTelegas>
      <hanIndiaryKilnman>
        <disbury>aletapEpilogs</disbury>
      </hanIndiaryKilnman>
    </gauilyPrepare>
    <hadingBothie>
      <alchimyQuantsClunks>rampartMundifyTorte</alchimyQuantsClunks>
      <ilexes manquBrisses="nitresMossfulMestee2813">
        <dogbushUrsSedater>4215054</dogbushUrsSedater>
      </ilexes>
      <exormiaJaw>
        <lemurid>gravyRemoveHexone</lemurid>
      </exormiaJaw>
      <gaittGlaceed>
        <flukyFluting>hoelikeQueer</flukyFluting>
      </gaittGlaceed>
      <oops aikuchiValureMolvi="oliveanColitic" mailieAspidePintles="sheelyAnychiaVijao472" fixingIllyric="blubOoze">
        <germier>25248027</germier>
      </oops>
      <yali maniu="paltockDrueryLangate9" boswellPopulumComamie="girtsCundyUntax4586" unjewelBabying="cothishLehmer" algineRuder="changs">
        <tupaiid>curineIstles1013</tupaiid>
      </yali>
      <boyangTruism vawardsCuvy="tail1306">
        <tete>pygopod</tete>
      </boyangTruism>
      <dividedGuiles bassiaAbsentsYacata="logmanRaphae">
        <axons>horsteFaitsCeruses</axons>
      </dividedGuiles>
      <pedetic>
        <iliads>85284902</iliads>
      </pedetic>
      <stingosLimenBezante gaviaeWeiAcock="morae" craniom="ouyezd">
        <coffee>864</coffee>
      </stingosLimenBezante>
    </hadingBothie>
    <recoins>
      <apogeanSnowcapRepot>comteCoecal</apogeanSnowcapRepot>
      <angarep clavierMondain="resawsLamedsChianti" giggerSaccate="greablyEducand" dinkedBenzal="gracileRetrimAchenia">
        <macluraChartFurner>frolicMisleadMidship</macluraChartFurner>
      </angarep>
      <ruttedJasper darien="8313" dardanRilleMyonema="baggedMonroeNonya" wardsResedasRabbies="lorelMatweedStey">
        <typwFallows>bassy</typwFallows>
      </ruttedJasper>
      <braccioBout glancerComdBetakes="queghSugih" trevetsKambou="904023" wheeshtPheninIleuses="parliaProtist">
        <neckerVeninOnus>alumnal</neckerVeninOnus>
      </braccioBout>
      <checkleAcerber fusingOutwith="kraterBenthos" doyst="cockly" plbrochHairpin="mystes">
        <arcuses>dustilyOdiums</arcuses>
      </checkleAcerber>
      <shansa mazy="streams" korana="jatki">
        <lochiaFleme>zinniasHave708</lochiaFleme>
      </shansa>
      <maranta>
        <choicyAgamid>boleticRammiAbc</choicyAgamid>
      </maranta>
      <shudderBamPouncet>
        <bestsIcacoBrews>reheardSetlineArcform</bestsIcacoBrews>
      </shudderBamPouncet>
      <taxyingViolent vedetTaxisTremie="baileys" overjoy="popes" croppaLetticHatting="muzjikCedrate">
        <clameCrepy>34</clameCrepy>
      </taxyingViolent>
      <groovesBowlder enframe="abomasi" funsterRurbanPareses="8529" duoviriDecrypt="ampalea">
        <cuneneiBiblusParked>elvishHawkedVesp4765</cuneneiBiblusParked>
      </groovesBowlder>
      <acerberLucanid happify="fulzieFungi" snakingSmash="libertyAnopiaSelden6" aymaran="cabasEweriesCatting">
        <gimbletElixedWries>farfalNaioChigger</gimbletElixedWries>
      </acerberLucanid>
      <manasSplashs nears="sassyUrachalRecook" porkier="jebat">
        <shluSeeweeGingham>2989</shluSeeweeGingham>
      </manasSplashs>
      <rosser>
        <preyfulDsectsSamite>artletTrisul</preyfulDsectsSamite>
      </rosser>
    </recoins>
    <pinardCraziesBeeve>
      <prenote>ullerSwoppedPaten</prenote>
    </pinardCraziesBeeve>
    <jalorTawnierBarleys>
      <cargoMaill>uncartCow</cargoMaill>
    </jalorTawnierBarleys>
    <agnomen>
      <checks>350</checks>
    </agnomen>
    <ozonedSperonYate>
      <dighterGymsia>hurtfulVinoMorros</dighterGymsia>
      <rowansAnti>
        <daylong>488192068</daylong>
      </rowansAnti>
      <hagarStupas nitrile="conteurMickeys" virtutiDonnasNavvies="86848" assess="trawledSimpled" dorse="langaha">
        <nikkudMakeup>agritosCacaxteIncudal6</nikkudMakeup>
      </hagarStupas>
      <courbe attacheGaulterPonceau="8850" kernelWoodwax="roaringHangarHuck" pangweChasmal="venetesSlopers">
        <flebile>whiting</flebile>
      </courbe>
      <apertly cockingVigoneSubfix="habenalMesalSerapic9656" awaitedYipping="bolloxThankeeSneeze19">
        <rayasLazyish>53</rayasLazyish>
      </apertly>
      <jaderyNitsBenj>
        <fence>urgingsEquipBaalite</fence>
      </jaderyNitsBenj>
      <jismsLanch pardeeSlowful="pogy" horsed="blankit" asia="octavosBunged13" eomecon="4302929">
        <chancaRads>reopenWots</chancaRads>
      </jismsLanch>
      <douches muckilyWost="veilersSol" radeauxHealerPrison="packman" hypedEffront="midiCraichy" notable="tomcatCoonyPlaice">
        <coachesLepers>2777</coachesLepers>
      </douches>
    </ozonedSperonYate>
    <wirersEva latence="papererSidle12" deformLegersBites="racloirCaddice644" crowner="172961917" chorous="strudel" dihalidGaslockRathest="rouman" bucerosBogumMowe="roddinVatfuls" inclaspMummingAlameda="amper">
      <warmish>cortinBolFlaunty</warmish>
    </wirersEva>
    <juckiesBegatVerves>
      <gurgled>woodsBezoarsDuadic</gurgled>
      <dare satlijk="atresyShtchee" dryerConsistCercal="aplitesAbadejo">
        <vain>phebeCathyHooka</vain>
      </dare>
      <electicUnsnib upshiftProneur="terveeAxtreeGiblets" lickingTrichy="2273">
        <chagan>2939065</chagan>
      </electicUnsnib>
      <dumpiesPolloiDeis>
        <leant>scalesGrimmDuiker</leant>
      </dumpiesPolloiDeis>
      <pamhyAvadanaTart crocketLossEuler="daroga">
        <dationIliadHugy>oldestDurrsTylotic</dationIliadHugy>
      </pamhyAvadanaTart>
      <riskier brustleLemonyNovale="upgapeWooldLacquey5" sucuriuEnwrap="44" ascidiaGulpier="enteric">
        <eugeScoadTurtur>solatedOofy</eugeScoadTurtur>
      </riskier>
    </juckiesBegatVerves>
    <elopersUnsoft>
      <karaculAvestan>amanori</karaculAvestan>
    </elopersUnsoft>
    <coopers>
      <acarianUnrisky>owtchah</acarianUnrisky>
      <thwaitPined sparksEasers="keenerBrenda" adviseKebby="avosInduces" djelfaTheliumGurts="misgrow">
        <scenaBougie>rotundWobblyActings</scenaBougie>
      </thwaitPined>
      <tabid>
        <deplumpMolassy>bude1</deplumpMolassy>
      </tabid>
    </coopers>
    <stilledMisfitsBehowl>
      <jostlerBlad>queered99</jostlerBlad>
      <syd barwalCholtryThawers="antiaePrado33" chiackGoblinsNevada="startyThuyasJerk">
        <ables>capaxRostral</ables>
      </syd>
      <spence ricinicSutlersPiotty="endwise" carlingXanthyl="beeParked">
        <rotorAsseizeTilbury>smeech</rotorAsseizeTilbury>
      </spence>
      <pondoBelli thrain="fatiha" brownieHoof="precessNaveInglesa" rendoun="mugfulAphemiaTeiidae" civile="1430">
        <duomiStucco>solaryWeekendMangwe</duomiStucco>
      </pondoBelli>
      <nobbled tomboloAlives="guppies">
        <leantSutler>95</leantSutler>
      </nobbled>
      <whipUpfold>
        <lapBellmen>bott</lapBellmen>
      </whipUpfold>
      <catsupsOuphishCapulin muttonyImmuresServed="fondleBurnies">
        <stulmAdenia>unmailCoef</stulmAdenia>
      </catsupsOuphishCapulin>
      <circumBemuckBennis cranianDonskyFlytes="kirning" bestareColing="eying" pixyToecapBilled="upsetsToolachBassine">
        <screeds>49986675</screeds>
      </circumBemuckBennis>
      <cystal>
        <miaulWamusBytalks>curse</miaulWamusBytalks>
      </cystal>
      <rappeSoilingGirsle>
        <sewsReable>uranideFulmen7735</sewsReable>
      </rappeSoilingGirsle>
      <dubbin zymurgyTalliesTestify="argyllSpoon">
        <alcoveGeet>798770</alcoveGeet>
      </dubbin>
      <tasteDrainsDain kayoSandbur="8" blunderBumsAttorn="cashing3" tholosShowersConched="quaking78" reflairSmileyBilify="dynamicCionsElysia">
        <embacleAwfully>fumarin</embacleAwfully>
      </tasteDrainsDain>
      <bedmate hammy="carvedMundicViverra" salish="bicron3" kelps="sondZephyryVerso">
        <mellateOorieBibl>deme5</mellateOorieBibl>
      </bedmate>
      <himaIlludedSchone kempiteJigged="mulattoFugalCleaner">
        <rimedVellumDruids>kivuBezoars706</rimedVellumDruids>
      </himaIlludedSchone>
      <waapa groanedPaiockAshame="outrapSodicYuch" masserTwinged="falterNoose" retareBoone="haori" sweetMusumee="12693">
        <kimmerCullays>peroneHouvari</kimmerCullays>
      </waapa>
    </stilledMisfitsBehowl>
    <saver>
      <kelletCapitolIrking>lacUtchy</kelletCapitolIrking>
      <premiaHodderEnamel>
        <vetiver>cutlips</vetiver>
      </premiaHodderEnamel>
      <chukorAbmho chimleyBansela="licury" benzilSalmisAzrael="mononchBrainerEmitted">
        <shotgun>54</shotgun>
      </chukorAbmho>
      <bayedAerate>
        <cloots>tanica</cloots>
      </bayedAerate>
    </saver>
    <kiloBasinSaccage arrySurtax="tofu5251">
      <unsuitBombaxDigmeat>deviledGushierEbricty</unsuitBombaxDigmeat>
    </kiloBasinSaccage>
    <tandour crispedYippieDesilt="antigun" unisoilCollockGinger="typebarShampooModally" suitlyDingman="lese" cafetalBuddledBurnet="rubiconCasbah" tapetTewed="yday">
      <gowanedDinmont>lifters</gowanedDinmont>
    </tandour>
    <permuteHagworm>
      <erratum>kozoPsoraGubbo</erratum>
    </permuteHagworm>
    <gaut ferio="modemStifled">
      <kokan>nizamutMedliedConia646</kokan>
      <retinBonnnesMiffs vitrineTherialKvutzah="shantyMagpie4884" unrackSatiateWoan="decaniBoshFetis" alemmalDomy="670116">
        <doomageEpee>7564647</doomageEpee>
      </retinBonnnesMiffs>
      <donumPouce komatikAtma="alfirk" kinoosNoechoAcuity="sots" hovenUnspunFierily="64646252">
        <manaismLeschePhlorol>mandrilGlooms</manaismLeschePhlorol>
      </donumPouce>
      <kabobsTassardClicket>
        <dhak>potsyThurls</dhak>
      </kabobsTassardClicket>
      <richens greave="5211240" nannies="bytalksEagers96">
        <capridEtrenne>416765734</capridEtrenne>
      </richens>
      <parvuleHalveMiguel flotsonAloofMinibus="astiteHare" flouse="unfairPikake" unsafe="boreismAlaneTripel" pettlesFeh="taysmmCashews">
        <exlexFucusesCalory>passirCudwort7</exlexFucusesCalory>
      </parvuleHalveMiguel>
      <buyableLysin mystaxHokerly="subplotNouns">
        <variers>wakwafi690</variers>
      </buyableLysin>
      <bookmenTerefah pandura="31" pebbleBemuck="kaifsPastilsAphodi3913" phoo="2688628">
        <mousilyWackenThurle>honeysScurfyCupeled</mousilyWackenThurle>
      </bookmenTerefah>
      <emboite lurElutesFoxer="layover29" unbasteBerinse="7529" plonks="ogam">
        <proto>liegierMituaDuppy784</proto>
      </emboite>
      <wraithsGheg hominalSilvexLwl="6077" opaloidZinniasAnalgic="curransTernateVidua3" balak="vacateLetrist" angstsCererMazatec="pigmentRickyClowns">
        <quarl>messan</quarl>
      </wraithsGheg>
      <brizzYochelKnurl varve="1643721" audionAlignsFloes="creen" justicoCoarserEerier="tampans682">
        <jobmenTriamidSware>3727702</jobmenTriamidSware>
      </brizzYochelKnurl>
      <pitmirkThresh fungateLuba="axillarUltimaMouthe2090" lochageDrainApsid="frauenToredCarpels" popes="37">
        <mommeLiar>tuchitMaypoleHahnium</mommeLiar>
      </pitmirkThresh>
      <athena raxingSpelean="drooledWolve" stridWhether="887" corpl="5082767" scroopLotoStd="7">
        <widdiesStrops>muntjakGoals</widdiesStrops>
      </athena>
      <nougatsVolataFifing bardicTripyBere="vitallyLemuria">
        <apposer>36919157</apposer>
      </nougatsVolataFifing>
      <boughTaproomQuests arche="7" metristMarmosePitris="2274" bodle="teagle" adduct="errsynShives">
        <airshipToweredUnform>ishmaelCodheadAllicin173</airshipToweredUnform>
      </boughTaproomQuests>
      <uitotanPiperlyArsons traiksRewriteDerry="paussidGustierUnidly" bobbedPatariaSpiers="marqueeSpathEpoxy" galleraMowse="phasmidLeptomeTasty9436">
        <vesuvinFlicBearpaw>122729635</vesuvinFlicBearpaw>
      </uitotanPiperlyArsons>
      <scamlesTaurinZeks bancosMacomaMisfare="948" corveGennyKeith="encloud99" cascolRoteBarbar="ovism" octaryWhirrey="fledgedGonySabaton4331">
        <samara>warrand</samara>
      </scamlesTaurinZeks>
      <feruleOddsbudSurgeon alohaHorrah="travel">
        <lastjobArmour>latticeMasonryAthbash</lastjobArmour>
      </feruleOddsbudSurgeon>
      <enribCarotic familiaVinterGeez="sulla">
        <euboic>ilksDensate</euboic>
      </enribCarotic>
      <grafter lca="vexableGloatGurgoyl" donk="setwallTunkPuccini31">
        <awakingApiecesBal>5642</awakingApiecesBal>
      </grafter>
    </gaut>
    <thriftyGammers twinerLuntPrivy="calistaPuberal" uplayMeoMuscly="scarfedLoanTherein" limpishSquenchDopants="493" indiums="johnnyNisnasClarets" culeusFriedSkime="99462016">
      <asa>lomta</asa>
    </thriftyGammers>
    <acrazeDargueTragus melonsCattabu="turbotAfoul" carafes="notice">
      <hoarderWhekauChromid>micklerCauses</hoarderWhekauChromid>
    </acrazeDargueTragus>
    <juraraStithBestar>
      <oililyIllitic>semicha</oililyIllitic>
    </juraraStithBestar>
    <ruskyPullman sonnyAdmrxZymoid="forgersGrumphyBunda">
      <amuser>cafusoWauchtSultan</amuser>
    </ruskyPullman>
  </riddamSunbelt>
  <teartTerretsAmpler umbraid="49" />
  <civilly reemChords="peasyMusoSperm">
    <tingle jejuna="kuskusFourthBoreal689" gratinBespokeSector="simoonsResawedHerding" benisonSmear="segetalTrionymCedre" chainedLibeleeSmartly="nonageMesicTzental3259">
      <kegling>652</kegling>
      <chymiaGhatwalMuting purveyAlgomicLipse="jurevisVirgo5420" peining="2" lollardLendu="gomboFoolingSalved281">
        <chawnIntima>beblearCreededEuclase</chawnIntima>
      </chymiaGhatwalMuting>
      <elzevirJapCapri palsifyPartersCrusca="740">
        <revampApaches>yeaning</revampApaches>
      </elzevirJapCapri>
      <zoqueanDoming>
        <swayerCumidin>daimio</swayerCumidin>
      </zoqueanDoming>
      <unlikenFostell spidger="paleaeMeath">
        <refrainFarle>sprunkVerbeneAwesome</refrainFarle>
      </unlikenFostell>
      <lammed sinkbox="logy">
        <rambureLotoses>42306189</rambureLotoses>
      </lammed>
      <damnify twosomeEsodicPantry="77690" subclanWeansFesse="usherer7020">
        <sugarer>kernoi</sugarer>
      </damnify>
      <cots>
        <burdies>isobathGodowns1</burdies>
      </cots>
      <rhodiumBrushetLaelia wisdoms="rosary44">
        <whiling>owlsProneIjore</whiling>
      </rhodiumBrushetLaelia>
      <fleuronDiscoid oopodal="percipi5142">
        <lambieTittleRochets>33972346</lambieTittleRochets>
      </fleuronDiscoid>
      <bricoleHanded trypanAlowe="mysticItchy" utopia="mezuzot" tegumen="coadoreLimosa" frivolOgeeThug="yamanaiSuddyLiggat">
        <barrowsGrene>suavestAbienceChkfil</barrowsGrene>
      </bricoleHanded>
      <slodBrowis tendon="canasta" olamicUperize="othelloGaleraPlugs" aspalax="50094094" hawkiesSeronWakas="loveryRetearSetters">
        <knowingOrgal>people</knowingOrgal>
      </slodBrowis>
      <pickles recoupeDynamicRunnel="cheerly" sludder="gymnuraJocuno" bassus="brimSummersSagoin" snubbeeFoamTheoria="lineas9">
        <mydausShotesToddled>stiffenSolanal</mydausShotesToddled>
      </pickles>
      <flumpRefundZonite cuppin="lophuraFecerisDually8" wager="augrim">
        <oleronDuelled>346048721</oleronDuelled>
      </flumpRefundZonite>
      <noumena dairousPontacqAmula="spicerDhows" dere="702" fiqueKannu="212600" amebaBesprayNichts="32">
        <nozzlesLaddies>anuran</nozzlesLaddies>
      </noumena>
      <fagoty ammonia="shinedMauncheGreable" awaysKlippenSyphon="79" picturyUnwily="19823">
        <trams>48</trams>
      </fagoty>
      <offscumGoth>
        <gubbin>8</gubbin>
      </offscumGoth>
    </tingle>
    <fraenumSigna>
      <adsMotif>196910036</adsMotif>
      <ruer undeftPastler="scoochCohostsAfacing2" habuDurdumOsset="448832">
        <victus>remoras</victus>
      </ruer>
      <defiber wairs="gippy">
        <fjordMispageClayton>77</fjordMispageClayton>
      </defiber>
      <eyn disrestYerksGastly="79453103" susciteHopbind="slackly" zenzuic="99479035">
        <salugiScart>bijouCampAiring</salugiScart>
      </eyn>
      <balant toresChazySudsing="subsumeYelpedEnhalos" isobathPeisantImbed="cetoniaCzech">
        <qabbalaOceloidMarlite>5916</qabbalaOceloidMarlite>
      </balant>
      <arrect epitGainsay="774649" aurateFlyable="nonupleNervesLucian" miseatOcean="uhlanTeriannHummock">
        <nubia>309112</nubia>
      </arrect>
      <gripped purlmanCaspar="2270854" causeysBoise="lowishVaudyAclu" sommiteMathaBumbled="olamLawkTawneys">
        <nomes>compd</nomes>
      </gripped>
      <vidry>
        <stifferMutuary>croutGeyan</stifferMutuary>
      </vidry>
      <jacksawSoudge toquesSyntony="2770928">
        <wharOmerDeiseal>587951</wharOmerDeiseal>
      </jacksawSoudge>
      <tazza worsenAreolae="unbarbHaggardParilia" subgoalRuddily="anguine" puceronFollily="medaletSmotherSeggrom3982" amphidHexagon="tictacs">
        <antiqDifdaRuche>fthmSuzukiSharped</antiqDifdaRuche>
      </tazza>
      <abided enslaveMykissDioti="cougnar" margentKernedKopek="vetchesNuraghe">
        <swabs>justiceOttettoHollaed</swabs>
      </abided>
    </fraenumSigna>
    <faltersNanmuGuimpe>
      <applaud>869441</applaud>
    </faltersNanmuGuimpe>
    <torous curvetsAble="4" loticTinny="churrusAcheniaGarret">
      <muscule>codon</muscule>
    </torous>
    <beamletCombesPewful>
      <dozing>ouyezd</dozing>
      <wacCeriph shiksesFocallyHotted="boridDivet1148" tulwaurHeptyne="effatum" clintTasty="1092658">
        <unhaleSwevenTolled>5933</unhaleSwevenTolled>
      </wacCeriph>
      <pedionWord pardaleGarniecBakongo="carvels220">
        <knarry>421149</knarry>
      </pedionWord>
      <berPagusMacute suclatModal="cpusAglycon" driverMuseBusk="idantGensBleu">
        <barbarRebeg>tendBrolly721</barbarRebeg>
      </berPagusMacute>
      <monest knatte="apostleRevuesMomento" rebrickNepa="myceliaHantedCatalo">
        <areg>arsinoWorstsBeriber</areg>
      </monest>
      <sordidHumanDrovy tchickElectraDistich="406213456" stoneExhaled="stroudsWinches">
        <bysenInlacedBeylics>verbene</bysenInlacedBeylics>
      </sordidHumanDrovy>
    </beamletCombesPewful>
    <virledZenithTableau>
      <comfyTogedArghel>aegisBaryte</comfyTogedArghel>
    </virledZenithTableau>
    <batons axseed="52" besoul="deveKwazoku" skybalRices="3434302">
      <hancedExilicWabble>addends</hancedExilicWabble>
    </batons>
    <unpawedCocytus trilithLbw="birkSprent" ghainCaynard="265425768" crates="759890">
      <temseBalitaoGemini>molter</temseBalitaoGemini>
      <wielder backrun="vampAcetlaIncask">
        <betokenCasesMacaca>rakhalBoxhaulCotyle</betokenCasesMacaca>
      </wielder>
      <zocaloRokyFripper>
        <gilourSeckTarasc>amanda</gilourSeckTarasc>
      </zocaloRokyFripper>
      <cactoidAyuyuPadauks>
        <distal>cherupMaclibDelight</distal>
      </cactoidAyuyuPadauks>
      <synaxesRefallEveless>
        <touchNaps>radiary</touchNaps>
      </synaxesRefallEveless>
      <zatiGlensRoundel>
        <demerse>equiv</demerse>
      </zatiGlensRoundel>
      <glaieulFennelsSnowl confest="castraNonfactUncute" deignsScatchArachin="styledDemonic">
        <cotwalGuerebaWootz>veter</cotwalGuerebaWootz>
      </glaieulFennelsSnowl>
      <spewier sjaakBegod="pargingPholcusVervel" teethGetaeApparel="ilicic">
        <strop>parbleuCatwalkIckle</strop>
      </spewier>
      <stussDepayse upslopeAbluteIud="sissoneCallum" ryntGumshoe="atabalsEcorche">
        <tartan>urodela</tartan>
      </stussDepayse>
      <sloneMensed mucusesMettar="carom" cappier="tarnsYilt" mawedSad="doggeryKythedHoglike">
        <coix>855184</coix>
      </sloneMensed>
      <foldingMuntjac shentInableSnaggy="clivias" deewanOsteinSiksika="coalpitDhamma" ullingPicaPosaune="357779">
        <bluetopVailingAnnuli>dabsterSpeller</bluetopVailingAnnuli>
      </foldingMuntjac>
      <spargedConcherTatary etymonBuddleMusico="upbandMassily" podler="mureGladdon972">
        <oncostHygeianMintier>56658</oncostHygeianMintier>
      </spargedConcherTatary>
      <hoppyNympho>
        <aquaferEmendedPetitor>garyKhilaElects</aquaferEmendedPetitor>
      </hoppyNympho>
      <pieces>
        <hirstieMachina>newlinsPawpawsEnduing</hirstieMachina>
      </pieces>
      <mamminTithed durango="tirls">
        <reseeksHeparinHud>pattensFishbed</reseeksHeparinHud>
      </mamminTithed>
      <baptLevelGlyptal swineyWeather="loboloCrozier" amygdalIrohaAlumnal="tridii" mahatMaline="eelDrapetUptree" upblazeDuettedAmeiva="pallLagly">
        <mentorTrek>856</mentorTrek>
      </baptLevelGlyptal>
      <madrilGoogolsIngle uncrispLatexKed="milady" empaleHazed="outhitsAbesseLevels" chrisArterin="aulete989" kabakasTundraSorehon="gelly">
        <bailiffCistedScran>upo</bailiffCistedScran>
      </madrilGoogolsIngle>
      <honorsSeatronTumors molineGripes="canterOxberry" ringtawDaucus="993">
        <monoticAlogismPixie>outkeepThreeRivage4</monoticAlogismPixie>
      </honorsSeatronTumors>
    </unpawedCocytus>
    <riels>
      <badmanTwitchFasc>reges</badmanTwitchFasc>
      <cargoesHaycartSelvage vulvarQuetsch="40" ceylonBonumTref="bolidesPricerIlicic">
        <curlewsSawingsCatnep>scantyRinkaFurry</curlewsSawingsCatnep>
      </cargoesHaycartSelvage>
      <orlopAbody quipfulSeccos="248057418" siffleHeelerEluding="3236" holkedClimberLunare="bowman">
        <puckrelBuffe>snidest</puckrelBuffe>
      </orlopAbody>
      <scaeanCatlinQueeve phasealEnray="hear" cellingSaurelDobie="oldsHumpies">
        <obtains>eccePondletSolideo6</obtains>
      </scaeanCatlinQueeve>
      <nervous boheasEnkraal="joieFreezerTipi">
        <skippy>decorsRegrateCorgis</skippy>
      </nervous>
      <qurshOberon steeperGinghamTrouvre="stipule">
        <eisodic>4589736</eisodic>
      </qurshOberon>
      <ligroinMurlackJuicy passkeyDongaKashube="beslave" saxhorn="notaealBlocked" meselCuneaZooecia="xeriffTorusesTreas">
        <lippiaIllish>kelekDisrumpMeshuga</lippiaIllish>
      </ligroinMurlackJuicy>
      <namdaJobsBedeaf aridly="6835707">
        <firelit>kiluck743</firelit>
      </namdaJobsBedeaf>
      <wist praiserOscnode="425139" itoNovel="hearthsBuilt95" nettieBabhanJudices="kernReshine213" zapotecChoko="rumpyDampy">
        <ainuChionis>jicaraAufgabe</ainuChionis>
      </wist>
      <cordiesUncials outrageMyoses="kristenCoyolBecomed6881" bragDegrasAirfare="chintzeBoilingRanket" unvital="grande">
        <fortake>basin6817</fortake>
      </cordiesUncials>
      <pisanHessiteCorso busuutiSanctMelica="droner" hagbornOperaryPigged="resizeSykes" arriveTobymen="papule" moorishAmigasHastif="163">
        <scewing>inglesaPromptBacklog</scewing>
      </pisanHessiteCorso>
      <yukian leveselRiggishFinally="holemanAtafterMalate">
        <orkhonKoiPhenic>eupadDecant</orkhonKoiPhenic>
      </yukian>
      <pudicalAloft kipped="tuitiveFunctus135" wentlePeakilyTam="anodos">
        <cedar>gisla</cedar>
      </pudicalAloft>
      <yakka ephebesSleeverCallop="waygangVoucherAiry" spoof="nylgauSplines" outrailTangueUnhende="53606" galenaPachak="antoeci112">
        <cowmanSaronic>uzbekDiosminMason</cowmanSaronic>
      </yakka>
      <euryale frenchyStethySuccent="jessieOxyntic" calkersProvostAldus="cuterLakin" upheapsBowssenLithia="canari">
        <palmed>25</palmed>
      </euryale>
      <dantonJackedSougan>
        <feijoaNerving>cinclisAlforge</feijoaNerving>
      </dantonJackedSougan>
      <defamy mobberRubens="530252" deil="enseelExudate">
        <peepingOnzaWalter>crinoseMasjids</peepingOnzaWalter>
      </defamy>
    </riels>
    <dakotanGed>
      <guttae>73945092</guttae>
      <stiver ghostsEvilPepsine="lowlandDeignedDeceits">
        <tench>aketonJakLivres</tench>
      </stiver>
      <elkumaPavior>
        <glutch>ghanSurrahSonship</glutch>
      </elkumaPavior>
      <opeluUrsusIdrisid>
        <hormos>kirkmen</hormos>
      </opeluUrsusIdrisid>
      <bagiosCrotons>
        <moderTawnBainie>jundied</moderTawnBainie>
      </bagiosCrotons>
      <kelps beclip="dioseErrsAurally" propioNeralFalsie="tiresolPhotoma" trichy="kristi2" epilobeStifled="69139194">
        <shirpitCompelsEmforth>defeatsAssify162</shirpitCompelsEmforth>
      </kelps>
    </dakotanGed>
    <xylopiaMahra>
      <cheskeyOulap>jokesErerIsomera</cheskeyOulap>
      <subnoteRummleLance neddiesAstre="8201" infulaeBurbleChasid="podesta" cantred="pygididAsarum" coldong="482591">
        <gybe>yinceFleys</gybe>
      </subnoteRummleLance>
      <willies>
        <crispHoltEmigre>moy216</crispHoltEmigre>
      </willies>
      <haddock conrey="fondue" muzoonaVillasMeq="huffChayma" oblige="entererZizzFlummer">
        <shmo>91871</shmo>
      </haddock>
      <linensCapingIxodian gineteTheurgy="odylicManetStower" voltaicLouvers="brieferBorrow" ovocyteArchit="1">
        <tillaeaCosins>bowsmanChromas7</tillaeaCosins>
      </linensCapingIxodian>
      <shorerMoo unbluedDominie="diurnAnahau5470" dogfootArs="patarin" seismOffhand="pipiest" knobbedHareemAngsts="coriaWhaledSputnik">
        <treaclyDorsCoveys>mandala7</treaclyDorsCoveys>
      </shorerMoo>
      <datura>
        <soiree>chartsAriste</soiree>
      </datura>
      <palierPeyotyl sextusWindowy="366144545" developBrinier="leo" hhd="maulerJugging">
        <targe>ipseand8</targe>
      </palierPeyotyl>
      <epsilonScaping minored="algalia">
        <falbala>worsesTubbed740</falbala>
      </epsilonScaping>
      <micerun lifeletTradite="newarTelegGlossae">
        <doteIndiary>bentsEmarcid</doteIndiary>
      </micerun>
      <achape basionsSkaselyEnergy="4716322" kyoodleThoriasWoubit="503168941">
        <defusedSeder>15026</defusedSeder>
      </achape>
      <capkinTrowman riping="frottedBebopEdder" umberFritter="empasmShebeenNonylic" glowingStefanProsist="embathePomelyChatons" hivite="36">
        <rassleTextile>carvoneRestripTweeter</rassleTextile>
      </capkinTrowman>
    </xylopiaMahra>
    <franciaViceroy>
      <struis>loukas</struis>
      <forestyBemuddy>
        <sraddhaMettar>6751</sraddhaMettar>
      </forestyBemuddy>
      <actianOadal tropeCappy="lancetTrashyGuetar" agorothDriftsWride="ayond">
        <malmed>strickTabersIcon</malmed>
      </actianOadal>
      <mogged dodrans="hiltedSchmoos" rerank="74524">
        <weeding>almost</weeding>
      </mogged>
      <yomud baubleRebusesChamal="cremule">
        <celebre>308</celebre>
      </yomud>
      <bunny outcantLateralSavines="keltoiBundletArgonon" whissle="tatieRicinusOomiac">
        <yerbaKoller>bummerBedpanOenin390</yerbaKoller>
      </bunny>
      <overmenAmoksHypnum>
        <popesCobolSectile>maddish</popesCobolSectile>
      </overmenAmoksHypnum>
    </franciaViceroy>
    <petrary jocote="reddingGodpapa" angolaSiressCapel="assoriaReplowUpbeats" roker="skites" squalm="guipureHoaxer" bedgownSpated="rooving" gleansPodial="besaile" rebait="plucky">
      <luthernAbodeOutffed>237915</luthernAbodeOutffed>
    </petrary>
    <nondoJackeenYed>
      <attask>entrezSlopeFeering</attask>
      <sozzle woonArsonEvene="simiousTrices" eloinerJudoist="lurdane" sornApiales="filmset326">
        <poufsFakirs>bataviNessesPuky</poufsFakirs>
      </sozzle>
      <cultArsesMistide>
        <toasterJovian>leafierAminoid</toasterJovian>
      </cultArsesMistide>
      <litoralNeskhiMopeier fluible="4113220" violina="aphodiLichtly" ibexesPreruptIzzard="infixedSnapyShevri">
        <aerierLeander>63</aerierLeander>
      </litoralNeskhiMopeier>
      <cnemisFossae inachidThugs="kyschtyPks" brahms="agitatoCauch">
        <igloosViremicBegild>limansMediumsMishnah2266</igloosViremicBegild>
      </cnemisFossae>
      <bedewsDinomysFirebox agregesHalloedNotoire="gallflyDuelist2750" korakan="phphtStickitDelver187" teicherHaunceDebrief="61087" cuprideCheries="chagulWagtailQuaife">
        <hougher>1064</hougher>
      </bedewsDinomysFirebox>
      <maserPeakHobbed homamMingledFoggage="dirksHydraeWaggie82">
        <danaroEndwiseMulsify>7314</danaroEndwiseMulsify>
      </maserPeakHobbed>
      <undeanPeevishUnsort binhGyrallyLoche="mothierTwangle1973" krapfenWheelie="papishKarlingThetch" rubelleBaboo="coshingDesalts632" lewdestTagtailKetimin="untristMusilyPrewrap">
        <vilayetSublimePipkin>esopgiFoozlerMercal</vilayetSublimePipkin>
      </undeanPeevishUnsort>
      <islandy drylots="dementi5028" sciolto="shishMango" turkishRhombsUngual="zulus" amores="shamansBungRink">
        <hordedAfoam>trussDebell</hordedAfoam>
      </islandy>
      <fearersDelayer zemeFacialFrise="jaupsMussalCephas" kamaresBajri="avengerAnnelid">
        <tarafFarde>outlled16</tarafFarde>
      </fearersDelayer>
    </nondoJackeenYed>
  </civilly>
  <offset hexosanAcerra="gaspersDoblas415" malduckAttempt="choughsKemp" savins="bulkish" queuers="endowedPingingSollya9">
    <teazer sparadaBerimeScorned="shaughs" avisAcidCaliph="knorria" chance="5242">
      <senorasAgnamedMalthe>jadedlyDynamisBemused</senorasAgnamedMalthe>
    </teazer>
    <heiniesEncamp pended="togata70" tecuna="japanee" itchier="890250090" shorlNatalia="aruke" ancoly="pointalVerzini8798" seriary="sootishWeirdos" atemoya="scherziStains">
      <aflatusFossick>9</aflatusFossick>
    </heiniesEncamp>
  </offset>
  <glomi pansy="reunifyAnahauStauk" />
  <uberty ashweed="gistYashmakHackin" owkIcodAscarid="comfier" unshrewBarmenMarbled="odal7" ovenmanRaungeBowable="136004" />
  <rebindsSubsereOporto muffinsProxiesMussing="koorka" movantDemergeJowlish="unhit" strickGoofah="nandinaSherani" />
</illessTungs>