<?xml version="1.0"?>
<ponchosCuifs>
  <penguin tollEon="2945" queuersHellimFlidge="astarte">
    <veristOohs secaleDudder="3634" mysid="divisiHardyAnseis">
      <agatizeHoweaTaposa>trawley</agatizeHoweaTaposa>
    </veristOohs>
    <flag>
      <aloeMucusin>oekist</aloeMucusin>
      <carlSeptateSmeller agenes="jacobicMuzhiks" knessetGrideMurgavi="rackingNangcaFragile">
        <estrousShoerConn>overwetOgonium</estrousShoerConn>
      </carlSeptateSmeller>
      <griots rondeauCarolynTritium="cerreroChelem" vuggsJeerers="651" chemungYokingBrasher="totanusIndeedyMesost" euphroeClosky="frisbee">
        <ras>canopySympode</ras>
      </griots>
      <expertsCathole stepperCairo="lutings" reaveryCowdie="kern">
        <sneak>fulfillOadalHeckled</sneak>
      </expertsCathole>
      <misdaubDreegh cueing="mokumGiftie" blonderUpscrewAbrus="rimmingGross" jetport="adenoidVileynsChemism8199">
        <foemen>unplumb</foemen>
      </misdaubDreegh>
    </flag>
    <beknitTrues>
      <refitTush>hewe63</refitTush>
      <isocratErrable shadingAiery="cosmic" dewingRaidedStickel="wovokaWorsensMossers" jamboolYeuk="almondsRobs">
        <lubbardShrives>manpackEmerasOshea2991</lubbardShrives>
      </isocratErrable>
      <nuque>
        <agnesSupplerNooked>foreignSiluric</agnesSupplerNooked>
      </nuque>
      <idealsErvils afetalDitcher="effTalas7" nun="707" nihils="flickNonbank" quemelyZoogonyEnfiled="655145">
        <demonryBabuma>bayletHebeticPeri</demonryBabuma>
      </idealsErvils>
      <inveilTeniaUnrhyme bestadChistkaCarajo="unipedCouped" yirredEncadre="mordvaUnsore">
        <tabbies>hogties56</tabbies>
      </inveilTeniaUnrhyme>
      <airglowConter outfleeUnstock="90835" atomize="inurnStrawsDosser" pouf="82485102">
        <imploreAorta>overtaxNowaysBeflour</imploreAorta>
      </airglowConter>
      <addicts advene="labridCoehornPaguma" heirdomGeerahPurusha="bismuthTurgor9" yamunSolar="enchaseWambledGlaire">
        <goa>pianetVesicle</goa>
      </addicts>
      <onychinEmraudUpvomit lulusUnrare="464993" pernioWhistedSquirl="haptenHeadbox767">
        <forloinChareDig>unmobleOffence</forloinChareDig>
      </onychinEmraudUpvomit>
      <swimyHubbies>
        <bugreFadeoutBlamers>thinkThiasoi453</bugreFadeoutBlamers>
      </swimyHubbies>
      <fuegian aneticAppaySupa="varlets60" yaliYautiaEasted="upgazedGentledCanions" pookaunKnow="gambolsVirile">
        <volensKillcu>16409296</volensKillcu>
      </fuegian>
    </beknitTrues>
    <maidyWerRackets>
      <ounds>romerosUnsafeNavels</ounds>
      <becarveScatts porisms="tabel" wommala="baregeHiemalMantids">
        <sou>splayedRotula</sou>
      </becarveScatts>
      <naucrarReffingStire merestCaperSpoused="845" tapsterAloe="236559" unbe="swiggle" cotterTitGod="870">
        <laquear>taglockBrubuStretti</laquear>
      </naucrarReffingStire>
      <boloedInditedBae stenosTilsVisards="labaaraQuickerApyrexy">
        <verpaApass>5</verpaApass>
      </boloedInditedBae>
      <bustlesCurariWauner beliedNiciOrbate="pireneAroint">
        <faldfee>parterMammothHydras</faldfee>
      </bustlesCurariWauner>
      <nipter dotty="strifes">
        <lcd>18308</lcd>
      </nipter>
      <nyxis hobosCupfulsMeath="vermin47" noghead="caplinsBeinBalneae307" maddockOrbite="hackle">
        <spadesFirelitIsatid>abatesAvoyer</spadesFirelitIsatid>
      </nyxis>
      <hunchedPubes vakils="effsMeniverFormby">
        <darings>livresHoggins</darings>
      </hunchedPubes>
      <roupitCivSubset galletRashful="elvishGoenKhair" suntrap="dudeenTilthsNape7" towsyYukkel="coupeeRobed" magiric="807">
        <uptightWherve>nugatorKibbled7556</uptightWherve>
      </roupitCivSubset>
      <tagtail yarlGhatsDryopes="fidacScones" carosseEagre="358575433" kabSpheralGaes="264">
        <hausen>9</hausen>
      </tagtail>
      <forbid xylinaKaty="regimeStaggieDivell" misleadAullayMon="17255" dogless="55848020" breve="225">
        <unform>161438229</unform>
      </forbid>
      <jujitsu grovesHeizedPirojki="adulate" chapAvaOvergo="yarestEndeTarvia">
        <plumifyNodus>773</plumifyNodus>
      </jujitsu>
      <thoraxPrunell pyrrolToner="craved" umbilicFantailWinkel="gregory4" breenge="sidebarKoradjiBurker">
        <clawkBeezerApeptic>killGeum</clawkBeezerApeptic>
      </thoraxPrunell>
      <joskin precoceLonersSparkle="amovingFactrix" platenRepuff="602" nickpotYakmanLandler="mesteno" payolasShorans="intueMoseGamori">
        <nowy>winchedNichevoMeguilp</nowy>
      </joskin>
      <unblest defiedIrishryGhiblis="855464">
        <spugTablets>outletHyades</spugTablets>
      </unblest>
      <hamzahMelior>
        <boloney>outpompPersueBavin</boloney>
      </hamzahMelior>
      <trophy betides="850" bynameTamoneaPikey="hummersOrdureTinta">
        <fanonTusherBedbug>info371</fanonTusherBedbug>
      </trophy>
    </maidyWerRackets>
    <incubi>
      <alnitak>bashkirMocockMessrs</alnitak>
    </incubi>
    <kieffer rocklayElatesJuicing="69673">
      <echnida>heretic83</echnida>
      <duckpinAnosmiaHero triplexGabrielArylide="kimFeline" roupyEminent="clipei" brucinaPikAnimose="barboyLycees8">
        <convectBibbonsDewlaps>blaze335</convectBibbonsDewlaps>
      </duckpinAnosmiaHero>
      <mange rhodiumDebrisChaster="effareOxbrake" baham="glow">
        <rousing>elixirDucaton</rousing>
      </mange>
      <sparker deputeUnkist="rangalePeoriaTizeur">
        <pacable>debugsIschiac</pacable>
      </sparker>
      <gulping>
        <biome>253642993</biome>
      </gulping>
      <isaminEructedRupitic tarde="spermyGardeny8">
        <meristTiddlePaucity>aye</meristTiddlePaucity>
      </isaminEructedRupitic>
      <tookenFingan>
        <cottiseBemuse>uplane</cottiseBemuse>
      </tookenFingan>
      <litchiBarged>
        <taurinDobbing>typobarPinksFractal</taurinDobbing>
      </litchiBarged>
      <pugmark atwinBraggy="pyre">
        <shuttenPookaun>poulter</shuttenPookaun>
      </pugmark>
      <nixedGather decayerSongle="birdmanFocoids">
        <sairUnspellRodster>ungagedDrupalGoniale</sairUnspellRodster>
      </nixedGather>
      <divests subra="kalmiaAitches" importsKeylock="datismSteinSerow">
        <hny>unrudeMeltersGast</hny>
      </divests>
      <lattinsBarless emerImparks="chalehFatly" muscotInnate="waifsEleanor68" karattoMome="64206595">
        <storiedFlect>gotta</storiedFlect>
      </lattinsBarless>
      <donatorLown>
        <drawoff>62</drawoff>
      </donatorLown>
      <jerkStubblyBrewis pirlieAkeakeCentres="116242">
        <lota>casqueGang</lota>
      </jerkStubblyBrewis>
      <ponticDoghood elapsed="deterUnsnapsBarwin" bonser="cuneaKeeners">
        <ahimsasDrownds>vitriolTwiggerSaladin</ahimsasDrownds>
      </ponticDoghood>
      <pinkeny arzanCenobe="sedilia" slubber="25508596">
        <blandElderSnath>feriaeHadbote</blandElderSnath>
      </pinkeny>
      <wanhornTiroMilling earmuffPitirri="tumboa" bagongChances="swimbelCursersJunebud" riotersRaob="weepedStgZapara" leersiaBisqueHerls="calvinVulg">
        <onyxisMoormen>667944320</onyxisMoormen>
      </wanhornTiroMilling>
      <amurca>
        <epizzoa>saningValsoid</epizzoa>
      </amurca>
      <summing colorin="opianicLushierLeiss" murkier="anosmiaCrookedTwirl" oaklikePreaged="ethrogsTpd" whanEnnoicArmours="dubbers">
        <bilbiDrive>bubHugelia2</bilbiDrive>
      </summing>
    </kieffer>
    <grabCaysEcorch>
      <hatedBurd>arupaAskarel</hatedBurd>
      <knur attentCorded="lucknowComfyUnwrote" koosin="50" natRaughtyGenep="4">
        <uncored>rasuresGerkinMargosa</uncored>
      </knur>
      <pavageTailTens>
        <ungruffDecumanBulby>fabling</ungruffDecumanBulby>
      </pavageTailTens>
      <abadiaDoodle uncoverWhitsun="cabsHsi" bilbySkidoos="motacilTalus950" nuttersRavisonPodagry="surfmenChoSuyog">
        <guarrauFigurer>ammiralCurIde</guarrauFigurer>
      </abadiaDoodle>
      <celling basil="ambledCusecs92" reemits="229033" areach="dacitic957" fluoryl="gallicTributeDimmy">
        <budwormUnhoary>affinesSkal</budwormUnhoary>
      </celling>
      <chymistCurrans spousalScruple="enserfJochenGrowl" amedeo="brittTolmen" banak="fingeryTakinBaviere37" chilesAxiateHalse="verditeTazze">
        <dellsBukeyef>brawner</dellsBukeyef>
      </chymistCurrans>
      <bettineBhotiyaGell skivy="geswarpChoirs" saucers="jagaStevenTenail" guland="paceArboursTheist">
        <loosest>poneridAaruCalef</loosest>
      </bettineBhotiyaGell>
      <lootie sidionMeith="malmedGoulanFix" frappeThenceNatick="lobata" wealds="nunksDeinosFumuli">
        <foppedDeploys>sarsensNolo</foppedDeploys>
      </lootie>
      <crechesDittedLakelet tlingitExshipTahami="tukra8" bldGraphedOos="8" shode="dismal">
        <limbeckUvularAugend>alumina8838</limbeckUvularAugend>
      </crechesDittedLakelet>
      <chosenHokan emarcidPteroma="lebbek" ribwortAlmida="collun5" majestaTwant="suaeda" bices="ranella">
        <chaftedPigpens>haybirdPeckierSjouke</chaftedPigpens>
      </chosenHokan>
      <grists fluorinWithdaw="kidsmanTerpine" hoodoosMartrix="gyppery" pith="ben">
        <eyesore>chamletSolanumAiel</eyesore>
      </grists>
      <thoreSirene baccaeCalcomp="abler4" bedegarOrmoluHollin="fishetKeynotePiaffe">
        <denuder>landausArretezExtg</denuder>
      </thoreSirene>
      <litten inletsRodmanPeitho="2" codexMarteleUnsets="scroyleDibutyl" badlyNineted="7">
        <dipus>1</dipus>
      </litten>
      <eagless wheezlePimentClouty="38252" stekan="265">
        <gellertCadencySparoid>arneThrain</gellertCadencySparoid>
      </eagless>
      <makahDevilry bejantCentai="rebozosPolyolDamsite" hokerMoutherCalkers="7284428" pyknicZealand="acidizeDaftar" sheiklyPuffed="8652405">
        <pharLekker>cyclopGlazier</pharLekker>
      </makahDevilry>
      <garniceGheesLinear powdry="zincizeRoupy" syboesCru="untrothOutsighTamper8945">
        <agalite>sainPeban</agalite>
      </garniceGheesLinear>
      <unlidGeodic gauss="darrenCouth" inlookLutfiskInlands="2572">
        <limpish>imvia</limpish>
      </unlidGeodic>
      <ferriesLoppedRecopy thymier="pionsUnseelyJink" insurer="96" punsterElops="shealsGableLochi" ankeePiasava="actiadClioneDeltaic">
        <revetoNihilHomed>swampyLettrinBajri</revetoNihilHomed>
      </ferriesLoppedRecopy>
      <draping aloinAthort="outsoar" divisa="bharDemerol" maltha="vet">
        <gelts>53</gelts>
      </draping>
      <docetaeHelcoid>
        <nific>sweal5728</nific>
      </docetaeHelcoid>
    </grabCaysEcorch>
    <stardomGrubbedEllice duffy="nonomadKetAbel">
      <shakos>oleaIsodont</shakos>
      <dely>
        <trochedDater>268116</trochedDater>
      </dely>
    </stardomGrubbedEllice>
    <cabfulPotlike azoriteConvoy="diplomaActoryWhid" fitmentTipoffsGaloped="carochParted133" teenieNylghai="iliauHipbone" psora="spritWirersMiamia" unweelSanton="speedup">
      <pinoKaput>advert</pinoKaput>
      <adauntDamolicSpouses pulquesGlairyPesetas="navarhoVaudiosYoking">
        <unspellWastier>eurymusPycnic767</unspellWastier>
      </adauntDamolicSpouses>
      <upcoil lazesUpgirds="brushy" inuredPeahenGingras="myelonOmelets" copalm="chereOrion">
        <hots>lendee251</hots>
      </upcoil>
      <joyous maenadSappersGramp="reposes" fulahAilingMagneto="inker" fainted="829097">
        <sludgyDeltaic>grafferTallies</sludgyDeltaic>
      </joyous>
      <cawnieLiever neuronsCynicsWebworn="ryokan" payrollIchorHatter="nubaBooedFeeling" meselryAssume="roamed" cocoyamFretishAerobe="lassoedGambia">
        <codol>99422</codol>
      </cawnieLiever>
      <titiansDojiggy algorHoboism="trisalt" feifMangeyRosalyn="femalesStag39" edemasTrees="mintyPoulardAlkine" bolis="268358191">
        <hamhungSpawn>woyawayCoart</hamhungSpawn>
      </titiansDojiggy>
      <splayedDrawoutTexaco xiphura="12694" oysterBrachia="skilderOutcook">
        <necro>kiddosYisFaddism</necro>
      </splayedDrawoutTexaco>
      <pearlerSalweyHeyday glance="arabistDodmanWelds" hummelSolan="6177">
        <nabaloiPolian>ridgerDevolve6</nabaloiPolian>
      </pearlerSalweyHeyday>
      <sitarChevet bailiesAmilCating="337">
        <jazzistKishon>riflersCrostWites</jazzistKishon>
      </sitarChevet>
      <phoroneTubed cuscus="spued">
        <panadaEphahDears>bizantMoothGaul7066</panadaEphahDears>
      </phoroneTubed>
      <egrid>
        <reslot>frumpsCanhamCauson23</reslot>
      </egrid>
      <guanaBlunged flukeGeodBanda="265666" uncapBantoid="winslowPapery337" chapelBromise="33">
        <tibicen>batboys</tibicen>
      </guanaBlunged>
      <zookersJumbles pentoicSuldanGeology="usarDroitCacam" snafuedDillierMarwari="deny">
        <nubbierHijinksArmorer>aidenn</nubbierHijinksArmorer>
      </zookersJumbles>
      <dipware noticeJudges="apium">
        <vidual>cliencySerioso</vidual>
      </dipware>
      <foiterExtinct yousTertial="archil8" crumby="72">
        <hunchesUnslowHetman>cotheDodging23</hunchesUnslowHetman>
      </foiterExtinct>
      <fibrils>
        <roasterPfd>palayan</roasterPfd>
      </fibrils>
      <cinnylCantataPlouter>
        <upaislePemican>dunlinRebids</upaislePemican>
      </cinnylCantataPlouter>
      <cokedListel>
        <rumneyDeashes>483257193</rumneyDeashes>
      </cokedListel>
    </cabfulPotlike>
    <socketWroGyred gremmieStable="sealike" moistyPlautusWice="betulaColobusCliff" enzymesDairtGlaver="85395593">
      <coulier>duperFiddleThed</coulier>
      <upturnsCrappedChicha buckBartonGuffy="rageryChestyMeacon" catalanAinusExudate="ariole" limaViznomy="995" sixmos="untrothSpatuleNonterm">
        <reapers>upshut</reapers>
      </upturnsCrappedChicha>
      <tunnelFloralChurns drantAdermin="tegulaeWhosis3846" teri="habubFlorealAngel" oeletCoconut="nitos">
        <raggingBlentOutroar>ambareeWhop</raggingBlentOutroar>
      </tunnelFloralChurns>
      <olefineMylodeiDartre>
        <arawakStudiedVetanda>42349185</arawakStudiedVetanda>
      </olefineMylodeiDartre>
      <sungElleViminal stichFoaledDabber="kitlingLotusinCinene">
        <golfsGateado>burgeeWheen</golfsGateado>
      </sungElleViminal>
      <slubbed steepenSurcloy="1357" amritRegma="muggarOutrove72">
        <ousterPenisApoidea>6</ousterPenisApoidea>
      </slubbed>
      <volto>
        <turb>torminaSowcarsGorcrow</turb>
      </volto>
      <aflowerRemakesRemount faitsDured="sudsmen" whilkutClause="fumblesImmerge" persae="99344">
        <ungill>8952</ungill>
      </aflowerRemakesRemount>
      <globalForcut bleakerLawmake="135177608" fasciliHoggetSubmind="yauponsMatreed" herebyNaggle="garbing">
        <chasmRampantListers>mustelaCircutsCaba</chasmRampantListers>
      </globalForcut>
      <tonemeYeti pahoGaduinKists="belcherEthicXviii6" reblueAstint="declareClocked">
        <pions>372</pions>
      </tonemeYeti>
      <cobitisPromsSlowish>
        <eluated>okayPliable</eluated>
      </cobitisPromsSlowish>
      <latigoZaburroDzungar otate="crwths">
        <givinSiffle>513</givinSiffle>
      </latigoZaburroDzungar>
      <artabe>
        <besnuffSolvus>boroniaCondignFroren</besnuffSolvus>
      </artabe>
    </socketWroGyred>
    <iodismCoctionGipped willers="orchid" rarely="nagaika" vari="nuggets275" athbashGnaws="owner" dftTeucerHammers="dolous33">
      <pouchedAlday>ixodes</pouchedAlday>
    </iodismCoctionGipped>
    <mythus>
      <spiffKyeTripple>125</spiffKyeTripple>
      <chilloPhenose entails="chamadeTillite">
        <slayersBorisUnerect>baptiseDalea864</slayersBorisUnerect>
      </chilloPhenose>
      <igloos>
        <troggerLoave>294394302</troggerLoave>
      </igloos>
    </mythus>
    <colorerArthralMinted precaryJussion="reifsMecateTophous" smudgesBecharmHermits="garettaEwe" lorenzoGlumesSpring="duceSpaed" routineOmphali="256938403" thurstCarded="terraMobiliaWhomps6" sixsome="ranellaApart">
      <ozonedPennatePsylla>owkShishamFollis</ozonedPennatePsylla>
    </colorerArthralMinted>
    <tellAliyos>
      <arunta>tassets</arunta>
    </tellAliyos>
  </penguin>
  <porret fohnsAnises="banivaRelanceSpectre" guerebaAcridid="phlomisBrushRelink769" pricingBavinBlasia="engsZoogeogToppler">
    <fluate>
      <subnetsPlayfulTwilit>alexin</subnetsPlayfulTwilit>
    </fluate>
    <frigageBariBisks>
      <garanceDownway>unpensAgriefHao</garanceDownway>
    </frigageBariBisks>
    <tholoi mariesAcquestStyles="pincase" fratch="bawlsHumerus" duledge="664389732" tidifeFrancas="phloeumPasi" mittentPottle="topknot9647">
      <nudeMyraWecche>femoral</nudeMyraWecche>
      <surmit ensuesOrecticAssahy="raisingScabby7" ollavYuckelVaguios="shaftedIncitedMedick71" absmho="blite">
        <pantheaHaltersTyking>anisylLampate</pantheaHaltersTyking>
      </surmit>
      <rondelGadids kurschUnsole="knoll" rispPippins="qtoGilding" pinsonPyramid="4244">
        <featherTrout>sphecid</featherTrout>
      </rondelGadids>
      <tensest peer="shrimpyMisactsIxodian" dicksDjins="vulpesBrawlis" tiple="saucedUncool" brog="935">
        <bardashMeiobar>boxroomVassalHery</bardashMeiobar>
      </tensest>
      <kedjave odic="madrid" aerugosCliackMummick="recombScegger8" roods="1">
        <morular>codecsChronon9332</morular>
      </kedjave>
      <irmaLaggardConatus blame="glagaRookyDuffed">
        <diacidsLargerKeftian>ptsPisachaExciton6</diacidsLargerKeftian>
      </irmaLaggardConatus>
      <pylonsPoachedTaiver woufMatinalRebias="punkest" resuingWustSpeech="shoyuBialisLeuds" starkerNapa="hegira">
        <better>feralAfftMegbote5280</better>
      </pylonsPoachedTaiver>
      <cresCesserWhacks>
        <hagi>recurve</hagi>
      </cresCesserWhacks>
      <gebangaTical stylopsAuntish="spurner98" vannerAudionSuavity="dubio">
        <stoled>handoffWaiters</stoled>
      </gebangaTical>
      <hopiToneme lutistQuellBandage="waddlesBeffroyOutage" wolfishEnteteDunner="dictate8782" deceaseBolasesMigrans="169364" sodworkMekbuda="pottaroMirier">
        <tosSpatula>679882229</tosSpatula>
      </hopiToneme>
      <dozentPavia cerion="dutifulOoblastShortia" crowdsWiretap="haceks" niveousSubsets="besant6" gustily="immit">
        <gabion>miscoin</gabion>
      </dozentPavia>
      <undrawnEdward hirpled="kungBemeetHdbk54" waymanLaureBushpig="unwildFowentTrior" kedgeFund="orby" foramen="oops41">
        <furcalRabbitBerakes>umsetChekistSilurus</furcalRabbitBerakes>
      </undrawnEdward>
      <gets judogiRubelet="hala" bahaiSoots="boorsCopolarJune270" tekedyeDreint="purfler9512" eschewsAculeus="ghrushAlgums">
        <mayfowl>zapoteTrypeta</mayfowl>
      </gets>
      <pewdomMiragy aptnessProxyImpasto="outsetsTaxman">
        <brisureRemints>9790</brisureRemints>
      </pewdomMiragy>
    </tholoi>
    <aukletAlchemBeylic>
      <fraplerHipline>thistly</fraplerHipline>
      <amboyna>
        <cauquiBagnetLis>attachAid</cauquiBagnetLis>
      </amboyna>
      <variola designMooneryLassies="weewawSureTejon" attomy="retainUranyl">
        <anesone>salfernIcarusDesexes</anesone>
      </variola>
      <mong sorbet="indy" hurr="woofs" cera="zoileanLucrous136">
        <jumbles>accourtAirflow</jumbles>
      </mong>
      <gritUrophiSkelps stow="tattooTaculliSteps84" goasComptlyOopodal="sensumDingar" zeusNitterMax="puces" linsang="manterBrotula">
        <naique>hallahPetted</naique>
      </gritUrophiSkelps>
      <minivetEmpair>
        <sabred>hemapodPares</sabred>
      </minivetEmpair>
      <cuisse tepasMelanic="coccousQuosDurzi" singles="10066" swoonSomneRegears="anama" girba="winsTotient">
        <umbonalCaproneManilas>webbyPeasen</umbonalCaproneManilas>
      </cuisse>
      <gash decksCotele="dharana" maghCirl="hastiveStuck" pascualNullus="palermo">
        <smurMarcher>bashkir</smurMarcher>
      </gash>
      <parlorGermPalch photoRevenge="caxton" welficListel="9182624" hanseAbuliasSquashy="spryest" physidAuxinicFarris="outheelArefactFlongs4">
        <lirate>parkaZinckeSpoors</lirate>
      </parlorGermPalch>
      <juang formedBigaeCorsair="secantsDisjune">
        <keltsPeiserQuadi>simara</keltsPeiserQuadi>
      </juang>
    </aukletAlchemBeylic>
    <buoyBeeweedCoween>
      <adp>monkeys</adp>
    </buoyBeeweedCoween>
    <vainGallahManners>
      <whores>droguetBatheDarcy</whores>
    </vainGallahManners>
    <debtorBrut>
      <befogs>cymblinFeasedRuledom</befogs>
      <watererWigdom schuss="swure">
        <slidesAlright>nevenLimacea</slidesAlright>
      </watererWigdom>
      <ricine bhokraEdgy="hornish" cumenylEmpallWeigh="possesWyve941" badgerPoonOlent="photalPomes" stuntIsidoid="unendedEvasionCalamar">
        <bongoQuiffs>762</bongoQuiffs>
      </ricine>
      <nettled bangle="9" araneaFaconde="poeDithionPhrensy">
        <clotho>579637583</clotho>
      </nettled>
      <taglike>
        <moletJiminyConoids>cindyPterylaDowcet</moletJiminyConoids>
      </taglike>
      <boarsOvenman vizorsAceite="eyed">
        <daur>broader</daur>
      </boarsOvenman>
    </debtorBrut>
    <emdaThiazol coladaKannu="filchedByworks9" unrobe="paleSourdreExtents" picheyDialist="staddleGuttlesIdlemen216" aeolia="talloelTeleut" ckwRecashBingee="uji" epoptes="reasons4">
      <lidars>caitiffWyting</lidars>
    </emdaThiazol>
    <stamens>
      <gunlessStrapDybbuk>yillUnsatin3549</gunlessStrapDybbuk>
    </stamens>
    <cuspateCormus>
      <tourt>greable58</tourt>
    </cuspateCormus>
  </porret>
  <nambanWantfulAreic quott="beepJeanniePisk" needily="firs" />
  <jeweler beauishAtune="sea3" shoddenKamik="gied" dourade="bobecheAsciPamment" hagwormSulciInspan="1289" />
  <sterletWadableTailet ramistAbillaApl="ramies" growsGrogged="shoeSicularBergere" prongyDharma="summaJauk" vitasti="461" />
  <fataleIntinesGestate debone="sacatraJackman97" tonsilSandeep="senaite" dinkiesTribute="sassedSauteurBetta41" leigerAccaHoarded="blvdSare">
    <jiggedGuenons>
      <refroze>hoggetEstrusClubbed</refroze>
      <poling nisaean="mindelGulpier96" thuds="cytitisRumTarmacs424" nudaFesses="94092448" paillon="cordia274">
        <ozonousEnki>brastAbraid</ozonousEnki>
      </poling>
      <hookish>
        <quireScarifyPottagy>75483</quireScarifyPottagy>
      </hookish>
      <scrumPerneaAttour santal="cropQuirt">
        <dogmasMiurus>dilutorTuille</dogmasMiurus>
      </scrumPerneaAttour>
      <fapesmo sinatraDaggly="trogons2642" entailTempusAbattue="scopus8" sambhurAggur="plaqueCorr">
        <uplitKamass>grovedIndeTisanes</uplitKamass>
      </fapesmo>
    </jiggedGuenons>
    <wilburGapesRegalty>
      <fumes>nightie</fumes>
      <ranulas bridesWarling="monoidKhalifaIno1223" alypumMarbledGrave="winevatCoopts" eloperCadbaitLiest="83709">
        <wairepo>leiger</wairepo>
      </ranulas>
      <seelful unarySilvics="derider6" venues="odored">
        <amitSaberedChaa>coraciiTapwortChs</amitSaberedChaa>
      </seelful>
      <eagletsFlneuse>
        <maidismZonariaBowlike>jennet</maidismZonariaBowlike>
      </eagletsFlneuse>
      <corozos>
        <fubbingDurhamMaba>updatedFollies</fubbingDurhamMaba>
      </corozos>
      <wrong>
        <curriesXiphuraCubla>genapp</curriesXiphuraCubla>
      </wrong>
      <swounedBallsyRetinal>
        <torajaMadmanAxile>corporaMarie</torajaMadmanAxile>
      </swounedBallsyRetinal>
      <comas norateGuaba="bedwarfBucklesColleri">
        <wilton>8262198</wilton>
      </comas>
    </wilburGapesRegalty>
    <seabootBaniBritzka>
      <kronur>lasagnaGleen2</kronur>
    </seabootBaniBritzka>
    <sinuateAnySoushy guffBanyansEnhuile="silicaLegisSharan" oeninCadambaSootily="blkDalt9885" rucksStolonsInsider="pokable4475" antrumGamont="jaggaryNodusDumby">
      <aeroSawny>fouler</aeroSawny>
    </sinuateAnySoushy>
    <noesSalveDishmop apolloNaperer="cojoinKrone" gobyKhond="turtlet" antewarRelight="30" jerridWaltGentler="6618" suldan="crumletUnspellEchevin" friarsJanuaMusings="stope1740" freakFont="garterThanage90">
      <freckleRiel>crestal5804</freckleRiel>
      <groowMeadowsOilcans larchWammusYowed="quadrel">
        <maniacsUrnsMether>rankerRamekin</maniacsUrnsMether>
      </groowMeadowsOilcans>
      <unsungReyoke silence="ivoryLampf6" buckish="popplyChumuluGranes7810" thermitEnlimnEnties="hippaTientoAnomie">
        <vaginas>amidstTenuate401</vaginas>
      </unsungReyoke>
    </noesSalveDishmop>
    <mandoreCarty>
      <rowdier>salolsAspirerGibbled</rowdier>
    </mandoreCarty>
  </fataleIntinesGestate>
  <decimusNapped daywardIndSmokery="durably" bliteMorgay="chyleVetoer" gutte="papboatFingalPlunge" obeliacUnice="slateGrouchyGrabbed">
    <carmeleGunne>
      <whishtsSura>descentGallateTem47</whishtsSura>
    </carmeleGunne>
    <reheats jitter="7145301" adageHung="46">
      <origanMuskieMonny>13007274</origanMuskieMonny>
      <guppiesUshersMinored pareira="joyless885">
        <zeroYammersIhp>hottingBeeth</zeroYammersIhp>
      </guppiesUshersMinored>
      <disemic tumefyFroskAncon="geast" posternMagnateFly="abyssaOutsailNipped">
        <assaysAnglist>limineWellingIhp</assaysAnglist>
      </disemic>
      <gapyPuru mimish="chica7" apportCationsXyster="numblesMidrib" rostersHomelyn="colureRadial" bottu="petit">
        <intube>basemanSleds</intube>
      </gapyPuru>
      <eweryModistSaponi whirls="3288765" hypnumKludgesMessed="5511" adeliteBarPleuras="2626">
        <peerageRhatanyBiotite>alewifeSanjaks821</peerageRhatanyBiotite>
      </eweryModistSaponi>
      <clashy roundly="rajidae" oakum="6218">
        <romulus>welshyMinorsEmperor</romulus>
      </clashy>
      <duenna oldnessBijasal="sememicPommeloForhow19" grillesIchthus="herbaryCedreneCaprine">
        <miltierUpttorn>acerinHavaikiSlob4160</miltierUpttorn>
      </duenna>
      <unreeveDowitch fleams="remen">
        <mantzuShootsVedana>obolUpstage</mantzuShootsVedana>
      </unreeveDowitch>
      <feringiRepegBillon arcellaGoolahSotadic="optics971" pensAxil="hab" panical="adward" petreMusetRomish="71207102">
        <trotsPlugsEnweave>fazesWelds</trotsPlugsEnweave>
      </feringiRepegBillon>
      <fabular ranch="297315" eysogeYogic="sisals5">
        <recanedBoonk>outfedEndshipImparl</recanedBoonk>
      </fabular>
      <optiveGlouted hobbingKichel="crierFreckleEpochs">
        <torsade>vitrifyDeckels</torsade>
      </optiveGlouted>
      <forgettBatadGansel hidingEpihyalStamp="losableMorong977" cuemanSibbsTiptilt="heer">
        <diopsisAkovSyce>keenlyCulpaeAsclent212</diopsisAkovSyce>
      </forgettBatadGansel>
    </reheats>
    <machogoCoragio>
      <iapygiiLuri>365579</iapygiiLuri>
      <impairMetopaeCaprate chymify="shortChamianBegins">
        <exhaleUnflank>kiefsMurphPrebid</exhaleUnflank>
      </impairMetopaeCaprate>
      <fancyTyphose fpmSuliote="repasts" hemaseGawkedBedral="flittyVergiMidairs" lengthWishram="quondamMuggishIncite">
        <unworthRichenWetbird>bailiff</unworthRichenWetbird>
      </fancyTyphose>
      <sprengYarke canadaGush="delvingJoleAntes">
        <outspyWhispYorkers>totumSiumsOrangey</outspyWhispYorkers>
      </sprengYarke>
      <dout caseineArrasesKunai="trumper" bowknot="spryer">
        <bldgSplined>env</bldgSplined>
      </dout>
    </machogoCoragio>
    <gymslip ptilota="whiningWallyHygeia3" levancyOared="cremona" refaitMudweed="unliver">
      <aprOutplayEisell>wimRecurs7</aprOutplayEisell>
    </gymslip>
    <rethawGambierCascol juttingArcForeign="kalo" yellSlavifyCalzada="39364" belsireHafnylBasial="124" frownerPlumify="39" sinifyPurples="alsoon604" gemotsCastled="arteUnode">
      <nicolo>75976523</nicolo>
      <aitis pecansFlitchWiggle="pulicidDisroof" valvae="froskInfaunaTarot" snatchy="nobbierViced201" estadio="tank581">
        <juckiesAdytaPisote>defectBlodite16</juckiesAdytaPisote>
      </aitis>
      <suptionTheedomMammons>
        <purflyGorevan>7</purflyGorevan>
      </suptionTheedomMammons>
      <secalin unadeptBelotteCantdog="easedWick" talutoCepeKhaki="animantHalvahs">
        <wyches>refelsAzotise</wyches>
      </secalin>
      <asaphid favism="craftly" gynecolKnabble="larking" lurersSavingJazzers="zapote" ruskinBillyoKil="ravison">
        <digor>prevot</digor>
      </asaphid>
      <taringTeargasVentail dobberVicDevisee="hydatidDustmanFoehns970">
        <beats>ague</beats>
      </taringTeargasVentail>
      <slavs wierd="taluhetZingedBecky">
        <pertuse>2248326</pertuse>
      </slavs>
      <filmLibyaFolkish borschtTimefulBanket="tittyFloret" sandalsLochan="waltzBetear" borane="ease" toxemia="randsWrawlerIsodef">
        <islemanFreckle>wastablSockmanDwt</islemanFreckle>
      </filmLibyaFolkish>
      <midgesDonk lorica="knobsGutser" phocalPhytyl="emulsic" odor="kiloton">
        <hiplikeTropeicVai>sphered</hiplikeTropeicVai>
      </midgesDonk>
      <lscReeruptEmbrues arousal="79731">
        <meresBudgero>3448</meresBudgero>
      </lscReeruptEmbrues>
      <senexStandAmene baledCaducaMau="postersBattlerWhippa" reforgeFociDinking="7" debarsAirlock="comicryStoterSheeter" jagheerVapors="fondakCognac">
        <diabase>tapist</diabase>
      </senexStandAmene>
      <widowerBeride revotePlayas="burntlyLingy" arroundBelotte="guavas" balianDying="garrotChiveyColog141">
        <amadousCaltropEmpasma>culrage</amadousCaltropEmpasma>
      </widowerBeride>
    </rethawGambierCascol>
    <lillBooleyAoudads faucals="rancelActualsGaeldom">
      <zooksCaraja>compsoa</zooksCaraja>
    </lillBooleyAoudads>
    <bignessAren>
      <erthenToryismOrchids>ramsons5</erthenToryismOrchids>
      <skelperDioticSychee>
        <altheasParsedBedsit>bummalo</altheasParsedBedsit>
      </skelperDioticSychee>
      <stuffedAmusedRebato zongora="boozilyBongoPaxilla" nataka="phonsKabalasErudit" phizes="randemSifts" diau="lumpersSwimScarphs">
        <eelyCaucho>karsticYogoite</eelyCaucho>
      </stuffedAmusedRebato>
      <lysisAdiceaLadydom crosseTaffiasHajjes="27369316" giltcupKoiari="opossumResoleCatalo" tybaltCavelPardon="degaussVitalic" kniaz="anjanTrodeDarius">
        <amanita>sikerGargled958</amanita>
      </lysisAdiceaLadydom>
      <feededCloque trullerFrizzlyTopcoat="guepardCopartyStoun">
        <ideaedTitar>75084</ideaedTitar>
      </feededCloque>
      <teleutoXeriff spahiTract="randonDirhams" bobcoatMystery="688584" pajamas="printedHissyFavel" lyttaeCocoonGlobule="deanery">
        <smelt>7</smelt>
      </teleutoXeriff>
      <ginglesYeuk chao="colmarLeptera380" saffian="squitchTreatedGizmo">
        <ebaucheSawnebOrfrays>cypriaStagsYabu</ebaucheSawnebOrfrays>
      </ginglesYeuk>
      <pedesisPurview mooniteSlummy="tod" jowUnfloor="cacklerSchouw82" micrifyTwanker="seoulSlushesCalling" sibucao="aradoAghaKuffieh">
        <tonite>291</tonite>
      </pedesisPurview>
      <chokeysSleathyDeskman mapwise="2">
        <verineOrgyTyramin>2</verineOrgyTyramin>
      </chokeysSleathyDeskman>
    </bignessAren>
    <sappareRespeak horntipZulindeAnticar="megilph" kyanise="deaden" antheiaWratack="ored" attle="tanking" cartElevons="poindAscill1932" ekphoryAuntFream="kathyRenalHask66">
      <mopper>lunulaeShady</mopper>
    </sappareRespeak>
    <alleyedHogbushEtrog>
      <gleamyCabanas>65</gleamyCabanas>
    </alleyedHogbushEtrog>
    <variolaDeenyXyst>
      <gruntSuberinNamaqua>9102</gruntSuberinNamaqua>
    </variolaDeenyXyst>
    <mishap>
      <soneriOpiates>667102231</soneriOpiates>
      <randy mapland="bur">
        <pistickRustler>7491</pistickRustler>
      </randy>
      <hikes>
        <showd>presee</showd>
      </hikes>
      <heeltapAbactorSordo nuclealGasperBookie="divestPlucks" taskit="novelSyncomClowned" cowledUrocele="neavil">
        <uptimePhrenolEggars>dawtie</uptimePhrenolEggars>
      </heeltapAbactorSordo>
      <amenity stickyMenatTucum="parodiRewrote" lapsYad="donasCerat" claughtGrunHughes="carnous">
        <hymnalFuller>dolledPropane5340</hymnalFuller>
      </amenity>
      <codlinSuited tamelySantirs="65016" ormolusCanaanRetint="powitchCotingDryops" epicierSidderBinode="500">
        <arboralVans>hydridWavably4</arboralVans>
      </codlinSuited>
    </mishap>
    <laxateEdifiedHadada tailpinCakier="woeAdvaita" messierJillingAudion="hotter363" ploatTabledHurdle="lordan" manxmanRedtopsSates="kokstadFigworm" seeksReprint="amunamBurlapSpoiler" claggyLooking="plumadeSauce" dumGriqua="herdics">
      <blitz>unrentChurchTokens</blitz>
    </laxateEdifiedHadada>
    <siricidBandosSnare>
      <yawney>bataviBoutreSorgo</yawney>
    </siricidBandosSnare>
    <baulea infamia="863448523" donum="briarSkunked" biasesUnties="haftWeapons" domic="khazenDeity">
      <snorerVomitus>pawkrieMarchet</snorerVomitus>
    </baulea>
    <rudySeston goblinInkiesLoaflet="lepcha" convexRoberts="revilerStactesQueller" olfactyForgett="bethuelFrontal" libbers="lorenCassias">
      <bearder>yokyCrosa971</bearder>
      <weilang>
        <clashedBedayFayence>swinkedCentraBelord2</clashedBedayFayence>
      </weilang>
      <boydomAttainsShoring libriOversad="lappishJaspery" deftestVandasMiauled="7">
        <puffwigGrataHowes>ophionRecart</puffwigGrataHowes>
      </boydomAttainsShoring>
      <amendsHamaldFlukes>
        <nosed>4242018</nosed>
      </amendsHamaldFlukes>
      <lassoes bightedSouslikBetoya="nutwood" crampit="teindOose" prote="laveer" parejaVioland="harmalaUayeb">
        <teazledPriv>tassah135</teazledPriv>
      </lassoes>
      <spong unfrailBurlesk="porc" signonsDummiesDits="undy95">
        <cavilGlos>obeahsMeteredManikin</cavilGlos>
      </spong>
      <been plaicesDurzi="rata" satsopKernish="almahCabaaSethite" seroonTabored="ncoFragged">
        <akiaTurk>tots80</akiaTurk>
      </been>
    </rudySeston>
    <morfond maadLapachoThereof="amlongPretryJass" huntedTortisThivel="alenuSlammer" parrotyDirdumCuifs="642366421">
      <grutten>binsHorrifyUppluck</grutten>
    </morfond>
    <rudge knifingThebais="urazin" paeansWriters="9744938" acerbSipperUlmic="murrineToupet">
      <sonnet>sellyBrasset</sonnet>
    </rudge>
    <vineMunPhugoid>
      <enodate>toms</enodate>
    </vineMunPhugoid>
    <flingerFondu>
      <staboy>826</staboy>
      <exrTonsil senorsHearsedCubages="2255" dinomysWidened="59">
        <dandlerNutmeat>shackleNurhag</dandlerNutmeat>
      </exrTonsil>
      <luckyAnadem litchis="145076" guaxima="hospice" untimidDicliny="809194">
        <binateDogsHoya>utterlyAcetite21</binateDogsHoya>
      </luckyAnadem>
      <coventObsStupp westingMichael="empties">
        <indiv>scarerRaseUpjet</indiv>
      </coventObsStupp>
      <jewryCutinsBeader phealDovekieJama="1007168" vild="avarice">
        <villasThyineGumlike>distyle</villasThyineGumlike>
      </jewryCutinsBeader>
      <noisingDobiesTraiked>
        <squushy>sploshy</squushy>
      </noisingDobiesTraiked>
      <piarist bewidowOutpour="lauryl" meekLigulinYaru="spaheeChinnyMouse" dreksKeyseat="molingAggurDavis" rowtedTonemic="lidder4205">
        <suitlyApinch>turves</suitlyApinch>
      </piarist>
      <amokPoutIan>
        <toftFugacyEmmer>radons5769</toftFugacyEmmer>
      </amokPoutIan>
      <urdeLupusErrite refixDhabb="doocotQuarred">
        <viliDuciRisser>passe</viliDuciRisser>
      </urdeLupusErrite>
      <lasking abortinTugsCores="spireMuon">
        <oreodon>loppard</oreodon>
      </lasking>
      <examenDoxies detShoalsLiquefy="tucker" morthScourer="bepartAisleFlukey" gedacktRhombusOrigin="argusesEuphemy2183">
        <redbaysEmulsHamli>valiseJuralJoypop259</redbaysEmulsHamli>
      </examenDoxies>
      <corajiFizzlesLoutish walchia="gorses">
        <bigburyAsdicsAnus>98</bigburyAsdicsAnus>
      </corajiFizzlesLoutish>
      <sawedMopokesBateman kama="camara" shuck="aumil" ficaria="froggedLecheryAcher" subcoatDialist="jollierShottsDonga110">
        <skitherPentoicNicely>rivaRigel8</skitherPentoicNicely>
      </sawedMopokesBateman>
      <reunionVerrell erme="miladisGlaucin">
        <judgesMogged>sunroomProbers</judgesMogged>
      </reunionVerrell>
    </flingerFondu>
    <abyingOverseaBollen>
      <kesseVerayFogou>urundayHoisterPogy</kesseVerayFogou>
    </abyingOverseaBollen>
    <java>
      <repicSapiensCivie>laelia1</repicSapiensCivie>
      <plagued dupedom="skyphoiPolypiGoasila">
        <socageAlityGotra>tripperSutrasGratins</socageAlityGotra>
      </plagued>
      <costlyCording>
        <olcha>relinerAbdest</olcha>
      </costlyCording>
      <prenzieDurns driddle="8183" heatedCambricKnaidel="hoolockDemerseSereno51">
        <whelkPanned>minor74</whelkPanned>
      </prenzieDurns>
      <martianPeacedGliders pallaeThaRighter="166284350">
        <finificArtar>144759</finificArtar>
      </martianPeacedGliders>
      <engaolPomaneFoveola>
        <pyic>codecsEmpiresWartime</pyic>
      </engaolPomaneFoveola>
    </java>
    <cokeman moversShabbos="hingesDier" fumersEggers="wype450" outcameDetacheBordels="8253" tetheryJarpFardels="nepOrthronMessed">
      <peweeFlectHunyak>redanOwenianTicca</peweeFlectHunyak>
      <acknow gantonDiwans="35071">
        <tradOutyelpYummies>suetsGalant</tradOutyelpYummies>
      </acknow>
      <melicaHarebur voust="ateuchiOrenda" deirdreBarken="1664856">
        <jejunalPuppily>birls</jejunalPuppily>
      </melicaHarebur>
      <oddlegsPandure whollAmomal="shentScutch">
        <bepasteSwiple>idolAggurUrocyon</bepasteSwiple>
      </oddlegsPandure>
      <osmolTenno excerpDalagaNotalia="iacchus7">
        <chintzJiva>raffiasMahaly</chintzJiva>
      </osmolTenno>
      <cowpatsJoggledDisroof belongsSourishSpiker="aleckRoupy" woozleSatingHankers="pulsedAukletTragedy" hexoic="belong" qtr="spaedomThriveTsatlee">
        <kafBooting>173476616</kafBooting>
      </cowpatsJoggledDisroof>
      <sahibKiotome fausantForbids="cultchCyanoAuburns" taberKvarMarl="hutzpaMilitarKlipdas" cogmanBimaCapri="3">
        <twixtOakumsSizier>gunnyMiting818</twixtOakumsSizier>
      </sahibKiotome>
      <paquetButin tautog="burkaYanquiGnomish" mohaveWaspen="fishyPenest" ariidae="ctfChytridCephus">
        <gratiaDimmitThanage>ghosterCanteenTriole</gratiaDimmitThanage>
      </paquetButin>
      <redrape wraxleDepose="31" dotageRhombus="tieless" bejucoCcid="knurlinSmash2188" welledReadier="jackets">
        <agySadhu>avisoRelockVirific</agySadhu>
      </redrape>
      <ogeesProvineSuccuss>
        <memoirFlashetPaulite>wahChalcid</memoirFlashetPaulite>
      </ogeesProvineSuccuss>
      <beryls>
        <triadsEphebeaLimean>stiltonNudistChirrs</triadsEphebeaLimean>
      </beryls>
      <redo pectaseMateriaUnipod="29436343" rezoned="lefter">
        <charvet>noance</charvet>
      </redo>
      <girbaMesionMirfak joyingDawedUntax="pigherdUncinch118">
        <defusePsoai>754755224</defusePsoai>
      </girbaMesionMirfak>
      <sesqui serpensFaffy="rookierMomento" plotfulVexing="swalloEncageWombat613" cahuyCosmistLeaky="sagged">
        <negAparaiNamer>530518</negAparaiNamer>
      </sesqui>
      <haemicSravakaTical gaboonsTpkeCorsac="equate" hedgersMiniver="puffing">
        <hulkily>mtxSeadogs</hulkily>
      </haemicSravakaTical>
      <infects llynBroomer="nasute" caradocUpsweptLakie="upridGerip" hahniumDeltasHarn="claversAsb82" seymourCutworkCananga="7393">
        <pinonesKoloUxoris>caddoanFdnamesRemixed</pinonesKoloUxoris>
      </infects>
    </cokeman>
    <repicSueviIdorgan>
      <guricBogans>795</guricBogans>
    </repicSueviIdorgan>
    <emotiveDearTownies succubAdipsyEffront="angloid" quelchFlidge="hindusFoster288" balasesOctene="eludedBassosIngent" ary="cottagePropago" balboaSakiehPromove="berakotRedcoat" aition="faderInmoreSucrase" haarSwithin="butled">
      <dobber>sedovicOomancy</dobber>
    </emotiveDearTownies>
    <elbowsPavanGirns>
      <kras>dasyaRotches</kras>
      <oatbinPavyConchs roopTsars="unskill" morosis="289" pargeUnreeveDuftery="60" odonataTantraWauks="cravats">
        <slineAurataLucan>dornockBoreenAnukit</slineAurataLucan>
      </oatbinPavyConchs>
      <glycolsWhishes sucrase="siftCookersDownby">
        <dustbinTimerauEpigyny>scurfShrisOdist</dustbinTimerauEpigyny>
      </glycolsWhishes>
      <divertFleechJicama inbd="30314450">
        <waddlesSodamidIlocano>apeletAnytime</waddlesSodamidIlocano>
      </divertFleechJicama>
      <greyingOselleEcarte>
        <vacandiHoweaPhonon>foramen44</vacandiHoweaPhonon>
      </greyingOselleEcarte>
    </elbowsPavanGirns>
    <niseiDiosmin>
      <cuiejosLencan>pierreUnladed7</cuiejosLencan>
    </niseiDiosmin>
    <carcelsSerosae>
      <nuddle>eurytusAgeusia4</nuddle>
    </carcelsSerosae>
    <probeSquaryAis>
      <welded>pycnialShiaiDelimit</welded>
    </probeSquaryAis>
    <babaRematchMopiest colinusMeriter="20109830">
      <idic>21</idic>
    </babaRematchMopiest>
  </decimusNapped>
  <valvuleIncages analavFilazerWaesome="wickyUnum" perusal="pandyPirot2072" pgnttDichterAcacin="geordieAmercerBeiges" />
  <oneUnheavy siressVendaceArdu="3424148" achorDeperm="normedMassifsOxidase" impressArridge="castor">
    <ringeyeBaconer nightlyKebar="plessor">
      <nullos>skeo</nullos>
    </ringeyeBaconer>
    <doniGholePogo>
      <bowpot>murk340</bowpot>
    </doniGholePogo>
    <araruSomatenRaced bandanaHalvers="grannyKongoni" whippaUnmeantNuzzle="leilaEquinus" prang="copycatNitos" lotteCanuckHasp="coenoTarpum6972" jefferyIzbaRecant="upleaps" lnrTemplesDauby="11113">
      <andingCneorumRulings>541</andingCneorumRulings>
      <rubaboo>
        <enfleshDarningTheses>kneepan4704</enfleshDarningTheses>
      </rubaboo>
      <brawnedSwitheOath cowfish="kabobsTentily" redatedBarye="messerHametz">
        <stereomCollybaSpur>5948</stereomCollybaSpur>
      </brawnedSwitheOath>
      <sqrtVogul tailzeeUpcreepTaiaha="parasChelate" toreniaSaugers="indictReplead" dipsoEched="436319" azorianPolderBoards="500464588">
        <libelee>minhahIvywoodSlatted</libelee>
      </sqrtVogul>
      <cymbaPorchedSered cigalaBullous="variateAsaphusGambles" nullsAucanMlange="countPantherEyeseed">
        <jurorOutish>kenyanCheck</jurorOutish>
      </cymbaPorchedSered>
    </araruSomatenRaced>
    <gollandReperk vertusReesty="2643" spatha="siwash" wafterSasaniPhony="560788266" nexusesYouff="wavicleEvected" roofletGimpy="levying" olp="6">
      <staiderDamonTaennin>chooraYclad596</staiderDamonTaennin>
      <demitSnitheDecrees paulQuercus="matapanOnagers4" ilissusSleeky="sacken" skinch="42">
        <choldHurly>kukangUpswellHows34</choldHurly>
      </demitSnitheDecrees>
      <istokeScapusDrouth acumenCabuyas="slenderJourn">
        <saggedFollis>addibleScuttyPomps14</saggedFollis>
      </istokeScapusDrouth>
      <backsey armours="sechium425" myricinEtwees="alkesBarmenSubfusk" mowersSuantly="astound">
        <hinch>jehu</hinch>
      </backsey>
      <varsha slankHazer="obiismAxil6" prahmFunliFakery="7334369">
        <swabCoxal>oerstedEmane</swabCoxal>
      </varsha>
      <cruelerMongSnooze>
        <nashgabCogman>ocelotsDiaBaffler</nashgabCogman>
      </cruelerMongSnooze>
      <guinfoCwms frivol="lupus" queeveIridHackman="gybedOswald" amtrac="cnemicPseudoCetonia" oxim="prix">
        <wastersSalamo>eves</wastersSalamo>
      </guinfoCwms>
    </gollandReperk>
    <aidsCoppersCrests>
      <daceloSheenlyBugeye>byrrusClatchyLeaper8101</daceloSheenlyBugeye>
    </aidsCoppersCrests>
    <cephusFocuser sangersGoldurnMince="84652">
      <cuitledGeoduck>tecaGulas</cuitledGeoduck>
      <gadflyEngl drillsCohost="basher3">
        <aweing>8296</aweing>
      </gadflyEngl>
      <orthal looter="chid21" sitiMiffing="swapperPhenixSagra4" clawk="hopWeak925" uropygiDhotee="reppLoonery">
        <outface>minicarAskoye</outface>
      </orthal>
      <mezuzas civvies="deodarsPeaces">
        <miloRiveret>khamiPaulist</miloRiveret>
      </mezuzas>
      <moggedPsi cwms="nettlyOrmolus" perusalIan="yale" dationPiment="machanKorova">
        <maney>cod</maney>
      </moggedPsi>
      <batBotellaHepatic>
        <jowlCabined>udalmanOner3</jowlCabined>
      </batBotellaHepatic>
      <moly>
        <afaint>hijra</afaint>
      </moly>
    </cephusFocuser>
    <imbanSheriaDoozer>
      <quesal>mayo</quesal>
    </imbanSheriaDoozer>
    <anglos jussionMoorhen="darklesFetedPim" pushingBarquesPilfer="gryllos" ophioid="12" bewaresTeopans="82" birgusFoldingBravas="tussorsEnhalo" ambaLadled="twittenFredDecyne630" shayedCarceagDoltish="pprDarrein">
      <antiarMeritDefamer>tensedLiveSiest</antiarMeritDefamer>
      <mensae>
        <eques>lampadsKirkman</eques>
      </mensae>
      <ninaStrawedBegrain faysRaspis="817791" juvBlooped="bootiesClifty" rosaryTimar="thraver">
        <denmarkOpianicStichel>barkleDebitedVibist</denmarkOpianicStichel>
      </ninaStrawedBegrain>
      <hostlyAffeirBisalt sawedSamechsFroes="wagger" sabiaGirded="583405896" stavedSpeeded="diritySpart">
        <fiferPoohedDepute>detenus</fiferPoohedDepute>
      </hostlyAffeirBisalt>
      <palour widdyDebeigeBurping="twiggyProwler" fermeAspiresMouill="cists" farfalHugonis="gruccheUnbank">
        <pickelSmack>2</pickelSmack>
      </palour>
      <ababua>
        <shearerFinewed>defectsBeltmen</shearerFinewed>
      </ababua>
      <judaism versuteRhedaeIloko="3344798" blondes="12619" ampassy="breakaxEarclip">
        <senex>janglyAquasDairy</senex>
      </judaism>
      <cystoseGyratePenman precavaBamothTiffle="forwalk" drysterBebeast="gyms" chitterDoganaSempres="fconv" kirmessFolioedGybe="proartOthmany652">
        <mug>piliferCasitasDepr</mug>
      </cystoseGyratePenman>
      <vatMenacme rhinionArrivesParring="betimesGour" molimen="40592713" garbsAhirTarries="256" easiestSuddle="gestateFoeshipBatete">
        <mauler>kernelsBromol</mauler>
      </vatMenacme>
      <candielPilauedMispay keramicHuggedNeet="hemeMoiGery" lanzonMyrick="wavesonAwfully" mutuel="kitan7" scammelBurnout="chrysisNewtonsDodlet">
        <sep>978</sep>
      </candielPilauedMispay>
      <raidersPoi adsorbs="668260719">
        <ichu>vowers</ichu>
      </raidersPoi>
    </anglos>
    <films>
      <cloineFoggier>thripelWindill731</cloineFoggier>
      <rigletOboliOutbray annexaAldeia="30536108" muts="kellParsi">
        <tutress>doubt</tutress>
      </rigletOboliOutbray>
      <drove move="cassoni" pavia="englutMouthes">
        <gallerSyndoc>6</gallerSyndoc>
      </drove>
      <fleabug longearOperandVihara="snoodedExine6" apparatBenthicToko="ducting" goenCussedQuira="skivers89" mildew="cyton5">
        <navahoEraserYuruk>5231</navahoEraserYuruk>
      </fleabug>
      <discernComment mogote="izar">
        <cinuraLogicalRelap>feodalAymeDisk</cinuraLogicalRelap>
      </discernComment>
      <waxbushChidden alacran="giuntaSilenus" tikur="tassiesCalkers" recharFowageRimose="86185" hydride="sienese">
        <virtualBarbletTapuya>63</virtualBarbletTapuya>
      </waxbushChidden>
      <rummesBrestScaups breastsSkillFloey="gales" bagneAbeleSwerver="563" fain="parensTiffins" scuftMisrule="carrierExplantTaped">
        <mitella>bourseIndigoVelte</mitella>
      </rummesBrestScaups>
      <arabizeSeeressDiscing eyeshot="bassoon" storms="lawsone">
        <ramjetsLadinos>2919715</ramjetsLadinos>
      </arabizeSeeressDiscing>
      <anlasesFondaco abarisPhugoid="plapAllice">
        <couteauBothnicScag>unca</couteauBothnicScag>
      </anlasesFondaco>
      <fneseManteelAdvert invitee="35562" fusilsVolpane="138312">
        <poesieYoruban>cephala</poesieYoruban>
      </fneseManteelAdvert>
      <coilersTritor creachy="4410823">
        <loretin>stungTuckers</loretin>
      </coilersTritor>
      <buckerBrown twistlePathan="devvelEditionSternal830" salolCessioBugan="dinomysSheriaTot653">
        <iceboatChronol>narwals</iceboatChronol>
      </buckerBrown>
      <knitsMamillaReoffer baldric="wakonLarge" ingang="spurted" revoirBange="wauksClaudio" gazon="woadedFames">
        <lat>calanid8</lat>
      </knitsMamillaReoffer>
      <cannas plumer="dogs781">
        <swapsUsward>asters</swapsUsward>
      </cannas>
      <bemar gumwood="jatos" rubbeeEluatedEugenie="12" sunbath="rankishGauze">
        <copsole>hoarse750</copsole>
      </bemar>
      <sumbulBangosGdinfo>
        <capfulDepartsSalvia>45</capfulDepartsSalvia>
      </sumbulBangosGdinfo>
      <dabblePlenumAufait waggonLorchaPictury="laybackLicourAntal" indabasQuibletTeleses="recheck">
        <apothec>pennon2629</apothec>
      </dabblePlenumAufait>
    </films>
    <bushing rummyUnsell="747570">
      <softFeuded>32223664</softFeuded>
    </bushing>
    <blockyFazed>
      <quisby>lwmShechem</quisby>
    </blockyFazed>
    <nulloSumpman kareau="leegte" ramify="uncokedTututni3245">
      <longs>koftaBoyars</longs>
      <koaMistake bardism="507298023" wrongdo="624514968">
        <expungeSotols>gesticInbe256</expungeSotols>
      </koaMistake>
      <dhotyEngr>
        <agers>frauds</agers>
      </dhotyEngr>
      <throveDungyHalva unfoldsThundTenias="saunt">
        <boltStook>3607181</boltStook>
      </throveDungyHalva>
    </nulloSumpman>
    <gunplay>
      <marinalInvar>720428</marinalInvar>
    </gunplay>
    <gutiumSabellaNautic>
      <tidefulAlite>misaimGantang</tidefulAlite>
      <slinks rigadon="54206" decateSpadgerInfauna="morphos" illusArtemis="freath3">
        <sphere>swooper</sphere>
      </slinks>
      <oncoticPaxwax>
        <lactamNarrows>dueled134</lactamNarrows>
      </oncoticPaxwax>
      <shoreaMulls noilYupon="neapsGerman96">
        <bulboseGregeGercrow>410</bulboseGregeGercrow>
      </shoreaMulls>
      <impede>
        <nurhag>mutinedCottusQuilter</nurhag>
      </impede>
      <etrogim squegNyroca="yonic" gullied="enoughSober" strowd="murtherDaoine4" wadmelElon="85190">
        <bicronFlairs>cuplikeNastSlab6440</bicronFlairs>
      </etrogim>
      <bhavani tinwaldIodalIsleta="ataghanGrimly">
        <feering>144</feering>
      </bhavani>
      <lacerta redoingAzilut="shafii99" caringTronc="anticlyVexils">
        <diapersLeantBeknots>shabbyMauriceBoggy</diapersLeantBeknots>
      </lacerta>
      <molidaeDoina petter="noddles9711" balkersBarbuOutwish="limidaeMenadic" shinkin="dewyUpbeatMoper">
        <tubbersFrothedZoism>bai</tubbersFrothedZoism>
      </molidaeDoina>
      <viraginIngotedPenfold partsSayable="7470" filbert="polio3" talcVastest="884609255">
        <dioxaneRodded>simlinDropax</dioxaneRodded>
      </viraginIngotedPenfold>
      <silvers>
        <maughtSwatheAnise>minuend</maughtSwatheAnise>
      </silvers>
      <pinuelaForbar chequesValsoid="10" borides="centimeRefriesRobbing" yildunHording="eucriteDocksProximo479">
        <withiesTulipa>quacksKaput</withiesTulipa>
      </pinuelaForbar>
      <exedentBiggah yeshivaSelene="clamber58" shackos="unal" chimereGillarFinale="reppsMaricaBeetler283" pulled="dogeysEclegmeOutwood">
        <outrang>985</outrang>
      </exedentBiggah>
      <djersa absalomRopedMyopies="hoopleBethBoomkin7">
        <boutadeAmbalam>carotidVoidly</boutadeAmbalam>
      </djersa>
      <coneysSpence hewhall="bisques" foveateWakifLivyers="junkierTarpeia635" bushiCorkage="kurnLeban3650" shivooGlutinSwingy="uphroeGrowseFetlock">
        <vealsWalling>atophanBettingLarikin</vealsWalling>
      </coneysSpence>
      <guanaseSpaning savorsTurfdomAllure="829440">
        <shelfyReshoe>912405</shelfyReshoe>
      </guanaseSpaning>
      <bustersSlumsGherkin berried="cowierBenign808" heavensVisayaAcarida="87823" oofBirdsCommark="oxidaseToyota" cahill="febris">
        <kelty>yonkers</kelty>
      </bustersSlumsGherkin>
    </gutiumSabellaNautic>
    <sewagesAhaainaMammodi>
      <syudWiganDisseat>85120</syudWiganDisseat>
    </sewagesAhaainaMammodi>
    <seder>
      <cornilyRevered>richly</cornilyRevered>
    </seder>
    <toluidePayorUnsaked>
      <qintarAdientScullog>7</qintarAdientScullog>
      <cuckSinuousUndevil scoldedMulctGoniac="yinstTheyVesbite" hosedWroot="2336587" berthaPicrylJann="scummedWillawaTollery2" kentleEntrapUnrufe="sturte">
        <bocceGibaro>brosMutilla</bocceGibaro>
      </cuckSinuousUndevil>
      <tooroo>
        <ichKaas>affied</ichKaas>
      </tooroo>
    </toluidePayorUnsaked>
    <faki>
      <keysetsIcosian>tinniClape</keysetsIcosian>
    </faki>
    <unvyingMathCast wissleAppling="jesseanDraftyZymoses766" naunt="sergeOud" abature="aplysiaShahdom" palliumStoogedPyruvic="dantean" surfuseOlid="rapefulYoickEpigeal" drawnet="cladoseFlyballMandar">
      <tails>indMirkWheel</tails>
    </unvyingMathCast>
    <timbres>
      <barhopVeepee>84</barhopVeepee>
      <stanksJulia cavishDisusesPokier="cramblyExlexSowans" dares="apache">
        <lwm>sensate</lwm>
      </stanksJulia>
      <juwise viasNincumDeticks="azotize">
        <runs>ifintGazefulOdds</runs>
      </juwise>
      <terrainCountDobson cubeApyreneArenite="gypsyfy">
        <facaded>bravadoSavoryTangka</facaded>
      </terrainCountDobson>
      <tetrads>
        <myonemaZooeciaCrural>acajou</myonemaZooeciaCrural>
      </tetrads>
      <flauntInhive veloceAdmixtNpeel="scrimyToitsPochard" acheneCreekWaters="97">
        <rabid>sinsNephriaVivax</rabid>
      </flauntInhive>
      <unfitlyHyenic auxesesSlaveyAureola="bodikinInfairWeeny" start="9" gongman="motoricAlaskasErnes">
        <tapuAster>daudGlasser7261</tapuAster>
      </unfitlyHyenic>
    </timbres>
  </oneUnheavy>
  <tailage />
  <padouk>
    <feelingPrater zeatinsRotates="roar" enjelly="gerundsEscMidmorn" rashest="sloggedCelebYamel" gandhiChollerHawker="betonsSultryAnonyma" isdnDoubt="shirrsDunbirdMatzoon">
      <exedral>halfaPta</exedral>
    </feelingPrater>
    <persioPaideiaMisfond>
      <clavus>tuckets</clavus>
    </persioPaideiaMisfond>
    <foochowDevotee rewanDetElusory="kasidaEstab" portend="spinel">
      <randoriCapannaBalon>665692033</randoriCapannaBalon>
      <pneume strey="maculesProte220">
        <obaUnsameNevell>775083271</obaUnsameNevell>
      </pneume>
      <encurlLouverOnce elmsSawbackBullary="dawningSigilsTamping" alnath="osmond21">
        <ethaneLycium>cacoonMessierAbysses</ethaneLycium>
      </encurlLouverOnce>
      <rhizineSluggyZiphian rimeryMustifyYardage="eraseDonatesHogship" etuis="droningSarsarGapping">
        <casksForged>electra</casksForged>
      </rhizineSluggyZiphian>
      <preta perobaPlonked="sacraryFawnierCumene" hoys="dagheshUnpoise" acerdolHuia="parmaExhales" sposh="chindiGasketsParvuli">
        <organryIncomer>girrJaggyAdoring</organryIncomer>
      </preta>
      <woolder>
        <cheneau>8413</cheneau>
      </woolder>
      <reveredTawtieWooled>
        <boloneyVerityMorat>gneu</boloneyVerityMorat>
      </reveredTawtieWooled>
      <nonceInjunct exiesBeepingFlavour="famulli" mounterHardilyHexyl="163493" sultanSpicous="predata" yokRivenSeekers="loopy66">
        <mulder>4944</mulder>
      </nonceInjunct>
      <encaged dattoCinches="rufflesEctypal134" chekistPrestosEuonymy="571223202" cswAcolhua="doglessOrielWestlin" yirredVangeliCenizo="festucaVampeyPentail">
        <sherpasDaukeSamuel>791</sherpasDaukeSamuel>
      </encaged>
      <copiousAnnual plunderJumbieJubilar="skyey" skinfulOutwoodSilt="ruewortCocas" coles="2463" boke="ydsCapote">
        <tite>kreaticEngrege9247</tite>
      </copiousAnnual>
      <calidJunkyBarwood utopianFishy="yaruraBoffo5" epaDoyltTarboy="tenentPoachedFconv" ethoxylOverhit="curledPackers" unheler="glowedDhourra">
        <lautite>clawsGlycolLoupen</lautite>
      </calidJunkyBarwood>
      <cepes suresby="cize">
        <fielden>glovers</fielden>
      </cepes>
      <grommetRubiousNoises>
        <acquire>9</acquire>
      </grommetRubiousNoises>
      <bursarySacbuts pretoneOdorPronavy="giddiesUtilise" balkanRoutierLection="upbidModius">
        <appled>sueveWaggly</appled>
      </bursarySacbuts>
    </foochowDevotee>
    <ampuls>
      <ophrys>222</ophrys>
    </ampuls>
  </padouk>
  <jaupedPallEggment yerbaNonsked="flagonsEndgameNaib4" lepteraSorghosBeecher="ooliticImagismDeemed7" />
  <jazzist fakyBoucle="vinyls" boyGalyacs="melonrySoulackPropter" />
</ponchosCuifs>