<?xml version="1.0"?>
<ickleEnstool>
  <wyverTypey jollierNaives="weedow" equiaxePeckageChickee="whops" />
  <abandNozzler swayful="635479" quab="71" mammy="anarchs" />
  <grouze coifingParches="parchy" lemna="3958" outlaySecessPapule="handlesCaslon27" ineri="chibritIctuateLoaves46">
    <prolinTuzlaGlitter partiHob="clownPhloxesIsologs" harmfulUnbrentTyloses="younkerUnprim9749" quangos="bonityUngildVinal" garboJutes="blindsTrucing" kabakaOsseinStid="859894628">
      <gphHalloosTalion>58140</gphHalloosTalion>
    </prolinTuzlaGlitter>
    <impanelViduineSamfoo>
      <flegmDarrell>19</flegmDarrell>
      <agneanMoronTahami porcMarines="anergyLushedDonnee" pascola="charges485">
        <bahamIsogyreCryogen>9611</bahamIsogyreCryogen>
      </agneanMoronTahami>
      <outcomeShankDominus cub="vomitusDowriesCazibi">
        <legiblyHerbid>slooGluiestCubbyu5018</legiblyHerbid>
      </outcomeShankDominus>
      <penangAdvoyerRedeed>
        <odorousBelite>parolee9121</odorousBelite>
      </penangAdvoyerRedeed>
      <debases oldestCortina="porkoltProtyle1" indiumsMaywortRms="dulcinScarph">
        <nauseaLapacho>85418063</nauseaLapacho>
      </debases>
      <teton skydiveAcrita="novellePaynimsOrillon" bedaff="bantin">
        <lomboyFwdUngueal>singh</lomboyFwdUngueal>
      </teton>
      <dite doriesLaroidNuttily="inclineUnitsRelishy" combingBulletyAgha="pappierAlbumDrinker478" remarchCalkinsFam="640780920">
        <moonset>retchedFillersDiporpa</moonset>
      </dite>
      <unboltFizzed farcialTipmen="warstSpruesPotbank561">
        <cambayeMopoke>26444</cambayeMopoke>
      </unboltFizzed>
      <indweltAcetaWinzes>
        <syphers>2591</syphers>
      </indweltAcetaWinzes>
      <summar hangeReplateAlix="3787" kotwaliHominalPuppis="2" menacer="9" acephal="laser220">
        <unaged>outkeep</unaged>
      </summar>
    </impanelViduineSamfoo>
    <outlopeSnubberCompte lipoidsFaggots="stilbumWithal" tailors="84555406" cordal="sildCicer" sewinYobi="nangkaDeigns">
      <litsterThsant>guywireJink</litsterThsant>
      <syncsStatary neilliaPaleron="teraphPekoeDoctor" ototomyVandalsUniv="corebox7150" roripaRusticsMeander="49283" tannid="dominee">
        <nopaleaRetailOffense>molineUnchokeCourty</nopaleaRetailOffense>
      </syncsStatary>
      <solgelRenteHarsh epacme="surbateSatemUrgeful" tropist="setoffPonica">
        <arunta>burnsThomasDeposer</arunta>
      </solgelRenteHarsh>
      <geosidBogomil tradingForbow="cageot" bine="elzevirScrogs" snarkInanelyEnde="62804">
        <smokishBeaglesTamas>fogs</smokishBeaglesTamas>
      </geosidBogomil>
    </outlopeSnubberCompte>
    <brosy>
      <empark>6385647</empark>
    </brosy>
    <hell prosersYuzlik="flagmen" arpent="9" lunateCulponUnlowly="25" drogues="togues" menthe="cabiricBadsBoss" updatesDegrain="95">
      <lampf>546565415</lampf>
      <inwrapAstian gummousAgony="overplyWeeded">
        <typhulaPartile>marker</typhulaPartile>
      </inwrapAstian>
      <signersVauntie alumnaCuchanSenors="2448">
        <grannomGesithTalles>lave</grannomGesithTalles>
      </signersVauntie>
      <rewriteGrassedHollows hollaedHarmoot="nocenceSementCirsium">
        <todidaeEnrich>gonagiaFights</todidaeEnrich>
      </rewriteGrassedHollows>
      <hutzpasSeeder imaum="feued" emmy="wryestStruvUpfling">
        <runeSensu>scrush</runeSensu>
      </hutzpasSeeder>
      <zippy onehood="7">
        <vaporsChaetal>144884918</vaporsChaetal>
      </zippy>
      <addyThem wanglerUntarTorulas="squireAlaskasMesopic" rowingsLulled="ionistBenomyl1708" dacusTolterLucumo="tientoSeeksOffers" hangleItoism="scenary">
        <finite>ribaldsRehonedTrench</finite>
      </addyThem>
      <cardita rancherVestlet="noggedTierer" unfitCasparPhotos="762269130">
        <decor>piggy</decor>
      </cardita>
      <apelingAscoma cantsNardus="kabayas749" rivaled="demidog39" sistren="8" namareMusculiArret="densBeblood">
        <violalUnrun>meriahResumesDespond</violalUnrun>
      </apelingAscoma>
    </hell>
    <oustThorterSauncy alepoleDudesHover="abwatt" hajesWorrel="wennishRsvpTailers" vario="gauilyGlugPumping" acatesWindy="tombacsSlutter" shooterWhangamMalope="sardanaAspring">
      <mesoLwm>yakkersDonzelHicatee</mesoLwm>
      <defiler peracid="lallingReraise" dabster="marmink">
        <sufiAcheHarks>aoudad</sufiAcheHarks>
      </defiler>
      <prerentUnprimEchoer cyclianAbjudge="marmSwains">
        <leveretCarpels>337568589</leveretCarpels>
      </prerentUnprimEchoer>
      <grimed harijanCubebsShopman="cyclesOpuscleTormen" properBarba="sequelsCrazily66" lack="handy" fetureUnbonedArgyria="iliahiQatBroche">
        <yenCroupon>destroyPicket</yenCroupon>
      </grimed>
      <cornute goniac="aptiana" invoiceGiliaScreeny="foiblesPrivierSaltfat">
        <piton>swardyAmeliaTheurgy</piton>
      </cornute>
      <loreleiDonsieCozier riggot="tedgeMoling" gouOneZantiot="sockOsierySquail" torretAlipin="5" traneen="glumpSnobism">
        <recarry>42189</recarry>
      </loreleiDonsieCozier>
      <albergoCohogAllotee flunkDiffameEmil="uproots" julieParging="75522430" villous="isthMincioFishman" sextanJulusNumida="mokador">
        <sorning>grogramJollier</sorning>
      </albergoCohogAllotee>
      <diamberMollandCaecal horryVaw="notablyDithiolCaserne" crazeHoutHardest="ariososSubfuskBondoc">
        <teaksVicaryHogo>dustsPictavi</teaksVicaryHogo>
      </diamberMollandCaecal>
      <baku>
        <ferlingChinoisBobooti>2716647</ferlingChinoisBobooti>
      </baku>
      <unturfDrats assapanBowery="86438129">
        <cliver>skimmer</cliver>
      </unturfDrats>
      <pinxit grantia="boatmanJulePulegol" cystDianoia="undrawsBenzeinTiffs" addlesSaily="arointAmebicCracowe">
        <khvat>rearing</khvat>
      </pinxit>
      <lagoonArdishDefies>
        <cro>73</cro>
      </lagoonArdishDefies>
      <outcastBarile varunaBlaubokBugs="litusAerariaArabite59">
        <epiotic>reannexIcinessAmeiva</epiotic>
      </outcastBarile>
      <chutesRigsbyVier realismFisted="922449" amenity="carguedTwere" darvonWaup="infer">
        <souagga>semiarcBaulked</souagga>
      </chutesRigsbyVier>
      <ethenol carcass="redosDammar" meiklesPycnial="backoffSaffron" cylixBanker="saucingSneck" fiacres="buteScarer">
        <worthsAbatesReavow>haemonyUnwormy</worthsAbatesReavow>
      </ethenol>
      <moloch forbids="626046358">
        <mixhillCraccaDaeva>tittersCoder</mixhillCraccaDaeva>
      </moloch>
      <canmanZoll rastus="keraci">
        <grifterFaconne>volts</grifterFaconne>
      </canmanZoll>
      <epigoni saucerBeltingSukkah="366116" plushly="kellet" dominaBeleeOrterde="beday">
        <teasingGuessedDivisa>900</teasingGuessedDivisa>
      </epigoni>
      <erinnicMinsStaunch>
        <ascenceEnroot>crouch</ascenceEnroot>
      </erinnicMinsStaunch>
    </oustThorterSauncy>
  </grouze>
  <asoniaEveque>
    <campanaSnooper>
      <thingyMarliKudus>shorted</thingyMarliKudus>
      <clach jouncesKyloTurbeth="mirkest" warred="pagine4">
        <insiderTominesUnkink>coopeeAgitGunrack</insiderTominesUnkink>
      </clach>
      <bulgurBop rommackScritch="fortisUntyped">
        <fangs>linter</fangs>
      </bulgurBop>
      <echelonMelon>
        <nuptial>wilroneScrubbyOwerby</nuptial>
      </echelonMelon>
      <smazeRedoesDeforce>
        <yachterAirmen>2225</yachterAirmen>
      </smazeRedoesDeforce>
      <treronJiltsCombind dcolletDzoJellies="audited" mammaryLimpers="vocals" urarticHurraysManuals="678">
        <mouches>wyes</mouches>
      </treronJiltsCombind>
      <elboic>
        <solanumCograilPitiful>ausDapson</solanumCograilPitiful>
      </elboic>
      <patrole ovenmenPlenaryHough="499890053" aguishPrestos="bywaysUparm">
        <cheminPredata>hort</cheminPredata>
      </patrole>
    </campanaSnooper>
    <feature sturin="dabLobeBlueing8732" remetAmaze="nereidsRipup3433">
      <capfulSloyds>506892</capfulSloyds>
      <semois bezoarsFatlingRheic="79" skulk="maimul" triaxalJoist="sparverVese3999">
        <digeneaJostlePagine>76729810</digeneaJostlePagine>
      </semois>
      <manilleLeftest saquaroBigroot="lotionsSharia" rosetanAmilOoplasm="whaling" pharianNuchae="impingsChiro6293" mislestUnturn="940585668">
        <dairtUnstiff>9947275</dairtUnstiff>
      </manilleLeftest>
      <hyrax mulctsUlexineIsopoda="washwayGamuts32" centonSkoalsRfb="ilealFaqir">
        <quotersMeaty>evensUnkistEmbosom</quotersMeaty>
      </hyrax>
      <suzetteEpoxyedSnickey aivrWagon="deed" bulgursStashedYomud="browsTrampIguanas" enticesBrokers="25" chacmaEquuleiIntra="tribual">
        <durrasPuggishBaleens>posauneGildersEnsate</durrasPuggishBaleens>
      </suzetteEpoxyedSnickey>
      <zyzzyvaVol syntanJollop="arcidaeRumba" loosedLariatBefur="jubbeGutwort" rhombosKashira="figwortRomaeanAbsurd" septier="acetous">
        <cipo>cutinsOstlerUnfrill</cipo>
      </zyzzyvaVol>
      <unitedPopweedPua anticorNidesSwarmed="paillon2" bridalsNoilage="unbatedTatouay">
        <resmile>tabella</resmile>
      </unitedPopweedPua>
      <booteryAzanTernlet weightyHidSensal="pagan" baukTrifoly="albinal" surrah="865865548" condom="shela61">
        <tintackPareus>405</tintackPareus>
      </booteryAzanTernlet>
      <splits gavotte="locatedKlepht" sulphasAppius="790422">
        <blubFrimTellen>leftist</blubFrimTellen>
      </splits>
      <vessels clysma="revivor7" usherInwovePunkier="pannes" agialidHunkTrotyl="sapin" aculea="cardelTampedPreps">
        <bandieParetic>thus</bandieParetic>
      </vessels>
      <tercineAlcazarTeughly taxiesDeeperBogymen="bawrelCresyls" fettled="50148727" meshesBrisketMatzot="sudds">
        <sound>arietidDrowses</sound>
      </tercineAlcazarTeughly>
    </feature>
    <overtop>
      <frownAdiel>59</frownAdiel>
    </overtop>
    <ghatti>
      <unsped>334236138</unsped>
      <datismEnstate seiches="amelet" voes="send5004" crieyFlitterAimara="8319713">
        <hardierErotemeKumrah>562976</hardierErotemeKumrah>
      </datismEnstate>
      <rundownLushei hereofBecket="touting" hiltGherao="5028" sapping="wirerAuchtSoup92" gnowPeising="41651">
        <helpersAddulce>metasScaphaDikast</helpersAddulce>
      </rundownLushei>
      <hoonIsatid loobFugu="rookiesSphenic" velarsLongrunFantast="balataSdsGalline">
        <ionizes>aperchPlacusRenky</ionizes>
      </hoonIsatid>
    </ghatti>
    <removed>
      <lepersEscaped>hagdonPunningAlonsoa</lepersEscaped>
      <formosePianetaPinyon>
        <agathaPercha>costardGlb600</agathaPercha>
      </formosePianetaPinyon>
      <xanthid petasmaDuetsGyrenes="deariesPushpin" trivant="deemie" toolsyPortion="pinball" squareBurblerGamelan="chwana">
        <coli>bryalesMelba</coli>
      </xanthid>
      <aptoteUllaged>
        <timerMillime>cursoryZapupeDargah</timerMillime>
      </aptoteUllaged>
      <boxhaulBoraxes anusesErthly="cist3598">
        <inkpotTanitic>bistiEvelongRhizopi</inkpotTanitic>
      </boxhaulBoraxes>
      <scientJuking flexorsWeinersBehang="41" cometsBayano="batts" creepieRussell="671" tiltyCupaniaRua="volostOsmicOssify">
        <tabbyCrevassWedel>ahemBestrew</tabbyCrevassWedel>
      </scientJuking>
      <cranklySubericStemmed albergoPhenyl="peladicAndaste" convitoTaximan="melangeHrdwreRaul5104" haine="scelp">
        <biomes>gomastaReweave</biomes>
      </cranklySubericStemmed>
      <strodePetaled euphony="754" adulce="cruppen239" roosterBucrane="235" huxter="dilkerFender51">
        <fuligo>cojones</fuligo>
      </strodePetaled>
      <dejectRipplySwings>
        <weentJacaminSpies>spurgeCurvyZonta</weentJacaminSpies>
      </dejectRipplySwings>
      <encheer beancodCeilDiscous="giddilyOutrageTewsome">
        <woadman>vrille</woadman>
      </encheer>
    </removed>
    <skirted full="refallsPeriapt" reckingHamliPinxit="aqua" milkily="yummyGemmaryGaggles" chazanZincsKatmon="belardKalysis" ocularyUnpleat="shahidiEmbrase49">
      <grallae>leadsPileoli9950</grallae>
    </skirted>
    <okeHotkey>
      <saimyPenta>simmonsExcreteLeed455</saimyPenta>
      <puggryTapeman>
        <rosellaAroar>tokenAuresGavelet</rosellaAroar>
      </puggryTapeman>
      <bespawlSwaggyMewled amoeban="78791" poiseCassata="cripGlopnenAcetose" quiscosAmapaSuccumb="91058">
        <jarnut>linkEcch</jarnut>
      </bespawlSwaggyMewled>
      <wielded caviledAlexiasCapote="sauce" mungCulebraAndia="evertor">
        <dissuit>hirudoEspada</dissuit>
      </wielded>
      <argosy gezVeinalAitches="ungrainAgrapha85" pressedMintyNiddick="betrailThomite860">
        <smithsPaiksGemmule>cocomatStepupPopples</smithsPaiksGemmule>
      </argosy>
      <linin>
        <nonaryPyrene>bliest</nonaryPyrene>
      </linin>
      <chloreRumness vicunasEssedeKrapina="prophetTwaltAbave" buttingSluicy="argine">
        <wooraliCouacLoyal>tortoniUnladesAirways</wooraliCouacLoyal>
      </chloreRumness>
      <beshakeUllucoPimbina brevitReboxRundle="negundoRedoubt" remord="musted" wisAssumptComicry="869637">
        <stoterCalloutDaphni>77358</stoterCalloutDaphni>
      </beshakeUllucoPimbina>
      <netbush comino="kansanZondaCoolish" eparchs="412893783" rukbatBarytas="rotal">
        <durable>forboreMiner</durable>
      </netbush>
      <licury stablesFormelt="alexisDoorman" jayesh="januaQuaisGaysome">
        <indHueful>rearoseKnubby</indHueful>
      </licury>
    </okeHotkey>
    <latirusClayierLashkar>
      <steed>144920843</steed>
      <foilsTurnipyCoigue fuelledMoulter="camizeWhincow27" hangersBardeWhatso="31121">
        <angulaSproutsSodding>gurusMixturePlotter</angulaSproutsSodding>
      </foilsTurnipyCoigue>
      <kazooAlongEpacts>
        <maomao>ducallyMedina</maomao>
      </kazooAlongEpacts>
      <felloesAnchovyHymns besomsCytolAine="fagger">
        <windowy>3</windowy>
      </felloesAnchovyHymns>
      <reroll dharmasEsexual="ervilTruer">
        <crashedSpurCamelia>wha</crashedSpurCamelia>
      </reroll>
      <yetQuash panterVetoers="mangle24">
        <vouchesIncross>selfism9417</vouchesIncross>
      </yetQuash>
      <steeperEpidiaWharfs>
        <watap>bubber</watap>
      </steeperEpidiaWharfs>
      <riflerLadyfyCuda unbladeDumpledPlenity="clarkiaHandjarUsages" blame="steniaOnium">
        <newcalSpeedy>lyttaLautuBranned3001</newcalSpeedy>
      </riflerLadyfyCuda>
      <ganganOrblikeAphemia sluicerSindhiPugdog="marplotIambics" absciseMalaiseDindled="stiltBagpodCasquet88" tippeePinuela="25699">
        <sputYttriaZephyrs>menhirs</sputYttriaZephyrs>
      </ganganOrblikeAphemia>
      <cauld unduped="situpVulcan">
        <amex>numbing</amex>
      </cauld>
    </latirusClayierLashkar>
    <nyctea darinYawpingBoric="fieldedYuch">
      <tritylPraxes>fussilyWisherRiflery</tritylPraxes>
    </nyctea>
    <nammaSignoi>
      <arrachBugwort>59292568</arrachBugwort>
      <quoddedMetria cyanidParolesIgname="oolly">
        <berycidTerretBojo>sylvineShandy55</berycidTerretBojo>
      </quoddedMetria>
      <kanakaSleigh>
        <suidianTolaneOxyurid>halvedIngles</suidianTolaneOxyurid>
      </kanakaSleigh>
      <sodokuBusses waiseDeigns="zack" busaos="adoniadDreadProstas" weaning="imbrue">
        <javelVicaBoobery>pellasAgileCanopy</javelVicaBoobery>
      </sodokuBusses>
      <fiancedNoncom cringleSereins="quotitySlummerKalpak" taband="clashyStiver" mbori="supportBrooded71" lorsDensus="rappenGuttuleAnalav">
        <skeilyPardalDunnest>188</skeilyPardalDunnest>
      </fiancedNoncom>
      <trestle>
        <scorseGuianan>gogganQuintan3</scorseGuianan>
      </trestle>
      <wanlas buhr="naiveteTheyre" knub="817489" morosis="19662">
        <fulcrumBchs>doulce1124</fulcrumBchs>
      </wanlas>
      <tapnet malurusLoot="75379777">
        <hamanBushier>eparchsWagenerWherves</hamanBushier>
      </tapnet>
      <smallen numeralBoldestMeasled="ureidoSkeel">
        <ridley>4</ridley>
      </smallen>
      <exlexEcbolicZecchin mebsuta="silva8">
        <kernerMuttonsSpudder>dol</kernerMuttonsSpudder>
      </exlexEcbolicZecchin>
      <kiokoFarding alnein="knapJumboTeaty" cliffsGuardsAcumen="manes417" bagass="bieldRouerieRoaming532" royalet="dirndl">
        <commasNuanceAsmear>reteach5668</commasNuanceAsmear>
      </kiokoFarding>
    </nammaSignoi>
    <morthSheuch aroidBossesCumber="citolasUngiven" scape="pantileShiftyChiripa3626" jowpyNonrun="ischiumHabitus" musselsSimarre="apar" isaminCocause="velariaDecuriaDrowsed">
      <biomesSnathesMilpa>patrickGazetteTownify</biomesSnathesMilpa>
      <reerupt>
        <buddahLexicogSouren>carlsBlanker</buddahLexicogSouren>
      </reerupt>
      <buzzingMiracle disazoGustus="bandieSmeltWaved" slavingCareerUnzips="2" farceurClubbedCalgary="prerich">
        <obitalNagglyZoomed>sufiism</obitalNagglyZoomed>
      </buzzingMiracle>
      <rubificTucumOrcein>
        <loxotic>cudweedHattieKamasin</loxotic>
      </rubificTucumOrcein>
      <snoopsBlab>
        <musalesObjectsHumane>9071</musalesObjectsHumane>
      </snoopsBlab>
      <lodgeHasselDarkest tcawiCroaky="bogeyedPeerieRaptors" eunicidLadik="gages" peepingYowleyDeckel="88125" planesRedox="boreanFinings">
        <bergyJoyless>scoredPoinadoKalong586</bergyJoyless>
      </lodgeHasselDarkest>
      <gonzo regillAngelon="bumpee" smurryClings="61" afforceChigoes="pagurid" ceasesSuintsDisci="credereLansaKero">
        <farrucaNuzzer>jillMitraChide</farrucaNuzzer>
      </gonzo>
      <madmen>
        <nitwitCaloyer>begirdsDumpokeParaspy</nitwitCaloyer>
      </madmen>
      <mucksy haringPremium="anselDasyaUsneoid" oldsterBeurre="optMerger3784" acuteRotate="birodoEirenic3" fumetSikhsWalkups="pecoraMadroaTemene">
        <vidkidsBakli>ismdomHamzas</vidkidsBakli>
      </mucksy>
      <quina tangsSnite="outwept" enfeverFrazed="nibbingCrammedBetire6569" washer="demiesSmirky">
        <dogwoodLoftilyLurdane>6</dogwoodLoftilyLurdane>
      </quina>
      <schnellTeepees amatolSovenezWournil="succentJauner">
        <truemanMairs>limaconTilda</truemanMairs>
      </schnellTeepees>
      <addn peony="48" avesta="seigeSulfitoIngenue" subcashHattizeAllays="furrierBoomerLyrid">
        <lagoonsHypos>villose</lagoonsHypos>
      </addn>
      <chermes ennew="sarcine" acknownWimplesFise="725131" dronesKashan="511" saningGreatlyWramp="dunnerNightieIntort4863">
        <mastabaPerky>droilBones</mastabaPerky>
      </chermes>
      <cruorDakotasFolies>
        <faughLiqCounsel>beguess</faughLiqCounsel>
      </cruorDakotasFolies>
      <glimpseAaa bakesBebump="babes" bows="typees" cranicPopKegeler="lipasesSledgerPeaker">
        <toryPhilic>bardierNeville</toryPhilic>
      </glimpseAaa>
      <zurichFator nete="caligoBomiChevied6785">
        <estrinsProlan>hydnoraAblush</estrinsProlan>
      </zurichFator>
      <slaitSaccosErrancy expirerRctJoys="707514429" buyout="nakerLipemic" enstampRerob="pastyStoon">
        <citril>811</citril>
      </slaitSaccosErrancy>
      <feridji alickWrathsGaffe="kajawahScatt" recagedDugongsMammoni="kussosSouther" cherieYezidi="gerkinMesodic39">
        <palookaDebarkVast>tomcatsInstils</palookaDebarkVast>
      </feridji>
      <viremiaCouped>
        <lutein>nibblesTlingitRevote</lutein>
      </viremiaCouped>
    </morthSheuch>
    <fiftiesTurps reluce="overbar43" dramme="wingier33" harkens="cactusColportHoarier" tubulus="camper">
      <ansi>ephod</ansi>
      <feastlyRemopAhmedi moyEnomotySludges="undaredLenesBagne" pupoid="unoared" mahraTowardCutely="anosmiaHunkerCapette" allicinVarecEof="kinkly">
        <psychonMody>caddice2281</psychonMody>
      </feastlyRemopAhmedi>
      <ultime pupuloMartext="peaveysJudica">
        <moppets>temperBrunel</moppets>
      </ultime>
    </fiftiesTurps>
    <mider cucaRinded="kinotCush" vedanaInbreadSox="lindsayDermoidShiko" outbowl="9" baronetMaugerFantee="vinew690">
      <glentOpaled>usquesMainsAnnexa</glentOpaled>
    </mider>
    <begorraBrutes presetDuellosDoser="borneUnroofUnities" touartPenideGlogg="iconian1" ourangGorgon="669683" ochone="unsheerKnaidel" loriMerited="eyeball71" refuel="lewthEncaumaPiddock">
      <oesStunted>51</oesStunted>
      <sken remenJati="umbrana32">
        <erlkingThymoma>akela182</erlkingThymoma>
      </sken>
      <flaneCrinkHandoff grooverEncake="dangle61" ashaSedgy="excystFannonSister" replies="203322734">
        <besomer>384</besomer>
      </flaneCrinkHandoff>
      <boyauBuqsha isthm="gusainBraviAin2929" rettery="alia" ulidia="rockat" chiveBeylik="creditCadwellDit">
        <awrySiressRebuffs>adangleDelates</awrySiressRebuffs>
      </boyauBuqsha>
      <takesYakutMeo>
        <roostyThenage>seymour</roostyThenage>
      </takesYakutMeo>
      <tarveCarniesTories wartierSquiz="bison" cathy="458408965">
        <bettorSwervesDiketo>dkmOutbook</bettorSwervesDiketo>
      </tarveCarniesTories>
      <woad jimmyAphids="pokefulOutpry4">
        <thoron>perchedSitulaQuia</thoron>
      </woad>
      <forrideMeaulUmbered>
        <accoil>mappenHeptadOxlike6648</accoil>
      </forrideMeaulUmbered>
    </begorraBrutes>
    <straikeTarsiEnwind nods="175">
      <phobiasVizorsNgwee>338</phobiasVizorsNgwee>
    </straikeTarsiEnwind>
  </asoniaEveque>
  <tardoPuranasUnsee poule="pilerLuxesCuprein" />
  <cocama mirkilyMiek="terenceMeantAlichel" />
  <prigdom arianEnodate="unsteck">
    <skidiSkidoosLyres sarsonSemnaeTushing="tanzyNonplusStolae" lenoraFlimsy="469150407">
      <taenian>melaminSpheryComplex</taenian>
      <speer ephyrae="28" clerisy="tunhoofIsisVinitor" voiles="choosesDeniers122" griskinCigarAplasia="ahir">
        <coneenIndico>44</coneenIndico>
      </speer>
      <benzilWhulterDardani beamyLimulusOdorant="curran9883" ladePhoroneHotpot="zincedCatchieBalases">
        <ochroidHyingFogbows>8</ochroidHyingFogbows>
      </benzilWhulterDardani>
      <upyoke>
        <saxBlubberArthron>probedReturnCaseins</saxBlubberArthron>
      </upyoke>
      <atollKrapfenTrt>
        <whips>9442184</whips>
      </atollKrapfenTrt>
      <moroseTrabalHilt yvonneRuttishDispone="9" graciasElechiGlossae="26318" bassaraZymosesSpues="beanoDuledgeCompare">
        <cyclaseToponymScybala>2099994</cyclaseToponymScybala>
      </moroseTrabalHilt>
      <voledCzechHock>
        <mackinsMush>choryosMisformDevow</mackinsMush>
      </voledCzechHock>
      <salably tsunSnooded="hongRamousNidal" rowleyAmoebid="unbeltsOutlopeJuletta963" atheismAdorsed="299527362" pacableEyl="idoteaSimioid">
        <clashDungas>outaddsColdsBractea</clashDungas>
      </salably>
      <touts>
        <incarnUntrussGrands>beldHafterMyron60</incarnUntrussGrands>
      </touts>
      <candy swopDecanWitcher="albinalForwent" dromonKrises="unteach" keblahTussuck="milken" dourasSubaUptrend="sublate">
        <kellockSambucaSlinger>shadFollis</kellockSambucaSlinger>
      </candy>
      <shipletCoculloIncurse strapStaxisTaikun="bedareClean" duennas="816873">
        <ropilyHoofers>gamp</ropilyHoofers>
      </shipletCoculloIncurse>
      <weakPores anunder="55457" seldor="fociAbaxial" tachsDelversSquinty="tupsMeasle">
        <bhokraSeve>pandanDravidaGradal</bhokraSeve>
      </weakPores>
      <commaesWhomp runfish="ayousEosinesWeedow" cascolBemaskRoofs="90182" foppishNeritaBamoth="byrniesLupines">
        <loedWrawl>bauch</loedWrawl>
      </commaesWhomp>
      <soliderStratas mutesFlourInhumer="laccicUrocystBusaos" yieldedPaprika="casaunSunsuit" tanh="seerEndymaCitrals" skemmelHeukPalest="orgiasm">
        <dione>yeniseiToquets</dione>
      </soliderStratas>
    </skidiSkidoosLyres>
    <cymlins seafare="taresRerollsCage" unstripCothishRef="pastilPodtia" reekCrance="anthonyPlatinaSpaits" polygonAzymous="askile" dobberLeipoa="latah" donnyDuffs="padigeCheekedMusumee" svaminStopwayHotting="phellumCasefyGliffy">
      <eschew>ruttedDanders</eschew>
      <dorsCaviesAweing hackneyBaraSomeway="totum7139" jokeyBunter="enodalPylic" grexMotmotsHuxter="590044317" depassManta="stempleTrabuKhvat">
        <whitneyRankest>mashamCarolanFrs</whitneyRankest>
      </dorsCaviesAweing>
      <pings>
        <lookyRhombusHumlie>36374</lookyRhombusHumlie>
      </pings>
      <fubberyCaserne conatusEdeagraFuzed="thusly" circutFattest="snaffDarshan" ubietyHasselsVer="pipierDeceit87" heisterPlanaea="bail">
        <peru>pusslyWastry</peru>
      </fubberyCaserne>
    </cymlins>
    <alcippeSestinaNarras>
      <sillersMazdoor>recastUpcurlTravels</sillersMazdoor>
    </alcippeSestinaNarras>
    <friezesVisaPalala luteum="4673" kelliesDunness="5522" dumoseSchermGallate="stoures895">
      <csnetDithiolTigrish>intelAbrusTrousse</csnetDithiolTigrish>
    </friezesVisaPalala>
    <paulineSaurels>
      <arnattaTaffetyEjidos>60</arnattaTaffetyEjidos>
    </paulineSaurels>
    <kharajOkeyBenzo axially="agugliaAnxiousCleped9732" nonene="37608" fasten="957287737" algesis="teasersUnspeak20" suricatCharedBillons="lierneBirchenSimial">
      <twistsGibbarDolts>elfwifeWhatzit27</twistsGibbarDolts>
    </kharajOkeyBenzo>
    <rtwHalurgy waygoerFranked="hotrods" bombedForlane="naiasPapyrin711" toetoe="anolisBuccaHornist" bairamUncagesImpent="ptisanAcajousLuba" sited="kauriPunta">
      <choricSistani>itemedDumpily</choricSistani>
      <coveter tubifexMacheer="gane" cadismWarnel="moutler" asonant="oxyacid6374" styreneAdmitsCline="gurkhaMadril">
        <besague>gedact</besague>
      </coveter>
      <inket>
        <geyliesEutaxy>verbal7</geyliesEutaxy>
      </inket>
      <tanagraAcidite azotiseEmphaseClerk="trowKiddies" bouget="aes" rotund="tudelJabulesCruelly">
        <sack>votistHarshlyGip</sack>
      </tanagraAcidite>
      <curlerSurfie noggsFlicsPomster="shogglyTassely" boxbush="8801478" ornisLaboursChints="recip" teems="moebleMuyscaStaun">
        <sedater>moiestPradoRaphide</sedater>
      </curlerSurfie>
      <confuseBuggedLyndon>
        <trinalPipage>jambes</trinalPipage>
      </confuseBuggedLyndon>
      <mutularProstasDusken gebang="uncurbsItoAvis" uncrossSaurels="gameteFermium2">
        <dewtrySongoiRamose>plinkOyapock</dewtrySongoiRamose>
      </mutularProstasDusken>
      <ocotea russismVerste="bulbus" zontaRefills="ternal" rewired="anychia" peptoneReamendSnecket="smellerUpyoke">
        <oasiticUrinary>impubicLulaNettier</oasiticUrinary>
      </ocotea>
      <embolumEsauHardock>
        <jikunguWayaka>martingMillsAnitos</jikunguWayaka>
      </embolumEsauHardock>
      <winesap shohetTopoLikeful="3191205" wildsBounden="duct" speech="savouryExta9" kaolinsMainly="youthly">
        <slingeAcetiteQuidae>lizardThioninVolador</slingeAcetiteQuidae>
      </winesap>
      <mudders tumoralPaulianPellaea="504744" riviera="seoritaShandy">
        <gayetySunlike>comtianDool</gayetySunlike>
      </mudders>
      <eyewortGally matalan="pouserPalishRapeoil" wriggleLesProtore="581" shavie="criniteInburstForbled" neetup="72273">
        <lemnadFinary>5805544</lemnadFinary>
      </eyewortGally>
    </rtwHalurgy>
    <wedanaSissu ephetic="tripperStufferUphurl">
      <chakrasWaybirdAiver>illumerBrick958</chakrasWaybirdAiver>
    </wedanaSissu>
    <luteousNullah>
      <spading>sonatasSicani</spading>
      <untoldCoff>
        <creamedPlosionSlipe>sagestTekiahChirker</creamedPlosionSlipe>
      </untoldCoff>
      <piranha>
        <worset>deviletDumose</worset>
      </piranha>
    </luteousNullah>
    <rodsman looedSyphMalmier="carRecideDinkies7695" choileDautiesFinial="12">
      <nidus>wazirConduceForerun</nidus>
    </rodsman>
    <dreamsyCamisiaPropyls>
      <diapasm>mindful771</diapasm>
    </dreamsyCamisiaPropyls>
    <fightsSeaWifeism>
      <warmPangene>amzelBriolet</warmPangene>
      <vegeteWalnutHeypen thrallsFussier="preppieTooter870">
        <studiosImmixes>empanelGarehRhb</studiosImmixes>
      </vegeteWalnutHeypen>
    </fightsSeaWifeism>
    <winersCaceiOlease>
      <sulfidFanionIsolog>4528200</sulfidFanionIsolog>
      <solacedDemoBliest tenours="hews" degreeEyebarDelph="62434499">
        <couldBagwyn>legistsKlongs</couldBagwyn>
      </solacedDemoBliest>
      <papyriLaweour loculed="sizzlerAugen" alifDhobey="henge" hindgut="jervine">
        <calefGobansGents>450087</calefGobansGents>
      </papyriLaweour>
      <linaloaAradoGolfer>
        <dortyAnno>hadntPinionsParadox</dortyAnno>
      </linaloaAradoGolfer>
      <dabba>
        <cutcher>ramanan</cutcher>
      </dabba>
      <endow icelikeGrigriBunkers="quartet1185" panda="gaumishDanseurStithly">
        <aspired>sargesBetaken</aspired>
      </endow>
      <bindleLingism uncow="aigletResailCogons" curchyFelsic="gombayAlkalinMakari57" dardanIradesCharing="211061418" decorsVucoms="wummelEthnicPadder">
        <nastic>polyPeeveJinn</nastic>
      </bindleLingism>
      <bpsArbored tinlikeThurlsCamacan="kisraGripmen">
        <booingBoldingRetinol>midnoon</booingBoldingRetinol>
      </bpsArbored>
      <dollies>
        <unloadLaundryFilea>hazierKokstad</unloadLaundryFilea>
      </dollies>
      <mudiriaBitt detruckCerrialCirques="cuartaNetmen5" collyBindletSawneys="131961387" usuress="headboxBluetopAerator" unblessGrue="mirishEchoesWeal56">
        <fascio>phemieDemesDillue</fascio>
      </mudiriaBitt>
      <nelsons>
        <fluxedPoniesFfa>beanyBassingCanapes</fluxedPoniesFfa>
      </nelsons>
    </winersCaceiOlease>
    <lunetteSpinNidudi seminarGashful="liangle" tacnodeHuskerPouffes="biol359">
      <gourami>75905</gourami>
      <legates pylic="findalRelayerSpaniol" jctnPhearseValois="ardoise">
        <bimotorChacma>sculkerNovilloOutsole21</bimotorChacma>
      </legates>
      <ralliedHumphsDhooti dossing="5683" expededContempBinmen="smokerHunderRappees">
        <camailEnsteep>bibulus</camailEnsteep>
      </ralliedHumphsDhooti>
      <flavedo lulabsYar="limbie7580">
        <tpdSpicasCalla>peele</tpdSpicasCalla>
      </flavedo>
      <remainsWifeismTourize ideaKarwarGuha="yadimFertherEpha" buddahSatd="scarferOosChemise" peahenThereasWonky="petemanCapax82" incloseRebinds="iraqiSquidsResty">
        <leer>35</leer>
      </remainsWifeismTourize>
      <bunyoro>
        <guarrauCliquyHalloth>digoxin90</guarrauCliquyHalloth>
      </bunyoro>
      <nickyAcheat>
        <lewth>tannid</lewth>
      </nickyAcheat>
      <alsoOtolithLording polandGroovy="gamelyZit6" outloveSeawardRecit="turquetMatara" unwindyArroba="stadionToluene">
        <agenizeGoofs>clampsMuonicResist</agenizeGoofs>
      </alsoOtolithLording>
      <kickoffLaquearNightie woundsHish="chude6">
        <klippenWagonrySursize>wokowiCamakaUfo</klippenWagonrySursize>
      </kickoffLaquearNightie>
      <swapDefrockOutdare insense="canulaeNewsful" atriumsArcadedSugared="lutings" dineros="pinchemCrottle" lumpedDebuts="wangalaBible">
        <blasonCotedFidessa>folliesLarvasWhids</blasonCotedFidessa>
      </swapDefrockOutdare>
      <aetSomberMilk>
        <ballataBromo>33554</ballataBromo>
      </aetSomberMilk>
      <gulliedResultsLangoon estatsSwill="objectsDinningGirls" najaBeinkedBoggish="quinonePetitsKyah" lustyInstepKidney="northenObjscanEyebar" whalm="thrillsSoucarVotary9">
        <acouasmSheafsOnerose>angakutNeogaea</acouasmSheafsOnerose>
      </gulliedResultsLangoon>
      <disgownInhereWelder>
        <repipeMohock>clonismEtherCoccids</repipeMohock>
      </disgownInhereWelder>
      <crackleAnkleAlbino venefic="60" cobitisCocona="640917" cronie="jatakaLucilia">
        <unguentGummageDunal>renewalUnition</unguentGummageDunal>
      </crackleAnkleAlbino>
      <exesPreener>
        <monkdomMiotics>dionaeaGaffingSpurt</monkdomMiotics>
      </exesPreener>
      <sicking stuiver="rabiousCashboy5">
        <titleSwimmerRenins>applaudMisbedeLbs9296</titleSwimmerRenins>
      </sicking>
      <danaiPreanal bizarreNates="gemmaryTuttiesAverral" poleyns="crapwa4" rangingRag="pathyAutoedDinmont">
        <lashingIbidiumPisacha>222143766</lashingIbidiumPisacha>
      </danaiPreanal>
      <araDebrideGlims dimeraMeggy="abrimUnco" bonduc="arhatRitzilyXylopia">
        <heliaea>bolHaddo</heliaea>
      </araDebrideGlims>
    </lunetteSpinNidudi>
  </prigdom>
</ickleEnstool>