<?xml version="1.0"?>
<disarmsPalour>
  <compoleSheiksCarzey chare="3" maoismChogakAneared="abrin">
    <lineal>
      <packwaxRiskMeltith>onlaidQuadra</packwaxRiskMeltith>
      <calkinsFiloCopped dermisFoetidBoner="sanghaMezuzasGyrus">
        <ramism>scurfSablyCursors</ramism>
      </calkinsFiloCopped>
      <ampyces mumms="amoraimPamper">
        <trefleeRondMoisten>882652286</trefleeRondMoisten>
      </ampyces>
    </lineal>
    <welkinProbitsJellily pigtail="limniteCalomelHotspur14">
      <semsem>telliesCrumplyImmiss</semsem>
    </welkinProbitsJellily>
    <fleecerRealm>
      <hetaeryJusten>426246524</hetaeryJusten>
      <canardBedampClayman ans="implodeGoitre" spiremsHogties="258597459" nettleQueeve="datilFugled" fhrer="burhel4810">
        <fablersRageesBagio>nidiotExpert4</fablersRageesBagio>
      </canardBedampClayman>
      <iraBilbiesGranado>
        <clumpst>goyana</clumpst>
      </iraBilbiesGranado>
      <wrongsLoam elusoryAreelManger="punster" beglueResumes="taguanSassabyChampa">
        <cyathosFrazil>velvet</cyathosFrazil>
      </wrongsLoam>
      <varnaDonship aileron="mesole">
        <imbed>936565948</imbed>
      </varnaDonship>
      <zabetaRealm toretPharynx="cathernTerata">
        <circlet>fumerel</circlet>
      </zabetaRealm>
    </fleecerRealm>
    <deformChalina>
      <needlerMaidie>567585614</needlerMaidie>
    </deformChalina>
  </compoleSheiksCarzey>
  <anagogyNaivetyUta akontaePeanuts="772599" urogramHedged="hud" calemesBunks="alkaidHaulsMunjeet" civvy="vergentHemagogDiluter" />
  <granet etcherStopwayYercum="octaviaIncantDelimit" woodingGeminalArachic="tobias" reddish="exudesHysonsPlayed" scarredJockeysIzzat="8" />
  <myocyteSillies />
  <caderMarshalRamed bumpsUrceoleAttires="hecticVallies" seniors="596276366">
    <infinOtocystIlks threpeCroak="maximusLogoiTantrum" unworth="caricaBluey779" curneysRescore="haw718" pillar="vaisyaAiredOutpeer33">
      <summonsBondAxlike>unsunnyDunt</summonsBondAxlike>
      <peloid>
        <aulaAngoiseInc>rinner</aulaAngoiseInc>
      </peloid>
      <caloric cosin="rap76" thereofCarvalShiplet="70">
        <turrell>isidiaCurySarcode</turrell>
      </caloric>
      <helcoTweetedBrevete quakyHuldee="colorsUncocksOse2842">
        <naturedMidleg>slimsyLinable</naturedMidleg>
      </helcoTweetedBrevete>
      <equison douraGetspaPuzzler="craberMadrih" fuegianForeact="35534952" birthySetnet="roadSalweyPinhold38">
        <boot>9</boot>
      </equison>
      <bibasicBodily jiving="gaucherLanson" case="572773124" hulchDeckPunster="reeker">
        <malella>soarers3</malella>
      </bibasicBodily>
      <upcropFairest ibericDsects="pterinsAeacusAxillar3" hajilij="unwifedBrisket" vizzyOffends="calvedHemselfSun">
        <analyseRubific>trinolDuellos</analyseRubific>
      </upcropFairest>
      <bkptBurns>
        <baconerIllium>mochilaTievine</baconerIllium>
      </bkptBurns>
      <populus>
        <beewise>tilletWetland45</beewise>
      </populus>
      <artistsJabulesFriezy duskishDivisa="dottled">
        <forseekAlmahCoquet>doated</forseekAlmahCoquet>
      </artistsJabulesFriezy>
      <affords>
        <yaffler>labroidExsectSemes</yaffler>
      </affords>
      <taxemic remica="distilCrenic" lichtlyOrphizeScaldra="kaid8" aphidesHardilyBasella="granuleCapelFleming">
        <twelvesWer>sevresShavies</twelvesWer>
      </taxemic>
      <roadShutter thirsty="kabakaVihara" tubbeckPigs="329" tepas="ludditeLiving" sachem="warshipCracksAraca">
        <bilimbiHelium>longyiTenutos</bilimbiHelium>
      </roadShutter>
      <ladify boolya="acosmic">
        <kimuraWomen>waffingLeskea</kimuraWomen>
      </ladify>
      <kerrias repryLarvas="pattieEastersSullied" pharDizziedTano="asaphus" jaunderCrabbedMumsy="oatcake" guijo="reefersByardSwiney">
        <wandersForedidWaldorf>quiteWebfed</wandersForedidWaldorf>
      </kerrias>
      <sleeklyZendikPrudish loggierSponton="sorely">
        <effund>dipodyUnprestGerahs</effund>
      </sleeklyZendikPrudish>
      <grotianOrthFifo>
        <bythReubenTimeout>jail</bythReubenTimeout>
      </grotianOrthFifo>
      <kantism apsisTryouts="362187055">
        <bayards>lanx</bayards>
      </kantism>
    </infinOtocystIlks>
    <hooks>
      <stokers>coaxyCortinaSilures</stokers>
    </hooks>
    <landsScrogieBesmile skierPoetizeShrank="procne">
      <anomerGoulanZiffs>phyllis</anomerGoulanZiffs>
      <traipseGud brannyFlickerAlcedo="misfall">
        <coolen>divataIronistEcuador</coolen>
      </traipseGud>
      <xeriff viridinInstead="52" sacopeDogateFae="druggetOcher" jann="vipKnucks">
        <briaryAlbergoCorozo>logic</briaryAlbergoCorozo>
      </xeriff>
      <thousBharti facadedDowsets="uily" cockupsStanzePack="claptBenderChokey" scalareAbiezerManikin="rhexis" curioRediveZooks="claqueLandlerDanagla13">
        <tuartUnwrung>morelloYeni1</tuartUnwrung>
      </thousBharti>
      <ieee paucity="27315965" frazzle="owt" polewigRebusyZendic="vucoms">
        <hoysSkatsDealers>205805</hoysSkatsDealers>
      </ieee>
      <bogachDahoons>
        <send>621</send>
      </bogachDahoons>
      <alfonso overcupScrab="rosalie">
        <pippyAwolUngored>jaragua</pippyAwolUngored>
      </alfonso>
      <emmeniaAmabelFil chowsWhuzAgism="nobledTiang" incleUshererUnwhole="ringeyeMudiria">
        <labrasKeysDauner>vesicleAralieSquat5040</labrasKeysDauner>
      </emmeniaAmabelFil>
      <mecatiCuttiesPuist osmosed="squozeDrucken715">
        <skalSavoy>macadamCapronFared</skalSavoy>
      </mecatiCuttiesPuist>
      <beleapMicklesDarks flutedHaemSents="peavineEcteneCharet" bike="3" bobcoat="9763" mirkishSargoRotaman="yearn">
        <tagalaBirma>pilpulCreekAraru</tagalaBirma>
      </beleapMicklesDarks>
      <wombatsRiggersTowzie gamineAgcyRupia="kantela" wabuma="mazzardCupcake4" lemuel="parotia">
        <anglo>schismTeacupsMopani241</anglo>
      </wombatsRiggersTowzie>
      <tunk fogrumGremialEstrepe="22721" decharmWeeweed="firmansRental" lawks="gastreaWingle767">
        <graipNeedly>theelolHarping</graipNeedly>
      </tunk>
      <coderLukemia chalahsRerisenCiscos="curiateTublikeFlange1" iodosoTedesco="hurgilaUpgrown815" aswarmSamsien="bitingLegally" defined="doughGunplay">
        <prisedDreyGnessic>cascaraBetreadEphraim</prisedDreyGnessic>
      </coderLukemia>
      <airview scoped="bambuco" matingsGeranin="courlanGregau" wanker="clubbedGlimpse">
        <unlargeFleeterWinna>juventVlsiGunzian</unlargeFleeterWinna>
      </airview>
    </landsScrogieBesmile>
    <tirmaDevices>
      <kotoko>becrownBeverlyChirres</kotoko>
    </tirmaDevices>
    <fandomsFigment>
      <duffed>morcoteWongshy61</duffed>
      <aziminKilters relentMerinosFaluns="actlessTroughyNewer" swivetDollied="6161" prawnedRevHeriots="8698" slatchFasherUchee="oglesJocumaOutsoar">
        <linseedClockerAbkari>capriLockyerLustrum</linseedClockerAbkari>
      </aziminKilters>
      <tintage lepre="talkingUintjie" cringedFacultyMeles="983644">
        <pullDykedCarmen>relivedLidless</pullDykedCarmen>
      </tintage>
    </fandomsFigment>
    <queristAgaCrabier>
      <concile>yauperSchul13</concile>
    </queristAgaCrabier>
    <aftosaDinked bhd="cheriesTunicsStark4" noddiZoonaSmickly="bedbugEtudesOverpet" cambalo="plectraParrierOvered" eupneicOnwardsFoister="regiaPaginalSalta4">
      <eyrirYawperPunyish>hallionRaftage5747</eyrirYawperPunyish>
      <yirringTydieBianca freeing="naggers" facebarSoulzMammals="escars" hustlesCorebel="every3665" breech="abpCockyCrevis">
        <peacodKuranko>carroty</peacodKuranko>
      </yirringTydieBianca>
      <sancy palkee="ell" digsBristolRaphae="598339" debuts="waist">
        <agrufeSwatRedder>68031</agrufeSwatRedder>
      </sancy>
      <daylitSwiperSetwall>
        <bistreGomerZymoid>cougarGeomysSaith</bistreGomerZymoid>
      </daylitSwiperSetwall>
      <fantiScorpiiBawls eyre="boonies">
        <lippierMagmasCazique>tilting</lippierMagmasCazique>
      </fantiScorpiiBawls>
      <songleSakkos adieus="dinerosBeacons" geckoidAwelessInhiate="acrinylEftestTolls" tonnesAptal="tiu" chyles="campeDinero8687">
        <isogamPongids>1</isogamPongids>
      </songleSakkos>
      <hemipodTutelo bullaeNovelaFlummox="qintarsTrasses" flamsFemicMinie="baratteInfernDims" kench="mismeetOvoidsUkase58">
        <lobe>etcNevilleCharmer</lobe>
      </hemipodTutelo>
      <sillilyCowweedInker amalg="whangsUnifiedRondure" cantarOutraze="unisonsToatoaCembali">
        <outchidBowtellEelback>machanPinken40</outchidBowtellEelback>
      </sillilyCowweedInker>
      <rabbinsWaits cephus="touserDimberSlanter630" redenyLustier="159329">
        <alveola>ayyubidShroved</alveola>
      </rabbinsWaits>
      <okinawaBeldamsAlferez goddamsBelfast="88857" besplit="cangleJuliana">
        <besoinFgridLopping>onan50</besoinFgridLopping>
      </okinawaBeldamsAlferez>
      <uphillSwift callaisTirades="2738936" purfle="kolkhos" wannedWorlds="wedbedTootler" cloze="massingSiropToop">
        <moroccoPholido>ortiveVeiningDozily</moroccoPholido>
      </uphillSwift>
    </aftosaDinked>
    <resterGriever>
      <hebamicGnawer>bullsGawked</hebamicGnawer>
    </resterGriever>
    <uppowocKhazenGlints>
      <eucrasyShaslikMenders>gaditanTowsOnethe5129</eucrasyShaslikMenders>
      <cecilCoenactDuddery merchet="primerGlummerMarmot" matsuriSoudan="amylumRedarn" synchedWorkboxDurzi="soggier" teenish="simurghOlfactEnergic">
        <firnsTostaoFolded>elix30</firnsTostaoFolded>
      </cecilCoenactDuddery>
    </uppowocKhazenGlints>
    <siccMumpersKaph>
      <raddleMahicanAnemic>58066</raddleMahicanAnemic>
    </siccMumpersKaph>
    <benuYasmaksDjelfa>
      <fameTubas>7711096</fameTubas>
      <volumedRavelKhadi picae="cnidianDreigh" dragoVowingSauqui="cabbagyBowyers">
        <missit>ablated</missit>
      </volumedRavelKhadi>
      <aegeanFansAurited pis="amishgo" razzlyParsesGoony="accise" ekingSalivasReam="surestIdyllicLevance">
        <kiotomeBye>58090</kiotomeBye>
      </aegeanFansAurited>
    </benuYasmaksDjelfa>
    <bovidaeTaar causon="shyTautogKilled4329" flutistUnions="pentritQuinoa">
      <soroses>5959</soroses>
      <cadmium bagirmiSov="cholee" brinksGramasVidya="12546767" mahal="kashgaAestureCalinut">
        <abpHorsely>cypriaAutopsyAwardee</abpHorsely>
      </cadmium>
      <pristavPentyls stanineHope="4105421">
        <battler>protyls750</battler>
      </pristavPentyls>
      <cleveMaskegs powered="44" naigieAtwinDorcas="sparpleHarpier" qophPuting="shoalSinkRaasch">
        <rootier>407766</rootier>
      </cleveMaskegs>
      <grenatFervourTetrix dinkedGushyClique="35">
        <pardesiIndoorsBisect>brinded5171</pardesiIndoorsBisect>
      </grenatFervourTetrix>
    </bovidaeTaar>
    <listsLaxly infixes="viduine" boggledEgall="salary" electra="beblearListelStoting" urediumDecapod="beatTunicRuckle" neaps="bowedOvertoeDupioni" steer="squalusPediwak">
      <venyBromeNoonday>folkishZinged6913</venyBromeNoonday>
    </listsLaxly>
  </caderMarshalRamed>
</disarmsPalour>