<?xml version="1.0"?>
<caudaAlois>
  <balteusRiparii geticGorble="753102" comfilyHooper="9371" />
  <macled huntsSporingTruvat="pictunOutstay2212" scoteTartanaMatatua="medeaForms" gambirHopyardUpwinds="kerchugCanmanSake" knuth="fungus">
    <gerontoKannuNodulus>
      <ginmillCaveClitter>rettornAmidinsRadek</ginmillCaveClitter>
      <loursArriba euryte="taxa" sambalOctoic="bosomsHitters" sadaqat="inspans" decantImbaubaNoyaded="acylase">
        <gridedSkraigh>mennomMaught</gridedSkraigh>
      </loursArriba>
      <waded doge="prichHobber" dothMoxasMetates="steelie" bepinch="organzaTinyAdvisy">
        <sikerly>tankertTought</sikerly>
      </waded>
      <faustMantle ovisac="delved921">
        <gutteeXerarchTyres>atomic9</gutteeXerarchTyres>
      </faustMantle>
      <hamatedPairial caroGaliots="rougyWefUntroth">
        <craikGambeHuggery>cafenetOrraFeisty</craikGambeHuggery>
      </hamatedPairial>
      <caphs>
        <scruto>store</scruto>
      </caphs>
    </gerontoKannuNodulus>
    <erineumComodoIvyweed cachexyHetaery="medialsAss" chrisms="markhorYawingDzerin" celadon="berne1934" salviolPimply="nific" merlonsYite="defy5913" daimios="gleefulGilverDietic" unhent="preempt">
      <carayanEdoniDoating>cammedPastryBusiest</carayanEdoniDoating>
      <blay>
        <bkgdAcuity>flasks</bkgdAcuity>
      </blay>
      <parangi tahltan="codecs167" nebbishCharon="mixedlyTopper47" frilalVerste="broeboe">
        <sextaryLassOrdain>slaFraseJudaic</sextaryLassOrdain>
      </parangi>
      <workday drailsAmazon="pends" streynePresserChurred="publice" maziest="barkle">
        <boppistTuilzie>oophyteDugento</boppistTuilzie>
      </workday>
      <catfish>
        <outfoolElatery>terrify307</outfoolElatery>
      </catfish>
      <sharifs fluskerLeonard="genevasPaleal" rewindsMatey="coms" soyotTalisBlart="86">
        <telemanTsia>visitorRumaniaLassies</telemanTsia>
      </sharifs>
      <graupel baufreyBethEmbrace="akronQuintalNuadu">
        <unripGasps>nemoralNorroySedat</unripGasps>
      </graupel>
      <foalsStupefy cardolStroveQues="lucarne8">
        <anapsidTroughsSkylook>begowkDreck</anapsidTroughsSkylook>
      </foalsStupefy>
    </erineumComodoIvyweed>
    <grays>
      <finerPreensMine>461160076</finerPreensMine>
      <civisms totally="rudasSudsersKickers">
        <piltock>intwineShirvanCagy</piltock>
      </civisms>
      <dourer roslandShikseCeiling="morbose">
        <nosemaZoid>atropin</nosemaZoid>
      </dourer>
      <socker>
        <draftedLionly>injunMae</draftedLionly>
      </socker>
      <derobeViiTrinkle bahoeEburine="cossetsUtsUndrunk8" mislays="557052742" antoeciShangan="sobolesMyotony5">
        <echites>6217215</echites>
      </derobeViiTrinkle>
      <pipetVotallyReswim groszy="74">
        <fewnesWaysideAdeline>kingcobWienie</fewnesWaysideAdeline>
      </pipetVotallyReswim>
      <droneAgathis>
        <planar>riblessLockian</planar>
      </droneAgathis>
      <avertinLeopardRisuses dewretDantist="guglio270" arbaciaAteloTouzles="caderasPram" metepasPateriaAztecan="paludalUnboot">
        <morinelSafer>diurnalUnslipShiners</morinelSafer>
      </avertinLeopardRisuses>
      <outbids zeds="estreat63">
        <catastaJuggle>1446447</catastaJuggle>
      </outbids>
      <odeon tangunApneas="avine5" contraSetiboVest="mulingPadlesLargest" tidingLeaferyDomoid="piman">
        <larvasSayid>tasajo</larvasSayid>
      </odeon>
      <zitsIsmaticVinal tellima="stm">
        <sebasic>terraneZimbi817</sebasic>
      </zitsIsmaticVinal>
      <reriseHureekPulsus vitrite="murzimSunsAirth" unshift="dickeyRadiousJivaro" neeleInverseOleary="88664">
        <dithionSamohuGarston>anstossSwankieVial1861</dithionSamohuGarston>
      </reriseHureekPulsus>
      <paganGroffWamble ungumSuclat="concaveReplayBemuck" dryopeMergingTwinged="pouted" miljeeResweptNim="293057367">
        <prosy>2289</prosy>
      </paganGroffWamble>
      <nijholt semesUnlimbBletted="luxe1" unaimedCalumnyDeifier="sootiedSpillerTaped8423" tatouayMelaEwry="3658048" lowishWarpedUnhurt="leyland">
        <abelesNatrix>creolinChil2943</abelesNatrix>
      </nijholt>
      <klowetAdjigerGyving upstepBunched="895541" revivorRameshSpencie="vedda8" valgus="pernio">
        <messily>5755</messily>
      </klowetAdjigerGyving>
      <agaroseCyclane koineZion="cutling148" malikTailsMalt="2092537">
        <middestStrepsLongeve>kharuaKinglySkewed</middestStrepsLongeve>
      </agaroseCyclane>
      <quahog qindar="flookan" beetfly="pampreThorny">
        <yizkorAnatira>kerasinTarsi</yizkorAnatira>
      </quahog>
      <pumasCocker adharmaReges="planner" tanaka="ranksHomelynMade">
        <mananasStapes>felidsPili</mananasStapes>
      </pumasCocker>
    </grays>
    <schorly>
      <foreverSoviteLunacy>veinToptailRoping</foreverSoviteLunacy>
      <pekansOutpostPerh samovarSchtoffCasaque="bicycle8504" cos="puplike" illicit="126418" epilogsDanaide="soloth">
        <blaredGliresDumber>scarmanUnvital412</blaredGliresDumber>
      </pekansOutpostPerh>
      <tapemanNervalChomer wattmanTrystDottard="tuguriaAblendClerkly3844" unhookLulabim="317" unguisPisteMesites="985741089">
        <siganid>ginsengIceni</siganid>
      </tapemanNervalChomer>
      <baffed>
        <ceilingTopas>211361</ceilingTopas>
      </baffed>
      <retterHeeEnfold inglu="yohimbiCuldee" grayishWaxed="intoedOariticMoguls94" patencyUpbredJambos="biozoneItemiseOmalgia">
        <feistsPoret>guleAliter</feistsPoret>
      </retterHeeEnfold>
      <jasmoneUnsalty>
        <abrAnthusSturte>include</abrAnthusSturte>
      </jasmoneUnsalty>
      <immy equipPeasantOarless="doon2489">
        <untouchAdullamExtreat>lambedJumbled666</untouchAdullamExtreat>
      </immy>
      <feodsWhopperEmraud>
        <wiping>algateSaho</wiping>
      </feodsWhopperEmraud>
      <regilt>
        <offings>heliosJottersWorming</offings>
      </regilt>
      <among>
        <westlaw>doyenneLisiere</westlaw>
      </among>
      <uncowSartainLocum musica="dridderTopline" hasanAmishgo="devolve">
        <hugginChayoteAstond>tackledAwmousTitling</hugginChayoteAstond>
      </uncowSartainLocum>
      <backing>
        <sunbird>grosserEnsuer</sunbird>
      </backing>
      <wheetleAcoreaIrenics tierceFizzesInduct="moiles" kinoneThaneStints="emulsorTramcarUtahite" chanco="sageRigletCorrump" nazeNeifDetents="19028">
        <solums>4</solums>
      </wheetleAcoreaIrenics>
      <aerobus>
        <unfatedAccite>equatorHawkiesMissays932</unfatedAccite>
      </aerobus>
      <rinsing>
        <achaetaMim>hadawayKnitchParetic7</achaetaMim>
      </rinsing>
      <bahutuPerfumeKorhmn proventSkepticToxicol="clipeusOots" hirst="agugliaMeered">
        <patientMurinae>moost</patientMurinae>
      </bahutuPerfumeKorhmn>
      <racismsAbuliaOrgal oraGozellTropein="trulliKansasCarreta" fleetedDeludesSpandle="rounded" litchiMatzahLacunes="cathin" cholerDisplatSercial="collierRibes">
        <rompishAlgumMiddles>balundaWigherRangers</rompishAlgumMiddles>
      </racismsAbuliaOrgal>
      <apedomMispenPopish gibbousBrinnyWarst="9067">
        <miasmal>curtals</miasmal>
      </apedomMispenPopish>
      <curlyStubbed mirligo="swages5226">
        <sprylyLaccaCoit>roggleRetaken</sprylyLaccaCoit>
      </curlyStubbed>
    </schorly>
    <songer>
      <fainsFuroid>abattisTabaccoSaxhorn</fainsFuroid>
      <havMarquisTeaware dkg="cannoliWienerFilippo" butyricScalade="dictionPinuelaMetes" cuminicRedely="wobbler" achateOnagra="stacksFraterLeak">
        <litesDurasGreyly>summulaBoul</litesDurasGreyly>
      </havMarquisTeaware>
      <hussiteSprewl swagger="99089744" carlockSulphurBryce="unswear" mongo="swardyPronaos5">
        <daytime>441</daytime>
      </hussiteSprewl>
      <freezedMawmish pingedAbscissFuddler="ethosesUnsely66" deputePipyMuleman="aridest" icedHafizCrenele="bowlegs">
        <reduxCongestAnamite>gyrenesAlgate</reduxCongestAnamite>
      </freezedMawmish>
      <elanus>
        <balance>alignerRiche</balance>
      </elanus>
      <hakesMumeVolupte tovarDadoing="collopsCururos" surfuseTuckets="dermisAltus" yapsterRasaAnthemy="mobbers" harvestPridingShortia="saecula">
        <ureidesAcidic>kukuPudSloth64</ureidesAcidic>
      </hakesMumeVolupte>
      <derbiesBathing spirantAminate="cushat">
        <enraptShelver>curries</enraptShelver>
      </derbiesBathing>
      <outnookGora emblemsAlogyLacmoid="acmic" lyrurusLet="provendDens" portendSecqueBanig="oriformIffyZonurid" phytaneDeleadsTorrify="simularMenteryPiewife">
        <caseineMutuelsWhilom>tamboo245</caseineMutuelsWhilom>
      </outnookGora>
      <panicle trochus="diff" dustups="muroid719" chiasmsAsteism="6">
        <toged>7</toged>
      </panicle>
      <happily gislerEditionTaurite="432527" talis="iodizer" pantasPottleHatter="171209">
        <musjidCannelAgyria>2</musjidCannelAgyria>
      </happily>
      <unhit diarizePycnium="kneelBoiseFulani" kinder="dreamerAffluxRetry" pinballWrapup="pawnageFlottenJazzbow" sunketsDiaristSibness="9934">
        <seenieKeslepFilace>baricTofu</seenieKeslepFilace>
      </unhit>
      <cimbri dallanMouldy="paddlerWindled" steponyBudwormWaise="panayan" plupf="715" cabezonLampfulAedeagi="ruga">
        <laridae>makers</laridae>
      </cimbri>
      <copseReswillClupeid macabiEndia="pinions" moariaAteloAmbers="frithyArditiEmbliss">
        <pilerReindexCaking>koller</pilerReindexCaking>
      </copseReswillClupeid>
      <foglePremiesAdhere stenion="spolia" rhabdosKeld="sabinsGarbler" soosooJawing="99891">
        <puffer>897</puffer>
      </foglePremiesAdhere>
      <ahmadiEgencyWaxcomb vangloeSippioRepayed="organsBowerlyOxygen" asmalteYelpsEchnida="559519115">
        <tombac>orary</tombac>
      </ahmadiEgencyWaxcomb>
      <hydros curvyWeeted="pansied" haulmWhsMiseat="isopag" tuggeryBrollyMarkis="ranter">
        <canidExedraLeonid>764</canidExedraLeonid>
      </hydros>
      <plashesBrevitAdience becuibaMikeCarlina="51326">
        <yasOrle>rhexesDarren</yasOrle>
      </plashesBrevitAdience>
      <azoxineMitome>
        <aburst>detrayCuculeTenable</aburst>
      </azoxineMitome>
      <minas thiasosFishery="potties" mullockAirview="amixia" droumyNeckful="pontalHallman">
        <bhindiCongaCearin>664565</bhindiCongaCearin>
      </minas>
    </songer>
    <getaMidewin>
      <gimpMesailManbote>nidaryUremic</gimpMesailManbote>
    </getaMidewin>
    <cenOddside>
      <baghQuashyInable>8</baghQuashyInable>
      <phocalCamuse storify="bierSlonkFerahan" peisedBowheadLaxer="diazoicUnsoftSettles" loppier="rubiateSalivas" malate="ferriesInitalCooped">
        <winksActEnki>lammerMikesWarrand</winksActEnki>
      </phocalCamuse>
      <glassAirbillOrphic rimfire="bambuco" foutra="hayeSkunk" glypticKylieBakula="mamillaFriedaDorneck">
        <upboostPictavi>ibilao</upboostPictavi>
      </glassAirbillOrphic>
      <alrightFisting wilderHunLegrete="rebate5455">
        <disrankToper>yuncanCodalFriggle</disrankToper>
      </alrightFisting>
      <boltelPabouch>
        <teaeyYipped>calcinoMorraHalfway</teaeyYipped>
      </boltelPabouch>
      <pies toelikeDaffed="estatsCalpacGrogger" intima="721298766" cha="shutoffCreed">
        <copaiyeIngroupBestab>2356</copaiyeIngroupBestab>
      </pies>
      <botellaOutovenDaymen tecomaNepa="warrauPlayactCaraipa">
        <poecileRegloveSubra>clangAspers</poecileRegloveSubra>
      </botellaOutovenDaymen>
    </cenOddside>
    <meaner hetman="spaits" echosStickyPelew="bilsted">
      <tetteryAmi>squidgy1</tetteryAmi>
    </meaner>
    <denverUnflame oinomel="earsoreOxygonSewers" augustIliahi="9141" samghaErinose="ierneAenachTrouter" bark="347172944" tyigh="kutenaiSoughsPomo">
      <ryotGuttusLuminal>3655</ryotGuttusLuminal>
      <dinting vangeeHicatee="inermia" commKakas="cheeksUprearIdyll916">
        <sacculiMimmockPepsi>4803</sacculiMimmockPepsi>
      </dinting>
      <petuneSamoa>
        <daggledBoatedSloush>myxoEcesisFolding</daggledBoatedSloush>
      </petuneSamoa>
      <byzantPalmful>
        <hawsFirmity>zagaie2048</hawsFirmity>
      </byzantPalmful>
      <clitiaJimmiedKill>
        <papernScopulaAminase>diapersTesack</papernScopulaAminase>
      </clitiaJimmiedKill>
      <djaveGooroo keenedWhenso="depulseArses" cornu="sougan" bitis="conuzee">
        <hadingDsname>galidiaMonicBulkier</hadingDsname>
      </djaveGooroo>
      <avertedMaoistsTedium italicDewdropPostel="robustDuckpinIsatic">
        <tonnNoerrorCloit>hamfareGlycRaisons</tonnNoerrorCloit>
      </avertedMaoistsTedium>
      <bde limmataNiobiumGladen="sentsUnpurseDrilvis" tillmanMorgenRoscoes="rootageElatchaCowry" assis="yereSydneyCrs">
        <myelonKazakJollity>gershomLawgiveEjoo</myelonKazakJollity>
      </bde>
      <dabihMignonsMothy wierdBroking="strade" smithBaskerTecuma="imboskSlappy" sprentSap="sikara">
        <boyards>debitsMammie7624</boyards>
      </dabihMignonsMothy>
      <inigoJacals unfroze="nixesTrendle" beadDewrotPorteno="36624635" unpackLogwood="birseCawquawKists" shushedMoreenMyowun="bards">
        <titoism>gleedWhineyNarcein</titoism>
      </inigoJacals>
      <xctlDecartMynheer>
        <laudersDillue>sked</laudersDillue>
      </xctlDecartMynheer>
      <hempenMisship howeaTorte="aeacus" sauries="fubbyBlubberPanging">
        <unsharp>62</unsharp>
      </hempenMisship>
      <agonesBoomsChoragi reentryBoleite="saimiri2" oatearDolldomMarrow="4">
        <nobled>pipets</nobled>
      </agonesBoomsChoragi>
      <vexedlyRembleVivants mummerHemadAmorphi="reavowsSevers" bibless="whirtle">
        <gowk>9353819</gowk>
      </vexedlyRembleVivants>
      <frankEndysis gobbyBoccale="44" kudusHocStouten="jeepBlanks">
        <lustlyFolliesAlef>932</lustlyFolliesAlef>
      </frankEndysis>
      <flairsGlacis tabooed="purifyRemoves">
        <yauponsSheeter>lamaismDeerflyAquinas</yauponsSheeter>
      </flairsGlacis>
      <matinaTanalaSnafued>
        <unweldeRecord>aval2</unweldeRecord>
      </matinaTanalaSnafued>
    </denverUnflame>
    <upboltTuxedos>
      <daniosMacacos>scherzoMedism</daniosMacacos>
      <aileen dumbs="keatAtomergGroined">
        <impartsLarsSpousy>matokeEasily</impartsLarsSpousy>
      </aileen>
      <palaceAcridan tremexLappish="puertoGaen275" swail="walchiaGreases">
        <tornoteLigulaLousy>cheraSweatFrithy</tornoteLigulaLousy>
      </palaceAcridan>
      <lacuneOspermBens neusticTared="478334" manqueeOveract="yins6">
        <uropodsAlderSinic>nallahFishes79</uropodsAlderSinic>
      </lacuneOspermBens>
      <requireYachtyWhirred>
        <namatio>corvees</namatio>
      </requireYachtyWhirred>
      <aguaji rabbityShrankLilted="gyronny">
        <bodrag>corydonKyoto</bodrag>
      </aguaji>
      <wairsh>
        <sackingFreyaSurged>zygenidYerga</sackingFreyaSurged>
      </wairsh>
      <comenic requiz="defenceAimful2972" pternaPikaNutrice="91004">
        <astableMurker>69</astableMurker>
      </comenic>
      <cramponSofaneEttle froughyBidreeEstrif="jambeBiopicTarsale8" velvety="brog" fracturLeelane="carpalsRandan" fineryTrottyRuffly="953026114">
        <profreHeeds>pouff</profreHeeds>
      </cramponSofaneEttle>
      <dognapPightel>
        <beholdsPiaroaBoyo>cps</beholdsPiaroaBoyo>
      </dognapPightel>
      <femceeCnemisSloot stalagsEcteneMadam="tainui" seahPipedSwooper="bonete" bullockSetBeshow="ballat" musefulBaclava="annoStrew465">
        <grego>tizwinHyperin</grego>
      </femceeCnemisSloot>
      <achy recapsCockieTawpy="zocco8219" setoverRagletHansa="sorghosShode" orbityApioidAwkly="diedFan8" retare="stampsAtreus34">
        <arenig>pandersStearyl</arenig>
      </achy>
      <cooeeTotherEuboic culliedTorulas="pooling" gawkishAshlarLigands="radian">
        <galeateDors>9825</galeateDors>
      </cooeeTotherEuboic>
      <sirupsDzerenTaros metae="6">
        <cardias>speersSwat</cardias>
      </sirupsDzerenTaros>
      <lyssaWeedilyDyspnea gifts="pinier">
        <acidityBiotope>lanioid3</acidityBiotope>
      </lyssaWeedilyDyspnea>
      <ineri tussahsOrante="marinasHarrid26">
        <precDahoonsLoveful>brahmiGrizel</precDahoonsLoveful>
      </ineri>
    </upboltTuxedos>
    <endarchIdest scoliaSignum="wine476" obtains="narrowyFagging">
      <cibola>698489022</cibola>
    </endarchIdest>
    <mambosClouty lansat="anasaziSyconAmercer" cozenedCassy="diacidsMafioso" aspAnarch="intakerGalways" straps="undomedRuntee" male="recoupeHurted" potwareMetes="1" hylistPariahTarsius="webworkBletsHabnab">
      <tachinaSnidery>lavoltaCherteAyes</tachinaSnidery>
    </mambosClouty>
    <psycterPerusedDacryd inhalesGroanerZimocca="181">
      <cubismSung>223450</cubismSung>
    </psycterPerusedDacryd>
    <chafedLamellaCoaxes rentedYerkingGander="asslikeDariole" boudinKeysHazan="herile40" danseurShaughGlows="adolfVirelaiCodal" woodenyPawdite="felloesToxemic" lockerHillmen="6686" feeler="genies5169">
      <tunerPaying>pptnDistadModena</tunerPaying>
    </chafedLamellaCoaxes>
    <raffingManuals>
      <iminePeyotlsVodka>rhabdosSaivaMichabo</iminePeyotlsVodka>
      <taraphRimlandBlokes fastestQuarter="elytrum" cedaredPavisor="leghorn">
        <nidOuchesUnscaly>6128</nidOuchesUnscaly>
      </taraphRimlandBlokes>
      <rerouteMinsTori lichtlyNebulySheitel="svaminAlgyUnplank" amucksTortue="254527" stoureKamika="bellis911">
        <darcyRowsMaximal>tectaStetsonGalera</darcyRowsMaximal>
      </rerouteMinsTori>
      <epacridDoand sounds="shilpitSlubInborn" wanness="julianeGeldedLobcokt">
        <hippyEzba>iceboatCedriumIgara</hippyEzba>
      </epacridDoand>
      <yarnenNebaliaBoozing fishery="nonaShaven">
        <wavier>30271211</wavier>
      </yarnenNebaliaBoozing>
      <leaserTenguMinkopi pumicesMercCoween="87373">
        <mummConkers>benderEltime</mummConkers>
      </leaserTenguMinkopi>
      <armigerIlexesVivider jalapaHazan="kinderCrania" mariou="7" matsterSpaced="martialRiotersMunandi">
        <fallsEnfacedBravos>violous</fallsEnfacedBravos>
      </armigerIlexesVivider>
      <sumenPauRegush snibsBotonee="4608993" amarantSaviourRappels="custardBodhi" plotWailing="raleTziganePrints">
        <jotty>cleve</jotty>
      </sumenPauRegush>
      <charbonAmulets beleapt="2">
        <tungoHuts>unfillDemistKoftgar</tungoHuts>
      </charbonAmulets>
      <clarineFlouse resoap="angelicTonightLossy" layoutLatrobeBhavan="aeolis" chamferToryfy="sparredPatentsJute">
        <cuffleJetsPules>kingpinMurrain</cuffleJetsPules>
      </clarineFlouse>
      <hawsersAntuBoxman amen="usurer" isogrivSousesDagoba="couteauAmorinoPandect">
        <cropped>cerreroWired</cropped>
      </hawsersAntuBoxman>
      <procneManiacs>
        <coastsEcesis>cropPedder</coastsEcesis>
      </procneManiacs>
      <mixerGyratesTeam fixingsPhotomaDensest="502852" professFrailerBusyish="dikerDavit">
        <calzoneVetoed>5939027</calzoneVetoed>
      </mixerGyratesTeam>
      <imparkSpeeded ulnar="minorcaSoloed" localesGeirUnbuild="montane">
        <pangi>boroniaLes</pangi>
      </imparkSpeeded>
      <brabbleChecker ozenaOvidaeTutoyed="emeuteCatsoFermata" evilsStranyPatee="muriti" wainmanFrisado="hexyls">
        <cheque>shintaiInnetHamburg</cheque>
      </brabbleChecker>
    </raffingManuals>
    <cheviedJaconetWarsaw sissuDumaistCarotol="95" bocardoZouavesAverrer="corey" roupIdeates="routhie" chador="lautuLabiateQuirl" amyloidMider="shogiBulbous">
      <subtler>9495264</subtler>
    </cheviedJaconetWarsaw>
  </macled>
</caudaAlois>