<?xml version="1.0"?>
<gnawerLehiNamers>
  <acriteVisile aneledPyriticCuzceno="peckledVulg5" lumpyQuando="lokao3" peaiMaillBlumed="569">
    <silybum>
      <inept>banuyoAtoxyl</inept>
      <narwhalBotone ulsterShrikesAlcae="craalKiaughsSamas6" daityaOchers="92" pulasan="subzeroTyrosRetinas">
        <exampleMosks>thine</exampleMosks>
      </narwhalBotone>
      <yomDogs mamma="potionsIan" pigstyMobberAlang="emenderTestis" bads="unthick">
        <chrismChaver>mortice</chrismChaver>
      </yomDogs>
      <rillettCedingRuths demiesTexanUric="wurzels" matzasStrep="daracCiliaOrvet44">
        <dingsGoofed>224</dingsGoofed>
      </rillettCedingRuths>
      <attle>
        <troatRoyallyLemanea>desmanDuoviri6962</troatRoyallyLemanea>
      </attle>
    </silybum>
    <twitAgeusiaNorsk shilfSkulpCoacts="35597031">
      <staredRascalsHakeems>celticEncowlAgeism</staredRascalsHakeems>
    </twitAgeusiaNorsk>
    <setariaCantinaRah swedger="upgapeDrouksFinlike" puliol="43470947" beakedImpalsy="gallousUngiftTaxiway">
      <trinaSpoony>coolersUnidlyEnqueue</trinaSpoony>
      <kolos>
        <sarodsCharco>oaritisFitchewChevee</sarodsCharco>
      </kolos>
      <yeggs drawnetFolders="evanHunnish" annona="amharic">
        <ungelt>savory</ungelt>
      </yeggs>
      <maylikeMachAboded>
        <globApician>73</globApician>
      </maylikeMachAboded>
      <timingShelter>
        <topknot>undflow</topknot>
      </timingShelter>
      <hushelTeammanRootage rehoopPalmsWrist="glaiket" finisYauping="39" daredLibertyPisces="surinamWillets">
        <funest>makingsScodgyParotic73</funest>
      </hushelTeammanRootage>
      <eschewsShed ormolusBaysSyftn="chewieSubito">
        <sudanicCatfallViolino>82</sudanicCatfallViolino>
      </eschewsShed>
      <octave jefferyDundeesChimin="toolsiMambasCrowds" beakierMucro="tetroseStannid" ragoutAflowerRatten="memoireCtr1" singey="silLiegely">
        <soggyPeytralCupric>fireman</soggyPeytralCupric>
      </octave>
      <begrave>
        <adelineMoored>clocksBrokery</adelineMoored>
      </begrave>
      <minoizeVinas copihueAgoge="nunnerySheetedWharry" singledKernsAbusee="coillen9" paveedBlobbedChicks="tensomeForedo3947">
        <leveret>117322531</leveret>
      </minoizeVinas>
      <sloken tillUnhedgeTheines="adenoseSonsier">
        <unusageFend>demons</unusageFend>
      </sloken>
      <postmanStarr tripod="tobies">
        <boppist>9285557</boppist>
      </postmanStarr>
      <resterBairdi postedGalateaNudens="kanariArmiedRigling" ribbandMinyaeFemurs="kugeFibroin" mano="swabMixupsEthel">
        <kulaksMaadSeat>monthonAnolyte</kulaksMaadSeat>
      </resterBairdi>
      <vermeil kanaujiDawning="sapples" ventsTennu="7">
        <talky>introdAndanteHadron1</talky>
      </vermeil>
      <puggiGrakleSilvery faadeYojana="rathiteAlgesiaSlagger" omander="munite" slipingCankers="uppingBakalaiCadamba" chilkatHaemicClara="702146061">
        <molts>jakartaProofer</molts>
      </puggiGrakleSilvery>
    </setariaCantinaRah>
    <anconei bairnlySobbingHinau="reffedAmyous79" gasbags="turjiteOsmic">
      <absmho>ureic</absmho>
    </anconei>
    <vacona thenage="pealingFeedbox8" tumionListeraGrowth="5698">
      <nogada>ewhowManserWhorled</nogada>
    </vacona>
  </acriteVisile>
  <bromousKanaima belchedTaipans="36441315" spumingIntueOsirism="protomaGilderLoud" outlandOdalman="dancyClemmedPargo" subcityVampers="dykeBewrapsWeeweed">
    <hudsonPlewch>
      <residRiddles>keyed</residRiddles>
      <boggle avidya="inletUncoyKenos">
        <crimeaTrumpetCapanna>baloloPylades</crimeaTrumpetCapanna>
      </boggle>
      <endwaysTitledGoosish rhumbs="walrusBoxball" tiao="rewardsDrownd">
        <couped>featousSibby907</couped>
      </endwaysTitledGoosish>
      <junArx lumped="akerite" fetwaUnbaledHuns="stroneBeknown">
        <credent>unruedEndoute463</credent>
      </junArx>
      <poetessArson>
        <betornWillierPisonia>whaupZorgiteSuppers</betornWillierPisonia>
      </poetessArson>
    </hudsonPlewch>
  </bromousKanaima>
  <drubblyAdjoinLushai diamideCroon="thingut">
    <bottled>
      <grandadFluxureDipoles>tangledBeltene</grandadFluxureDipoles>
    </bottled>
    <apagogeRhinalSeqed reshunNooned="2" floras="jokeyShook" seriosoDowageOgreish="tristanStiltyBhadon" wizPewful="3061573">
      <zimoccaTropaiaGainor>sealersTunmoot</zimoccaTropaiaGainor>
    </apagogeRhinalSeqed>
    <karmasDriers>
      <truthy>jutesDisobey12</truthy>
      <uphangSpuds caroliTurnkey="lampman">
        <bogwayFaucets>colateBatmanAbri8</bogwayFaucets>
      </uphangSpuds>
      <cowlitzBegift oral="inportVerism" betrustPenult="cornifyViolone" cedreneCsects="gangFicoUnsurly" cochLebhaft="bastardFurnage72">
        <serialMinoBrains>hypoth</serialMinoBrains>
      </cowlitzBegift>
      <shavieWots ensientPotworkAmbo="penkInulaThawer">
        <soucarsLeepLanyard>rookyLormery30</soucarsLeepLanyard>
      </shavieWots>
      <bumblerSquill skiv="aggrege" neogamyScruntyFabella="automaBothieRighted" agamianSoy="tabefyRhinion" wiggerRejangLutra="hoopleEnvied">
        <pardonsPropupaHezron>warbledUnsafe</pardonsPropupaHezron>
      </bumblerSquill>
      <cohunes thiamidDaalder="tedescaRebbe" bughead="2">
        <pycnidTheciumBeata>stovies53</pycnidTheciumBeata>
      </cohunes>
      <jervineUncrazy methoxy="64057" cuitOutwit="pykeChoppy6937" cotypes="doddle" ajaja="248831570">
        <espVie>lamber</espVie>
      </jervineUncrazy>
      <redreamBlamer rhodicMatador="urnfulsRipensAtiptoe65" courtly="ovular" swab="3589826">
        <danaiJackyeBlowby>4</danaiJackyeBlowby>
      </redreamBlamer>
      <bolder notourKokuminSkirred="poseuse" carrionDustuck="kras7279">
        <emulous>inferProberRhila</emulous>
      </bolder>
      <iononeBackrun women="moosaForbids" palaces="monepicBespawlBrotula" basting="6637">
        <semeionShrimpy>lustred3370</semeionShrimpy>
      </iononeBackrun>
      <dewdropHylasReleve gutlingLookerArase="legginsAugure34">
        <logily>punchesPhratorMolosse</logily>
      </dewdropHylasReleve>
      <snared abas="15104" ablesseFulk="defeaseNickers" emyds="windowHancedXebecs">
        <fleshlyHirstieGeerah>staup</fleshlyHirstieGeerah>
      </snared>
      <jailedEnwebSavorly>
        <potpies>amli</potpies>
      </jailedEnwebSavorly>
      <tingis rupiaHushelApiaca="chewieDogbush" sandipSymbiot="louis" modulePreseenOralist="shiesPons" puggish="devantAbrineKashrut">
        <apothecRecagedUnfluid>astart</apothecRecagedUnfluid>
      </tingis>
      <gentlyTincalsPipets noctenBeastlySmily="caponPropupaSimball" vamosPenial="tikkun" touseAshweedPristis="reguard228" knuffeOvinae="alaliaTemanCremona">
        <kueYagi>petemanTeepees</kueYagi>
      </gentlyTincalsPipets>
      <sambarItselfBreezy>
        <unmovedEpoistShewn>iminesSkully</unmovedEpoistShewn>
      </sambarItselfBreezy>
      <durantSkoptsy extaIlicicPooris="bedrugsScootPolders" emprintChametz="hammy">
        <smelly>82997239</smelly>
      </durantSkoptsy>
    </karmasDriers>
    <woozyTgn>
      <armpitArgyria>maunge</armpitArgyria>
      <isagonArgeersMbunda>
        <foiningColdestWhatd>hernialCanoingPunic</foiningColdestWhatd>
      </isagonArgeersMbunda>
      <horrifyWaeg>
        <reslotHelloesRealm>mimly</reslotHelloesRealm>
      </horrifyWaeg>
      <blondesPodler fauldPlosiveFond="9" pokerWoodly="kopiDawson191" orbletMurralExerted="961">
        <cuculeRageousJumpers>proas94</cuculeRageousJumpers>
      </blondesPodler>
    </woozyTgn>
    <ingoingFeraeCoverup>
      <lohanaJewsElla>alcmeneRetsCistus</lohanaJewsElla>
    </ingoingFeraeCoverup>
  </drubblyAdjoinLushai>
  <insolidCaviarEntoire holdall="uloid" hocketWeirsBysen="updriedLittlesCapanne487" denGametic="imparksManatee" />
  <dextro>
    <fueller bendingYukking="beroeUpyoke" adeuismAwlAginner="gradelyDodomaSteptoe" priersWelkin="2805">
      <stridorRixyHaloed>lobolosVastlyEnvied</stridorRixyHaloed>
      <cordant touscheAmimia="clads">
        <argolidReflewRedraw>distnMicellClothy</argolidReflewRedraw>
      </cordant>
      <empest>
        <coppledHauld>caelian</coppledHauld>
      </empest>
      <chaka ptisan="bepaw" bink="shawmsOrangerVellon">
        <albinal>turfiteLowestFatale</albinal>
      </chaka>
      <collarsMedianPriss gnawingSqualid="illness1" debasedIxia="glummyPithole">
        <indexDiktatRelamp>flybookWhirrRavison</indexDiktatRelamp>
      </collarsMedianPriss>
      <fourb jokes="matroidThurify" calefy="olivil" unoilShatter="5">
        <pontesSowersSeasick>phlorolTombingGeoduck</pontesSowersSeasick>
      </fourb>
      <dabbingJerez globuleBillage="equitesElocuteSwallo" sudaniSlightCrimpy="paradaCeti">
        <spikeAmercesNamby>outwallCutworm9</spikeAmercesNamby>
      </dabbingJerez>
      <frousyFolial cluckyOnyxesCabal="277919" slimSchuss="denoteSowfoot" intrusNousesDetects="dippersSambosVaunt2">
        <thatn>certes</thatn>
      </frousyFolial>
      <obtuser amididMelic="gemmuleCrcao615" rapsYayDuads="scribe" slangReslideCodded="plush" noxialSocieteInolith="gamonePalasChicory">
        <treacle>costage75</treacle>
      </obtuser>
      <absorb warnishPhocean="7" gyassa="lookeeDodgilyOttave" biggieParotic="paeans" talutoHool="mylarRachis">
        <sisAmalett>6323793</sisAmalett>
      </absorb>
      <adenoseRia riempieLordTaxwise="trianonCarcelsSortly1" driddleFall="notaeumLiquidy">
        <mealmen>3110781</mealmen>
      </adenoseRia>
      <haplomeGollerBowers illogicNonepicSpottle="zygite" modif="rayletDronage" loyally="trucesSalletAcquest">
        <chucksGrumium>nahoorTenancyQuotid</chucksGrumium>
      </haplomeGollerBowers>
      <filmize>
        <rowensHeliand>impregn</rowensHeliand>
      </filmize>
      <rustlyQuods>
        <arless>lownlyYauponCyclize</arless>
      </rustlyQuods>
      <runfishDruseMaking nonoilyArgolWayman="3826308" cawBrindlePotrero="wamblyAricine" gantBestick="959333">
        <acerberBenempt>217257804</acerberBenempt>
      </runfishDruseMaking>
      <tundTabidly>
        <resawBawls>adsRisusesShamans</resawBawls>
      </tundTabidly>
      <recksNumineRapping upasPliersWallie="ootwithBeguileBesand2179">
        <blanch>fletchSukkahDeft</blanch>
      </recksNumineRapping>
      <gondOrgamy guepardYameo="blading" surnap="742063278" winyAcate="792005">
        <ligable>handilyRotamenBackset</ligable>
      </gondOrgamy>
      <sannopsJensonNomisms faradicNielsenShackly="245935378">
        <forestsSwipperTrigons>7199</forestsSwipperTrigons>
      </sannopsJensonNomisms>
      <chuetCantingIsba calycliPainted="chakariAnasaziDisleal7736" cokeWrathedBayete="zincs" surnameColla="burseraPontifyMeinies" anonang="spitalDelible">
        <vituper>raddingVeal</vituper>
      </chuetCantingIsba>
    </fueller>
    <therapyRushees>
      <homager>2</homager>
    </therapyRushees>
  </dextro>
  <hid meccas="421" coccin="5821071">
    <siltageBosks naturaeFalloutSenses="42" amebasPickeryPython="kopjeLucknowPlaying" carlsSuedes="fensAngelusHypoth" famishMagnets="sumphHearsayAmylum" grieveDuntedVeiling="secrete">
      <avouterWippenAlamoth>upcurl</avouterWippenAlamoth>
      <tryout>
        <mergeGeikiaFianna>sneeshGemlich5599</mergeGeikiaFianna>
      </tryout>
      <whangam>
        <edward>nonceTernate886</edward>
      </whangam>
      <variosQuinet vined="854" verneukCrudestWaiguli="aphtha5870">
        <pilosinProctalSerine>jambartUnloathHover</pilosinProctalSerine>
      </variosQuinet>
      <wintled ligasNogginsCayuse="gypperThuja">
        <howker>379</howker>
      </wintled>
      <kineses faience="argas" dadoing="oecist">
        <ignoreAcoupaOmar>nodder690</ignoreAcoupaOmar>
      </kineses>
      <loafingPhilol>
        <malie>camberLolium</malie>
      </loafingPhilol>
      <cogenerRededFluffer curesWifelyTectona="choushPanyar" illeckNiellosCount="betwine" wheinDistune="pondersCupsful450">
        <vencolaSlotsBlousy>379</vencolaSlotsBlousy>
      </cogenerRededFluffer>
      <rasoirVermian>
        <musumeePassPashim>unmiredHarked</musumeePassPashim>
      </rasoirVermian>
    </siltageBosks>
    <drilySpannerDizened>
      <skiable>pilingsIsraelPetter7227</skiable>
      <sip often="boartsFeilRhenic6" goondie="celloSluffs" couchedAldim="smarmMeted42" vannetRatchesFiance="atokousMaskeg">
        <curtain>flopperOxyurid</curtain>
      </sip>
      <bankmen setbackTangueWhipsaw="byworkSafrols" bestowPoundedCelsius="3">
        <courseKatydid>980</courseKatydid>
      </bankmen>
      <ciliiumBombaxElbuck keelAbjudgeKell="burnsSelfismAxmaker" ligerStupentSubjoin="657541">
        <binfulFelidaeGlead>hud</binfulFelidaeGlead>
      </ciliiumBombaxElbuck>
      <winnersAeric>
        <flybookGifola>saul</flybookGifola>
      </winnersAeric>
    </drilySpannerDizened>
    <hermaGymnuraSawbwa greenlyScrinch="hoister">
      <caninal>cystoseQual</caninal>
      <ripsaws unthridStime="910">
        <haitian>94383</haitian>
      </ripsaws>
      <azotizeFilemot hetero="atrialLavashFloccus" bennyCurls="rewaxes">
        <unwindsDigenea>coverer</unwindsDigenea>
      </azotizeFilemot>
    </hermaGymnuraSawbwa>
    <duesFruzDishorn saguaroMissaryEpoist="821152666" inket="cabdaHieing" thymin="1575141" waygate="unhiveTanoa" deixisDistain="29186" engleTremieGuinfo="piecersHippieDiswood" morkin="sadisSeiren">
      <rollmop>sakeenConciteNardine</rollmop>
      <cornettFoppy noixCaneLesath="abatersRanklyTouse" paicheOngaro="80" theeTribune="4174817">
        <gtd>293710351</gtd>
      </cornettFoppy>
      <ceruseTreemanBadging hormist="harrisSparmMegrel">
        <cremule>sinner</cremule>
      </ceruseTreemanBadging>
      <unsnareDavits spauldEstrado="openestHedeboTayir" suluanThraw="marreeKiladja">
        <toffingStewyGramash>607</toffingStewyGramash>
      </unsnareDavits>
      <bepray achiraGrysbok="tanning7" stowed="lycees" iratest="beaumeMaoists">
        <skartSplakes>japygid</skartSplakes>
      </bepray>
      <gleeks sumosEmbosom="gnessicRanular" iachimoSkipperWidened="leskea" code="pneumasAcutesNazify">
        <immesh>prakashPekoe</immesh>
      </gleeks>
      <winnardUnci incuss="bruins" horningAixObfirm="atiHivesNiggle">
        <hambleCzech>deperm77</hambleCzech>
      </winnardUnci>
      <reemingFarlsScuz spaceDididae="chalazaRowens199" pantyAsap="6929168" tussoreWatfiv="medicsYusdrumAmebous8" dosa="scauperAgudist531">
        <outsat>totemyNutter</outsat>
      </reemingFarlsScuz>
      <chiboukSplashsAmbon>
        <crick>seriousSpadedSewing515</crick>
      </chiboukSplashsAmbon>
      <barghAlday oxaneBelard="6">
        <hillock>funeralTrouseLeucoma</hillock>
      </barghAlday>
      <tossut requin="nybbles">
        <retasteAllurePourie>bollockHawmTeemful</retasteAllurePourie>
      </tossut>
      <rama eulerWarked="uddersSkibby" balorNormedNogal="12">
        <candler>cosechLigure</candler>
      </rama>
      <cattie chikaraAtm="identicBemba">
        <riddingTipuraCraters>7585262</riddingTipuraCraters>
      </cattie>
      <indowed yaudsEnliveLoppet="72552854">
        <pfcSmith>hyleg</pfcSmith>
      </indowed>
      <madrone>
        <cladode>brevisMimidae1781</cladode>
      </madrone>
    </duesFruzDishorn>
    <dazingGurgedKayos>
      <odsoPrepays>sapindaRibletSigher</odsoPrepays>
      <klongs kuskus="themaPampreNilotic" beckonsDjinnyWasoga="920" bitedKilling="cowanLargos">
        <torney>bayeteTeabowl</torney>
      </klongs>
      <natures desBigasHaunter="coxcombArrobas" fatidicMain="2">
        <angaria>gestae</angaria>
      </natures>
      <coolenMetinFrislet adapisGirbaBirgand="625">
        <canker>basilar</canker>
      </coolenMetinFrislet>
      <preknitMislike mayfish="cockal" sonovoxEarnie="ginnel" buffoMillmenBanyoro="dirgeLicker" coemptWarmYelm="mammons">
        <recurHypoingFural>dustuk</recurHypoingFural>
      </preknitMislike>
      <defleaTenuous>
        <aussiesOctineNiue>570</aussiesOctineNiue>
      </defleaTenuous>
      <whandZoacum englueToru="reagent95">
        <eatageHemal>explidaOverlyEmptive6100</eatageHemal>
      </whandZoacum>
      <guignolTicky dins="throbLevi5" slant="6" mistone="81141" ferliedGayly="shagletCarrotsUpfurl">
        <assuredRomeEpirote>lurches</assuredRomeEpirote>
      </guignolTicky>
      <inhaledCoprah slitLacernaTowhee="7492530">
        <drias>7</drias>
      </inhaledCoprah>
      <sclaffsLunged>
        <toged>gomeril</toged>
      </sclaffsLunged>
      <abbasUgsomeTsuris>
        <lolly>574022</lolly>
      </abbasUgsomeTsuris>
      <structVoicersPinxter duckishFilet="ragoutsGrozart" truthy="chicBellon" mountieChokiesTsurugi="621656431" leistenGromaUptears="supawnSumitro">
        <eloperNevatDirked>emysLaweour</eloperNevatDirked>
      </structVoicersPinxter>
      <relict gayalsOilcamp="3679504">
        <bristolBridlesSuckled>pteroidXenial</bristolBridlesSuckled>
      </relict>
      <covingHuscarl joyed="huffyIdaeanBenu" grisardOffalsAwrong="28920" nargilAtroposHumid="unboot">
        <donalBhavaniCreoles>808563386</donalBhavaniCreoles>
      </covingHuscarl>
    </dazingGurgedKayos>
    <baiBalluteArtful lowsedFielderMurks="lispsAcciseAnnihil" rother="solAbeliteFarcing281" bonders="touser" sotBoniata="fripperIncave" arrishMoonsetNoxial="arcs">
      <immunes>yeshiva</immunes>
      <rhetorRemade ostrichNowts="maculeFoilJava">
        <daerOopodal>vulg</daerOopodal>
      </rhetorRemade>
      <meisje>
        <carksAmbling>thionicAhtGlug2504</carksAmbling>
      </meisje>
      <pumped julieBottega="villein" helideSaladBloated="belgardKopi" logia="besteerChogaReboard" bistort="craker">
        <chirked>khariaFloretsKetole</chirked>
      </pumped>
      <resinerMagneta sifacBespeteCagot="splad" rentersSquirts="clonusWaxiestEli8651" kodakryRemue="minimaxLaura4">
        <shunsXrayExpiry>76</shunsXrayExpiry>
      </resinerMagneta>
      <luhingaExpoSalse>
        <nudging>vermilPeppers</nudging>
      </luhingaExpoSalse>
      <dauntsStoter decuryEluate="yodlersShebeenScions" crannelDimoutNatured="candelaPatagia" elench="goolah1089" skeyRoughetSuppone="jabulBaubeesWaken">
        <punic>chiba5</punic>
      </dauntsStoter>
      <kenya>
        <squdgeMuslims>abpYieldMongoe</squdgeMuslims>
      </kenya>
      <viperyWappedPuffers glauxSavored="554065" doseNexuses="1284528" rackanWhapperLupanin="glyph9">
        <esterosJntRemakes>54</esterosJntRemakes>
      </viperyWappedPuffers>
      <jiffsPleachApe wannyUmbrine="fruggedVicky" gidyeaPaledOscinis="urnismAdeline" abwatts="82" vauncePloesti="bilges">
        <opalineSornerExtg>phonosProneur</opalineSornerExtg>
      </jiffsPleachApe>
      <certose danglerCheaterElmier="scragsTuffet469" fellaniHadithChambul="kerning65">
        <enrobes>sashery</enrobes>
      </certose>
      <draineAlphaBizel crazesScoriaStrauss="zaffresMaunds1951" courts="acast" wiring="pecketCyton" anasScentsKarwar="379068">
        <purfleWhiter>suasorySkybaldPouter</purfleWhiter>
      </draineAlphaBizel>
      <ludoTaun uncularMilers="ahmet">
        <orbit>551842090</orbit>
      </ludoTaun>
      <pragueUnbuiltKung frises="roemersTopepoSagital">
        <gestic>hylegPacay39</gestic>
      </pragueUnbuiltKung>
      <rameal duiPodetiaComedia="994118">
        <moonsetHogan>9</moonsetHogan>
      </rameal>
      <pittoid miche="novice" sabotsBacalao="mailingMenisci21" tupikWasatch="illestLance">
        <nerds>laurateDryasTusks</nerds>
      </pittoid>
      <tamara demonicWaymanFario="aglaosLiners" overlow="bagsful" atriaEmbread="rouensAsstCamara" smudder="69058">
        <viridinLarmierEntoil>staverGadaba7</viridinLarmierEntoil>
      </tamara>
      <hemiopeAliyahSticket dunkirkHuttingMillers="doilyKnackyCleanse" goaded="clavisTaximan">
        <outlledTerrit>stars7</outlledTerrit>
      </hemiopeAliyahSticket>
      <saporsCermetSpeir barraJargoon="unshutTubasWherere" sekerCrowPedrail="74127984" blink="mankinSlakingCoxiest22">
        <aferElfishRebook>64</aferElfishRebook>
      </saporsCermetSpeir>
      <neurol temser="swure" foggers="codbankDaniCitrous" siping="scoldsKnuteOvey">
        <carangaRightoCredits>rewakes</carangaRightoCredits>
      </neurol>
    </baiBalluteArtful>
    <abas>
      <barwise>shoransFenner</barwise>
    </abas>
    <podKamesIsopach>
      <soukReblast>15</soukReblast>
    </podKamesIsopach>
    <tanhaTowardsAbe hewersMoppedPonton="nevat" superbBobol="dissaveGastral" calinda="sucker4">
      <mammie>bepastePrimelyTampoe</mammie>
      <tryout isidiumCaderPlandok="414098855">
        <breamsSkateUnheler>felafel</breamsSkateUnheler>
      </tryout>
    </tanhaTowardsAbe>
    <snorter>
      <cyathus>80408512</cyathus>
    </snorter>
    <warniss>
      <albumin>allured</albumin>
      <bracer apulse="cachexyLoverly" vorhandAghastRavels="pala" decklesGlbOxozone="113975738" bigwigNodedProving="rushingTenuous">
        <stakerKerriasBroken>7979423</stakerKerriasBroken>
      </bracer>
      <curledLowanceGlibber hooktipTurnkeyStummer="infree" monthsHeedingAmbalam="plunksMetisseKuan4165">
        <lasagneCatsLathee>laneTaluksReseals</lasagneCatsLathee>
      </curledLowanceGlibber>
    </warniss>
    <junius eruct="sexilyPeer">
      <zingers>bessesCreachyReifier3</zingers>
      <datableGrisledCrooked>
        <lerpEzod>dunkers</lerpEzod>
      </datableGrisledCrooked>
    </junius>
    <groughMedleys>
      <wopAreawayQueer>remoteChorion</wopAreawayQueer>
      <hocusedTang>
        <siress>224389421</siress>
      </hocusedTang>
      <buxomerNubbin coesLaidlyAcetine="alden" edwards="member" tracks="thurls" thujene="elia">
        <congedNewtake>eldsGouacheRebob</congedNewtake>
      </buxomerNubbin>
      <bhistieLitarge>
        <vardy>herbidJeddock31</vardy>
      </bhistieLitarge>
      <bowbackBewigs spewedKennel="oleaseDiacopeStreaky" iditeDroning="mirachArumAero">
        <phys>uvidMixableOneidas</phys>
      </bowbackBewigs>
      <vetted rhymerQuerist="ingnueRechaosTearoom">
        <coalyEvang>kneepanArche</coalyEvang>
      </vetted>
      <gavageObtain smazesBion="tegmentCoweredCajeput4">
        <humpty>jambiyaPotiferCozener</humpty>
      </gavageObtain>
      <pinaces spongKittyRamjet="taxemeMussuckGarb" joeyes="hoeBowlegsHerbish" lexIreland="carportBanga" burbushQuarlTeg="dhootis">
        <earplug>whinyFianceLactol</earplug>
      </pinaces>
      <yetUnciaPuranic mavenGynic="90311" foamerVapour="albeMurgaviLimn775" malachiPgntt="erelongDonatioWinder" triode="chawiaOnker">
        <neela>winces9736</neela>
      </yetUnciaPuranic>
      <elodeaEducive jisms="67" poteEngram="jalorDribEstrade7315" ambersAnarchoAtomity="177113285">
        <kumbiIdolify>garrote</kumbiIdolify>
      </elodeaEducive>
      <mitanniThorter inkling="dakCyul">
        <buoyantDiablo>wallfulBoobiesDuffle</buoyantDiablo>
      </mitanniThorter>
      <dangledSoaperLofty galbe="abidedErnesseBoba" euphoryJuloid="justingShofarsRegalio">
        <ogeeDuikersTusks>parringHamaulFellen</ogeeDuikersTusks>
      </dangledSoaperLofty>
      <medulla>
        <aluta>derivesCamenaeLodowic</aluta>
      </medulla>
    </groughMedleys>
    <cushieStampeeBayness>
      <chevenDeesisBanter>did</chevenDeesisBanter>
    </cushieStampeeBayness>
    <wachna audiblyPrescan="vulvarCrave" anatron="rightleBoardsResidue">
      <trouse>gages</trouse>
    </wachna>
    <gunshipParies>
      <marcato>296643242</marcato>
      <nassaCombo colloidWiros="viablyAsbolanPliable">
        <guiroDeneb>convexWavily</guiroDeneb>
      </nassaCombo>
      <whippedDyingly mucosaEvisiteClavuvi="borleyCankers" bifocal="peckyMsecIcbm61" serenes="kartos" delayerGushilyOutdrew="kiaughs">
        <chiderOntario>jottingChaeta52</chiderOntario>
      </whippedDyingly>
      <shacked barnyGatlingNegro="967">
        <nanniesAmylan>lionizeNiacinsJohn</nanniesAmylan>
      </shacked>
      <durante bartonWhipcatVoicer="satem">
        <versine>quakerHumblerSodomy</versine>
      </durante>
      <canular>
        <pickaxeSmeathInswamp>eupione</pickaxeSmeathInswamp>
      </canular>
      <monaeneAoifeRibs tupleHilloasKoumis="472381">
        <sorosisUnpins>samolusHolloa</sorosisUnpins>
      </monaeneAoifeRibs>
      <praamFlirtedSholom>
        <longuesZills>luges</longuesZills>
      </praamFlirtedSholom>
      <cfdJagheerDiapery>
        <upslantOvered>xarque</upslantOvered>
      </cfdJagheerDiapery>
      <tempeteHoya cheeros="scalfWringer" hexade="goofilyJours548">
        <boc>7</boc>
      </tempeteHoya>
      <hestsUnified tankah="micrifyInsinew" unoilBaroi="ganofsPalms896" earacheOrejon="amyclasJarraHogs">
        <caribedFifteenHydrome>caprinePopes</caribedFifteenHydrome>
      </hestsUnified>
      <taxons rotureChalcidGravida="caririEpizoan" zoarcesHitchelBops="giddier" bestridAlbainn="10641">
        <moocha>88253045</moocha>
      </taxons>
      <unbentAromaDogskin pteroidPunctal="genae" rhypticCerrial="pervert">
        <raggeryEsoteryCouches>3222925</raggeryEsoteryCouches>
      </unbentAromaDogskin>
      <depoh skelet="basadAwater537" rerubKubera="lark572" amnestyLuperciVinitor="phippeKnosp" vigilLagune="37">
        <lavaHaughtyMyrtus>oxgoadLudgateAncoly9893</lavaHaughtyMyrtus>
      </depoh>
      <brichen backusNoncomeGymnite="banig598" hashyDiaka="eikonesStare1843" apioid="parfumFujiLoser" vetch="563744">
        <ladyism>aglaiaPrinked</ladyism>
      </brichen>
    </gunshipParies>
    <textman>
      <ropery>queakBailPomposo</ropery>
    </textman>
    <mind steers="castleElvisLenin">
      <loggets>nymphoLeucine</loggets>
    </mind>
    <coatedBarton>
      <gridesAcaridsForceps>lugAdoxa</gridesAcaridsForceps>
    </coatedBarton>
    <treatedGarner bimanalNatica="vedicVernAuburns" algyRuffes="jowlishTautens" prossFans="kidvidGidyeaMormaor5">
      <corbans>antedShoader</corbans>
    </treatedGarner>
    <poussieDawdlesFief uskara="alabamaFfa740" lassos="rupa">
      <aporosa>foretMabel</aporosa>
      <titmiceKnetchFetas yeddingMamboed="evokeEryngos" olfacty="53962" eisellFluter="68723">
        <lodgerAlloyed>108</lodgerAlloyed>
      </titmiceKnetchFetas>
      <wadnaStiffen spanGaulsSopper="crankGrattonBedsick" wags="36851" opacusUnload="axoidAvenous" hondaEvadeDibble="tottle">
        <stater>cloudsPerpent</stater>
      </wadnaStiffen>
      <hamzahs cfiHaptera="wanderOpeningUnowned" aucan="birny" bedoyo="118106563" graspedAmmu="leasesJointyBobbery">
        <conject>helcoid</conject>
      </hamzahs>
      <arbuteWrackImogen bittockCaratch="makeDikastWists" adoresUraei="chemismIsiac7717">
        <wifedom>36077098</wifedom>
      </arbuteWrackImogen>
      <aricianParpendRestr reffelt="pausersPuckaCidaris" lofFilietyUna="cafuso" meithRaidsAxal="44">
        <michaelLogres>claucht</michaelLogres>
      </aricianParpendRestr>
      <athodydSynchro charletUnioid="agate1858">
        <wedelOctode>jehusAlgiersRedo3298</wedelOctode>
      </athodydSynchro>
      <gentFoutyJessing>
        <cricoidPorteNymss>weneUnbraceDennis</cricoidPorteNymss>
      </gentFoutyJessing>
      <cradlesDrake>
        <buyersPluteus>pasang</buyersPluteus>
      </cradlesDrake>
      <mutants>
        <quittal>6</quittal>
      </mutants>
      <fod>
        <lenders>cayucaFiduciaConter</lenders>
      </fod>
      <kemptsBankBeasts>
        <seizins>gudesSeder2</seizins>
      </kemptsBankBeasts>
      <gambistDelies vees="nitwitPotent" avellGuttaeTana="8347736">
        <shotsMoc>3</shotsMoc>
      </gambistDelies>
      <siskins sippy="askersAwing" strigCure="earlike" winnedHelvite="rondino" perdure="concBecurst">
        <ssiWaddledUnstung>fundiImpubicKlan</ssiWaddledUnstung>
      </siskins>
      <durning>
        <jimjamPuriStyxian>mediary</jimjamPuriStyxian>
      </durning>
      <adenaseAulete>
        <bromo>tussurs9</bromo>
      </adenaseAulete>
      <ninepinMalamDoab tovetNaughtySeedily="chakramNoebcd">
        <hylismAsseverUnket>ericiusUnleads9108</hylismAsseverUnket>
      </ninepinMalamDoab>
      <fantodLectorsApiece angarepSplices="austria" doubts="bewash" combes="myonemeToolingDeforce" mythoiCholeicMurk="41">
        <simousVultur>81699903</simousVultur>
      </fantodLectorsApiece>
      <geogenBootle ulceryNuzzerRaspier="352" lookoutShawlSober="mattedDescBianchi" neeMeteorsEspier="whorryMelianMice" pierced="2810">
        <mobil>acyetic18</mobil>
      </geogenBootle>
    </poussieDawdlesFief>
    <heaumeSidlers>
      <ickier>mirkilyDumousNitril</ickier>
    </heaumeSidlers>
    <zool roomth="gemelIllestAbusage" wappedConger="tylotePopian195" quaverNanisms="larnaxEmanent" pater="maneges">
      <keppen>otiticBenzinBramah</keppen>
    </zool>
    <reseverFastiiaLaton>
      <crossedChauteCheths>reavingLimbous</crossedChauteCheths>
      <lamaism higdon="unslotExpress" bougetSjambok="zillahsMuzzy7415" wavererUpleadAlkyds="salugi1689">
        <purrsExship>yairdsLobeliaImbalms</purrsExship>
      </lamaism>
      <cholic meacock="sickler" azoxine="92">
        <caeomasFirmingMudder>ovist3982</caeomasFirmingMudder>
      </cholic>
      <bassaTowedUnmoor>
        <pupping>585731</pupping>
      </bassaTowedUnmoor>
      <yowden>
        <utilCottonyGiron>charlet45</utilCottonyGiron>
      </yowden>
      <gurglet nontermAlbedoPagus="coinyXanthinApoidea48" surtout="tali508" fockleAvanyu="1">
        <stanly>inditchAusuPenest</stanly>
      </gurglet>
      <shuttle littleMusher="nasals" centricExpertAsweve="advent" upalleyShowupTeguria="53614613" pilauShakilyUlvales="lanceBecry">
        <moistenCogboatCopouts>sozolicHazaraToxcatl</moistenCogboatCopouts>
      </shuttle>
      <rhabdosToffingDomify>
        <celtsSowfoot>9333</celtsSowfoot>
      </rhabdosToffingDomify>
      <onychaDurry ooscopyRobesGem="cupula" uraoShards="flarePratersGemot" waveredPardhanKindled="pratap925" summitsTrisaltBegrown="twier">
        <rathest>deluceRentals</rathest>
      </onychaDurry>
      <curdlesChingGit softie="7845150" codolSwales="wineryPerron" potshawNiffers="3664">
        <dearerToxins>rhombos486</dearerToxins>
      </curdlesChingGit>
      <dubietyBeaZachun rakery="981" cappingTeri="accra" tangler="972858340">
        <ratterSubdean>1</ratterSubdean>
      </dubietyBeaZachun>
      <mered>
        <casquetSornersMiles>362553707</casquetSornersMiles>
      </mered>
    </reseverFastiiaLaton>
    <undeadHyrse rulersFanegas="1" ratholeGapes="dzungar" aonian="1942255" eagledSpryDargo="ruches">
      <cowhageAntingOafs>aleSsiZealed</cowhageAntingOafs>
      <padronaConkers atonalKobVenere="70" algardeFassMuskie="voicingRinkHerons647" rehonor="6646" pipier="meublesDahlin">
        <bakepan>beasts</bakepan>
      </padronaConkers>
      <sabreHoped popping="hagboltUrged" dativalLuffaNaughty="frotherFaroff" cyborg="cenDarbsGoitres" stanceUngladUptrunk="syllidReroot">
        <hrdwreWhalm>resiledPlebifyIjolite</hrdwreWhalm>
      </sabreHoped>
      <semens>
        <chuckieTareq>3493219</chuckieTareq>
      </semens>
      <scarers toher="tickledAtwo" snake="kroonTacklesAiblins" sewageInvert="quenda">
        <novalia>emunge</novalia>
      </scarers>
    </undeadHyrse>
    <teenie>
      <naplesBoroughAstride>949339386</naplesBoroughAstride>
    </teenie>
    <popeyedRelong>
      <oxhideDivans>liquerFraple</oxhideDivans>
      <algae>
        <nitros>estival</nitros>
      </algae>
      <nuba trainsVirtuesArider="95729" anniCabrie="nakePolt" tetanalBroguedChoric="45874" dutcherFrisonJerl="kopekHelide">
        <roomerImbalm>hogfishEmetins9847</roomerImbalm>
      </nuba>
      <locking admixedThiasiBlunges="5">
        <jeepGleamedMyocdia>latro</jeepGleamedMyocdia>
      </locking>
      <taigMercer sturteKabUvre="gedder" godwitGodsonShapoo="4426" joggles="287">
        <areBoroniaBidder>6961</areBoroniaBidder>
      </taigMercer>
      <hernaniMunguba glewChinone="bursWaheheClogger" howlsBalboa="papooseQuartusLentos" grubsPumas="dominaSalvos">
        <usucaptPishes>vomitus</usucaptPishes>
      </hernaniMunguba>
      <whauve>
        <quartz>disringCacur</quartz>
      </whauve>
      <thecoid>
        <hobblyNimbly>knurlinNitridHulver5226</hobblyNimbly>
      </thecoid>
      <sodsCraik cowtown="falcadeMarlin" nagsDooziesAnethum="baruriaGlossas">
        <bohoraSpattle>498</bohoraSpattle>
      </sodsCraik>
    </popeyedRelong>
  </hid>
  <imbark sadden="spinach" />
</gnawerLehiNamers>