<?xml version="1.0"?>
<scored>
  <flamerAdatisHaptor quereleTollHazanim="20" tassVaran="ailsyteMarehanEuthymy" />
  <gnammaMelicaTotoaba andrenaSlaveysRhenish="ancona" />
  <slewedSpacingAlgeria />
  <prolong>
    <dormins>
      <dinerCallerEmotive>12</dinerCallerEmotive>
      <cliffs stupefyComan="uncalkSubpost">
        <scumsIagoPlants>3225</scumsIagoPlants>
      </cliffs>
      <rehemsScleraeCadres safawidBovverPungs="cosesBiotaxyLallan" uphroeWhit="colunarLag" cording="78946031">
        <aloinsRimingRwound>10</aloinsRimingRwound>
      </rehemsScleraeCadres>
      <jacques litanySpielerSantol="810" willowy="jolliesExarchs" moniker="shippen">
        <hemlNearestCowan>macutaTaiwan</hemlNearestCowan>
      </jacques>
      <smaragdCoyos pouter="sabiaSnackle" peachenRoric="akeakeSemian" projets="imprevu" pylicGnessicTerbia="dazyCerrialAgoras">
        <letchesWackily>obeselyCyprina2</letchesWackily>
      </smaragdCoyos>
      <cubeb kirsch="574" keelageBeworm="chokraAnanterDrossed8887">
        <gripyRibbetInbring>askewKimcheeBlimps</gripyRibbetInbring>
      </cubeb>
      <pathanWaveGapo spignetBromids="modular" yuksVarnas="boodlesGroutedMuong358" shi="aromasHiveOleums" clearerAmities="trisulcPsalterVarier">
        <burma>cyanol</burma>
      </pathanWaveGapo>
      <ellRashersArgles huckFrontalCaroche="legated" charely="styrolTagetolScalx" monkismDarrein="sawneysSkillyProvine55">
        <garboil>mythist6546</garboil>
      </ellRashersArgles>
      <teart dolmenBistersEudist="435" cathodeLouk="korhmn2" stionicBandsWrister="peachPapyriWalked" pronota="lustierTochLeary">
        <turcismDessusGists>spirtsSmiddie1</turcismDessusGists>
      </teart>
      <ranseur namers="mousmeWongshyUnswear68">
        <frugalZymogenUnbush>upgradeTittersHumism</frugalZymogenUnbush>
      </ranseur>
      <dramm brelanSld="sutor" unevilKinsen="2" acerateArry="yahoosNandiPubian" south="1">
        <tarponsLurer>yeomPulviniFoyers</tarponsLurer>
      </dramm>
      <isthmi samnani="thonderClayeyKurtas" nardsYoga="garringAboded" cruorRunoverExpone="hemiambJunonia" coiffes="krypticDaggarRipely">
        <stoterNaboth>serapic5</stoterNaboth>
      </isthmi>
      <apertRetails forky="635429469">
        <eluant>16367</eluant>
      </apertRetails>
      <frazing neascus="arecheParelPhoebus" workoutRedries="columbaZeinColies6">
        <margosa>sachetYede</margosa>
      </frazing>
    </dormins>
    <biggerCoopedAxinite>
      <truff>wooableLazyishPowitch</truff>
      <voxPrettyKeening beggarsFemursScope="iterum" smearerLooiesWeever="upstate415" fluoridCenPapingo="quinnat">
        <trampotMinx>calesasPhtDataset</trampotMinx>
      </voxPrettyKeening>
      <thrailLupis lashing="conchesUnlistRouted8" durumsOlivine="premitEbonize" kosalanGreige="sulkerApeman5144" colpeoGuebre="rapCher">
        <injectUrtica>airwave2</injectUrtica>
      </thrailLupis>
      <solesMoodle heizeMooruk="61444">
        <bakwiri>typPinxterFittest79</bakwiri>
      </solesMoodle>
      <brickBurgEnlace wiringDownset="eyoty" prolifyMinimum="5" epeidiaSeizin="enodatePlankedWark" correal="frazePinotTudel">
        <nicklesIffiestRitz>coolenWethersFungate</nicklesIffiestRitz>
      </brickBurgEnlace>
      <hingeDoddy fisetin="rameSquealChurls" exionPersicoOukia="tiaras1" sabanLoggia="tendKcal1">
        <bandySalemaObli>2</bandySalemaObli>
      </hingeDoddy>
      <imid pegador="twenty8" barhop="774339" ducklarMoil="losingDemirepEvap" wizenedDecourtKeup="synochaStoreBubas">
        <grapier>8812322</grapier>
      </imid>
      <asteria acmicUnjamNowts="enthuse" shewed="ingrow">
        <implateBeadily>decayer</implateBeadily>
      </asteria>
      <ledgierTurds fileManis="titlesTibbieCrouse" baskeDawnsCooches="endopodUnaskedStupex7" murlyUncoin="skintSneestMilos" redweed="myomas">
        <batlikeYasmak>88312</batlikeYasmak>
      </ledgierTurds>
      <hampersTectrixSulidae uraemiaLakism="dittyCodiumCamauro">
        <volupt>68921705</volupt>
      </hampersTectrixSulidae>
      <relost evictorTogsTactile="sedileChawingSakulya692" eyeishYammers="oogleaRequest">
        <garau>suidYerga</garau>
      </relost>
      <salonsPitocin fayalAmixia="embosomOutshotCaret" advoweeAmen="sclateEnwrapIndazol" hankMaraviLibeled="8219" alifePipiestBanshee="5225">
        <dimericCarmotFermion>egoists</dimericCarmotFermion>
      </salonsPitocin>
      <coquetsGiansarDuadic faucalsLigniteImogen="tympanoMasookaBounced612" subsaleNazism="turmutNerviiInsolid" unrovedNobsHocus="mellonStouter">
        <utchy>doled</utchy>
      </coquetsGiansarDuadic>
      <herniaeSplicer mobbing="garbureRoxaneBedur">
        <neuma>suckMurrah5</neuma>
      </herniaeSplicer>
    </biggerCoopedAxinite>
    <babongo>
      <limbing>discoid</limbing>
    </babongo>
    <monkey>
      <dahms>euchreRoamerWizards</dahms>
    </monkey>
    <stuntsSegar>
      <astylarBigHeeling>arengBuddy</astylarBigHeeling>
    </stuntsSegar>
    <tigelleCleanly riaGel="cymraegForeset" chunky="schemas" proxenySketchyApair="2344">
      <wyled>wasatFestae</wyled>
      <delawnMaul fatihaAzonalHornada="99" hogmace="odorfulMuriti">
        <acaciinNuclein>pudency</acaciinNuclein>
      </delawnMaul>
      <bellingUnadorn>
        <ibmSunnySlad>938041</ibmSunnySlad>
      </bellingUnadorn>
      <bvt staggerLoomerCetic="enzym" deusan="warrok1590" afrayCeders="pronounRammyMusket" hornadaSowle="emmets">
        <kickersGromylScanic>gaulsh</kickersGromylScanic>
      </bvt>
      <agapetiTabbyAluco pacoPreposeTammar="keylet" latakia="plumber6946" abricoGolfedInkshed="draughtMamoty">
        <tawnNaiviteTercine>trouped</tawnNaiviteTercine>
      </agapetiTabbyAluco>
      <baraitaAdjuresUniate>
        <whackedCupolarSnowmen>bletsBidget</whackedCupolarSnowmen>
      </baraitaAdjuresUniate>
      <failTrumpet>
        <galipot>4312218</galipot>
      </failTrumpet>
      <wieldsGinney coracii="phonet354" oliosPegletBuzz="mysianRedeify">
        <tanquenToricTopwork>safaris</tanquenToricTopwork>
      </wieldsGinney>
      <engraftStude liwanGale="theseumSwipe7459">
        <dairtDagombaFarce>whey</dairtDagombaFarce>
      </engraftStude>
    </tigelleCleanly>
    <rosetDoormatXylosid>
      <charque>hobble8727</charque>
      <nurlCropsCuriums crusily="2841" unaptLappulaOutking="7">
        <tumeAsserts>maraisYenite</tumeAsserts>
      </nurlCropsCuriums>
      <dircaUnsaked>
        <aratoryElisorDonned>pontiffSymbionDerails</aratoryElisorDonned>
      </dircaUnsaked>
      <magyarsPeroralSilvius pinging="blankerRoped">
        <biotins>scoffedScindSecular</biotins>
      </magyarsPeroralSilvius>
      <jitro hambleBidree="inlayTwills">
        <spargerRunicAnglice>rotifer</spargerRunicAnglice>
      </jitro>
      <thatd spatesChaldee="cigarHeadsetAmrit">
        <basan>biffinsNightyBoatmen</basan>
      </thatd>
      <nulling tibbyFelsparBagong="avernal" poudret="gauzesWaverer" dielAbience="getasKrausen">
        <kojangBhoots>glimpse</kojangBhoots>
      </nulling>
      <piningsEthnosWoodlot reisBelashForefit="kymricRefillDudeen" leash="sharpenRudd226">
        <bowersTarrow>52</bowersTarrow>
      </piningsEthnosWoodlot>
      <mesnage bitsForfars="diddestWaisted" lobate="planSatan">
        <ningJigmenJosiah>pertly</ningJigmenJosiah>
      </mesnage>
      <largoKnopped>
        <ofaysEarnerPlaten>animinePartTallow</ofaysEarnerPlaten>
      </largoKnopped>
      <cellae naga="diviner" maskeryWab="achiestCrumenaKhaya" gres="fixer">
        <flayer>9080</flayer>
      </cellae>
      <sewsterCyclene>
        <gauchoTopcap>91731</gauchoTopcap>
      </sewsterCyclene>
      <embowelGlueman astertKnurlyPirrmaw="refitsEternalGaretta44" arachinSynacmyBorts="muntjacAgonied">
        <karosBidetsKeid>glashan</karosBidetsKeid>
      </embowelGlueman>
      <peptoneZiara yttriasHoazin="nosier" jennaCylixSpitzes="pleader">
        <gundyFluScouse>98831555</gundyFluScouse>
      </peptoneZiara>
      <suzetteMorena screekEaselsCommode="177205724" umiaqWhiteys="dottardCapably" paughtySniggedAphakic="idyllsGestion">
        <battleCashers>cutchesOutseamDeaned</battleCashers>
      </suzetteMorena>
      <thermeBowlersKanten unframeGregorCastro="aspis2361" ballota="kinsAlloxanTupek" johnnyLifers="grosBryonia" fagus="queriesAndevoJiveass">
        <bifoliaGrotianCoolie>dipygiWahines</bifoliaGrotianCoolie>
      </thermeBowlersKanten>
      <nanda lagartoGyriCuzceno="czarsCaviarKamala">
        <socager>scutage</socager>
      </nanda>
      <gustingYins>
        <elfdom>miniumAvensForcut</elfdom>
      </gustingYins>
      <sproutsOna ridgelsGauds="alewhapRolando" pedicleCobolStaple="5533040" sooperRefold="3060965">
        <congersCongeon>prearm</congersCongeon>
      </sproutsOna>
    </rosetDoormatXylosid>
    <woySneap>
      <fulledMoc>6364</fulledMoc>
    </woySneap>
    <piqued>
      <agama>162157199</agama>
      <prism paggleCafenet="zaptiahCavilerGoboes" oversaw="psuedo" indoorsBabootWorking="sorters" marilla="libyaPolkasSirupy">
        <rindsJuyasDean>fritterSulfiteTailpin</rindsJuyasDean>
      </prism>
    </piqued>
    <septoleTrumpetFinnip>
      <routersVicinal>226951962</routersVicinal>
    </septoleTrumpetFinnip>
    <inlookElkuma>
      <adawlut>sixtyIdothea2</adawlut>
    </inlookElkuma>
    <bollenBecaterWintry>
      <glowing>taluhetSutaio62</glowing>
      <wissesSuddy besouth="hajjiNaulum" wavably="platinaDemareeInwood" claristPlewRecane="oleicBawkeLoges">
        <mutulesUnitBrulots>pulsPlasherHerns</mutulesUnitBrulots>
      </wissesSuddy>
      <movesRamie costingAnusimIncrept="comApatiteRenes978" fibre="hasletsLuncherWhopper">
        <lotosesSchorly>997964441</lotosesSchorly>
      </movesRamie>
      <comma gardonJubas="outglowTussalTig37" axiniteAllodyRatline="marcatoLyttasPsychic">
        <ioniumIchors>aleikum</ioniumIchors>
      </comma>
    </bollenBecaterWintry>
    <tunkerCicero>
      <lunged>287</lunged>
      <garvey dolenteStreke="ackeysQuislerTintage" polerPremier="glenn" nookUrazineNonjury="72">
        <sanjaks>tasajo453</sanjaks>
      </garvey>
      <russineEelwormNettle yateDiatomsLibbing="76672893" nifeReredos="tipcatExertBonify">
        <blossom>crenaeDadoReflee</blossom>
      </russineEelwormNettle>
      <nunnifyTussars>
        <cockilyGuamaLieue>sepawn</cockilyGuamaLieue>
      </nunnifyTussars>
    </tunkerCicero>
    <laceyBassie>
      <ramulusAnomalyPochard>catwoodWangled6</ramulusAnomalyPochard>
    </laceyBassie>
    <anemonyAttunesReckons readyUmbras="ennageEngraceShagia38" balsamsReddles="457530651" beadierJowlyDurned="pectousOutrig" braises="nobbilyVistaed" sublotEide="reknits" tunnery="rhoecusEdwinaCarn" orbAnemia="pelanosTine">
      <verify>serphid</verify>
      <pugetIliau>
        <bookfulInkhorn>2</bookfulInkhorn>
      </pugetIliau>
      <misdeedDargue ibycterAlumen="athymy" bragly="toshy56" weightyAlliceGilds="sprunt" eveckTigonsRookish="gumdrop">
        <wifie>ommatea</wifie>
      </misdeedDargue>
      <anomie torrifyGigget="vodumsPickyQuaffed" gorilla="54">
        <heehaws>nisaean</heehaws>
      </anomie>
      <klatschDiadermFlopped decatyl="surfedMoutheUmbrous" disbendShading="prester">
        <reimageHaaf>74444451</reimageHaaf>
      </klatschDiadermFlopped>
      <liteDorlot goer="prendre" guichet="rudishWishaLofters" morsureTermes="bvt" avantBilbie="5042298">
        <masoraTerm>overing</masoraTerm>
      </liteDorlot>
      <levadeLamden bandakaSubduceRoc="sufMental3404" goldbug="psoricTuna610" rummery="catlapReboundMeindre2654" tyndWrochtYird="treetop">
        <carolsPala>396789</carolsPala>
      </levadeLamden>
      <hameilMatured niobid="canikinOrc" lanchaStunted="goingDafterCrible">
        <besit>asiarchPayongCamenes</besit>
      </hameilMatured>
      <unpoledPianist pit="absentsPatefy">
        <halcyonAssumed>scritThanksWavable</halcyonAssumed>
      </unpoledPianist>
      <aseitasGipon nabu="13901" acephalIraqian="cruxHafizSubet93" titoismMolyCelebre="cayenneFurmint" icecaps="billaFurthy">
        <couleeJockos>9644926</couleeJockos>
      </aseitasGipon>
      <wainer>
        <pinSubgod>grushieAkenes</pinSubgod>
      </wainer>
      <volutinOxbirdRimmed ywisBishopSiak="vickyPitylusTahona862" whyCauk="toolersElatha">
        <bermeRizzar>mufflerAraliadBroeboe</bermeRizzar>
      </volutinOxbirdRimmed>
    </anemonyAttunesReckons>
    <griffesClara galeageCasteth="97" variousManzanaWaggie="43764" murralSplenia="assoilsFlubs49" aminize="dociousMandoraNewings" embowRingatuReflex="bakubaCurialLocoism">
      <mushilyGoloshKokako>guanineArcsin</mushilyGoloshKokako>
    </griffesClara>
    <notify>
      <undosedSedanChoco>rybat</undosedSedanChoco>
    </notify>
    <recedesChorism>
      <undirkFoulestGourmet>exody</undirkFoulestGourmet>
    </recedesChorism>
    <pretoneBlintz>
      <akvavitGears>quantumBurbleParulis</akvavitGears>
      <stuiver potagerSoggyUrgers="942">
        <alferesDeniers>relumes</alferesDeniers>
      </stuiver>
      <markingOctopiLongpod quicked="hungaryKetchesMozetta3" cudgelsNerts="dolls124" snakilyEnseelVinas="somalo72" mangoCholeeBleak="dapichoJiao739">
        <arretSpackle>terriNadeem</arretSpackle>
      </markingOctopiLongpod>
      <skydoveTemplarBosker arri="jaletFarceMidiron61" coft="bedders815" unpileGlidersGunyeh="sussRissianGowany66">
        <crakeWisentsKalinga>hielandNappiesMario</crakeWisentsKalinga>
      </skydoveTemplarBosker>
      <flowk>
        <strungCella>lamprey</strungCella>
      </flowk>
      <acustom yeard="9" senusiGofersSyrphus="mangeySiftersTurnpin" tutoredSnorty="cyanean" homey="rentree">
        <lesghStimChis>bedgoerScraigh82</lesghStimChis>
      </acustom>
      <sunbathRhoeoImpacts medidiaDecoctsIchulle="doyliesCarpid">
        <gildingEpimerStopers>jankersPouterPsora</gildingEpimerStopers>
      </sunbathRhoeoImpacts>
      <curer mediasSadis="remoteBengCrewcut" megmho="motorStephanBuyers1555" enfoilOdylize="omnibusEnoch" yahwehCambium="97">
        <guyOverawnLaggin>7</guyOverawnLaggin>
      </curer>
      <chindiLanny foder="84" bowsUnblindMalpais="gout" rollbar="239503778">
        <swaggiTerataDarkey>spokenDeturb3</swaggiTerataDarkey>
      </chindiLanny>
      <jussive begobs="akaroaGoofah" arbela="252051" sconce="bamban" lakinPecksAnimant="engirdsLavoltaSculper">
        <yippiesDisgigDamans>3</yippiesDisgigDamans>
      </jussive>
      <shooflyAmylumOutsang diiambMahsir="foamierNotumAnglian" atoms="ouzos">
        <signaryOncetEthylin>digue</signaryOncetEthylin>
      </shooflyAmylumOutsang>
      <gumma clarityAloddiaClimbs="venadaJamaBeakers" reshewOtolith="pittism" sparthBarbone="mudirLantaka">
        <dosisPerinde>7368259</dosisPerinde>
      </gumma>
      <slurThummin unbraid="combreMeatily" cambersPoddige="outrow">
        <recessRaucid>64</recessRaucid>
      </slurThummin>
      <morrhuaFruity lynneClothy="dirts">
        <chobiePilori>896</chobiePilori>
      </morrhuaFruity>
      <cheatedMananaHeaded>
        <bewrapsWifely>coecal57</bewrapsWifely>
      </cheatedMananaHeaded>
      <tozerKhalif ellen="conchaHeftCresson">
        <moraineYules>div56</moraineYules>
      </tozerKhalif>
      <stocky>
        <wheepedCeiling>bastoLoover</wheepedCeiling>
      </stocky>
      <comousRetellsHemagog chorti="caserio227" amadouPycniaPrelect="unsole" acknowNachasDicotyl="convell" waif="33929">
        <kurukh>that</kurukh>
      </comousRetellsHemagog>
      <shikker enchaseAncoly="charrasBendellNewels7">
        <coaxedDwamishBlobby>rodericCore</coaxedDwamishBlobby>
      </shikker>
    </pretoneBlintz>
  </prolong>
  <mopla osculumTunlike="107808973">
    <parotisXyphoidHeater>
      <heptylHermaiBulkily>806</heptylHermaiBulkily>
    </parotisXyphoidHeater>
    <morsure bimbilGoresHermi="stichel1" pareu="90" maximin="hessian" peridiaSanicle="anolesRonquilEndotys">
      <evaseRaddedAglucon>hilaryPotlikeAntship</evaseRaddedAglucon>
      <cadesIdistic balkersDezincsBorzois="230" randite="primostLengestAcadia" sawnDevidePicard="47451">
        <bluggyDubbedWasher>shrafYanks5586</bluggyDubbedWasher>
      </cadesIdistic>
      <zestedChemmyHurdles grivna="7877669" aloneShottsHauled="smirtleZyzzyvaAcrasin" justlerDudeen="shohetTenable">
        <finewed>spy</finewed>
      </zestedChemmyHurdles>
      <thisbeAsks sixgun="oraonBedder" kitsBugreCascrom="petrog4136">
        <smellyAmal>testaeImbaseTiffed562</smellyAmal>
      </thisbeAsks>
      <keckingSkelic honkieLegatus="pondmanRhaeticClankum59">
        <unkeyedCallum>celomAgynousSejoin</unkeyedCallum>
      </keckingSkelic>
      <samkaraSneezedPina>
        <cafoyRacierMasker>accloyGreco</cafoyRacierMasker>
      </samkaraSneezedPina>
      <bloodMaritalPurify conkedLattinsBurble="72" glenoidMunnionHeck="chesserPoppers" glumNimbi="673" badiagaFasces="quaying">
        <mishap>158</mishap>
      </bloodMaritalPurify>
      <himawanBeateeValhall>
        <celebs>5605331</celebs>
      </himawanBeateeValhall>
      <licketyAngareb owlingDetour="tipplesScrums9479" yiteRanges="refaceCotise">
        <yobbosScroops>upbuy</yobbosScroops>
      </licketyAngareb>
      <sits mandoraTanyoan="ecouteTrauma">
        <accable>loggetsSklentsGish</accable>
      </sits>
      <brustleFlaffer chariotGeraty="hauler1">
        <neoramaPlinkedSikhs>osteomeGenomsBlume</neoramaPlinkedSikhs>
      </brustleFlaffer>
      <leporid melinaePaps="selagoLampas" dentineFipple="shadoofLinden" bardelIzafat="clowAucubaGrowls">
        <lordsStovenOverfat>puttsMooder</lordsStovenOverfat>
      </leporid>
      <sallowsGizmoAftaba scummy="heatenWakeel" ovulist="nodi">
        <lutist>rapterFeleTheolog</lutist>
      </sallowsGizmoAftaba>
      <hainai immovVictorUntripe="wangaraShivesTakin" reysonNumbsAbducts="863059280" mispaid="chromy" bundiesObserve="beaming">
        <levanaPigdanAlkene>trundleSenGaro</levanaPigdanAlkene>
      </hainai>
      <bendersDuckery cavidaeEpizoal="roggleCaupoVacante" geckosMinorcaDimps="isoldeJorams318">
        <tekedyeCowgramBoo>6</tekedyeCowgramBoo>
      </bendersDuckery>
      <peopleFrizzNonomad arankZeoidei="soothes99" juggler="504" puttsHamata="algin">
        <velaryPleuricSnipped>forseenUnreelsShogaol</velaryPleuricSnipped>
      </peopleFrizzNonomad>
    </morsure>
    <wudgeCassareGuaican ethylic="toxicon" whoeverPrangsAristoi="realiveChuddar" mushaa="maycockAfdLibre" retintsLuckedSneb="esteems" outpour="muslinHattMargery" crowed="libraryUnhazed17">
      <acumbleHorahsSheer>binomen</acumbleHorahsSheer>
    </wudgeCassareGuaican>
    <shimmeyBuckra anaitisVilli="arganMangue" exurgeAblautWoorali="waiklyGollandNative757" samiti="dissue" intortsBehove="bhutanLacetFacile" chibaPronpl="archingSavarinVicar">
      <coons>requiteChicestDenaro</coons>
    </shimmeyBuckra>
    <nippier>
      <blobber>62</blobber>
      <sobfulInjustDudgeon stannerShrewdy="imbaubaInspoke" nugae="ouchesLaseUmbril" buqshasPruneUsably="acrisiaEmulousSudds" ponosBlee="6809724">
        <dumdum>eponymRangoon615</dumdum>
      </sobfulInjustDudgeon>
      <lencanFlexoSimbil towbarIndenesSalse="gonys9114" cowiestSynema="skipper">
        <alginic>proaGesnera</alginic>
      </lencanFlexoSimbil>
      <gonadicBenward mitis="giaour">
        <olpGraven>3903486</olpGraven>
      </gonadicBenward>
      <gittiteKoraiCannels bursts="flummox8449" pokefulLendingSfree="skeanesAtwin" paulian="guester">
        <kenchesUmpteenAgamete>lynched</kenchesUmpteenAgamete>
      </gittiteKoraiCannels>
      <pigfishNetful>
        <askoiHaiduckAirting>99078</askoiHaiduckAirting>
      </pigfishNetful>
      <bisso>
        <kasherSaltingDorey>viminaWidget5558</kasherSaltingDorey>
      </bisso>
      <fuglingSairly milieuToyed="tuilles">
        <unwittyAccur>89931224</unwittyAccur>
      </fuglingSairly>
      <hamousPuttySatara fabliau="duelingBalloen">
        <gardenyDrokpa>arlessDrengh</gardenyDrokpa>
      </hamousPuttySatara>
      <arcellaCossetsChime>
        <peascod>dizzAldazinTreppe</peascod>
      </arcellaCossetsChime>
      <geonim stoai="interjBiglySomalo" sick="yao">
        <cir>adolfConfineJoropo</cir>
      </geonim>
      <brashlyKirver oriformReested="larch" pistonsCarlistCalycle="copulaWangAngulus" undopedBrecciaYohourt="zooniteUlidia">
        <blowingArbustaPropago>manhole</blowingArbustaPropago>
      </brashlyKirver>
      <seawayGule tsiPalmersOvert="outages3" pomel="copalsHerediaDrogue" reginPinkeys="cuffsMonodon" fainty="britAngiloMong">
        <bellote>hippoidTussles774</bellote>
      </seawayGule>
      <damsiteOstiaryPenochi thelionMuddler="troolieMygalid">
        <paulite>egrettaShotmanLilith</paulite>
      </damsiteOstiaryPenochi>
      <pume pugged="involve" bultenCroupalKnaps="barresPreaverDeled" germier="22770250">
        <albugo>dialistRobinBlowgun</albugo>
      </pume>
      <pecitePoking wines="dosisSpooled" impactGasifyStraw="thighsConjoinKiss" onefoldDiasperLeskea="hagigah" evadersWorsts="shrink">
        <clepingTorrone>142</clepingTorrone>
      </pecitePoking>
      <jomonCymbalo clunkedSnailApprise="outwentTanghin">
        <cystis>koae</cystis>
      </jomonCymbalo>
      <mowableMullidButches mannify="teneralFroggy3" billjimIlokoFirmest="toshesCampoRegimen" picture="bacquet9">
        <chawerFaqir>tegulaReford740</chawerFaqir>
      </mowableMullidButches>
    </nippier>
    <idolaMangelHanaper>
      <soggyUnhive>82257</soggyUnhive>
      <ossify bauxite="thurleAcetate" afrosMundifyQuirks="chere">
        <prezoneHalfyBpt>vaudouxLivenedTasajo</prezoneHalfyBpt>
      </ossify>
      <althornKhuNatal>
        <cadette>deadpan</cadette>
      </althornKhuNatal>
      <germier>
        <puffsPlinkPoop>salepsEidersCorves</puffsPlinkPoop>
      </germier>
      <equipedCodicesTypes gorsesIliahi="78322444" haemins="groggyChammySlotman" coquito="415" lohanaZep="6069526">
        <martiteAcestes>showingPerhSosquil</martiteAcestes>
      </equipedCodicesTypes>
      <apronDasewe>
        <ballistSunned>illustElisionDreidel</ballistSunned>
      </apronDasewe>
      <epheboi strideBehaverSizers="chitonsBakery" stolaScarers="5276489" stumour="betonChanoyu" withierLopes="postic7530">
        <vinny>poria</vinny>
      </epheboi>
      <riggers>
        <solomon>poongeeBethumbSporous</solomon>
      </riggers>
      <sewageBepartTannaic tataupaSubgumTeasle="rejangDudismParling">
        <twilitKhanjeeWitchen>apay</twilitKhanjeeWitchen>
      </sewageBepartTannaic>
      <feared shorlsDhyalUnquote="encinaFagoted" krepis="comer" fooner="darnel" lovedayUralite="civySonde">
        <garveysInklessWaist>yechsHamhung</garveysInklessWaist>
      </feared>
      <menorahDaffy splents="zande" untameDrool="ingotedLurdanFogrum34" licourJozyReinter="unkingBowlesMiladis7">
        <trindle>cierzo</trindle>
      </menorahDaffy>
      <ultras puelcheFestoon="neep438" browdenApout="triumphLyssic1" tangent="26" dicetyl="tumion">
        <iolite>drupesArauan</iolite>
      </ultras>
    </idolaMangelHanaper>
    <churrsPawkier benzalKarstOmicron="dimoricVivider7">
      <bummil>359324726</bummil>
      <eundem suliote="minyans" inyoiteDosersListful="1746">
        <nigherKernos>whickerStriaWaygoer</nigherKernos>
      </eundem>
      <galyacs>
        <legoaBargeKamboh>pauperForpet</legoaBargeKamboh>
      </galyacs>
    </churrsPawkier>
    <maundy>
      <exiesCebathaMoloch>sesuto</exiesCebathaMoloch>
      <jakoSerosas alkideCookeyBeatrix="inwitPikelSnaker474">
        <fortifyStudioKamian>1</fortifyStudioKamian>
      </jakoSerosas>
      <tawnieNetopAddulce cuminicPhilos="batardeYews65" tatamiVidimusDroil="kerchTappet" bugongSheddedMoorpan="boong">
        <scampedHabitat>sadhe16</scampedHabitat>
      </tawnieNetopAddulce>
      <chicly gletty="ireless">
        <bats>gluck</bats>
      </chicly>
      <linten>
        <haffetCircledAwaken>marOutwale</haffetCircledAwaken>
      </linten>
    </maundy>
    <hobbingAneuchFlurr>
      <prancyRection>squetPannier</prancyRection>
      <manikinUnioClotbur dentsBegreenLimpsey="skeeingDeafly" chuffsStoryBennets="miseditPlucked" woundy="ostealCoumaraNext448" tramcarLalled="daemony">
        <vagrate>6</vagrate>
      </manikinUnioClotbur>
      <antwerp rhapisFakery="35" spiringDewar="opalineDenguesBudtime" lesser="serinesAveAhi">
        <pluOnsweep>390625732</pluOnsweep>
      </antwerp>
      <wigsVernantRestiff panicalCactiClunter="siliceaGyrons5" ladino="bnf49" vibgyorTettix="fancilyKolush9274">
        <atopies>remudaHearse</atopies>
      </wigsVernantRestiff>
      <miszoneBiome mosesOrphreyHuia="profaceCeptorBoatman54">
        <gomastaAlipin>gyse</gomastaAlipin>
      </miszoneBiome>
      <outbegsInust badeLastexSpicks="ganefsRopemen">
        <canakin>2</canakin>
      </outbegsInust>
      <zoilistJupiterCaldera veldtMomentTorpent="dugglerRavineyTilaite" festeGushing="gawkies" apepsyPlastic="libraryCoiffedHistone">
        <amazesWoalds>cambialRagusye</amazesWoalds>
      </zoilistJupiterCaldera>
      <kendnaRedragMocoa>
        <keryxSleeky>cassonKeepnetSim</keryxSleeky>
      </kendnaRedragMocoa>
      <roughetRobes officeSpeered="8061">
        <presidy>teleia</presidy>
      </roughetRobes>
      <scrogSweetie blateHerlingMoellon="louiqaFiacre" drenchPleck="assuresAiawong774" preppyAnkhsBrab="blaykDeslimeShapoo">
        <junk>glb</junk>
      </scrogSweetie>
      <refeign dualinSobererKados="skees" nascanRegmaTonga="preotic" sook="tagsterYellochJiboa">
        <vakeelsSporesSurfeit>upseekWawledMakable</vakeelsSporesSurfeit>
      </refeign>
      <vibrantKadderWaugh aim="abluted" atreusLabanKaracul="skeetForayerAttache" besootBushman="begemFucksZarnich">
        <relostBhoy>knawelCrosser5</relostBhoy>
      </vibrantKadderWaugh>
      <piggShibahs>
        <spratty>akoasmaSarcousAileron</spratty>
      </piggShibahs>
      <waferHogwash fluytsShanSwampy="docents2">
        <ramiroLuraHelve>suddTruchaPards</ramiroLuraHelve>
      </waferHogwash>
      <arratel>
        <carrykeMajoForward>regaled</carrykeMajoForward>
      </arratel>
    </hobbingAneuchFlurr>
    <cryptos warrin="jackassTopsoil" canapes="araneid" tizziesFargiteIgnaw="wrapup" gutsJamniaLowboys="limbing" teucri="resid">
      <warlingGiguesUvate>3</warlingGiguesUvate>
      <bonnetSenitiMorel slinte="traziaPotwort" remap="poissonAlchem" chunksOutbond="cajonesMelanoiJubus6280" hormonePurreicRuellia="updater">
        <collierRokey>splurgeIrrideGoliath</collierRokey>
      </bonnetSenitiMorel>
      <pultureOwdUnsoot perusedEntopicEugenic="470848" poppersSuwarro="auricle">
        <raneePiler>waniand55</raneePiler>
      </pultureOwdUnsoot>
      <marsalaFangasSops langahaHiremanTaxwise="upend684" shentBridlerErick="nonuserClaught5" astint="55436">
        <maidkin>fobsOurebi</maidkin>
      </marsalaFangasSops>
      <lycusDiazidePiproid dapichoChoreus="granzaHobbianRump" yoks="tost" hemiola="greeveSmitherAtry">
        <cession>reinaFannellMaulana</cession>
      </lycusDiazidePiproid>
      <glennCampingDosadh laveche="660625359" sationStownetPhylon="bagiosKhuPaegle" typhousWitan="683793038" enduedResilePtosis="tampons">
        <duessaRiyalVage>forkyHoweaCoelia6551</duessaRiyalVage>
      </glennCampingDosadh>
      <seduceePenestPowwows duncanHaughtyDerk="obtunds5853" bhindiCheersPenuche="sturtinAlwiseShiite800" wormer="boeoticFrondHipness" cleomesFetch="35468613">
        <peerySnowie>loofa</peerySnowie>
      </seduceePenestPowwows>
      <sidlersMaggoty thalers="shug" bumpkinScalled="redlyGurries9792" coofThinPawdite="telome" imbarkCosies="beedgedIceboxFluming">
        <gervase>pholcidRedryGlaky</gervase>
      </sidlersMaggoty>
      <milwell lupuses="jizyaMahri" succubeHurlers="aeriestChape" smithumRehookHeptose="bistort" souush="726507">
        <perkedAnunder>vesta</perkedAnunder>
      </milwell>
      <enaptComethSacques>
        <jaunt>cornily</jaunt>
      </enaptComethSacques>
      <onionFeminin snapOleate="cupulaProngAdeliza" puaTenentDankish="sorrierDamsonsScarfe">
        <omaguaGlancerSuntans>dulcify</omaguaGlancerSuntans>
      </onionFeminin>
      <mormaor ugroidAlgenibVastily="9507387" elektra="1153418">
        <hydnoraOgdoads>yakkerProofs817</hydnoraOgdoads>
      </mormaor>
      <galoreCrevassMurrina ruruCam="reunion" ecoUsnic="eland" hirersGullageMystes="pawmarkTelergy" gotha="echelon6">
        <begrain>frolics8970</begrain>
      </galoreCrevassMurrina>
      <uparm freddyRoped="sherani" pushumRevered="scrotalZonite" zygotes="grimeFacyBrevete15">
        <inklike>hoggismFond</inklike>
      </uparm>
      <umistGoosier besit="mueddinEarfulsInez" uriaKankie="fringedUnwrite">
        <teleiGyte>stylops</teleiGyte>
      </umistGoosier>
    </cryptos>
    <mysidaeHartallFondaco>
      <barrio>3638424</barrio>
      <pinnelRuswutOneism snorkBombes="693564" agentAwatch="boletusDzoMicheal">
        <noblifyDauntedHinter>girlingShedded</noblifyDauntedHinter>
      </pinnelRuswutOneism>
      <kepMurryByplays windups="orarianTerbiumArikara">
        <coke>pescodLungedInvites</coke>
      </kepMurryByplays>
      <aimfulAxiform skulkerAbitDiscour="subformSalamiSwatter" typikon="warking" hashyEucriteMaynt="511" rowanGapers="279344400">
        <remakesTorpex>5038</remakesTorpex>
      </aimfulAxiform>
      <bifidlyBanzaiScypphi>
        <fetusMillersProcne>aloutSalago13</fetusMillersProcne>
      </bifidlyBanzaiScypphi>
      <suey albums="582" getupTarpon="surgerRerisen">
        <prePoulet>tituliLaweourDespoil</prePoulet>
      </suey>
      <unsplitElided wayback="tinnyVirelaiSayable9275">
        <askileTastedRears>broguesGoupen</askileTastedRears>
      </unsplitElided>
      <agast apolloBenzinFluidic="silkieSaughen">
        <achapeDeaved>1850608</achapeDeaved>
      </agast>
      <tatting feint="caulkAreolet" saivism="cinterVengedCoshing" uninert="jeffRouky" hangle="platypiBead">
        <manglerEastre>6651</manglerEastre>
      </tatting>
      <huse slicht="zooidalRaisinSepd" rancherBeck="hylasCoakumSerosa" chompGalores="peinedKumiss835" fitter="596555993">
        <herediaMirific>alomaRowensTorrone</herediaMirific>
      </huse>
      <sumphyTirazTaggers unciniBeldamsCoprose="barkeyMisbusyJibbers2">
        <amasser>2</amasser>
      </sumphyTirazTaggers>
      <scotist tahsil="opaiGer">
        <flemingKhazens>ferlingSorrowCajole</flemingKhazens>
      </scotist>
      <glacial clannedAlining="yawns" unfeued="fasterDeify" sphere="mispage9397" maddockPushingYaups="saltaryAcrasy">
        <sangilCommuneNatrix>8712</sangilCommuneNatrix>
      </glacial>
      <uds>
        <chub>throGrowlsYardang</chub>
      </uds>
      <vitalTensedValent>
        <lacocaTarging>9</lacocaTarging>
      </vitalTensedValent>
      <veduisFylgja>
        <descLiars>rereadsAllude694</descLiars>
      </veduisFylgja>
      <throuEchitesVogue jives="beagleBuoyedUncaps" ramplor="outrailDecanolUnempty">
        <laund>lambentOfer</laund>
      </throuEchitesVogue>
      <unwhigCompels ramsonsPatties="6691378">
        <pulseInezSpicey>oralOrakzaiMeature</pulseInezSpicey>
      </unwhigCompels>
    </mysidaeHartallFondaco>
    <brimfulButtyBanty>
      <eliAlmude>feeing</eliAlmude>
    </brimfulButtyBanty>
    <sundog findsHarka="zoniteDegusts" grandeTaharahSwoln="6" ritcheyArx="kippy">
      <moravidSacradMammea>hellmanTeaty2</moravidSacradMammea>
    </sundog>
    <sizzled kha="gaura">
      <advoyer>78</advoyer>
    </sizzled>
    <refliesLongan>
      <lagger>688473550</lagger>
      <epochePinkiesCunye>
        <dotagesAniliidMudcap>lanewayJarheadSolute</dotagesAniliidMudcap>
      </epochePinkiesCunye>
      <bestedMien suedeHaddie="karaganBeamersTriple9418">
        <codhead>ovistGessoes</codhead>
      </bestedMien>
      <shawmPloyed oadPangamyBagheli="raiderGambWauner">
        <flees>grosser</flees>
      </shawmPloyed>
      <packwaxLucibleBlinder feres="148" whored="progeny">
        <saree>tankertEtymolJctn9</saree>
      </packwaxLucibleBlinder>
      <wisentsAftabaFubbery mene="deicingGeraticLatents">
        <mazumasSpyerOrach>9583</mazumasSpyerOrach>
      </wisentsAftabaFubbery>
      <treateeSwithe nitons="cputimeSquawl" culticVinasse="malduckFitzroySipibo" waffles="imbalm2638" latiDividerAshore="haustBenjoin">
        <danaideMocks>raphae</danaideMocks>
      </treateeSwithe>
      <hurrayHygrin hansom="pictaviCretism" surnayBoiette="milvagoHalifax69" sandSheenyObverse="504062" anat="fresser">
        <unoped>jeremy6946</unoped>
      </hurrayHygrin>
      <behavedWeeshy barbels="softishPalatua" tulipy="dualsYawps">
        <yoks>millman</yoks>
      </behavedWeeshy>
      <catchie tergaShortyAtoxyl="appaleKymricCassias">
        <geebong>cochonSeorita</geebong>
      </catchie>
      <ledget>
        <traceAbonne>geckosFagJasmins85</traceAbonne>
      </ledget>
      <cheekyPaolo midairTussore="12116888" remendCarcassKylies="9">
        <ouds>creasyBleu</ouds>
      </cheekyPaolo>
      <hafnylTeaman>
        <drongoAbipon>pootyRhesianTarlies</drongoAbipon>
      </hafnylTeaman>
    </refliesLongan>
    <mummiesAndrol>
      <aerugo>76796</aerugo>
      <dotantShins>
        <jowingZealotsGrifts>redodidSubnode7</jowingZealotsGrifts>
      </dotantShins>
      <nicht bunnies="furilePositsKabel">
        <dilosShilfaAlii>eastman</dilosShilfaAlii>
      </nicht>
      <accoy unbrokeSubpoolAgio="teratic93" colada="sepiostJoyleaf">
        <elandWampum>2212</elandWampum>
      </accoy>
      <typifyMashlamKetose duoleAswoonRuskin="hayselIntowerAphacia" taipansDangsDistain="rabboniNylon" toothUnsweptRecusal="indraFlossesMorg" deepens="geistPaolo">
        <aiery>cimexCroppaSpoffy</aiery>
      </typifyMashlamKetose>
    </mummiesAndrol>
    <hafniumNiggle>
      <migrateDingarKinked>ampelisSashesFeeding</migrateDingarKinked>
      <matacanSevers>
        <beshag>reeskIranianLewie</beshag>
      </matacanSevers>
    </hafniumNiggle>
    <tongaWishers>
      <jeers>befame908</jeers>
      <rapidEtymolUnaway gedecktWristyExpel="wincey" piddledFils="aralesAwapuhi" silenePitocin="11796198" arthelBooliesFolily="segues">
        <litatuVacoa>incomerSuasory</litatuVacoa>
      </rapidEtymolUnaway>
      <braNomismsDowdies lisztSthenic="snubDnieperSeethed">
        <mottes>5</mottes>
      </braNomismsDowdies>
      <crookedMegboteFootway enhardyTomasButeo="savorApx">
        <okesKrocket>refuteExamsStabs</okesKrocket>
      </crookedMegboteFootway>
      <foveole dogvane="880838" biasingTreed="chaukTelary5" preezeHerbs="5744778" rokaAin="barlowsImbrium">
        <sovietsEelcake>weeweedChuckedFawnery</sovietsEelcake>
      </foveole>
      <uveiticLobo>
        <sprits>8904</sprits>
      </uveiticLobo>
      <anthrax paikerRenoveReshow="swordedExciter" yee="shopfulYashtFlic" airsickTestStums="5" glochidJoyance="corner647">
        <enskyed>332</enskyed>
      </anthrax>
      <quantic drinkyBullionSeizors="inaners5">
        <sighersStere>coueChang</sighersStere>
      </quantic>
      <bhokraVerbalsSolary>
        <hernani>regalty</hernani>
      </bhokraVerbalsSolary>
      <eskarPekins>
        <gruftSookePhysis>lites</gruftSookePhysis>
      </eskarPekins>
      <speciesTussursGives apohyalOutland="avisos44">
        <cohob>cacaoBelarChusite</cohob>
      </speciesTussursGives>
      <autoRerentCeiling octdra="cawkyChakrasMuffle" debonedRuddiedMaimul="cholickMetump35" purismsSerozemTallier="ejecteeAnaphe31">
        <jazeysChloroTumbeki>simiaCanulasSpecs</jazeysChloroTumbeki>
      </autoRerentCeiling>
      <dilatesSimsXylenyl>
        <megilpsEncurlPistons>6133674</megilpsEncurlPistons>
      </dilatesSimsXylenyl>
      <dismalWogul lieDrupa="62333126" pyreLima="paleolaPyramidDella" viduous="femora407" unstungSquinty="dowdAbwattNaivest">
        <wingmen>molttenStarlit</wingmen>
      </dismalWogul>
      <lenoForbearWealful fixingPika="5095" uncoked="untar" gayety="pinnet">
        <cheung>recookSulkilyDickies</cheung>
      </lenoForbearWealful>
      <paraxonDefray>
        <noteletMazdeanVousty>oomiac</noteletMazdeanVousty>
      </paraxonDefray>
    </tongaWishers>
    <gekkoSqualus kayakLakingsYogurt="192564300" copyman="fusionSmolder" killochTillet="calas44" toosh="telega" orlesXylosmaPalling="badianCoosuc" sharkyAthrill="leftMissort">
      <conyza>diol7</conyza>
      <gownBrigued>
        <prewire>achy</prewire>
      </gownBrigued>
      <sylvineParge witchesFerns="knelledOlibene" dromonTritor="cassidaEvitateExcl">
        <befretsAgnoeteRhaetic>hermoSetierSwirrer922</befretsAgnoeteRhaetic>
      </sylvineParge>
      <creedal derrireGneissy="laud" sabinaCoolersAnlaces="113" mer="limeanComical" pallialSpearerPlashes="remercy">
        <quadleAseitas>852612</quadleAseitas>
      </creedal>
      <rukbat>
        <pyrexic>biogensCanonesAlodium</pyrexic>
      </rukbat>
      <ghettiBargham klamCopain="infectPokomoo">
        <carettaChermes>824</carettaChermes>
      </ghettiBargham>
      <acateryHorouta>
        <inlierObelize>grippedReorder</inlierObelize>
      </acateryHorouta>
      <fooldomElfkinWha egisesBoostsMooder="stylise">
        <dondineMowingCeste>lobelia</dondineMowingCeste>
      </fooldomElfkinWha>
    </gekkoSqualus>
    <minaeWaymate>
      <oracula>tinwareUnfatty</oracula>
    </minaeWaymate>
    <tenuous wabbled="scoldsDefiedIdiotcy1307">
      <vawsCapsize>gourdy474</vawsCapsize>
      <basanSawpit landerToader="206613010" fifteen="51" bleauntChuttie="beewiseChowedRawness">
        <prawnyDossilsDiglot>88166764</prawnyDossilsDiglot>
      </basanSawpit>
      <dainchaMonepic richenSimmerModes="ingulfsElves">
        <eaglingCodgers>genysTawpiesLogeia9936</eaglingCodgers>
      </dainchaMonepic>
      <maills sadismJeery="sextonStabile49" unplace="copaZanana" nonbankRldPsychal="aeronat2944">
        <inconnuEelboat>templonAutorOutpost</inconnuEelboat>
      </maills>
      <purrahMorgenAgony>
        <cubans>scaursUnrightSamh9</cubans>
      </purrahMorgenAgony>
      <mortal realty="djelab">
        <couchy>limbosSharragDures55</couchy>
      </mortal>
      <sublimeCavingsUphung embow="10" maimerScutchs="dissuitHurdisLadled">
        <menukiCrawlie>wearishHewgag4</menukiCrawlie>
      </sublimeCavingsUphung>
    </tenuous>
    <outrodeReauteSookie>
      <biglotAirflow>crawlPlurisyBindis</biglotAirflow>
      <nelly upsteam="bucraneBabaiPluff370" vallumsSoaves="deraysIctusesVorhand6422">
        <ratchetTeentsy>luiteYoyoBessi</ratchetTeentsy>
      </nelly>
      <dunner patricoPrawnedActinal="8685867" neozaPurplesBrule="272011" epigoniNizamLieut="unlimedLatkeDeperms">
        <assith>29792175</assith>
      </dunner>
      <civetsAxwiseTincal cueist="baalathTammie" fosset="exurbiaDoyenDaytime">
        <somaBigamy>unwarnMatacanTassah</somaBigamy>
      </civetsAxwiseTincal>
      <damarsMecateSlumped inbreadShakta="tarokGlimpse">
        <nitterGio>kunbi</nitterGio>
      </damarsMecateSlumped>
      <lobataNasaump>
        <rickingRosy>dewer</rickingRosy>
      </lobataNasaump>
      <montreYobboes usself="scriptoConterYagger" musimonCrashes="61797" pureedAslake="anthos">
        <sestoleRegally>aslopGaffle</sestoleRegally>
      </montreYobboes>
      <pahlavi faithHoecakeDebts="hanceCrocksImbrue" kaikaraDipter="nutriaNinesBagong">
        <defileNiddick>3474289</defileNiddick>
      </pahlavi>
      <lamGoiterStorken bundiesUntrain="crawFeasing">
        <pedeticHat>carfour</pedeticHat>
      </lamGoiterStorken>
      <ileac>
        <julepsBlinder>136626</julepsBlinder>
      </ileac>
      <arbitryRentee lawnletEcotypeCotyla="myzontFatihaBursae" claggyGazee="alyaPubbleAkkad">
        <mach>88793962</mach>
      </arbitryRentee>
      <tacana lararia="smaHastulaTwofold" astianCycloid="uranium" asgdPending="minxBrotNaivety3948" ershKinase="509604">
        <mareParamidCuprum>117518678</mareParamidCuprum>
      </tacana>
    </outrodeReauteSookie>
    <baloneaEntiaTwat>
      <balafo>celtuceHennes</balafo>
      <jianyun moondog="4935">
        <oarageTabsShipman>sacchaSoogeedDemure</oarageTabsShipman>
      </jianyun>
      <partureArridedCodette bycoketGpsWoeful="217698427" extSlackieNudiped="murrasLotos">
        <papulesAnemia>wauls</papulesAnemia>
      </partureArridedCodette>
      <leissVeruledBorers mazeBefavorLigates="queridaOufForkier" samh="krelosAcylal">
        <rollFreeing>hyssopPlbrochPesetas21</rollFreeing>
      </leissVeruledBorers>
      <curdler lichee="rippedBurlap" kanatDeprest="4689924" alerterNidorBraza="possies" outledTamale="cordy">
        <hagfish>ruggyAdorno</hagfish>
      </curdler>
      <useKaylesCooties>
        <physicsSinePwt>accolleOpsyPerish</physicsSinePwt>
      </useKaylesCooties>
      <venus bedgownShore="2205250" bulgesGiherSkulled="ribandPigdomAbacist" topmenWacs="otisGaumed5886">
        <studViseingFootmen>keelsSidearm</studViseingFootmen>
      </venus>
    </baloneaEntiaTwat>
    <brothyLisiere>
      <hussar>phonghiMercer</hussar>
      <irchinBarrels hailed="575226626" burdensPuther="comite" flittyMonoazo="1003703" slutherWasternAlpha="nonaryArouser">
        <wayman>50327</wayman>
      </irchinBarrels>
      <jelling sunyataBonkersChicory="laenCorey" amutter="shotesUnbankBarnful">
        <horned>tiffinBryonyRadly32</horned>
      </jelling>
      <fragsBassistUsneas slatted="whissonTentieGangway" puledBandi="kossUnfitly">
        <sickly>7093993</sickly>
      </fragsBassistUsneas>
      <paredEffluveParasol wint="pastesBowman" demirepSudanicDere="60528928" deckels="jennetsGurshesRadials" dobbinPalaite="mitAdonizeAlnein7">
        <slurbs>goshenRapelyFouett</slurbs>
      </paredEffluveParasol>
      <blowbyPornosBalky>
        <copyistPookawn>nonactSchmoos</copyistPookawn>
      </blowbyPornosBalky>
      <hittersBurnyFewter>
        <muleCarrie>muons</muleCarrie>
      </hittersBurnyFewter>
      <limailAlnage peaseKoyan="aptnessPotheadBeduins">
        <cisingNabbing>7351</cisingNabbing>
      </limailAlnage>
      <cynomys ritlingHissel="tragi">
        <mautUlto>amadis</mautUlto>
      </cynomys>
      <couched>
        <shaveseIhleiteUnleads>derivStigmesDwang</shaveseIhleiteUnleads>
      </couched>
      <rubbish whodPossessGuttate="bauno">
        <bonnieTittlinGoodies>1</bonnieTittlinGoodies>
      </rubbish>
      <tiersBander>
        <soberlyTriable>supersYucchBravoed</soberlyTriable>
      </tiersBander>
      <jaloppyMakeSullen demirepAnginasPombo="tombacNad4">
        <antacidCaudate>ridotto</antacidCaudate>
      </jaloppyMakeSullen>
    </brothyLisiere>
  </mopla>
  <nacredRusheesAspic>
    <unurnedXerotes awebandLija="13581213" tantaraTattingAmiidae="minimsEvulseLacks" upspinCaradocSniffed="dimmersKaros" erf="rctTouches" kat="laiose" youponSatlijk="2035164" homarusEls="asst">
      <luntingSlete>bayaHaffetsPecking</luntingSlete>
    </unurnedXerotes>
    <cascanSaltusWallow>
      <bulseWadlikeAvidins>monadic</bulseWadlikeAvidins>
    </cascanSaltusWallow>
    <crannogHeteJorums>
      <unangryForefit>silvern</unangryForefit>
    </crannogHeteJorums>
    <fines>
      <abbrevPoolMelodic>canaler</abbrevPoolMelodic>
    </fines>
    <bagwig usuriesUmiac="ovolosLadyfly" tadeUperizeSplodge="sporalMayenceBestore" tartingToliteWergeld="rapedTeamerEsdras48" folkwayMaimedMollify="galeateDoteBicolor" gualacaChikaraBurga="ferrashBatiker3">
      <torsos>store</torsos>
    </bagwig>
    <estuous>
      <metwandFating>skydoveAinsellLurcher</metwandFating>
      <reffingUnspokeDater blentOverarmDegame="sebait" silageFifo="coachee" mispaid="51508397" dialinArpents="flancheFrisca">
        <lipomasGleeked>contamEgghotLobi6465</lipomasGleeked>
      </reffingUnspokeDater>
      <shrieveTitar unriper="soleasNorelinSchrik102">
        <howkerBronco>dirgieCurnie</howkerBronco>
      </shrieveTitar>
      <tildaTalwoodJama zyzomysTalon="638">
        <congreeHaiduck>jnanaScrapSequela</congreeHaiduck>
      </tildaTalwoodJama>
      <yawnsGridesStupid trier="jollify" matthewMiladis="mosk" pusley="knotty" mozing="yagger">
        <attaccaVerbs>feuage4805</attaccaVerbs>
      </yawnsGridesStupid>
      <chapterRalf tabandSeldCortex="50" respinSakiYelped="fulcraProvost813" phoridBelloNytril="428085">
        <kashers>esters</kashers>
      </chapterRalf>
      <bouffePoachy metayerLikerDapped="seeking4581" adenoma="sabeHoudan" kegful="molten" reppsOzonesAcholic="fogy">
        <whattenEnhedge>awkwardFalcata452</whattenEnhedge>
      </bouffePoachy>
      <pungies>
        <enarbor>bemuses</enarbor>
      </pungies>
      <dairtFeoffeePygmoid>
        <tactite>1577</tactite>
      </dairtFeoffeePygmoid>
      <densify>
        <wetted>oldie</wetted>
      </densify>
      <chera oxims="skilThwartStylops" ketoAgnoete="undoerKakaPopal" emersedChiot="comrHylasSynetic" tori="iberesOsi">
        <cubito>machoLinoZorille</cubito>
      </chera>
      <outtopSilexShingly upbindsFator="furanMadman" satient="11143271">
        <poduraAvanyu>spokenRetitleTalkier</poduraAvanyu>
      </outtopSilexShingly>
      <acajousPittingJagat alhetSmalt="biureaRagglesHeaper">
        <furredBefretsNork>39881</furredBefretsNork>
      </acajousPittingJagat>
      <coomy yawningTubule="halfwayOxidize" waffs="nonformReviles" vector="5">
        <urines>priding4</urines>
      </coomy>
      <hornlet cormels="coyestCallusChields" morris="raker" rundiSeats="carting" citrins="motacilUrinous6">
        <weanyerSudan>orterdeVazimba</weanyerSudan>
      </hornlet>
      <skookumHattockPremie macchiaForcepsTauting="inflate" saggy="mamonaEndear" knarryCampion="modulesHardpanCapes" vitallySaeKend="5150907">
        <grivoisHawkbit>askarelUlto797</grivoisHawkbit>
      </skookumHattockPremie>
      <cumbly>
        <friarlyTressed>habutaeAirman</friarlyTressed>
      </cumbly>
    </estuous>
    <elatersRaisinsSabayon bebop="15407905" lonely="tinpotMatroidPontes220" crowdsUnnasalDemerit="aquasIckiest" manlet="argosSalfernRadii" amusers="refaced9">
      <trocha>mediadItauba6216</trocha>
    </elatersRaisinsSabayon>
    <unstick angiaTopsmenBurry="boozierFemmeLiukiu" ascribeBhangs="3" corerVasaFural="unableWisest">
      <mahseerScamlesStemple>riftUrsuk</mahseerScamlesStemple>
    </unstick>
    <myricinPsoraToolsy elicit="causataOnementMets" grumbly="being">
      <cushawsSynovia>6</cushawsSynovia>
    </myricinPsoraToolsy>
    <aroCondomCartist>
      <subvene>bummelLulabs</subvene>
      <eweriesWormers hilusSibbens="reparelSandia">
        <bolicheRookingDaman>beltingSouledSnaggle110</bolicheRookingDaman>
      </eweriesWormers>
      <huffingSutu fangBaryon="sawKainitsExcel" urarticLidarKeltie="gaonateXyloseCodo" opaloidRidePlanity="3" tassels="silphidSacaePlastic">
        <cosaqueAmmono>grittieFowl7626</cosaqueAmmono>
      </huffingSutu>
    </aroCondomCartist>
    <boranaBuzzwig>
      <argilJaneiro>botonnyAlgodonTonnage</argilJaneiro>
    </boranaBuzzwig>
    <uncoverHamlets tenail="43904608" unfiredTriene="picoKumykIzing" unrigidBietleKhasa="dasi3641">
      <lenvoy>unhouse</lenvoy>
      <cuffsTypPigmies sottery="payorsTieingHyoid" theater="leached" quitchOctavos="9" sagesseLantcha="syllabe">
        <ocoteaMoralPepo>flunkerUntruss</ocoteaMoralPepo>
      </cuffsTypPigmies>
      <nydiaGaleaeMonghol spreng="8121" todeSiering="hilary">
        <anadesmGuddleTungos>emerilSpathaMips</anadesmGuddleTungos>
      </nydiaGaleaeMonghol>
      <rostrumEpicyte>
        <madrihResids>qasida</madrihResids>
      </rostrumEpicyte>
      <manuaryOutflew>
        <rattailUnglove>78975</rattailUnglove>
      </manuaryOutflew>
      <dwaibly>
        <boorgaWisdomsRerise>temperyPwt</boorgaWisdomsRerise>
      </dwaibly>
      <hangs>
        <labredtBatiksPlumbed>skellerPinlessBonnet</labredtBatiksPlumbed>
      </hangs>
      <chateusDunceEased sesqui="allayerBrava" wiltsWosome="archinAmps" idiotic="padauksAzaleasPacket" manjackGerbeSacrum="exonerCantorsStuns5214">
        <charely>sodiumsAngekut5</charely>
      </chateusDunceEased>
      <despairBiuret irruptsGrailsMantles="tughraMintedGiro" hegiraShitherMay="dromeTouringDec" dewclaw="anthdia">
        <snakesIsletaImpose>corantoSexes</snakesIsletaImpose>
      </despairBiuret>
      <barrera>
        <resinaUnthrobSpatula>39783</resinaUnthrobSpatula>
      </barrera>
      <romsLagna mnesicLucerneTitled="mazatecGlory" mergh="cider" carr="spunch">
        <assythRedneckBaphia>indenesPussier</assythRedneckBaphia>
      </romsLagna>
      <decolorGluttedAlveloz dewlapBlamedSkeanes="sassesBonnetJoanna" bemoanAraneaeUnwhite="ottosThiazin" abrase="lupanarUrtext">
        <weerSylvinsErinnic>haymows</weerSylvinsErinnic>
      </decolorGluttedAlveloz>
    </uncoverHamlets>
    <diopterApnoea>
      <cream>nigellaGorb</cream>
      <vibgyorEraDudism reblotPardaos="9" smlSpoiledInwind="crikey">
        <graphsDoodadBucker>avidityTab</graphsDoodadBucker>
      </vibgyorEraDudism>
      <clewsUllagesHazans skiterRubsBuboes="43551898">
        <warundi>reffosDustilyRockman</warundi>
      </clewsUllagesHazans>
      <puzzleVelal>
        <limuMisjoinEstreat>gemClankGiddily3</limuMisjoinEstreat>
      </puzzleVelal>
      <quopRockoon>
        <unowed>sus</unowed>
      </quopRockoon>
      <endures>
        <vorlage>muran908</vorlage>
      </endures>
      <shawy hanky="maysinWarwork" chisMuggierMuntins="odic">
        <huffingBagwigs>ravinFaced20</huffingBagwigs>
      </shawy>
      <longpod hutcher="609" oseMotionFactice="rattonBlotchPlays" unpopeBarricoCanary="haycap">
        <slimWithedAsiatic>minge</slimWithedAsiatic>
      </longpod>
      <puntaSnooksLancer bettors="winkleAlbergo">
        <wielded>774840122</wielded>
      </puntaSnooksLancer>
      <cocoaButleLye amra="filthTauli" theekedLarval="maleate1988">
        <bulimicTarkani>acetol808</bulimicTarkani>
      </cocoaButleLye>
      <amitaBalanteHuffed>
        <marrerTolling>pupaKetatinRawness9018</marrerTolling>
      </amitaBalanteHuffed>
      <haole>
        <sessed>tippersTapulClears</sessed>
      </haole>
      <ortalidIdion jereKiyi="deairsDentin" ianMedick="yuman7">
        <hadjesRewinPlanate>million</hadjesRewinPlanate>
      </ortalidIdion>
      <nargilOpsonic scalds="cramsSkeans" tranviaInbow="kursaalPapered" caricaTannicOutrick="gambasTattles147" khiHerms="pegmaLeaguer">
        <creoles>gpd</creoles>
      </nargilOpsonic>
      <quiteUnto>
        <bindsMnageOuphish>burblyOkinawa</bindsMnageOuphish>
      </quiteUnto>
      <richAguara afara="ireland9" metochy="muskOvereye97">
        <akees>noiseLimax</akees>
      </richAguara>
      <jiggingKhakisQuod>
        <cadePeel>tsuris</cadePeel>
      </jiggingKhakisQuod>
      <diaene octoid="dieb1" whute="grabbedCoppled" tabards="paharia" opacousUnoilNavew="guayaboSitting">
        <buticOmbresCanelos>shineAttempt</buticOmbresCanelos>
      </diaene>
      <takeful stuller="50266959" pausesCrumped="ogees995" tres="smeerChamoisPucksey">
        <yakona>mails</yakona>
      </takeful>
    </diopterApnoea>
    <cankerExigent>
      <lewderCapfulsHairlet>didactLatents489</lewderCapfulsHairlet>
      <daalderPansiedVistaed obsceneSnoek="foundsGeraera">
        <taxerJazeys>prosodeTizwinSurcle</taxerJazeys>
      </daalderPansiedVistaed>
      <twangle shadoEnde="cycAequiPearl92" spireGleet="screwed784" pullman="philosPicraUnaxled" pegallPools="adelgesTownmenFagott">
        <modredSkyportOutsee>gringosRhizome</modredSkyportOutsee>
      </twangle>
      <hadrons faxesSeries="jolters">
        <izote>venueInbond</izote>
      </hadrons>
    </cankerExigent>
    <clariceAnorexyNimmer dereignGulasLived="huacaIgnTalis" hoopoes="bowknotBiffins737" uirina="element" twiggyMiaowUnwormy="keelvatCowers">
      <cymeneBanty>wrigleyExhaleCobwork</cymeneBanty>
      <hotshot>
        <pariliaFfaInfused>taxmanTabelKumari</pariliaFfaInfused>
      </hotshot>
      <slineSynchs chugsCharpieTut="cestoda" lapped="miche" keechAlmirah="adeuism" innyard="rampish">
        <insofarMagnetaHoodman>nogadaHarp</insofarMagnetaHoodman>
      </slineSynchs>
      <facientSpalder maracasOpalChooses="chauri" stounds="573" exion="shirkerThilly">
        <doncy>pair</doncy>
      </facientSpalder>
      <girdAgogicsDioxids unthorn="inanityOcubyChuppah" corm="wedfeeAwaitedCouters" buttersTypika="gaurieTiradeFikery">
        <aphemicPariti>2016495</aphemicPariti>
      </girdAgogicsDioxids>
      <expires megaaraLabrus="unslateEchedHippish23">
        <atrenne>hexeneLeeky</atrenne>
      </expires>
    </clariceAnorexyNimmer>
    <putherRoture awfulMissalGunners="fossuleFcomp">
      <sneezesSneaked>vasesFutter</sneezesSneaked>
    </putherRoture>
    <optimalCowbarnPages awiwi="scarifyTroyUpstage" perdusViverra="429366" sortiesElitism="dikastOnagers" meteorPeaks="sleekBordelsVisas" murreyBret="heliaeaRebrick" ghawaziEdiya="censingBakliCurites" yuckyPismire="rhumb">
      <finjanSwisses>izbaMisky</finjanSwisses>
      <papuan holl="7957" gullingNefBell="pungledBoggler5">
        <shuftyTweededFrike>otarianWangleSleaved</shuftyTweededFrike>
      </papuan>
      <wellyHypural imbedPapererUnperch="blacker" embodyDosing="dagassaVibistMegomit" selleAdept="druposeUprootsSculps" grossNoldXxv="serpent">
        <bunyipMzee>aedine</bunyipMzee>
      </wellyHypural>
      <udomArabanShushed rending="bedikah" hedgesWakiki="slangsDuddleJeffie" dreichIvinKaisers="rightlyTelesiaSoon" phoebesIpso="cubePagers">
        <tetradCrumple>cinemas</tetradCrumple>
      </udomArabanShushed>
      <sannopWheensSinopic groomsNizamutApres="enneadMouthKnock" resider="kummels">
        <deworms>slakingToolsIntrude</deworms>
      </sannopWheensSinopic>
      <pteTychite valve="rhizineGraphBafyot4624" symTreyScalage="4228">
        <guarapo>177520</guarapo>
      </pteTychite>
      <shierNimshiFeazing sprushSemenUnsorry="32239" zoopsiaRoin="814712515" fluteyRepotObv="2275" isatid="gyrocar">
        <susieOmbersGarnetz>restageMear9</susieOmbersGarnetz>
      </shierNimshiFeazing>
      <unvalueSysout drabby="karamu">
        <pertly>thegnsHookmanPintail</pertly>
      </unvalueSysout>
      <ouphesHeddler largetPhasing="lazier">
        <coptGridedNormals>58</coptGridedNormals>
      </ouphesHeddler>
      <associeCocainsMannie strawenLifeday="qurush" isobarsEnchain="48436">
        <enragedZebras>gentled</enragedZebras>
      </associeCocainsMannie>
      <unfeuedSnopSinopic>
        <puckleTrionyx>galeidNarrow</puckleTrionyx>
      </unfeuedSnopSinopic>
      <ecotypeFlambGeezers cantuta="escuageQuaedam88">
        <cantutSlaneUnbrick>ballanMojarraStreeks</cantutSlaneUnbrick>
      </ecotypeFlambGeezers>
      <soul dixy="mixtionDupedomMikes" tabletsTernion="cattingArachePlonk" japersAcremen="flyawaySoddy" reubYis="118141079">
        <haunchySonny>pornSnyed</haunchySonny>
      </soul>
      <scrogsBadger artgum="makhzenCarayan" tripsisAttirer="bocca">
        <wae>reamerFensterMascot</wae>
      </scrogsBadger>
      <tweeterShilpit sawflomEpidoteSpoorn="thonder" ultimoBifaraSimony="grobianMystComate4">
        <loachesHoling>tetraneJoustsPeckish</loachesHoling>
      </tweeterShilpit>
      <talkieAcale frischTought="dograCateBristly">
        <crocks>chakramPuntsJab</crocks>
      </talkieAcale>
      <apaCrypt bleaksEnarmSuivez="felones" cobhead="wairs" peltaeMurza="dogbite" gluiestTos="reglaze7825">
        <nandine>mulismElutesLurks446</nandine>
      </apaCrypt>
    </optimalCowbarnPages>
    <clee plectraInflameCrocin="frostySchistsMelvie">
      <khamti>pestifyGupWauchts</khamti>
    </clee>
    <caravelPalsy hemlineLeadage="bkptCubbyu" scenaChambulAfd="faveoli87" heling="reagins351">
      <lehrmanLatrian>eurobin</lehrmanLatrian>
    </caravelPalsy>
    <qasidaXviii gemsLandman="ragasRugous" tolusRepute="294737" reflair="nicestYajeinLas" flaming="ceile">
      <vainly>guttaeSuccess</vainly>
      <synoviaWhambleCuestas roleoUrva="talVssWharfed" sercialBuzzyLymphad="rightFoin" zinkify="rendu" lubCheaperRaisons="shakha">
        <balize>thouing</balize>
      </synoviaWhambleCuestas>
      <scorchs>
        <ham>87</ham>
      </scorchs>
      <dummiedQuintus ceduous="cruel77" jerkilyKinsmanSmirked="hoppoSacrate">
        <grown>oof</grown>
      </dummiedQuintus>
      <maiusSpavitAciurgy cadgingLactaseCryal="aerialsAngkhak" bleery="osteoidGerminNougat">
        <obsessJared>262547872</obsessJared>
      </maiusSpavitAciurgy>
      <clearedLataSuttees nagingPewees="voleryNunki" dawdles="grooves" chacmasAgoutyRewin="31" toadessBennis="cowskinEpigneEases">
        <events>nogai</events>
      </clearedLataSuttees>
      <lapwingPablo expShavingLiter="cimices" piperic="819" mammas="5">
        <semicupUnepic>churnerDenebKabikis</semicupUnepic>
      </lapwingPablo>
      <babeletCacks cheepedDarnex="aedine11" sabanutBalolo="gaggerPulserMockado">
        <muhlies>4247487</muhlies>
      </babeletCacks>
      <occurCatan anahauMoultenGuests="misky">
        <lester>sintuBlockedHuron</lester>
      </occurCatan>
      <sabina upridge="lucidly">
        <clechyGalosh>systemKemple</clechyGalosh>
      </sabina>
    </qasidaXviii>
    <peaSpindlyUpdived piquedAmorDarking="odaxSpeeredChindee" debussy="3" itavesMobRagweed="eremicDarogahMumpish" contesLepPuthery="suitesRiles349" rimasFegsBridely="honestyGummose5" oxanValour="2" loving="lutraNitent">
      <motory>820796</motory>
      <ivories heaper="alture" sufQuadrum="87584" famelicNeumic="turing837">
        <quatral>maliki</quatral>
      </ivories>
      <nestageTocome trabant="layland" mawsieBieldedPodical="irksome">
        <uncosBeyondBaubee>copprasPeeliteZolle7</uncosBeyondBaubee>
      </nestageTocome>
      <scuts cfsChoenixDogears="apyrexyCentos" jeannieImmerdFuzzle="8070390" bonkedCeltic="harnpan" fozierFoxily="tailfanChallisGlades">
        <hackeesDonnedShiny>6653346</hackeesDonnedShiny>
      </scuts>
      <dimmestEmetinsHunts>
        <ramplorMicaTarheel>seizes</ramplorMicaTarheel>
      </dimmestEmetinsHunts>
      <compereTouselBosomed begut="67" snipe="anopiaPotus" pyreticEnvious="4" ranal="diquatsGuiderAphagia">
        <uniteCamaraInsecta>657303491</uniteCamaraInsecta>
      </compereTouselBosomed>
      <ladronMaltol schleps="lockups718" leapedPlatterClients="acestesAbacateScopic" cryogen="catoismThermo">
        <gassitDeading>brasserKulang23</gassitDeading>
      </ladronMaltol>
      <coal aphetaNitery="563">
        <mildew>corbedPoter23</mildew>
      </coal>
      <collut>
        <sorrelArpens>crouteAfacedYack</sorrelArpens>
      </collut>
    </peaSpindlyUpdived>
    <gummoseNilled surrahLikesEmends="wist" solenWinners="8256" burseedHdlc="stimiesShotFlodge" calando="uster">
      <bedewsBepray>nacredRedeal</bedewsBepray>
      <psyched wafture="alfajeMopeierConing" tarkhanReguideLory="inwindSeabootTisic">
        <sensism>bocardoQuataTascal</sensism>
      </psyched>
      <salt rechalVinca="eggcup">
        <cosmist>3041912</cosmist>
      </salt>
      <cascromSuaver ephahsMartextTermer="archineShaffleTwiddly" keetErdBoggish="51" melic="snackyInspireArtus">
        <chichiJumbyRedrug>dadaism</chichiJumbyRedrug>
      </cascromSuaver>
      <steeve inseamsRatteen="jurisFlavousDronage">
        <spaeingSmashFishnet>luffa</spaeingSmashFishnet>
      </steeve>
      <triplumPadreDupes coakumEmbedsCycler="unblissNeven9244" moreens="tareqLuculeCarafon44" ruedVerbyAphra="862125584">
        <crudle>933942223</crudle>
      </triplumPadreDupes>
      <tayir>
        <shicerHair>atwixt</shicerHair>
      </tayir>
      <quonset pickersNutted="minimisDaymentColpeo">
        <levants>revilePaikerVisa</levants>
      </quonset>
      <smellsStridSabre slowed="bangsFeazes1525">
        <culletsAntefixNervule>evenedPeres</culletsAntefixNervule>
      </smellsStridSabre>
      <araliadBlurryEquilin berimedHoliday="reneges">
        <sizzlesKarts>11885970</sizzlesKarts>
      </araliadBlurryEquilin>
    </gummoseNilled>
    <rammishSplores counted="idyllFutwaPouches" denatCapanne="5594239">
      <coley>muktarFerulaTorpid6</coley>
      <pellageBedoltSchoon linumMayas="zyminSpraing" lehi="tirederCitrons" glimpseWebby="unboggySowbane" tansy="becardCutlashMover">
        <timableVastus>1910638</timableVastus>
      </pellageBedoltSchoon>
      <skidoosNuclein ithacaMouther="bidders" fardedMassier="untapMexican" colpusWheelPptn="laking" toffies="yamilke">
        <tad>waroriGlove</tad>
      </skidoosNuclein>
    </rammishSplores>
    <pulserTriones fussockUtopianKnorr="lanolinHooting" ragtags="cabocleAdducer" bagirmiRucky="propose" sapfulHennaedWaired="kodakGypster" semicAbsenceSecno="20748" luchuan="cainish846" altared="571675958">
      <heryBesoil>erika</heryBesoil>
    </pulserTriones>
    <genevan>
      <chewieGoopy>troop</chewieGoopy>
      <foregut cubhood="burlAuxilAskeses">
        <becaterCheskeyThing>antirunDilos</becaterCheskeyThing>
      </foregut>
      <vexil salpasKlowetImi="lases79" idol="diatom50" astoopSerringSude="678101">
        <mooktarDiander>flaccid</mooktarDiander>
      </vexil>
      <fernedIncubeeAzorite prewrapMytilus="88">
        <mussStipelsGlucic>kenchCeptorSkoot</mussStipelsGlucic>
      </fernedIncubeeAzorite>
      <dakoits matsCorozosElapses="gauricAmakosa69">
        <schemyAwacs>ladyFeroherDeluded</schemyAwacs>
      </dakoits>
      <catchTimber upwayDansk="enclCrapesCanis" ensignBluismSharker="chrismsRestageGuyot" mau="whilockMatrossJello" ametria="makaraRansesEldest">
        <vialedMaser>scliff</vialedMaser>
      </catchTimber>
      <quataFestImprest unfixedAttachBajau="10957711">
        <hopbineHards>decumanTipmenBolide</hopbineHards>
      </quataFestImprest>
      <hollongOutpurlVizard sensors="1080451">
        <ellagicCapitle>70956</ellagicCapitle>
      </hollongOutpurlVizard>
      <washen bibioSwiwetDunal="octaryMinerCountry" enripen="gavelAshedShover8593" trigosStanceWelters="cusecCabree">
        <cozingCisco>babbage</cozingCisco>
      </washen>
      <isurus oenoneSwomToggery="lotteErwinia">
        <chironCranksGernitz>afrete</chironCranksGernitz>
      </isurus>
      <saltcat trullanJugaleBakers="darafShibahLeanish" arabanMooneryLump="74" veraSurgeReslot="22487">
        <murresMaartenAfrite>128</murresMaartenAfrite>
      </saltcat>
      <bullingCaecum soroche="melledUmphChiam" gaggingHeel="seizedGrippySkelic">
        <blunged>niffers</blunged>
      </bullingCaecum>
      <sextanTuchis ejectAndesic="belchedNoose" echards="enchestAweighGouda">
        <darksumBraids>volata</darksumBraids>
      </sextanTuchis>
      <hausensMagnesIoskeha smudgesMandats="rapedAbo7" sishamDuodena="28149" gyrantChadGanza="1982" latirusPleurasHastens="deneCitrean">
        <coenureDevoirsGriper>998</coenureDevoirsGriper>
      </hausensMagnesIoskeha>
      <trowelsIllite coifedPastorWited="7734281">
        <gishStroot>aldayKanauji5804</gishStroot>
      </trowelsIllite>
      <sarisOsmond aricineSynSalify="rerollsGasohol" ortmanAnthus="488465">
        <inajaBallastFonds>ochre</inajaBallastFonds>
      </sarisOsmond>
    </genevan>
    <precutGramperWader>
      <seveLakesKabuli>6680990</seveLakesKabuli>
      <enginGlimRedust>
        <tahonaCoveThawy>palmiraSomeverMeanie</tahonaCoveThawy>
      </enginGlimRedust>
      <scowingInmeats arrayalTezDwining="shiv" erbium="sipageCrapeCrocard771" remends="686">
        <katsup>decode</katsup>
      </scowingInmeats>
      <scummedDolceZat ampulAbkariAmtmen="asweveAmobyr" lamentsRopilyRudd="800990" unkey="solemnAiversNursing" tweededNamatioMosgu="kiackSpinsUneaten">
        <estafet>thebainMensualLiquids</estafet>
      </scummedDolceZat>
      <styroneOddnessDoming wendyDaggarBrechan="gammon" pifero="vibices">
        <skeppeLushestLucigen>snufflyUnroofsBogong</skeppeLushestLucigen>
      </styroneOddnessDoming>
      <dizainSerac bonked="stapled742" surianaYayClape="glyoximBusto" incomerCrusileDoupion="minoizeCaziqueGlomeli" paisanIrisherSwarm="pigwash">
        <hyndCarapScrimp>shhBezants</hyndCarapScrimp>
      </dizainSerac>
      <canchGirding rewriteNamingMoving="toglessNavars33" boccie="decreedWaitGenio" deskman="grinsSwished" extaStilly="anderunLotic">
        <codbank>redone</codbank>
      </canchGirding>
      <clarity dhutisVectorSobered="47" sennets="disglut" beglad="stikineMadling">
        <nonylicDegust>coniums</nonylicDegust>
      </clarity>
      <skibob>
        <assisParkyWhooses>digestsHidling15</assisParkyWhooses>
      </skibob>
      <yoksLappula>
        <stoke>wambugu245</stoke>
      </yoksLappula>
      <enrightEmuleNeral bebatheAdoulie="bootie" latirusGilten="shopmanDecollGewgawy" unthinkCardingGland="outgrin">
        <cancan>846415562</cancan>
      </enrightEmuleNeral>
      <cavidaeVakia choiakJingalsRimer="4907832" dorpDour="acerPlasmin">
        <pyrrhus>nisus</pyrrhus>
      </cavidaeVakia>
      <scalarsArrears woody="cleaverLoftierRaches" burbarkWarrau="trevisFairyAlphyl" seroonCrozed="binodal">
        <bullionAlcoran>outlookKotuku</bullionAlcoran>
      </scalarsArrears>
      <hustleBadgesJunonia kuficOghamsJuice="sijill" starved="unroved" urbaner="pinjane">
        <tippets>wombleParica</tippets>
      </hustleBadgesJunonia>
      <presentDoorboy karnsUncivilChant="wakerArdeaEgests" galipotMoundedMuzzily="ferulesOolemmaStuck">
        <massigMulleyPrimate>spadeKeapEddish</massigMulleyPrimate>
      </presentDoorboy>
      <basallyMangosBeclose adds="284" tomtitOdist="timawaKats115">
        <richlyRosttraOases>ketonic</richlyRosttraOases>
      </basallyMangosBeclose>
      <oxyurid fraxinTerraeEmbrute="cantil" cycads="245" bewareAmaze="awryRoomfulSqrt" sequels="24499">
        <raptlySeedbox>76120773</raptlySeedbox>
      </oxyurid>
      <ootidsPeoriaMonachi nebiimSheughsPleny="misturnAmotus" isletsCurvate="568" mowanaRepped="hosing">
        <scrags>eslisorButlery</scrags>
      </ootidsPeoriaMonachi>
      <inspansDardaol inulin="oomphsLatakia">
        <drivelBeakerAmucks>umptyStunnerCrumble5</drivelBeakerAmucks>
      </inspansDardaol>
    </precutGramperWader>
  </nacredRusheesAspic>
  <bestrewGuar dashedAreolaeHeeling="ryes" />
  <doubleSeancesPholas vittaBravaGuaka="enthealShazamSedater" amixia="hummelSluice" kashrut="erumpStewing" cremantFresnel="urology">
    <gomukhi>
      <birrusHonorer>limbal</birrusHonorer>
      <burkersSkoo cozens="babbitt455" ruswutPellets="29" gilMorphos="galleys">
        <tubedKeatsSannops>316265248</tubedKeatsSannops>
      </burkersSkoo>
      <tinted wittierDecodes="1592" thoftAttagenHectic="reboilLevityCaput" sandyRevinceHuzzas="foxholeDaddums">
        <goobers>fowlpox</goobers>
      </tinted>
      <uvellaUrent requiteAileron="65279162">
        <granatSnippedTringa>mixe</granatSnippedTringa>
      </uvellaUrent>
      <shreds margery="343200">
        <roedLicuala>ricked</roedLicuala>
      </shreds>
      <squitchSempleYarl jornadaPaviseSubget="coosucDesiltScurfs">
        <logworkOilmanBemixes>9136678</logworkOilmanBemixes>
      </squitchSempleYarl>
    </gomukhi>
    <choltry>
      <skirledQuemadoEgriot>618464</skirledQuemadoEgriot>
    </choltry>
    <cornadaClokeKuttar>
      <stivyAmtracs>4</stivyAmtracs>
    </cornadaClokeKuttar>
    <jackingRichard schemedAcroter="30" encell="6905">
      <ammiBayete>joutes</ammiBayete>
      <mallealObtect dabbed="477255" zepCowbindEquably="unsty" scutel="9505">
        <yowlingMerkinAbbes>froiseRaviney</yowlingMerkinAbbes>
      </mallealObtect>
      <pelmetCorso>
        <bellyInheres>exalateEagre</bellyInheres>
      </pelmetCorso>
      <pincerDriestViols rathaUlexiteFortran="6960189" animeBehindFinnish="alietFueller892" aliyas="speculaJigsaw" pursualFinfootAffich="antara">
        <solomonTardant>doddy64</solomonTardant>
      </pincerDriestViols>
      <hazelTriose>
        <roripa>44568428</roripa>
      </hazelTriose>
      <vodkaEndorseNumda>
        <brierPiosityCresols>taata</brierPiosityCresols>
      </vodkaEndorseNumda>
      <bifaraBefame>
        <flewBractea>lithiSpalls</flewBractea>
      </bifaraBefame>
      <salmisVinata benmostLikuta="sensor" gansel="8651" titbits="threatComfit" ovaloidTaluhetVoe="zonedGipsyfyPurge">
        <xerosesScaife>combreCunette472</xerosesScaife>
      </salmisVinata>
      <voltizeTribrac>
        <amass>statantSaviorTchast</amass>
      </voltizeTribrac>
      <mamushiCheepsReviler stubSylphySerinus="carton" cochair="skimo">
        <atenistCuttoo>lambadiNom</atenistCuttoo>
      </mamushiCheepsReviler>
      <zincDoggrelPeacock samoanElfhood="patmos">
        <thrimpHairst>701</thrimpHairst>
      </zincDoggrelPeacock>
      <soothedMuffinsLevator libersCrazing="swampedEardrumUnwoman">
        <fondueGamelinWang>378699</fondueGamelinWang>
      </soothedMuffinsLevator>
      <argulusMidnOhing>
        <airiestNestfulSubunit>dirian</airiestNestfulSubunit>
      </argulusMidnOhing>
      <gourami belast="4" solanosSnarly="biltongAphriteSeptave">
        <lozengyAcacinSpiffed>persistLance</lozengyAcacinSpiffed>
      </gourami>
      <luluaiGeira yokage="heed" ppsAussieHulster="fortran">
        <gamiestPontistStance>77680</gamiestPontistStance>
      </luluaiGeira>
      <skal perlidKhondNidget="agroundBarratBog">
        <tape>curupeyShipperDobbie</tape>
      </skal>
    </jackingRichard>
    <hubcapsSeptum>
      <obley>405594893</obley>
      <introDignity gaspingKneeing="parrierDotchinFrancis" dondine="broiledIsleta" ogee="ricecarElapses4562">
        <rissomFolium>71</rissomFolium>
      </introDignity>
      <baccyCompage pizzleCoastalVentana="neeze" eudeveStuppCochal="acariKetatinJamb" logieVoidly="fjordedWilkin" cosinesWagga="650192">
        <haoriTurb>reasonGassit1</haoriTurb>
      </baccyCompage>
      <urazinMerilAtocia glycineKhir="poultsUndinedCasuist">
        <belatedAhaGirly>moterDude</belatedAhaGirly>
      </urazinMerilAtocia>
      <hellmanQuei cupulaeCaltha="coolieStanek" hareldaAttagen="liti298" obs="tempehs" unreelsTreasBesets="luddyRiband">
        <ritualeSlappyTagwerk>deliberCare</ritualeSlappyTagwerk>
      </hellmanQuei>
      <eliteOxamate ossify="rumensLabaara" silenUnungunLokman="hashabReswageFlory5" heloninColent="pathicIradesBrichen63">
        <yadimInscape>bate</yadimInscape>
      </eliteOxamate>
      <joblessGaleaMormyr sizarsBuskins="rondelCarryedQuizzes83" yeechBaburd="dwaibleTunlikeNaphtol" meloid="964697482">
        <tavoyAsaphia>chorded</tavoyAsaphia>
      </joblessGaleaMormyr>
      <swarryBiprongOlitory icingsBurao="brigadeStigmesPyxies" disrankSluffed="muskegs" eelsHogger="jiboyaBotryRefired">
        <semaise>nepetaJarrahs</semaise>
      </swarryBiprongOlitory>
      <batster riptide="gezerah">
        <boxwoodWamefu>chocksTouch</boxwoodWamefu>
      </batster>
      <earnfulNoblest isohumeMaisonDourine="belikeJustly" bottomConnachFreit="littersLendingKneeing" aspoutUsuary="19">
        <unlusty>deglut</unlusty>
      </earnfulNoblest>
      <zinsangShirtsPhossy haloedRugateErrhine="tellerLopers">
        <hoickedBurgulRemarch>scripsGonadsIlama</hoickedBurgulRemarch>
      </zinsangShirtsPhossy>
      <medlied>
        <esslingCentals>suraFoddaJedding</esslingCentals>
      </medlied>
      <patineGoschen groove="tympanRobustGujrati9" ethenolCunyeIdeaed="gemmoid6">
        <tricarProsierDerries>aruloGoracco85</tricarProsierDerries>
      </patineGoschen>
      <cockletFretize gormawAgesTwagger="3530462" hodgeFleabag="1405" scorify="omelieGlore">
        <bumareeUnscrewBundeli>joky</bumareeUnscrewBundeli>
      </cockletFretize>
      <harped photicsBegrainEngaze="enactedBirken" sassed="tsures" behinds="lathieTelia6097" spottleRecoctGummic="1587">
        <murriesSqualidMangy>impedesRedelyPilpul</murriesSqualidMangy>
      </harped>
      <iodoWhitinUnornly boloismBorhSounds="25061418">
        <plato>sucreFibrils</plato>
      </iodoWhitinUnornly>
      <chubMouches culpeo="gilse" stonierBezzledAmens="imidVanist" cuttoeWeeshee="tunerBrunets" organry="beesBasis">
        <sundial>mungo</sundial>
      </chubMouches>
      <dissertReactorForcite rowteBumelia="51144225" siusi="ozonideFocoidsWariest">
        <agameteDiadem>whigletRazeedPedule</agameteDiadem>
      </dissertReactorForcite>
      <lutao byth="hydromeRoodlesKineses" expiresOasean="batlonAuction" stubbZapsHaute="boti">
        <oilwell>cerotic</oilwell>
      </lutao>
    </hubcapsSeptum>
    <liquify>
      <cueman>salpDefoilAmtrac7393</cueman>
      <fundusPepsSnick durablyApyraseAndaste="lationCetonia">
        <apposedJettedMagot>viliaco</apposedJettedMagot>
      </fundusPepsSnick>
      <whalingCalanid>
        <harpaCorsosAsg>scrath3</harpaCorsosAsg>
      </whalingCalanid>
      <sacopeRetreat>
        <nowhat>nestsUnplaid</nowhat>
      </sacopeRetreat>
      <ranidsDaverYasmak skepsisIsomere="acetlaTestoonCyclene" kentleSuwarroChusite="smicketKoumisPooler2" toluene="swapperEbbs2">
        <serdarFlafferMincer>38063929</serdarFlafferMincer>
      </ranidsDaverYasmak>
      <sneeBatture beavers="mislikeWhelmBuns" asconPalponCutin="1872471" gravest="wrackThroaty">
        <woofersOouassa>beety</woofersOouassa>
      </sneeBatture>
      <gripier>
        <chicerAmidins>aralesEscry</chicerAmidins>
      </gripier>
      <sepiae itzebuVolva="lactase" logins="pressorMayten" wrecker="winfulPliancy" calotinBoarder="laurinCotised4460">
        <mislaidDisyokeTorcel>benacusNanny999</mislaidDisyokeTorcel>
      </sepiae>
      <issuantRpmFollis>
        <rabinetBibby>822</rabinetBibby>
      </issuantRpmFollis>
    </liquify>
  </doubleSeancesPholas>
  <asthmaGersUller selsyns="fainted8" zooliteStiesEpikeia="envierSkybal" midriffHypoid="appt2" />
  <actinIrisin />
  <epicierAngelusCetene druidic="meratia91">
    <bedeckWinesap rappageThallus="unzeSuboval6" gorgio="22593" honkieOllie="67856">
      <plainlyNatron>721927077</plainlyNatron>
      <tamboStaples dracmaKecksyHaj="lowballBagreef">
        <sputaLingersGisel>flics2</sputaLingersGisel>
      </tamboStaples>
      <kinases mucopusSquaredCubi="avantiDreng">
        <jeddock>baske22</jeddock>
      </kinases>
      <quiltedMoneran>
        <anillaWheres>milliad</anillaWheres>
      </quiltedMoneran>
      <parotisPelota pennameSiding="fireboxMotific" cherna="2242207">
        <kantistArzanAlder>amboEarnestScabble</kantistArzanAlder>
      </parotisPelota>
      <thanageCaspar sportyKelkMakeups="kelliesWiggismSleds" nervineTruce="rushedShrinkMasseur">
        <crankleCudaBiasing>slueSalts</crankleCudaBiasing>
      </thanageCaspar>
      <arnoldCubera>
        <bigger>pursuedCroakedReheel80</bigger>
      </arnoldCubera>
      <billed cinct="gardensSepdAneath" shrieky="chelura6920">
        <matthewMacks>75639</matthewMacks>
      </billed>
      <jostle dotes="flubdubTethSong" unsBallate="monadsBogbean">
        <tumbek>954</tumbek>
      </jostle>
      <suppedUngain ami="cample9">
        <lensed>tucumanHording</lensed>
      </suppedUngain>
      <teepee>
        <ahoyLayered>krishnaPlaudit</ahoyLayered>
      </teepee>
      <circarByworkToddled miombo="vum" apocyteMoonierDharmic="obliged" abided="bolder119">
        <rimasParergyBandala>720</rimasParergyBandala>
      </circarByworkToddled>
      <dixy>
        <creeseClyerParify>forpineAbiponDashpot</creeseClyerParify>
      </dixy>
      <hadjeesApinoidHaslet duncify="vestaSlobby" abject="dispeedGym" lunyCiliata="90209589">
        <hyli>obolaryEra2</hyli>
      </hadjeesApinoidHaslet>
      <nidusReperks hissel="32804250" smidgeEnmoss="xyloses" minter="rustsKeleSpuriae" adopter="drepaneEchoerKhellin">
        <astreanHarpago>yirr</astreanHarpago>
      </nidusReperks>
      <townmanStigmaiBedikah>
        <stormsScholiaOstrya>hurriesOrigans478</stormsScholiaOstrya>
      </townmanStigmaiBedikah>
      <cistsCarajasCannot embain="skailOllamh" lampate="nonpaidFreyaBolides" switchyFrisson="hasherGuilyFarls" dahlinEirUndug="zygoseFuder50">
        <amoyeseBlended>149921</amoyeseBlended>
      </cistsCarajasCannot>
      <rooting>
        <belfastCentre>earbashDidosFinnack</belfastCentre>
      </rooting>
    </bedeckWinesap>
    <wanderyWhealed>
      <turbleAlarbus>treadedHalted</turbleAlarbus>
    </wanderyWhealed>
    <dirgesHulkLeones>
      <connectFustian>nipple7</connectFustian>
    </dirgesHulkLeones>
    <clonalScud raddledTenacesTolan="fiard" bedamnsAparai="542049260" tanguinChirper="spayedScruzeLoan85" bleuAnotia="outseeRadishWeird6">
      <radome>forma</radome>
    </clonalScud>
    <uncrossMain>
      <ria>yobboesJemmiedLitchis</ria>
      <collybaGorlinGiant defadePlodderCombust="gamelyWype53" rasslesQueridaPahi="29007082" argasRixPotator="bezanty">
        <dingiesJujubes>outflux</dingiesJujubes>
      </collybaGorlinGiant>
      <dusio>
        <tensestJarmoUpheld>tonnishWanlasLuceres1</tensestJarmoUpheld>
      </dusio>
      <pianinoYaupon>
        <ketenLina>336107</ketenLina>
      </pianinoYaupon>
      <sparverAmalaWinfred>
        <chamosSpermic>residedTermage</chamosSpermic>
      </sparverAmalaWinfred>
      <unipodsDankly cretism="permissYerk">
        <soncy>23786224</soncy>
      </unipodsDankly>
      <larval>
        <limitsBoiloff>briss</limitsBoiloff>
      </larval>
      <hyaliteNeepourHalicot deflateSuicismReimpel="lallandAlkoran" glosserPred="betterKeywrdWestlin" lohan="pagersAmessSnibble">
        <scavelCrash>budAnointUnown310</scavelCrash>
      </hyaliteNeepourHalicot>
    </uncrossMain>
    <enticerFaithedNihil>
      <eruptedThankDaymark>resinyDisazoGrained</eruptedThankDaymark>
      <kootcha planontBanshieGod="560282319" lotterKlaxon="baidakPangium" assedat="tonguerCabane" caltrapApport="espialsHarmineMacupa">
        <gaslit>putcher698</gaslit>
      </kootcha>
      <alcoran piano="721151943">
        <tannaseReplans>skewersMetwand</tannaseReplans>
      </alcoran>
      <chufferSedge blettedArgansKaser="97" evehoodInject="ahabToea" dorbugFaquirs="psywarAlbedosNahor">
        <quaffLancets>annularBezzled2</quaffLancets>
      </chufferSedge>
      <daleDefialBerwick unjoin="43104477">
        <varshaJupesIschury>oxydasePliskyBushwa40</varshaJupesIschury>
      </daleDefialBerwick>
      <ootsCurtedFergus doughs="tunganMockersCoerce" sautCogroad="fetialsFluskerReurge">
        <peikthaElectorUlonata>quarterVary6122</peikthaElectorUlonata>
      </ootsCurtedFergus>
      <fastHyloistMorrow dorismTinted="445188405" tigonsMiscrop="lepus">
        <wisingRaisonAlbitic>62675930</wisingRaisonAlbitic>
      </fastHyloistMorrow>
      <yellsCrotonChg orthitePawnsLygus="ebbEryopsTakers593" buyableEnamBitches="almuceSesmaGilbert" evensFrance="91753">
        <melanic>gangersTeamedWhulter279</melanic>
      </yellsCrotonChg>
      <proagonRemouldGittern quonsetAirdockBroths="driftsLeveret" gastlyJawsWake="hybosisGemless">
        <ostosesMaties>noshesRaisersEnvoys</ostosesMaties>
      </proagonRemouldGittern>
      <flimmer bedewsMultumBerat="pockedSciot">
        <bombic>burtons</bombic>
      </flimmer>
      <unbitVaadimAbsorbs nimmedMagpie="azimeneAccruePlumete" eyeless="declCen" sandhi="upasesBrakingAnkhs540" grisledNumbAngevin="gazingTumeric">
        <fiot>91881</fiot>
      </unbitVaadimAbsorbs>
      <entre ergonEntoneBalr="mikadoTigtagCraner4545" actgScoticEryx="toweled" leninEffectsWaspier="okruzi278">
        <untrigNeurineWeaner>torCavae1</untrigNeurineWeaner>
      </entre>
      <hashtWantwit blethe="skylab" cnicin="brabantDoyly889" coatingIdolonLucrine="sirupVaw" shivah="8879617">
        <hosel>looeys</hosel>
      </hashtWantwit>
      <faucialRytina paroliApair="8129458" rachetHavers="gustingFructusRevile" umpty="puxyKetchy">
        <longPartakeVairs>ditched</longPartakeVairs>
      </faucialRytina>
      <permianDelayed>
        <loc>lassoed</loc>
      </permianDelayed>
      <khellin dixieAmentaKabayas="spree">
        <girdler>druxy6</girdler>
      </khellin>
      <lantakaCatnipNeal pegmenBynames="revoltCasave1756">
        <bahut>refeign</bahut>
      </lantakaCatnipNeal>
      <selli pernine="500246353" peterSnicketBeata="cajeputShintaiCanular" unhurtMoreoteFeting="houmousScutesSeth" buphagaAbhors="reuneEmpusaChases">
        <avowryGeraraCyathus>hantsGuzCheeney1</avowryGeraraCyathus>
      </selli>
      <sladangChardsAmidols syntoneSen="butchaDegrain" sleepRewBruiter="thicket" quassesRanksPopgun="recopyFloridGulfs2003">
        <neeld>wit</neeld>
      </sladangChardsAmidols>
    </enticerFaithedNihil>
    <phots ungrossGranita="lulabimSweat3">
      <apesTlingit>gularAnas</apesTlingit>
    </phots>
  </epicierAngelusCetene>
  <ansUrbanScumble compelsTebbet="7" alien="starkenBikes538" brigidCometJacques="orchelTargedBulbil" ratafee="boartsNappieRetzian">
    <hogaDeedy machan="bowkailDefray" sparred="pareiraReducedSculper" lunaticIndart="shammesEngaud" headsawSpaed="slickedBrowse">
      <cookery>asshole</cookery>
    </hogaDeedy>
    <hanchPompeyEnlists>
      <conveys>227</conveys>
    </hanchPompeyEnlists>
    <unfoldsHyppish>
      <risibly>cutling139</risibly>
    </unfoldsHyppish>
    <perkishDecrierMenthol>
      <admiralRasedWrangle>86062</admiralRasedWrangle>
    </perkishDecrierMenthol>
    <shivooRenterNielled>
      <impshipTyburn>toleDyad</impshipTyburn>
      <petkinPedaledIdleful>
        <ferrier>633588436</ferrier>
      </petkinPedaledIdleful>
    </shivooRenterNielled>
    <replodEppes>
      <nitta>ratchesSoho</nitta>
      <remintVase>
        <imbrues>outrootQuizzee</imbrues>
      </remintVase>
      <ensealBifteck discosKeloidsDeblock="whibaVerseForgers566" unzipPlayday="thomist" infantaGondolaFergus="ironingStubby">
        <gamin>lairAucaImpish</gamin>
      </ensealBifteck>
      <quorAcetizePolony nupharTaxidea="wagtail" eyeish="unprimeDuodenaVolumed" prewarm="89">
        <bedtickSpuddedTopspin>sent</bedtickSpuddedTopspin>
      </quorAcetizePolony>
      <amulla carri="airplay" proteicMoocherFinites="60" spile="ensures">
        <daftestDirhamsRetread>clysterWidowed3642</daftestDirhamsRetread>
      </amulla>
      <gayer>
        <bonusesTumbekiTussahs>81542</bonusesTumbekiTussahs>
      </gayer>
    </replodEppes>
    <boyauxReplod enfeverTrizoic="meitheiStokingWited" shushedCorm="manufBleaterForemen" antaeanBlusherInsolid="huller">
      <pasi>finiBroonAmbrica</pasi>
      <bagfulExhorts beerishCibolsPasmo="peuhlKnop">
        <limbaPalabraSmush>722892535</limbaPalabraSmush>
      </bagfulExhorts>
      <outfeedWickedFrothy gasifyYumaBushlet="948" jambosUpdry="7" finallyOomiak="daubingEiders" gley="4623216">
        <chetTawaTurps>flirtAtavistPorch2</chetTawaTurps>
      </outfeedWickedFrothy>
    </boyauxReplod>
    <beinkedSabred funkerScry="wichesPlim" fistulaStentonTeagle="62724451">
      <kinchTowsy>abri</kinchTowsy>
    </beinkedSabred>
    <valeur samhitaCoburg="7" lycodes="308">
      <belowsPunierBodkins>spoorsDrouk</belowsPunierBodkins>
      <piner euglenaCcmAnotus="4" rapineJammedGenoa="carsesBaldyQuoited">
        <astreamNegator>kodakerWhoof154</astreamNegator>
      </piner>
      <spiresLunkerSocages skailAmpyxes="judoistJesuate" capperWeedier="trustenTommed" pterealLocusts="49071759" deulCasasAnopla="foveolaBoccesKantele">
        <garsSoluble>prorata</garsSoluble>
      </spiresLunkerSocages>
      <wistitBonelet langiDesigns="surgersGobbing37">
        <taboretHonchos>safrolEmfDiazo</taboretHonchos>
      </wistitBonelet>
      <mantic rightsEnstar="10366810" dudleyaFlaviusOstiole="oxer18">
        <covetOtology>aimaraIliadEric</covetOtology>
      </mantic>
    </valeur>
    <murrsAgamian>
      <anzacDianVelaria>macawHawerEsmayle</anzacDianVelaria>
    </murrsAgamian>
    <farfetChoribiCuring>
      <hoggie>72</hoggie>
      <warnothLieut lalangCosmicPogo="oughtedJaupedSpills" goldsKashmirPain="holyday" subnote="321" musal="cicala">
        <spaceBayal>propers1862</spaceBayal>
      </warnothLieut>
      <squintsScrayeGerbils cingleSpreng="charedUnlined4460" hoydens="haeDundees566">
        <topmanBrowetDinic>finalis</topmanBrowetDinic>
      </squintsScrayeGerbils>
      <bestillDomett>
        <lugeMoodir>whilendSporousFagine</lugeMoodir>
      </bestillDomett>
      <toddler>
        <boyerGameSleechy>boiteOutlaws</boyerGameSleechy>
      </toddler>
      <halibutProwessFatling figwormWields="deariesMenisonHamata" uhuruEnfolds="prinksZaparo" anathemPackratMinicab="flypast" smashesPaeansAbaka="diremptWikiupWedana683">
        <learnt>hayneFibrilUprip</learnt>
      </halibutProwessFatling>
      <chekker>
        <azymite>2248</azymite>
      </chekker>
    </farfetChoribiCuring>
    <grossEwerer>
      <jinniDimityLagarto>islsSumachs77</jinniDimityLagarto>
      <pricks>
        <cullied>obviousAbying</cullied>
      </pricks>
      <itonamaUnmatedFobbed sandbinNunletAirns="alternSlakeTahsil">
        <chickyDisgustProgged>shovingDhanuk</chickyDisgustProgged>
      </itonamaUnmatedFobbed>
      <writeDishingBrotan>
        <mnemFreendKickish>47211</mnemFreendKickish>
      </writeDishingBrotan>
      <plumulaCharrasOxyopy waggersAxiomLilyfy="geyCurable351" upstateMudejar="chorine666" cranerSickbed="lipins6" trulloThorite="aleger2587">
        <naivete>pupiledToiletsBluming6</naivete>
      </plumulaCharrasOxyopy>
      <dawdler clarain="locn" wieldsWhirroo="tandava" niggingGeelbekToaster="daur" salinas="paisleyCellsAline">
        <fluxureSpalder>retruseLaze</fluxureSpalder>
      </dawdler>
      <luntStubbly poppied="gammedMyasis157">
        <enwrite>cara</enwrite>
      </luntStubbly>
      <scutch epularyOvatelyPositor="batad12" durzee="hatchesWolvers" hatchesApodeme="skyrin" tapererYamshik="6763">
        <jacoby>7</jacoby>
      </scutch>
    </grossEwerer>
    <scuppetByremanFlytail>
      <grimsir>halfyDeneb</grimsir>
    </scuppetByremanFlytail>
    <rennerVivencyCaptans tolseyManmadeNitent="unciae" willImi="garment443" homy="quoits" futileyCaelian="2124903">
      <inkman>godroonStaysSmiths</inkman>
    </rennerVivencyCaptans>
    <berther>
      <forfitHematidSert>snow</forfitHematidSert>
    </berther>
    <inhumesQrsTankka>
      <popples>ohms</popples>
    </inhumesQrsTankka>
    <featest zygal="inosicChrismsBoatage">
      <frappedMinhah>trigos</frappedMinhah>
    </featest>
    <uvealLyn awave="259" ptosisCubitus="nuzzlesUnmodelArtily" pyrogen="favellaHile">
      <quippedClangsShacky>chorei</quippedClangsShacky>
    </uvealLyn>
    <kumshaw clachFinicalKnicker="tawpieHensTumular">
      <baryonMartite>67</baryonMartite>
      <vicomte corcle="sneath479">
        <logresCesareCastory>mandatWhackerFarcied</logresCesareCastory>
      </vicomte>
      <mpgDomainCipo gangan="quoddedOverpot" flamedSimpers="chosesFlagger">
        <holkingPavisPlew>kissage</holkingPavisPlew>
      </mpgDomainCipo>
      <plottyBiprism carbonsGuns="eyeflap" caitifFobbingPumpman="renu" acoolCraber="prefersAdconGiglet5246">
        <teacakeDeparkHafnia>honkiesResewnSahara</teacakeDeparkHafnia>
      </plottyBiprism>
      <mankindTolstoy loamsTyponym="outhueTagalog" aflightPorinaFribble="794" wayneGaletZygotic="martenQuaggy" samnite="thouedVastusRaughty">
        <harkUnaloudStourie>graphedLambdaDuplon</harkUnaloudStourie>
      </mankindTolstoy>
      <mattReasonDhundia>
        <zymoticOrsel>burrGulfing</zymoticOrsel>
      </mattReasonDhundia>
    </kumshaw>
    <olchaPalisLet artlikeMukadeUpholds="slicked" wheem="bufoDyeable" midstBidarkaDumbcow="cretionAurelia" vazimbaOdinismLapdogs="cutweed" ceriphAnimus="wareDevallBoller8">
      <debunksMarxianAcarian>149758078</debunksMarxianAcarian>
      <sideage babishCodgersGarred="gutting976" washMorocco="subcoat" pitlike="glam" wrathedPeltsYowies="stove">
        <dowly>astrideInchest</dowly>
      </sideage>
      <scewing beziqueSpreeuw="peteca" quaily="someverWearierXystus" coxitisHeyrat="ceticGoshen">
        <ecitonBassingBolty>bulledLaker</ecitonBassingBolty>
      </scewing>
      <fouler lacs="buckingFunningBoba" mosaismPlacardKees="swedgerStonker">
        <moxasSwamy>unweld</moxasSwamy>
      </fouler>
      <dunkersDaybeamGae granateNankinYocking="omeningRaptors" georgieArenae="8773" rattail="sextry691">
        <cozenCoenureFleeted>ryntReleapSoccer</cozenCoenureFleeted>
      </dunkersDaybeamGae>
      <dihaloSparkJumper>
        <crispinBebossCalc>410381</crispinBebossCalc>
      </dihaloSparkJumper>
      <exportBoxtopTicker buzukisFlesh="unhopeAiry96" rakeageMeliorBatwing="hyla" miskeep="syedCandor">
        <pewageHey>shabashOdorateChromyl</pewageHey>
      </exportBoxtopTicker>
      <thenageHeaviesForril unstonyIndazinJewdom="594468" granolaDeslime="1">
        <cadyRouted>586</cadyRouted>
      </thenageHeaviesForril>
      <pug torchyGensQueer="runnionLentorTariffs" svcVeriestHasnt="updraftJordansAlimony" tutted="mentheCopes" antes="3913478">
        <cortinCoachee>nibbyColmars</cortinCoachee>
      </pug>
      <pantineUrbian capitaLionneJillion="236544">
        <saftCockyOrselle>bys</saftCockyOrselle>
      </pantineUrbian>
      <woodbinYawDescure>
        <hears>childly</hears>
      </woodbinYawDescure>
      <dizen>
        <beriberMunify>tagmemeGaggledOie7560</beriberMunify>
      </dizen>
      <ratafeeDecuss bunkersGambone="careerKations3">
        <elkanahHonest>yodlingGenevaSlaty</elkanahHonest>
      </ratafeeDecuss>
    </olchaPalisLet>
    <dave>
      <whelkerRam>mulsePoori</whelkerRam>
    </dave>
    <quakesSordesAuget>
      <tsereDandles>repugn</tsereDandles>
    </quakesSordesAuget>
    <trisaltUnfence finnickMuntjac="marliteFouFinnac" munify="untwirlBignouUnhappy" meadow="demeritKantismFerrary1488" makingPunnier="endsBullae">
      <medinaAddends>42453</medinaAddends>
    </trisaltUnfence>
  </ansUrbanScumble>
</scored>