<?xml version="1.0"?>
<kenotic>
  <ethnosHandingDimming />
  <tacnodeMedula eyepitPedicab="394" octode="encowlBadmenJoss82" eyeflapWhineFisnoga="gypsite78" cultsScalene="maskersThegnlySharky" />
  <kauch pookawnJunkmanBested="jonnickLenticFertile" />
  <haymishSlaver malarinInhabit="forgesCombedLungi" anaxone="515145">
    <unsleek>
      <orpheumFengiteSprod>dirgyBurying</orpheumFengiteSprod>
      <rightleBoppedRimmers bemoleTerpSolgel="altureAmanousResowed" sprayey="motiveLigasePirny" dayakExedral="capitaSidthPalming" vetoersShuntsHirse="murthy">
        <polyeneBonasa>negated</polyeneBonasa>
      </rightleBoppedRimmers>
      <speiredSnicketHabaera>
        <adorer>55</adorer>
      </speiredSnicketHabaera>
    </unsleek>
    <lomtaWainsOutslip moolumGhawazi="deady" hulloo="bedderFumantLiftmen" latish="guavas" stagingMunific="ciliumMarlet">
      <borak>monthon</borak>
      <estmarkFluing>
        <bowie>kauriBabkas</bowie>
      </estmarkFluing>
      <misbiasSkelper scoley="macawsNonrun" armitasMayence="1231231" lecama="adoreBookdomOchrous" peaky="rubifyWuzzled">
        <hadjisPreboil>750897331</hadjisPreboil>
      </misbiasSkelper>
      <upperUpoIllocal taigCirriShallot="unrraFusus3764" meanedTossily="wagwit8658" leefMelior="atnahPrefoolAward" palemanCirrousGripey="dodoes24">
        <sniff>renoirManges</sniff>
      </upperUpoIllocal>
      <bananasCoempt musersDeraySpleens="baldishGypping" yaupedRuler="desexesBriqueCurded" wonton="axwortRephael" degommeManiacTawn="farseerGailNudate">
        <cooth>requinsClayier</cooth>
      </bananasCoempt>
      <orchatLiederVaginal sifeSovFeebler="tupped67" ballade="ankeeAmerced" lutistStoaeDeduct="746387665" hoopParkerMauts="17924325">
        <gusty>tigrisKlepticRemi</gusty>
      </orchatLiederVaginal>
      <fluked kyliesImmiLunging="82090023">
        <hurfSuccorsBact>veepee18</hurfSuccorsBact>
      </fluked>
    </lomtaWainsOutslip>
    <teazlesGervaisHwa elbertLeelang="reederBoyardUnoral">
      <snafuedAdytaGurr>seedbedWintled</snafuedAdytaGurr>
    </teazlesGervaisHwa>
    <stompShusherInvar>
      <amical>flocoonBedbug</amical>
    </stompShusherInvar>
    <lide hawiya="620561" wanly="tomjohnRagshagMenkar" habZooeciaOillike="casal">
      <queasom>74904926</queasom>
    </lide>
    <bedare slumpClayierMortem="mericePokey" hews="zonatedUnrowdyFaradic6" shtetl="87" durousAflaunt="unlawlySkreel790" nighterPalmistMawsie="scaledIdeatumNorites">
      <wemlessPichey>scoutsLosserPrised</wemlessPichey>
    </bedare>
    <peccantMaizer woleaiCrewel="66811" dampne="netter" oneBesotDacoit="689" crapulaBuffbarPhotism="3218685" contemn="swedeAssays" scrobe="731510891" dors="faringRefixJacana994">
      <evasiveSignonsSaugers>endymal9</evasiveSignonsSaugers>
      <candorsEmmTwerp buxine="4" muladiTitarPranky="88624706" swigsSedansReviews="613" phraseBaffles="aspring">
        <sprucesElaylJowari>muddingWourari</sprucesElaylJowari>
      </candorsEmmTwerp>
      <chaosGoralTiller abcissa="1" ireneFudges="subhallMaskins28" hobitsSauriesLinga="abasing" carnage="kopeck">
        <luller>dca7</luller>
      </chaosGoralTiller>
      <ourselsMaximedCrare cocklet="ghettos">
        <outyardSyngamy>alexins</outyardSyngamy>
      </ourselsMaximedCrare>
      <demaree>
        <clampedMensasSeba>recoils1347</clampedMensasSeba>
      </demaree>
      <artgumClovenePippier snigsTannicPaly="ropingZebrula" pramsFulgurLeipoa="smithsFreezeKava">
        <warnoth>calymma</warnoth>
      </artgumClovenePippier>
      <thomistSheikhDunkard methodFrons="datasetDaglockShine" laggenBatingAludels="ceroma" barmieDandles="evasiveHagar">
        <replaysRazzly>rentageResewedMonk895</replaysRazzly>
      </thomistSheikhDunkard>
      <bolliesKaffirsAweek>
        <chon>chriaKiddleArdu</chon>
      </bolliesKaffirsAweek>
      <anthoidAmetria>
        <dacoits>argots82</dacoits>
      </anthoidAmetria>
      <faded screeTitoism="disponeDreamt" adrenoSculchYaba="scutelEjidoAsserve" gent="stellaAgeeAutumn8618" peremptDorjeOvisac="9604">
        <birring>huffish</birring>
      </faded>
      <carzey harmalaSenorasWehee="341619" chuted="pottageFallRaffs" miskyEnfaces="meeredOhiaProfs9" gummers="466">
        <cushatsWettingLoftier>shopsTapingsKatrine</cushatsWettingLoftier>
      </carzey>
      <infers beatusOrante="centrexUnroutPinball65">
        <sweptSithensGes>azothUncome</sweptSithensGes>
      </infers>
      <takyr>
        <dulatPolly>bodsRumalLehrmen</dulatPolly>
      </takyr>
      <winzes quids="inaxonGowdnie" wofulSheyle="9">
        <faming>babuismTohungaMacana</faming>
      </winzes>
      <reak sozzlyEneuchPodware="adaptedKasbah1" benweedKnitter="24">
        <forlaneArbute>achangoFordullXysti</forlaneArbute>
      </reak>
      <blufter jubiliTipulid="plumperNeslave" gapperTombak="bipackArachicCocked">
        <queniteSkef>paradaToffingKindles</queniteSkef>
      </blufter>
      <siltierUntaxOjibwa snarksLabored="dvandvaLockfulSlakers" declareCarded="1460">
        <vincas>76947712</vincas>
      </siltierUntaxOjibwa>
      <richenSolariaSpiffed howeverNauchPotgun="whorlyMoseFilippi" jackies="teaeyMoggingEpist" mopsyTupmanBlabbed="gorb" forgave="runfishSinusesChallot660">
        <attery>ciliola</attery>
      </richenSolariaSpiffed>
      <smeltedScherzi embrase="letchy" shirt="ghbor">
        <shims>8015145</shims>
      </smeltedScherzi>
      <galaxy gotchyAlnager="696" canilleRegard="47349526" fubbery="buccaroOxland">
        <tubmen>983220289</tubmen>
      </galaxy>
    </peccantMaizer>
    <smurrWithsay carnieKnatchXylaria="chizzel" rikshaZizel="360508" piddockBalaraoTorchon="264864" rattonLaidly="1157" sestetInket="lucre" baubee="211910082" scaleKokanee="tended">
      <rimbase>oaringSemouleTalar54</rimbase>
      <rateenEgo amutterCaribe="gowans" ziggingGloat="fumetAbkhas" nondeepCpl="yuccasCaufStuprum51">
        <netsukePapion>palmaryHones</netsukePapion>
      </rateenEgo>
      <argyricRainbowIchthus>
        <roundelGrowthsMeal>titmal</roundelGrowthsMeal>
      </argyricRainbowIchthus>
      <romanicSwop>
        <leet>50534</leet>
      </romanicSwop>
      <slickedThecalLiftoff iveJigglySouths="scerne">
        <guttideConsolsTweeded>offeror360</guttideConsolsTweeded>
      </slickedThecalLiftoff>
      <bummockResack>
        <conureJurel>goliathNootkaSwarty</conureJurel>
      </bummockResack>
      <coonerHarmine propels="balateFugardSims" bawlyWhereupGusted="carns258" felafelMinutia="variacDecianCut">
        <shaulsReratedRoker>raglanPeiser</shaulsReratedRoker>
      </coonerHarmine>
      <hyllusFlappetKitan orangerBoffos="karbi" helldogChopas="foamier">
        <caman>gabbierPouceyFama</caman>
      </hyllusFlappetKitan>
      <curvousDatablyNetless genecorPlanned="pactum3" vedaicTantra="fritterDolmanZiffs" azofy="mantoAwest">
        <exults>rotate</exults>
      </curvousDatablyNetless>
      <abletCrambesArided>
        <overridPyrroylRopy>kaldaniEluvial</overridPyrroylRopy>
      </abletCrambesArided>
      <flustra>
        <oxheadWibblePeers>gerusia</oxheadWibblePeers>
      </flustra>
      <hanced forintsBerlina="226115" teetherHued="hautGal">
        <relaterStr>731014</relaterStr>
      </hanced>
      <hawkeysCurlike taboretKhotana="wheysSufflueArctos" heistedMavie="thoritePoetize" frowardIndican="9" ichuRemsByliny="untrainOxonicTombing">
        <penoche>siltier</penoche>
      </hawkeysCurlike>
      <garterLeper zad="milreis" saughenVillagyAlnath="noxallyStourie" hersallKwanzaTippled="offsidePoliadMakutas3">
        <heavy>740</heavy>
      </garterLeper>
      <paresesSpringe fanmanIndices="dharmasStupingJettons">
        <mulitaAbvoltsMopsey>cursive</mulitaAbvoltsMopsey>
      </paresesSpringe>
      <accepts naggin="youngunFairily" scuse="343975261">
        <valeWrester>femmes</valeWrester>
      </accepts>
    </smurrWithsay>
    <antipotFurileDimin letupQuinolsAgrah="362679459" joke="barbudo">
      <yaweyArlingAcrider>iciclesToledosCraie</yaweyArlingAcrider>
      <tropeinMoyle>
        <camelsDecima>henninOka</camelsDecima>
      </tropeinMoyle>
      <ithacaVarna dirham="blousyTeashopBonnwis" tao="destoolAmoke" betaskFibdom="subsumeBeluchiEgotize" frsiketBugler="ohedSimony">
        <pinjaneSlurredVied>verde</pinjaneSlurredVied>
      </ithacaVarna>
      <dhakSkyeIngross stine="chevageBarnardAreaway4492" zealand="durzadaLoculeAmebean">
        <headilyDieses>lightsMygalid</headilyDieses>
      </dhakSkyeIngross>
      <hoagyMirac synchroRecap="viverChawn" enrangeDeists="afrasiaNom">
        <math>ushererImageryCeriman</math>
      </hoagyMirac>
      <ipilVerrellBobwood jigmenIngeneAllis="unclickQuomodo37">
        <donackGowks>dibatag</donackGowks>
      </ipilVerrellBobwood>
      <shinneyMoonmen>
        <incurseDeckerLance>awesTabularOblique</incurseDeckerLance>
      </shinneyMoonmen>
      <daydawn melteth="riblets" worthyGalv="megrimToi" mesas="rheebokNam">
        <abcGaw>embrawnPyreninSagging</abcGaw>
      </daydawn>
      <gangsMangold mixtion="nandine" screwed="82">
        <banagoPechayTingent>scunner</banagoPechayTingent>
      </gangsMangold>
      <metred jackedUboundClass="erastus" abouliaMatsueAchar="86042">
        <logoff>yoresClanked</logoff>
      </metred>
      <nodulus aloeticBoseyTodus="11494" sendRidiest="absentsBondocEmbosom3" acpt="jaletKetoRick">
        <rimmingPeriodLippers>prosalRecords</rimmingPeriodLippers>
      </nodulus>
      <mucked>
        <pekes>doddyBizonalStownet</pekes>
      </mucked>
      <palamaEuripus avarLogiaPavise="bloomedCobegoAmicron" cassonsAdurentStill="lenify" astor="bigginMescals5505" guttersCharon="jagirTeacart">
        <reestyBruges>56</reestyBruges>
      </palamaEuripus>
      <marronNimmed meetlySkeyMaliki="overawn87" betrayHogmaceVizor="laics">
        <lib>77735468</lib>
      </marronNimmed>
      <justles urucuryBeakStchi="mooreSeege" gigabitZiczacReaver="yephede" evolateIncubus="ncoFeru" rump="compterCagitLanch">
        <obitalPylarScyt>driest</obitalPylarScyt>
      </justles>
      <qophTuboidAmaltas escalanNawiesRigadon="335079" volublyHenpen="diecaseWahlund">
        <wooldMeadsGorst>submitsMuzzily182</wooldMeadsGorst>
      </qophTuboidAmaltas>
    </antipotFurileDimin>
    <covite bullanIridineStrains="9705" harmelSerioOilfish="cirqueMusselTotanus9609" encoopSematic="usenet">
      <glibChangaRecable>kulakiNows7</glibChangaRecable>
      <wakeAlibi unroved="pottledDecernUnplugs" echtUnwrungQindars="petrosaYetisExurbia" noddiLentisk="eardropPreciteKorait" anapheFuns="outreDeloul">
        <botonny>3086</botonny>
      </wakeAlibi>
      <farcyNoh herl="220" gleenUpcoilBrangle="menschDastur">
        <pressly>gaumed7165</pressly>
      </farcyNoh>
      <bubeShrimpSeaters kotyle="ablaze">
        <bual>2426</bual>
      </bubeShrimpSeaters>
      <dintMealilyBluism stipateDonas="argRaga">
        <cipolin>arati</cipolin>
      </dintMealilyBluism>
      <unrobeForesinBetain gruffsSinderTrotyls="pupilDehullSanga" bralessCarrys="megafogJervina1912">
        <nevesGandersSeseli>pullerBoxen</nevesGandersSeseli>
      </unrobeForesinBetain>
      <serifKuttar>
        <scoliid>ringAsepsesMornay</scoliid>
      </serifKuttar>
      <laurieEwhow cadism="purdas507" rucksSeldMangwe="421394566" scheatGrafter="zebrula" mathaEnured="hibunciIntuitoTormae">
        <hengeRastleWhale>nimkishCalusa</hengeRastleWhale>
      </laurieEwhow>
      <casein rifartBerakesIslets="439034529" cabiaiUpbears="1571943">
        <griotteMennomBelook>seljukCad</griotteMennomBelook>
      </casein>
      <areicUnrobesPunnage peeped="foliaryPlinkerThraces" albercaCajuela="surtaxPatined">
        <passedTawsed>sneesh</passedTawsed>
      </areicUnrobesPunnage>
      <nuptialDedanAddax abbatieBegeck="ectype14" azines="84352" valleysBiggins="founceSimularPhocal">
        <gravidaKeylet>wrapperCrouche</gravidaKeylet>
      </nuptialDedanAddax>
      <wainApollo wodgeYouwardReturn="2301" herbishPcfChitted="unnameReduplArolia" toey="sakers8597" biblArcite="fanny">
        <suegeeMahranCogway>9</suegeeMahranCogway>
      </wainApollo>
    </covite>
    <statary hutungHoggerWrens="larcinTannestUplock" till="staboyInbreedDumpish" noahicHagborn="tuftedLessiveGing" fayumicScrapyLupines="paideia">
      <cushiteCarissa>buroFlegm</cushiteCarissa>
    </statary>
    <wannedRappage tastier="dump4" weeEpoist="granary" broncChurrus="becheck" lyttae="stickumCupelsPadina" trinil="5">
      <chederOddlegsPill>meselry</chederOddlegsPill>
      <procitySable bacalao="molmenImbue" bingeeMeatman="oldAndevo" rigelDoggle="9657289" fecialsTussah="unzoneSoapPicoted">
        <joypop>46</joypop>
      </procitySable>
      <nougatForlane>
        <augitesUnbarb>6873</augitesUnbarb>
      </nougatForlane>
      <hoey codling="discourSerried" nakirSmithsNeaped="isotopyMechael7816">
        <champsDallopAirless>sheevesSloatPaut</champsDallopAirless>
      </hoey>
      <oleumCudgel bilosAnaheim="ribAlnusLauan" bussingStopwayPollist="267" qtsSkatingYum="38585431">
        <tutriceEstates>fodderWaxily</tutriceEstates>
      </oleumCudgel>
      <bryonSpenceAlicant chenaRerisen="spurPyalErrancy" falashaFarcing="camaraGoelismEccl87" mopanWicks="legbarDyingsCharre">
        <ademptYodh>mithras7</ademptYodh>
      </bryonSpenceAlicant>
      <sotolsPioneerMadoc slockerChiave="specie891" ceyxLowsed="4">
        <gardonServing>186292</gardonServing>
      </sotolsPioneerMadoc>
      <scoggin carvalNephriaMegerg="subsideVerdite" degageDoeHiring="elinorWhirred" mylodei="bogmireGloomedAquilid" kalang="narrateVols">
        <creazeBothnicWaesuck>judices</creazeBothnicWaesuck>
      </scoggin>
      <saluterClownedBuccan whorageOomphSequels="ceorlsOutcullDooja" eagles="sylvateDrawrod" carlosDurras="hibunciMusksUnflock" handset="torrify">
        <clouts>2</clouts>
      </saluterClownedBuccan>
      <subbass targed="nitrite" pleopodAdjunctDelete="weltersVapours" mandirDeflate="tovah" thallusBluntie="99398">
        <jaquimaFoulderStyan>tribaseCowards</jaquimaFoulderStyan>
      </subbass>
    </wannedRappage>
    <lych>
      <sweertPannagBaptise>202</sweertPannagBaptise>
      <lupulicMillsUnbelts kialkee="relineEndrinsFique" machilaQuahogFounce="golden" incaLantacaDecuss="cooptedCujamAccoast">
        <decadRumbaed>5</decadRumbaed>
      </lupulicMillsUnbelts>
      <stylersNutatesAlamort maholi="rhubarbFlong" uraeiJoycePrecise="mountTurr" refsNopaleaPasmo="sonCoysWeeder514">
        <examineBassanNimb>723</examineBassanNimb>
      </stylersNutatesAlamort>
    </lych>
    <crocinWhummle>
      <soremaBurghsWithier>772891</soremaBurghsWithier>
    </crocinWhummle>
    <solingAtoms>
      <abiponCuplikeBorize>swither</abiponCuplikeBorize>
      <foambowTuza harpinsTorose="swirlLandausVolosts" jacu="algesicWreat480">
        <queazy>probant</queazy>
      </foambowTuza>
    </solingAtoms>
    <aunt>
      <triamin>aloidUtrechtMowe</triamin>
    </aunt>
    <aflush>
      <overdryTrangam>bumkinsKeypadsChinas</overdryTrangam>
    </aflush>
    <releapBohoHimne>
      <aphidid>amentalRickHaitian</aphidid>
    </releapBohoHimne>
    <miragy>
      <anemoneMochudi>42704245</anemoneMochudi>
      <runawayVugh widened="cardial25" piliesKibitz="waefulCoprose">
        <theron>meagerJigsaws</theron>
      </runawayVugh>
      <namaz rumoursApers="ciliaryUntin">
        <zaithaAliner>unablyCrimped6739</zaithaAliner>
      </namaz>
      <tigrisTuringSalt>
        <yourselNiels>patenteInarms</yourselNiels>
      </tigrisTuringSalt>
      <gauby revsPetered="outbear" rabbish="mythus" movantFandom="quininsAliyos">
        <natchGirdlesTutorly>ada2856</natchGirdlesTutorly>
      </gauby>
      <emydeaSerumsHempen turnerToretApasote="picketsUnkent1" nongodFrenalBident="cyamus2315">
        <comus>bhutia</comus>
      </emydeaSerumsHempen>
      <alkesBleo biglyBeveto="hasinaiFlosses">
        <yarn>nitridTottery</yarn>
      </alkesBleo>
      <anuses hurryPelisseAfara="68183961" astreamMesionOrients="frumetyTussahsMistype" sobbyHienz="nomoiCormusQuintes">
        <kavass>papilio</kavass>
      </anuses>
      <bebiteRetoolSasse chuvashMuonic="feria66" outjazzClottedSui="dannyFikingMails8316">
        <tusher>kaleegeWezn</tusher>
      </bebiteRetoolSasse>
      <uddersTracersMidway>
        <shotty>dubbahFactsAspics8625</shotty>
      </uddersTracersMidway>
      <epochNizamSprite litchEpauleAtelic="tannaicMontana">
        <umset>gaulinPedesisFogging</umset>
      </epochNizamSprite>
      <bedkey unfloorBoppers="pondok" scyth="stopt">
        <balafoBerstel>antiope</balafoBerstel>
      </bedkey>
      <methylSlinky>
        <surbedEnable>babhan</surbedEnable>
      </methylSlinky>
      <binodalAutist englyn="bechirpEvea" snootyUnmeth="solosSessa">
        <clayedMailed>rewakedTollmanAurigid</clayedMailed>
      </binodalAutist>
      <cactus blueingGingallAdored="abangaAlcStichos">
        <vibrant>gashVoyage</vibrant>
      </cactus>
      <vibrionIcinessJay swingelPrecut="tagmeme" mastedPosole="balaiEgalityLeamer601" coudeJerkinsMopery="toggledTorvousThak">
        <acanthiArtabeLolls>72681</acanthiArtabeLolls>
      </vibrionIcinessJay>
      <advises>
        <beheiraBibles>admire1</beheiraBibles>
      </advises>
    </miragy>
    <twittedFlawing>
      <pachymaTakeful>hornful</pachymaTakeful>
      <pesanteSpyboatYadim>
        <stidCoursy>wissedEnglynActinon</stidCoursy>
      </pesanteSpyboatYadim>
      <headendUpdeckAskar taxiing="grumousActaeon6399" valvuleTutwork="poloiSilos" last="rankleDimeThysel">
        <sagbutVending>inflowLocatio82</sagbutVending>
      </headendUpdeckAskar>
      <chose nosineSparger="gibbolRevetCrup19" geratedAnisoleRatify="swopped">
        <geneTriglyDetinet>80304464</geneTriglyDetinet>
      </chose>
      <engleim brees="rifted">
        <abasersLoadumUnused>shapesPullenWeeper</abasersLoadumUnused>
      </engleim>
      <pavisorDuckish>
        <coaledSld>paresis</coaledSld>
      </pavisorDuckish>
      <hoversBlens inglutUnarm="ligases" nanaimo="bewhore">
        <retrade>72364</retrade>
      </hoversBlens>
      <burgeeUnbusk brick="mahouts" fositeOutwaitFacsim="dossmenGlump9647">
        <hagweed>frammitBedrip</hagweed>
      </burgeeUnbusk>
      <phloxin>
        <bitsyIlama>3139892</bitsyIlama>
      </phloxin>
      <warmthsPaguridTunhoof>
        <chandui>1499089</chandui>
      </warmthsPaguridTunhoof>
      <tuteDreadsWagwit cameraeBallettHolked="maranhaBatingAthar" sesbanSettosUterine="fegsLoeingPiglets2">
        <allness>attacusPightelHurter</allness>
      </tuteDreadsWagwit>
      <sodomicPawky exuviaNodousFinical="954896900" reests="padroniYaupon">
        <stacked>moschi</stacked>
      </sodomicPawky>
      <acostChlor megrimsParsFervent="witchenMutined" schussPlumadeTidbits="jennets" palatic="aratiIlian">
        <morriceHeliac>arborea848</morriceHeliac>
      </acostChlor>
      <thecialAblatedFuds plumifyMovent="ideaful" relandBigamic="silicylEsculicHoutou852">
        <criboBargerBeguard>relumeFelonsTellach</criboBargerBeguard>
      </thecialAblatedFuds>
      <heedilyPlatly logcock="974424569">
        <gallfly>aubainDistune7916</gallfly>
      </heedilyPlatly>
      <celsianSumageManitou tipletProvideFusees="squidHelpersLyceum" catting="upwindsOverwebKnorr" ileum="mombleHibachiMakeups" staningSnowy="unionicGloverMosso">
        <coony>douperPodagry</coony>
      </celsianSumageManitou>
      <largelyMeasle certLunda="abiuret12" reicing="16" yuckerRugalAdvects="toys" fobbingProdsTambo="99">
        <fils>slantly</fils>
      </largelyMeasle>
      <smartieRampierTenpin borshtMusics="gyrocar" cronishKylite="tinedPsychonSkirled" reheatsHooleeGif="golfed" toralGaslike="itenean">
        <yaupons>whopsDulseGooses84</yaupons>
      </smartieRampierTenpin>
      <wooingFugieDartoid>
        <puelche>4</puelche>
      </wooingFugieDartoid>
      <heck embelifCaidMegaara="layedZeolitePerfuse" dornockScryerWhush="yeplyCokeyArisard" urubu="1793" dropTingidPapane="malayicAcoela">
        <brewing>917</brewing>
      </heck>
    </twittedFlawing>
    <plaguesMellowsMilles bavinKudzus="atokeSaginaNuthook" unmuddyGargetsSlowrie="spicer" odea="warmth" rubinRipierPagne="ephoricKiladja" dadasEgriot="warper2427" chlorylGordian="2255">
      <uzan>585685246</uzan>
      <nuttish glaucusFustic="emetins708" queersGrindedJesuate="bailorIncrustSort" planfulPopedom="10400" mooned="muclucs">
        <arilAnisylIncl>135266749</arilAnisylIncl>
      </nuttish>
      <taxyingPedlarDisdar swigsNoterse="snooledRubigos" refine="webbyOrtmanScorny" oedemaBungy="kiaki">
        <unfrostSeinersStoter>acetlaSatorisFisting859</unfrostSeinersStoter>
      </taxyingPedlarDisdar>
      <kuwaitHipple xericCholers="buddhiWechtEgoizer" tzitzisGusleeAnne="shaperBurel" placitDolliedGrabber="76770">
        <helewou>eggedMittle5</helewou>
      </kuwaitHipple>
      <hoppity omega="1" gladlyNonius="736" pampasVeiler="8">
        <skydove>itonamaStoreenAbanga</skydove>
      </hoppity>
      <anklong>
        <whatsHausensPraya>updry7055</whatsHausensPraya>
      </anklong>
      <mactra>
        <cajeta>auctor265</cajeta>
      </mactra>
      <knuckle layboyGuard="anticorJowlsCocain" imperiaFjeldsHent="47051">
        <clerks>deserve</clerks>
      </knuckle>
      <gibbertPhat ruined="fileaIctus" frenaBrachBambos="covetsZulusGulches747" volanteFeatestAmbe="vagnera752" antapexStainCajaput="361">
        <aiverAnorakNonce>ferule42</aiverAnorakNonce>
      </gibbertPhat>
      <loukoum justledNeon="fellingBib" thirlBizeScaff="gulch">
        <tabstopTrink>docmacSafflowThenage823</tabstopTrink>
      </loukoum>
      <willyerImpend mutism="sand" gorceWabber="cadus" poppleAwolGrizzle="rouncy">
        <gramas>9</gramas>
      </willyerImpend>
      <scotomy dittoCheeksArician="undularAdorerPutage" galateaWennierPujunan="apologsRolandoBesing" hypesBedunch="begloomDofunnyChandui1449">
        <burro>culterReplays</burro>
      </scotomy>
    </plaguesMellowsMilles>
    <knaps>
      <stiller>pres5426</stiller>
    </knaps>
  </haymishSlaver>
  <chiffre butterFreefd="77" arietid="levantMucoseCaza">
    <loafing carmelaBarways="profileFcsPetary6" ninnyMothsCroise="outbled" renoveBehedge="ropeyCoons9361" zaggingRedeed="barwinZipa" indii="uptownsFaucesRehoop" unflakyStue="gilour" galtrapPrayersFremd="beefedKrait">
      <jamwoodLaymanDeedeed>54</jamwoodLaymanDeedeed>
    </loafing>
  </chiffre>
  <yemenicCline />
  <poddigeBigged crinid="chanterCarettaProsode" cabda="thesesDholeOcelots" knavess="3" beggerBabionBuenos="9331184">
    <lowlandWaur funnelChromo="buchloeAbbeSkew" cadmeanJaconetSwartly="teteSparrow" hobilerOferPresume="89">
      <ebulus>feruDuoleDarryl</ebulus>
      <reaumurMellahCabotin engore="chinles" iliadsGamelin="brisketBumbee" shoo="mockTrump" flegm="darwan">
        <syntoneMeladaGritted>percipi8</syntoneMeladaGritted>
      </reaumurMellahCabotin>
      <dicyanFaust filiusFretty="bemixtDangers" ingineTrussSophian="coriin" jerbilPeelingNaevoid="ogaireElixateLayaway">
        <enlodgeLatches>plewchBeakier</enlodgeLatches>
      </dicyanFaust>
      <tenfold reproofToothGelant="diehard">
        <picein>parlingVenule</picein>
      </tenfold>
      <scottVamos blendedFerahanLathers="nebsFrayn26" dodges="burghsScorkle" mikrons="57392527">
        <crenel>61487</crenel>
      </scottVamos>
    </lowlandWaur>
    <odwyerCaririTabbing addio="regnumForbit" bullace="nakeder">
      <haybirdBearpawSparry>priodonGraders</haybirdBearpawSparry>
      <refresh>
        <nobbledStraletArshine>resaca</nobbledStraletArshine>
      </refresh>
      <welfare reak="phossyKekuna" joustsTankingDawks="sapientUnroyalPipal" golochFooldomFieri="53">
        <bulbelDiffer>colesSawneyDarns27</bulbelDiffer>
      </welfare>
      <outsitsRupertKnut slartPph="chickeeEoside91" likable="2">
        <semiped>ionizerUnbeAonian</semiped>
      </outsitsRupertKnut>
      <reflood outtellFibroin="kelping" scullogUmpingSudoric="turbitWipes">
        <finalisGirslePedaled>6</finalisGirslePedaled>
      </reflood>
      <keftiBurials>
        <saumyaMorgue>8867</saumyaMorgue>
      </keftiBurials>
      <ryotNaoi tendRebop="6334984" sabirs="271" paritorMudderBrawned="spiledSileGutting" porcate="doxaDuros">
        <lobbers>untorn</lobbers>
      </ryotNaoi>
    </odwyerCaririTabbing>
    <indrisKronur shuteyeNeededDespin="6473463" pansideWynrisToch="anarchsZestfulScouses" oouassaGrexWhys="22088" slushedAfrits="jacking" pellets="axised" forfareAcieralPrecool="teenful">
      <snagged>9</snagged>
    </indrisKronur>
    <confideHobbles>
      <grudgeXystsKulimit>augustBalafoDukhn</grudgeXystsKulimit>
    </confideHobbles>
    <dahoonsBoozedJawlike ingroupInheredCalche="earholeMaudlinFady">
      <weetyPeonismNomic>nonskedHuff</weetyPeonismNomic>
    </dahoonsBoozedJawlike>
    <morasDurzi>
      <forexWifedom>decian</forexWifedom>
      <tournel stemletBollitoThof="extancyAmuPiedly990" shonaTotora="skelpinSapotasZazen">
        <rabannaLeavy>379282197</rabannaLeavy>
      </tournel>
      <blanMarvyPrahm alexian="utahan36" sallee="windowy" badlyHagweedOdyls="81019942">
        <tirret>jags</tirret>
      </blanMarvyPrahm>
    </morasDurzi>
    <masdeu>
      <gilbertSeed>2</gilbertSeed>
      <thecial hymnalWhalmUgliest="597" strobedBonier="whetileBayheadDvornik">
        <flitterSeahHickeys>gracerKabakas16</flitterSeahHickeys>
      </thecial>
      <korea chaufer="4889809" beira="sennitSpivSalami" leonid="smaikRostra">
        <rafferyCattishGelded>cannersHaskWelfic</rafferyCattishGelded>
      </korea>
      <eperuaWeek>
        <topplerRedawnHarpy>ateleneJavelinGunong</topplerRedawnHarpy>
      </eperuaWeek>
      <dorterBudders tipulidCalyxes="danli" bogeyedBabiteAlbitic="procyonChoughJacker">
        <skintleBetoken>rheinStratus</skintleBetoken>
      </dorterBudders>
      <amazersSchlossBuzzies>
        <winningExtancyMusicry>akoasmToilsSradhas</winningExtancyMusicry>
      </amazersSchlossBuzzies>
      <bedazeMakutaFlustra lucySwarmerSoldat="90">
        <vaulted>290869</vaulted>
      </bedazeMakutaFlustra>
      <cursive bhabarGossoon="curpel" felines="bryonyTorporsPiles" shillsToyish="hexaddReasonMousse" hucho="squishyJackersSlurbs">
        <chiclyAmylicUnhappi>81016</chiclyAmylicUnhappi>
      </cursive>
      <nibbles exonymBefame="avantiEatGiros" chiaus="piaAgeisms" jerkily="crushedSowse2547" sackedFirsterAnolis="watusiTardo">
        <costean>cramelBarbreSails</costean>
      </nibbles>
      <hemalJuturnaHokku hagdownBobsled="252046" sangarAloisCarotte="gilsQuestedDustmen">
        <chowed>duramenStatistChoker</chowed>
      </hemalJuturnaHokku>
      <gruff makable="43989992" skyre="41632174" lockHyke="illuded">
        <emeuSadistHabere>piggedVacuist9460</emeuSadistHabere>
      </gruff>
      <balliGybedHumans aschamWithWinger="korova2" recharCubicsSpooler="juftiOpencut" cotmanMecate="excidesPopes">
        <unraspy>anonadBeseige</unraspy>
      </balliGybedHumans>
      <toltecLineate thanked="scareBrotMoots" hedgebe="wigsFribble" ramoonTiererFlatbed="whirls" helper="danaineEscript">
        <droner>freakedElses</droner>
      </toltecLineate>
    </masdeu>
    <limpetLataLouch syriasmProgram="306" musselsJaildom="583">
      <chiaveStaplf>lardingPunitur</chiaveStaplf>
    </limpetLataLouch>
    <wombleToupeesLenad>
      <airestWoefulCoumara>eryngosKorecSpales</airestWoefulCoumara>
    </wombleToupeesLenad>
    <chkfilBoucl sulkerCortezHeimin="vickie" lowance="fatlikePuckersNuda" bakubaDebtful="prated102" dowses="pranktGrayest60">
      <griots>vadiumGabbers</griots>
    </chkfilBoucl>
    <unmakes>
      <prorsalDelimerExcitor>gunned</prorsalDelimerExcitor>
      <lapses sheikh="712178">
        <cassiasBlinds>954573814</cassiasBlinds>
      </lapses>
      <rassle gliffsPetriDakir="cashawsHexogenVeneers" loope="outrunsToggingBoaters">
        <aquiferCruisesOrdeals>8644</aquiferCruisesOrdeals>
      </rassle>
      <beaniesTurpsStruse>
        <uirinaChompedBijasal>swims4916</uirinaChompedBijasal>
      </beaniesTurpsStruse>
      <gullion javelotFluting="employsKitan">
        <prefabDosed>bargeerAbbozzoTornit</prefabDosed>
      </gullion>
      <listsFacadesGiver stacket="durryRecaned">
        <swarthSememesPigment>sneeze</swarthSememesPigment>
      </listsFacadesGiver>
      <hammalsMicks nould="bunceGerms" coups="kiswahUnhand" geotic="shoogleLuntsHarbi">
        <spikingAquiver>dacianTacking</spikingAquiver>
      </hammalsMicks>
      <yarran amaniAdderOvibos="scanianLinkboy" shisnSomas="germanTenioNibung" tiroFadges="622195623" mktMorrhuaEquid="huggleGrandly">
        <skivers>shakerScrapie</skivers>
      </yarran>
      <woundPolje glucateBettorGaeldom="coalerKishke35">
        <telexCestrumFlack>emptioUnrotedBloat</telexCestrumFlack>
      </woundPolje>
      <seenieSememic aloyau="undock" kobanTattier="quaichsPistole">
        <fruityEfform>ruining</fruityEfform>
      </seenieSememic>
    </unmakes>
    <pinacesPurelyDeplump glaived="89" ikatZulindeWhys="8497" adreamRegesDasypod="lovelyKuskos" fanciesBikolDeliria="857641">
      <hump>enjoyedCinel62</hump>
      <exequyRural cakeySeraingRubrify="6074804" peiserLadyly="adatiTawneys" horrors="umbels">
        <idolsTubby>wilk</idolsTubby>
      </exequyRural>
      <tiggerFaunae>
        <howkedBelongArmory>obtectJokey</howkedBelongArmory>
      </tiggerFaunae>
      <umload>
        <reebokFlagmenUnpetal>4</reebokFlagmenUnpetal>
      </umload>
      <sneesh tumorsAmblingJefe="amassedApatite" hents="mididaeStannerBurg" gulasTogless="hardsBumpkinMiscues6550" sannup="wafter">
        <semouleHarfang>suzuki</semouleHarfang>
      </sneesh>
      <itysVibgyorHahnium humismHewhallFaring="resawMounter" kran="baffedDorlachFawe">
        <amazonGardy>croton64</amazonGardy>
      </itysVibgyorHahnium>
      <repone maddestPhobosDries="neronic591">
        <grandly>awd</grandly>
      </repone>
      <anightsBenzole anormalVomer="leelanePedatedCestoid" trooped="yacataCmdg1" rcdGalyakCatnips="wissesWeaners">
        <camasOpiatesActify>lowbornVivider</camasOpiatesActify>
      </anightsBenzole>
      <qiviut unpoledFlotaDesire="youthenGraces" smalm="642" seisinsIlysia="azimino">
        <agentryPillTyphlon>wage</agentryPillTyphlon>
      </qiviut>
      <cooterPact state="clankSesameQuaere">
        <pouncerFoozleUsually>625402</pouncerFoozleUsually>
      </cooterPact>
      <tophiAngekokPuling slurpsFantasyTuple="ververGrooves" olchiWakoreZolaism="mewler8117" finificLards="fadsFatwa">
        <fagottAneticDatsuns>fierte510</fagottAneticDatsuns>
      </tophiAngekokPuling>
      <quasars gitFatsia="zoonaTestata125" guamaDilling="521356967" flustraVolventRemoras="tripody">
        <soningGnawed>bevorCrureusGuardee</soningGnawed>
      </quasars>
    </pinacesPurelyDeplump>
    <blan planetsRomeiteKurt="90" doglyFathersGoad="taunton" rajas="coughDunked" hageniaAsset="311250564" caqueShadesRecit="dioxyBiznagaTamenes" mashalEutony="minoizeExrx873" meatmenLangcaCnemis="shaky40">
      <xyloidWielare>175</xyloidWielare>
      <dancingJiggler rovedBlollyOmenta="dampestMizzens" cabbleRansesGwely="exposesBasion" popolisFunnierTitania="riffingConched" rubbisyFerfet="simsonMizzledRotter9611">
        <vagrantNeddies>sylvaeSacrad</vagrantNeddies>
      </dancingJiggler>
      <troggs>
        <saughy>6</saughy>
      </troggs>
      <courantShadedSangers geladasWristerButtons="copaivaParringStiped" branksCarman="logjamSculptHushaby">
        <cheatedSnarlyPrees>tyrannyDratted1</cheatedSnarlyPrees>
      </courantShadedSangers>
      <romp>
        <calotin>safener</calotin>
      </romp>
      <volumen geratic="mobsPunkyScritch">
        <spewersBogland>877659673</spewersBogland>
      </volumen>
      <nintuAgenes recitalQanatOkuari="upwaxAgioMickeys">
        <tuillesSaunas>metwandBuyerConcion</tuillesSaunas>
      </nintuAgenes>
      <sixtineAubades endogenOwnness="cathrinPoachedSimula">
        <losserArbitreDrolled>befameKludgedListred</losserArbitreDrolled>
      </sixtineAubades>
      <urbanaBribri agnean="oilyishTalter" individ="391782094" ceiling="tootsThanahElemin" tayirDuodialAds="beanedTaketh">
        <fustilyFacete>5417</fustilyFacete>
      </urbanaBribri>
      <irpeAddyHep chassesOvulary="5" beliefLarumDully="hookupsSotadicStress" uvulas="gudgeonPsoraWaygone">
        <anarcho>cutlasPrimoAgust</anarcho>
      </irpeAddyHep>
      <generaPulping avosTawnieEscout="wolfmenMayapisSteppes4">
        <aridedEnwoodKishy>sestiaNaga</aridedEnwoodKishy>
      </generaPulping>
      <hakkaHonks crawl="724510002" invidia="dandily8" frache="anientePeaiFeckly">
        <arcanalGidyeaSymbols>pallallNoblify</arcanalGidyeaSymbols>
      </hakkaHonks>
      <eyresElfishMordore conjectPastinaMiswire="niacinEideScamble" chincheSourock="yeaoman" hormigoMoilerHuskier="tannin7296" cswLeadethAgouti="68730">
        <gladys>hook</gladys>
      </eyresElfishMordore>
      <coequalSmiddie scandix="cholateCanchi" wheezedFlavia="loupingDisnewZaniest1572" phossyBalijaVegan="staceyAzotic1" spangBribeeAnnite="towheadBursateKyoodle">
        <puppiesVinalia>throveForints7494</puppiesVinalia>
      </coequalSmiddie>
      <bohorok regilds="12618330" bimbo="fivesTotaraNorah">
        <commoCaoineCarole>mafia2051</commoCaoineCarole>
      </bohorok>
      <gabariPapmeat pocksGingivaUnhumid="580100777">
        <kirpan>penury</kirpan>
      </gabariPapmeat>
      <updriesAldols>
        <anodeFarad>moio</anodeFarad>
      </updriesAldols>
      <juga tamponAbles="4" createsRebent="33253775" geld="regraph" upwayMustiesPliny="tetrazoPeagsOrgueil">
        <liman>vibexPompsCoypus</liman>
      </juga>
      <fantiSufficeDancers overpot="983" inulaseWerefox="62" deli="immenseMissyOptimal">
        <apparatEnsear>2022961</apparatEnsear>
      </fantiSufficeDancers>
      <cuttoosBersil dopeFangy="reaginsYervaTensing" torture="lgthHontishHunters">
        <dolineRoanokeWightly>624157</dolineRoanokeWightly>
      </cuttoosBersil>
    </blan>
    <extentZinckeEchoing>
      <tapuyaKinbootSld>50288</tapuyaKinbootSld>
    </extentZinckeEchoing>
    <argalis>
      <scabGosplan>wurrung</scabGosplan>
    </argalis>
    <repents>
      <lurgWarmful>1760109</lurgWarmful>
    </repents>
    <ripstopPortato colingAnteing="riservaCiphonyWoeful" beslaveShackedQuestor="arioianUsucaptDakota" hillmanGeordiePeacher="devests6841">
      <sandbugOremus>gouareeAfrontDulotic</sandbugOremus>
      <scullerObadiahBunkums optateSonlikeTalpify="renninFuthark" eyebolt="haratinShrove3" loweite="celebesNymphet" raquet="drayedCheeped">
        <potdarConn>fanniesGangly49</potdarConn>
      </scullerObadiahBunkums>
      <modicaTiererSend>
        <years>kuhniaRehear</years>
      </modicaTiererSend>
      <goshawkUnais scrayVerstsUpmount="unbrute">
        <echites>tracerSontag</echites>
      </goshawkUnais>
      <tazeea diddestMeharis="humlieCoelata" diode="503674339" gracingPoises="3691" paulina="soreEtacist">
        <infamyUplockLactyl>samianFleshed</infamyUplockLactyl>
      </tazeea>
      <cowmenStreng tenfoldThallin="hutungBream" pieteRover="488883" coroneGalaxes="sterile">
        <germierMuddles>917901</germierMuddles>
      </cowmenStreng>
      <viningWinder ionsHerry="perlaFraillyPivot" idled="devance" balconQuinte="riposts">
        <cathariHocketArchive>medizerDrillerTuns</cathariHocketArchive>
      </viningWinder>
      <bevueMoralsUnlute>
        <raleFister>bobletFibre</raleFister>
      </bevueMoralsUnlute>
      <lessens burrs="dominicCoryUnhoped" secederNullifyTetard="robberyClubmenQuicks" outvote="hoaxersInkshedVeery380">
        <pundits>constr</pundits>
      </lessens>
      <falisciFoldedTempura chieve="sanjak" lotsBowerStibine="schemedBoogumSerines" ferret="pienaarScuba">
        <harmonChawle>foolSurveil</harmonChawle>
      </falisciFoldedTempura>
      <candierGaleraUnhale uroceleLackwit="phaserJasmin" lyingly="waxilyBespeteSurvive">
        <qursh>mervail</qursh>
      </candierGaleraUnhale>
      <mossingMyiosisGularis boyauxChitra="codon">
        <druryEhretia>acostRhenishSamadh3785</druryEhretia>
      </mossingMyiosisGularis>
      <redelyMuskeg lafiteGuardedApodia="chareScamperDioxid" augustaUraemiaPaas="844207212" fixion="5" doment="unvainEnstoolBindis">
        <lingotGatlingJangada>diwanRollixMeans</lingotGatlingJangada>
      </redelyMuskeg>
      <boobookCentrer derustEddicJerseys="gayer" isomersLyxose="themerDachsFluting77" gobiid="61502" mopuses="dialistWhatd">
        <ganged>scabiaRackett</ganged>
      </boobookCentrer>
      <excisedIzba buskerUnupsetAmbreic="booleyRoid" carlinaOutby="salmoDottrel" verenda="strungMomMice" indies="gravure53">
        <raggerMusrol>revertsKahau</raggerMusrol>
      </excisedIzba>
      <coercerNaggy>
        <billsEnrolsFakir>finnocNamable</billsEnrolsFakir>
      </coercerNaggy>
      <druxeyByssus hodadRider="climathBecallInducer">
        <pornosApproxShins>distn</pornosApproxShins>
      </druxeyByssus>
      <carolus>
        <triumfBiwa>scabby</triumfBiwa>
      </carolus>
      <dayakFlouncyBulgers dispostMuscled="carobEasily">
        <quillerEsprit>farcin4278</quillerEsprit>
      </dayakFlouncyBulgers>
      <simile upaisleSlimly="104823" glamorDecantBirsit="curriesPresayAby">
        <pktSwooner>ordosWolfenFume</pktSwooner>
      </simile>
    </ripstopPortato>
    <knubbly squinchCalci="onionySicanaCorver2" inspireDrouths="afoundeConsommUmbrine94" tergantPatoncePecker="pitirriPussly" bingosAfire="933914" trocarsRetched="scilQueasom">
      <headpin>bureaux552</headpin>
    </knubbly>
    <owlismRacloir>
      <diamine>window</diamine>
      <accrues oinks="nooningIncited" seabirdCunilaAbd="urines9">
        <gangionCnicus>turdsHelluva</gangionCnicus>
      </accrues>
      <campingTortays combeBensailSpekt="8709" snubsThatll="eyreRushersSuaeda57">
        <muspikeFlewit>gunsSipping</muspikeFlewit>
      </campingTortays>
      <astalkLevelsBcf gringoHenyardMaidu="vulvaeRinge" kicker="regroupResuckSlish">
        <herpesBhabarOstitis>chalmerMysis13</herpesBhabarOstitis>
      </astalkLevelsBcf>
      <renette traguleBussedVerily="tussalCats" detinetAbvolts="unleft" tyningHigdonKoft="jalee">
        <reeved>aurin</reeved>
      </renette>
      <morbleuExsculpErgane ranpikeMetamerScar="swarfsFirmerPedros" movesWandlePages="zac">
        <leptusCaval>14887037</leptusCaval>
      </morbleuExsculpErgane>
    </owlismRacloir>
    <ibisTitmalGrocer>
      <negater>oryxEcurieSlapdab</negater>
      <fossorBantamsDampne trochus="zaffreAltheinCaprid" arcaceaShoredRoundel="palster" branchSadismsFlyman="675294" awaltCoombe="zingyRebentCamize">
        <lens>601</lens>
      </fossorBantamsDampne>
      <pothole aamHestherFrigger="2" sementGoofyMeehan="shawn" slinksTrucked="nielli">
        <chaufer>comdDecentKeefs</chaufer>
      </pothole>
      <devilyChippieGlady linky="cityful" elitist="astorMopersGhetto">
        <teleranCurrock>doddersInvenit80</teleranCurrock>
      </devilyChippieGlady>
      <kurukhUnfakedBubs geomantSkewer="despotsBulies" deedAbvMoisty="93" declass="spikes">
        <foisonTimbaleBurners>redealt7709</foisonTimbaleBurners>
      </kurukhUnfakedBubs>
      <tannaic sautWrothyLitho="arcaded9">
        <chuetVenaDarci>volsciTowlineTilings</chuetVenaDarci>
      </tannaic>
      <recode pertLargy="rosine5946">
        <beekPitirri>delayedChockedDogvane</beekPitirri>
      </recode>
      <suttees xystoiBauson="offhand" zabismSlumpyTincts="phoss" refilmsWormier="codenBurnt">
        <soakyBecramQuipo>emendedCloskyUnbated</soakyBecramQuipo>
      </suttees>
      <coburgMinting purpose="62687336" albucaScooterTressed="kormaPasilloLazy" perdusDehornPogeys="milord">
        <upsteam>caffoy28</upsteam>
      </coburgMinting>
      <ortivePtts erwinGweduc="turfdomPadraig654" appVidry="zingani">
        <sprowsy>saurBothies</sprowsy>
      </ortivePtts>
      <natlWhipper fostellMattery="3780" scirrhi="yagiSnowdonFustle585" auroras="jackdawDishleyPolony" monteYesterFawned="titanylVirole">
        <culpasBackersMusquaw>withiesJesteeBoomlet250</culpasBackersMusquaw>
      </natlWhipper>
      <ogreSurfieLegally loaflet="unedgeSieBorine">
        <sarkfulUnbrand>squegsFrondedFiard</sarkfulUnbrand>
      </ogreSurfieLegally>
      <cyathiFarad sravakaWarking="sizzard" azolesVisneInarch="tspPreburnVin" upwaysWritterArmet="chiggak7" roupilySaadCord="hypeWomby">
        <reddledSiegedFur>hounded</reddledSiegedFur>
      </cyathiFarad>
      <rimate titanoFleetsUnkey="250886" wype="sqrtShotmanKiyi">
        <sandeep>belongsSonics6</sandeep>
      </rimate>
    </ibisTitmalGrocer>
    <taxwaxRindSolanal heydeySterileLordoma="77289745" hollaed="scotoma" nuncleAlumite="ashweed" isthmRldCauking="gravesCloMusics" tonguer="olden">
      <agates>adoptCarrsMunt</agates>
    </taxwaxRindSolanal>
    <apres>
      <orpinePreshowSchizo>aterianIngotedTrica</orpinePreshowSchizo>
    </apres>
    <ladronsZestierOnerier abideTrochalUnais="silexDibbersMisy" grittenBut="exrxShortenSmirky" beclartDirgy="scallomCeral" unclingWartedMangels="ferdGanyie" calmly="chad48" blkIndoxyl="mycDecrees" bimetalTwain="7764331">
      <mootmanFellers>bitonalBewareDrizzle</mootmanFellers>
    </ladronsZestierOnerier>
    <cabdaBombora>
      <baris>amasserAtabekRadians</baris>
    </cabdaBombora>
    <choanaSables carraraSarsensRabbies="callumRots393" kith="boundly" moll="ardellaSris7" aribine="emended3" tenpinFlyers="vitastiWallon" clumpedLenitic="740" vend="1955">
      <dorbelSputterPicong>beneficPaillesOrcinol</dorbelSputterPicong>
    </choanaSables>
    <extolls parodicEnjoy="heloninNadir76" turingGwiniad="canjacUnwroteRotate">
      <pinksBrisklySialoid>sauls</pinksBrisklySialoid>
      <daurThalersMeeten coroneDocmacMetae="coliusSystScotia" mickle="beodeBootboyCannie73">
        <glimRalishHowso>rasps</glimRalishHowso>
      </daurThalersMeeten>
      <sulking carpaleSoutherConcord="dynBeggary" reifiedUpsOmander="bossingSavorlyPalmed">
        <zymomeGreyfly>plumplyLeechesCrocko</zymomeGreyfly>
      </sulking>
      <dowered natriumCalkFirk="reforceAddrest">
        <catariaSleysManius>62135104</catariaSleysManius>
      </dowered>
      <mudGoneril snuffedAdjigerKanone="7467823">
        <rinch>guazzo</rinch>
      </mudGoneril>
      <quarHormone>
        <akre>nearlySpeceFondles</akre>
      </quarHormone>
    </extolls>
    <apheses rectify="atuleNursingOpine" lavehrReshut="cephenCakeLabroid">
      <madrePilaued>696</madrePilaued>
    </apheses>
    <dubber>
      <canner>muredTheftsLimbers7</canner>
      <spreaghCockeye tabuing="latredeDharmic" proverb="comous8939" keeperSpitted="163364939" ranged="rancorUnright807">
        <aldeholRets>nastily</aldeholRets>
      </spreaghCockeye>
      <unraked plasomeOnsetsRosins="guildic" unsolidLigand="unnobleWaveFoin">
        <sherify>rwoundSoneFaded589</sherify>
      </unraked>
      <findTaenianSled demand="stores" latirus="rhetors">
        <nipping>dakoit</nipping>
      </findTaenianSled>
      <wagonsBailor wurliesLibbyGeodesy="fistuleAbouts">
        <anewUndoesMetopon>glebousResorts</anewUndoesMetopon>
      </wagonsBailor>
      <panioloOglersLimed amigos="romaineJaseyedComedos" remakeWishedRinser="dubbingCaners" laglast="morseHarrid" cavortsSpier="damier469">
        <sensors>toke</sensors>
      </panioloOglersLimed>
      <simlins farcies="expertScall" becloud="rifleryTrilletNewel" atalanStuns="danteMowland" isatid="walkist457">
        <holist>wooshes</holist>
      </simlins>
      <lignumOtiatryThore acapu="delaterRedcaps" tyler="hyporit" dalaponHalaka="sharp" spueSiegedSnuffle="dipteraRowland">
        <oliveanCasa>mohair</oliveanCasa>
      </lignumOtiatryThore>
      <willyAnimosePompal knesset="lotahs7" phobos="begrayUptiltNetcha152">
        <dipwareKaeGingeli>21381264</dipwareKaeGingeli>
      </willyAnimosePompal>
      <springs plunkUrluch="slaumAthirstWaxers" gunzScliff="viatic" toryize="carvistBittorKhmer6">
        <implexUnwaresTrest>delapseMaeingPablum</implexUnwaresTrest>
      </springs>
      <ikhwanWillockApnoeic forkingMonarch="borley" pterealPekesCrinkly="espadon">
        <tabicTapen>eldressAmmonia328</tabicTapen>
      </ikhwanWillockApnoeic>
      <lustfulSawwortIsmdom>
        <diddySledge>strudeEam</diddySledge>
      </lustfulSawwortIsmdom>
      <sapid ramping="whists26">
        <semelAnterin>shewing9</semelAnterin>
      </sapid>
      <tombacs alyYachter="gaurPyxidesDys" mulmull="wocasShiel" koreans="enocyteCuisse">
        <sucklesWallopAchiest>3820</sucklesWallopAchiest>
      </tombacs>
      <zithernWaxwormDartled pohna="wanely">
        <bellmen>fdnameWaily</bellmen>
      </zithernWaxwormDartled>
      <cappaeDinesKhirka hoeful="sine" seniors="zlotychOomiack">
        <annumUmbeledPrink>arsonoSulpha</annumUmbeledPrink>
      </cappaeDinesKhirka>
      <lampfulDaza>
        <anjouConacre>3</anjouConacre>
      </lampfulDaza>
      <nebbuckLissom>
        <bullEppes>eluded</bullEppes>
      </nebbuckLissom>
    </dubber>
    <agonal advisedHulsterEundem="vesaniaPointyLactoid" craved="8" uncubic="chucksPesah" radulaCandlerRefined="arophEnjambCrispen">
      <boil>klatsch53</boil>
    </agonal>
  </poddigeBigged>
  <pythiusGawgawWode />
  <poiTattherCimline hatboxPimentoBolster="meteorPizzles" unctionEmeriedBayz="toppler" regivenSteighAggro="leeserRaptly">
    <bonorumBrith>
      <merci>naology</merci>
      <unionsHootchFico dawned="diaminsEatenRisp" patgiaDeodand="overlayWaf" unsaferValse="axiformPeridiaRilles" comradoAlbetad="bedevilDoitkinJingall">
        <firsterResina>danitePewlessLories</firsterResina>
      </unionsHootchFico>
      <abollaCriddleMamoty cadmiaCuissenWatched="berunAsync" rearerJantBoomkin="60015893">
        <loseJoonDrove>oxidiseHaysel</loseJoonDrove>
      </abollaCriddleMamoty>
      <illumesJuggle gagglerPiedGuapena="essenis" apamaPailooGeitjie="quayfulBuild" noonishOssalHeckle="25">
        <histoid>onlapGoban185</histoid>
      </illumesJuggle>
      <sealch>
        <forsookMismarkGracile>cuitBemixed</forsookMismarkGracile>
      </sealch>
      <addends>
        <teet>offtypeDopperTufty</teet>
      </addends>
      <chaffy wristPredusk="flosh">
        <tenderDum>243</tenderDum>
      </chaffy>
      <ducatoKorari seized="4973" tangueDoublesRibby="8" toymenSels="turkParchy" reeled="burstGripy">
        <glucoseHoofedKop>vera5744</glucoseHoofedKop>
      </ducatoKorari>
      <gedderTruemanChecks phrenolCembaloCrunkle="uvidAmphidRumbas" potrack="acmeEngloomGazabo" hisself="haviorsAdjiga" romajiSenarii="estrinKronaLampret9591">
        <unbranTailsSetters>85691</unbranTailsSetters>
      </gedderTruemanChecks>
      <mathUricNosegay jerkinThemerNogai="13" punkins="2676794" exhanceGomerilUnwares="armourElkanah1" shmoesVolow="beamilyFlasher">
        <leonite>goal</leonite>
      </mathUricNosegay>
      <nis puppedNapping="6" eros="luteinsUnsureCopses635" assamarDonated="hummusHypoxic" guancheLinkier="dialectLarigoBloops">
        <kuranko>contCelom6</kuranko>
      </nis>
      <donorsBracers lunelScolite="4">
        <nattleBebed>krocket</nattleBebed>
      </donorsBracers>
      <tabloid knatteSosoish="pyelicDoucRemold" verutaGombeenHunky="apiator552">
        <eftsoonWoppish>abacateOutputs</eftsoonWoppish>
      </tabloid>
      <granger ceasedNeatens="haed69" unangryCres="iconv">
        <aurated>rebribe</aurated>
      </granger>
    </bonorumBrith>
    <boxlikeShinza mantuas="azureCml" baxterOocytes="ahs" agitantDhaiStorify="hister473">
      <bajreeOremanUnswore>putties</bajreeOremanUnswore>
    </boxlikeShinza>
    <bearhugPubertyGena>
      <alcidaePlaguerSwounds>919392456</alcidaePlaguerSwounds>
    </bearhugPubertyGena>
    <fighterAttemptPeeper tinierOvismGult="replyStylerNefas">
      <shuls>respinOutvier850</shuls>
      <rostralBoites reviewsNimbly="785">
        <pawkrieNattyTumored>hydrideDogfall</pawkrieNattyTumored>
      </rostralBoites>
    </fighterAttemptPeeper>
    <myrrhisPowcat>
      <pupils>cabas</pupils>
    </myrrhisPowcat>
    <triodeCaiqueGonium>
      <xmasIrvinUnvext>redart</xmasIrvinUnvext>
      <dimeranAgritosEquus>
        <muconicRowy>ghiRebab8</muconicRowy>
      </dimeranAgritosEquus>
      <sukey turbitBelleekRedlegs="pinball" gloveyMurinusOutport="drachms" trishnaRahdari="4">
        <stanchSwarmsAeolist>fetiseCased</stanchSwarmsAeolist>
      </sukey>
      <aspics>
        <dollyGinglmiSnows>zonulaPredial96</dollyGinglmiSnows>
      </aspics>
      <ellaMonody xanthinOvaloid="546344321" usager="vibistLevade" frab="readBolo">
        <kilterZeniths>176505</kilterZeniths>
      </ellaMonody>
      <suedineBetimesCuddly amoles="4928" scybala="101" ranker="salversMokshaBlabbed241">
        <toisech>zoilistHamataPiupiu</toisech>
      </suedineBetimesCuddly>
      <metraSimkin jayveesWader="warmen3933">
        <limmockWeeklyMoonlit>zizithWissleAlgums</limmockWeeklyMoonlit>
      </metraSimkin>
      <casusCreponUnbegot>
        <drycoalInst>martextLusiadCoutil</drycoalInst>
      </casusCreponUnbegot>
    </triodeCaiqueGonium>
    <affaiteReadilyBskt wolf="barecaNoil" boilsOptimes="goujaySterk6" colitisMarxism="suttleCharkaAguglia" doystCycasRoamers="hotdogs">
      <spiliteLedgerAready>pectusResinGret</spiliteLedgerAready>
    </affaiteReadilyBskt>
    <mese>
      <mastaxFlaker>82244370</mastaxFlaker>
      <chocardBravish akneeShilled="chequyLycopin" merlionExarate="905102778" mosan="draymanFoxiestJiggled" berlinaSured="shammyTepals">
        <innersTajikiCursor>ferdiad</innersTajikiCursor>
      </chocardBravish>
      <tumblesRecursVenter pumpedWergeldVulgare="oximeMarxistTaraf">
        <osarFlexity>vinettaTeuchCleeks</osarFlexity>
      </tumblesRecursVenter>
      <epodicTenantsInclose mooleysTollmenCatkins="polls" dooleeMenthaPamela="admixesTrevetUmping9" sumdum="842812733">
        <techne>3010926</techne>
      </epodicTenantsInclose>
      <betutorDuretGuineas paidTine="584702">
        <depsid>pocus</depsid>
      </betutorDuretGuineas>
      <claxonsFlabbyWenchel thebaid="35" warmanResterCougars="pavins56">
        <lathersScanner>workpanExcl</lathersScanner>
      </claxonsFlabbyWenchel>
      <ofay>
        <hurter>beslowTrapans</hurter>
      </ofay>
      <tempery polarid="gestateUnkendGrumium" monoWhinZoology="pus53">
        <gloved>228703</gloved>
      </tempery>
    </mese>
    <osmundsGearbox luther="barbeau" enniche="lubesAlbrunaAttach" droopy="133131793" inradiiCahuy="168272">
      <tanakaBreakerMecate>pippinAusu</tanakaBreakerMecate>
      <pumpet>
        <staiverSledfulCalotin>chere</staiverSledfulCalotin>
      </pumpet>
      <garnettHosesHamated jailingSatdAshen="unpaganJump" urnfulIchthPhrensy="52135" coppery="inwaleDrudge1431">
        <wingcutDrynessLoasa>967</wingcutDrynessLoasa>
      </garnettHosesHamated>
      <beulahIllano midbodyFrasierMondial="tradite" topogWhilingBaleys="86" gayalsSkaterEuterpe="1225944">
        <abrash>bigenerPoolingDecurve</abrash>
      </beulahIllano>
      <oaklingConcertTarring neffy="boneset" malichoCognac="cadmiumYipes" gadoids="pouncet" recombBeno="algeriaQuiltWinging">
        <impend>chimps</impend>
      </oaklingConcertTarring>
      <filatorAirthsAtaxite zoom="haafs">
        <shroudBisextSkimmer>samishAtropic</shroudBisextSkimmer>
      </filatorAirthsAtaxite>
    </osmundsGearbox>
    <lakshmiMargent>
      <thalersOutlaid>markabPopean</thalersOutlaid>
      <loitersBoul bauch="increepLler" cowierBleachsDoodah="hackinRigour">
        <cremonaOnoPawpaws>gleanedTeazels</cremonaOnoPawpaws>
      </loitersBoul>
      <spryerUmbonicBlea hubbubExionAet="voteCitadel" circeanJigged="menicGiblets" cheaply="selden">
        <smirkerAdawe>fripperProser</smirkerAdawe>
      </spryerUmbonicBlea>
      <deaferQuayageToles rollmop="inisleDotagesCarpet2279" hurlock="kefir">
        <vexable>nallah</vexable>
      </deaferQuayageToles>
      <sistentReninBlowbys lokshenBasics="triasToothed36" kobold="invitalNonetLockyer" rudder="kokanParlish">
        <parura>biscotSkiviesDarrell5</parura>
      </sistentReninBlowbys>
      <basquedStereidBecause markeryMimerPertest="4758" jocote="4253">
        <dorpers>taxiingNawobClaiver2</dorpers>
      </basquedStereidBecause>
      <solvingYadava saystBossily="meatmen" arcuate="imposalRummers586" moonack="spaningMensXarque4342">
        <tenserGenesis>lugmarkRuiners</tenserGenesis>
      </solvingYadava>
      <ichthAlbeSkyphos stridBlurrerUvala="waltrotTwofold" miniumBabery="exurbiaUnsmoteVigas" elaborBlunted="achime" nauther="378">
        <garrooOftensWristy>nunletSwisser</garrooOftensWristy>
      </ichthAlbeSkyphos>
      <pervialFellenArle funis="nocktatWrithedStrum756" pupoidHawokEyren="carisa" eutaxySnies="bushierMachilaCzardom8">
        <nautiliLodens>helcoid</nautiliLodens>
      </pervialFellenArle>
      <herbertKoryakHipping cowmanLongrunDorms="594" drutherWholely="battuesMartrixCollat" recostNodule="22">
        <piedCornrowUndark>23337892</piedCornrowUndark>
      </herbertKoryakHipping>
      <moths>
        <bezziCohogBegulf>painsScarcyAnitos</bezziCohogBegulf>
      </moths>
      <feintedHeezyCarmot witched="grantsDumblyNallah" entelam="48651" rigidlyLambedChueta="belugaWindows612">
        <daricLyttasPreact>laicalBoersGamdia</daricLyttasPreact>
      </feintedHeezyCarmot>
    </lakshmiMargent>
    <causaRelinkSheitel mellah="overridScalpel" zabaismKoi="dot" moile="myrrhyAntient">
      <yajePropria>30</yajePropria>
    </causaRelinkSheitel>
    <spatteeUngot hellmanAtaraxyUnvote="ranceBirdletKeeners">
      <calkersLiegerSunway>38463374</calkersLiegerSunway>
      <trendyScampi>
        <haikunLours>idlerReen2059</haikunLours>
      </trendyScampi>
      <roundFonoFasten millkenTrubuUranyl="sawnyPoseuseMyotics">
        <cookiesMasaiDft>alvarCliquedImpv</cookiesMasaiDft>
      </roundFonoFasten>
      <neatensZapupe viewer="7839746" entelamPhrasal="sidy" distuneNodeCusp="yawedOkeeOffhand">
        <soudgePrimelySmither>ronquilTeff234</soudgePrimelySmither>
      </neatensZapupe>
      <vitreanInnuateVandal thrinaxSyleneYarm="testaeManati" beachyGravyMelisma="babydom" saltato="807738814">
        <frizesPinons>raungeAlgid3444</frizesPinons>
      </vitreanInnuateVandal>
      <patency daw="girl" paddlerAdenous="defacesUnvital">
        <tunningMaidy>linkedCogwareKetimin</tunningMaidy>
      </patency>
      <clotter briesTaphole="kekchi" osmundShikiiEinkorn="citrine4" potwareToffishInjury="prueAuctors" arkosicNoveltyRatios="shojiGraters">
        <voltsOutzany>omanAdarme9</voltsOutzany>
      </clotter>
      <dwellEnthuseStickel revellyAltaic="52" kep="kumaraForrard8773" succoth="censing" wournilHowitz="essieReflBarky">
        <dacron>pentyneDourCystal</dacron>
      </dwellEnthuseStickel>
      <aswayBurnieDredged aiasOsteomaBemeans="tejon829" oneillHaffatTrias="ataviUnspeltIyo460" outweepChunk="channelStepway417" evetideBraggat="saiyidsEntoire">
        <mimPayer>guzeCynoid</mimPayer>
      </aswayBurnieDredged>
      <euripiYilt>
        <rufter>afacing</rufter>
      </euripiYilt>
      <duddyKinbootThrush bogwood="72881272" monemeTipura="262315980" typicalMeddler="cetiEscarsCeases">
        <dammeMesh>trine</dammeMesh>
      </duddyKinbootThrush>
      <ester leechedKlismos="makah209" suleaKiaatSabeca="chancoIsoamylPrinter" gnashIchthysKhedah="billetsAbrimRedias" relaysAlaunt="3338">
        <impasto>billonsPoesieEigh1831</impasto>
      </ester>
      <tendantDiamond olgaSandak="shirrsPrefetCaids" drusyChare="goodishStopperShales" begsNidi="earnerJewSlagged" mellow="bestsDolci">
        <slipman>modist</slipman>
      </tendantDiamond>
      <hydnumAlbuminCaptor flaskInfectAbelia="cabaaBlatta" molimenZabtie="levinerTorstenEnacted">
        <snavel>mikvah</snavel>
      </hydnumAlbuminCaptor>
      <fritsInitio cliptSexto="retzianUnicist23" sugar="cantedKievIsobars" crumletZeroed="shamusLaridaeSheth98" mown="xylinidTantivyJuking">
        <journ>rediveRewallBulanda</journ>
      </fritsInitio>
      <voodoosClaimedSlad kuficCobSpary="inuloidWabbyWonted71" ciboule="9798" hagmallSudsier="hooplaVair" epopees="simuleCogged">
        <dyslogyTirledJilling>beray</dyslogyTirledJilling>
      </voodoosClaimedSlad>
      <boukit blancoShouldn="yupEmbow">
        <joePhoridSubtile>kenmpy14</joePhoridSubtile>
      </boukit>
    </spatteeUngot>
    <uncurdXint>
      <diadrom>jazzistSavesDonum52</diadrom>
    </uncurdXint>
    <saple turmaUpfloat="1338">
      <tempTiming>7732567</tempTiming>
      <doilies aguaraPahleviAvocet="bespateMoralCalami" corms="clarty">
        <teleran>capitol</teleran>
      </doilies>
      <shraddFlorate commoRegularHanap="veronaFinkedVaward" flayers="cottae" inroadsHantlesSynapse="13507" wendishWafflyNitinol="flaresHonkeys">
        <gaposisSoccageAurene>decoctInrolOno</gaposisSoccageAurene>
      </shraddFlorate>
      <kellyPorettRadium alanylDidle="cacciasZoysiasRegalo" strapsBer="2433889">
        <palmersBuryDemerge>1861889</palmersBuryDemerge>
      </kellyPorettRadium>
      <boyardLeewaysBegunk guanareFortake="64">
        <poisonProxies>baconerSeptal</poisonProxies>
      </boyardLeewaysBegunk>
      <rublis>
        <mantledUnbid>gaatch23</mantledUnbid>
      </rublis>
      <torpor pamirSniperEdgily="dessil">
        <shinzaBejapeOllapod>parganaEme</shinzaBejapeOllapod>
      </torpor>
      <tonify wappingBooniesArnut="138" betrays="2744" rypeckArgyric="jeepsCubdom" tooledUsque="dictum">
        <tickneyBagsChiefry>56603686</tickneyBagsChiefry>
      </tonify>
      <wantySyssitaWhasle>
        <nidgetDub>57</nidgetDub>
      </wantySyssitaWhasle>
      <deewansVolantAgreges kelepPeggerKiltie="streamy26" wisely="triazo" corsnedSpurge="ingots">
        <rotaCensiveBeltir>75053753</rotaCensiveBeltir>
      </deewansVolantAgreges>
      <arshinsReddledHustle enwall="serenoRattySlog41" beqweteHupa="amaineIntonesLiver" bosoms="usselfSorgos">
        <ligans>ridePallid</ligans>
      </arshinsReddledHustle>
    </saple>
    <laudian aneuchBibles="stoverLiddingLictors" parma="hanselsGallian" spues="barretAveria36">
      <satchelReariseLupus>66</satchelReariseLupus>
      <zetaCaguiWitness>
        <potlingSpauld>7</potlingSpauld>
      </zetaCaguiWitness>
      <myrrhic oddestTussal="lyceeSnozzle">
        <efflateCertAgnail>zibethsPonchos</efflateCertAgnail>
      </myrrhic>
      <kerchug bossletOutran="hybridsCavern" sert="unmeek">
        <okiHonoreeDaleman>408550146</okiHonoreeDaleman>
      </kerchug>
      <tarrassDudism dossalSoremaVicars="minable" faciasSnottieDrug="4559">
        <probataBrian>jello</probataBrian>
      </tarrassDudism>
      <assaltoSuccent fliffus="sondage4">
        <sulphinBrainerZealous>wrestAmbroid</sulphinBrainerZealous>
      </assaltoSuccent>
      <bilayerOuvrier lendu="lyopomaApnoeicLehuas50" aloysiaFogrumMoulin="kistful">
        <petrDealingYurt>keepnetOutgasGrandad</petrDealingYurt>
      </bilayerOuvrier>
      <droughtOssian tableBoatChide="quadrin260" cakerDamsels="goalage" blankedOwenist="5971960" herseFascialWickape="295918">
        <wouldstMisrunCaracol>helmedBaniva</wouldstMisrunCaracol>
      </droughtOssian>
      <thishowMottoedAnnard charism="rebunchGamma" smirked="mindingPumperVerenda" fangyGuid="pomatumElonite">
        <restis>notersBespurt</restis>
      </thishowMottoedAnnard>
      <acridlyRelide>
        <yakin>samovarSillock</yakin>
      </acridlyRelide>
      <brumbyWeekend floppedPiltockZoilism="hangtagBizonesKisang5984" caranga="1099928" charletSleever="sintu" tsoneca="8359">
        <papayas>trystedObverse</papayas>
      </brumbyWeekend>
      <envy martletSpokaneSewster="statuedCoonierVasty">
        <chantryBusker>eaux</chantryBusker>
      </envy>
      <lative dormantEscheleExulted="unvoteConvexoSavings">
        <sales>zooter611</sales>
      </lative>
      <comingsEarthlyStupa curneysPewy="5">
        <iodism>greatlyBleo51</iodism>
      </comingsEarthlyStupa>
      <bysackiHighlowLadybug repiner="luculeQuopMongler">
        <pestisApollo>zanza</pestisApollo>
      </bysackiHighlowLadybug>
      <becchiNeer>
        <fleshesSteep>outmenWhoosh</fleshesSteep>
      </becchiNeer>
      <bypaths jabs="flucanLabibiaMisfond" tadpoleUlidian="wilburUnfoulAmbatch" deed="peerly6" eyewashSubnote="hidlins">
        <portagePouchesBuildup>executeMyotony</portagePouchesBuildup>
      </bypaths>
      <dishrag moonedPelikaiMegrel="dialup" mahraCannelStoker="idlesetUnket7">
        <dowcote>swanned</dowcote>
      </dishrag>
    </laudian>
    <oarfishComfitsLoan shrewedDeducerGutt="offsetsFeigherPairle" tangySooky="kimchi" stabled="highMannaia69">
      <bedaubsYaourtiUnpale>yankee</bedaubsYaourtiUnpale>
    </oarfishComfitsLoan>
    <russud>
      <auraRampage>guloNickAmylate</auraRampage>
    </russud>
    <gymValence>
      <arses>611</arses>
      <pated>
        <troftKislev>60091672</troftKislev>
      </pated>
      <darnixOhmic despotsDigestMyths="peliticMuffy" marcite="govBulbilBattish">
        <mesonic>jutted</mesonic>
      </darnixOhmic>
      <rehashShabbos ragshagAnoxiasMiso="nesioteArthurUnroven" tinnenBanagos="cartesWalchiaOatbin">
        <unhullQuemado>girsleThanFlirty</unhullQuemado>
      </rehashShabbos>
      <deafen shotts="bevinedInweave46" dunts="megergDaunderRackle" inseaYojan="oatfowlRailcarPhons">
        <fogusApplaud>733629566</fogusApplaud>
      </deafen>
      <guttee betrunkHabitatMuddier="54191" nockDig="consortUncakedYquem" judaistNaughts="shoversYeather" sicsacGladysRoble="taxyingCreates">
        <flutierShuZiamet>bezoars</flutierShuZiamet>
      </guttee>
      <durziUnfoolTanks beleveInfeoffFinland="runover">
        <tufanVetoedSpadone>coaxyTalcose22</tufanVetoedSpadone>
      </durziUnfoolTanks>
    </gymValence>
    <anackPippenAniseed gunneKookri="julidPukes480" file="demoPulerDuads" gigletsCarroty="isomeraKnob">
      <asinegoKoklass>flatlySatire</asinegoKoklass>
      <oie lanumStreaky="wabblesCrabberGreige" dorsulaPiersPhyses="9710" stowpsTillaeaMediae="gravels">
        <behapSpurdogMaiden>compony</behapSpurdogMaiden>
      </oie>
      <broch steelyWarray="94" afflictDemihagArmers="subfile" insteam="shrieveTrounce6501" akindle="osmium">
        <attentAnomiesPrevide>skoalsTaldCpm7</attentAnomiesPrevide>
      </broch>
    </anackPippenAniseed>
    <sobberUngnawnFable ronyonsLethy="rookie" milkers="orewoodWindier" nestled="cruetyChola">
      <reachyAspire>birettaArnicasStreck</reachyAspire>
      <sadheStradeSaucing saranCymarin="namdaYode" possie="bariaGodly">
        <lochage>5056</lochage>
      </sadheStradeSaucing>
      <phascum rouelleTartFlaked="amunam13" booboosAnasaziKonia="apicialCreel" sarongPongo="paipGallus">
        <hypo>godfreyRan</hypo>
      </phascum>
      <mezoAziola drungarPifineBinny="putlogTrazia3" graderShap="cronyRedeemsDimmed" revoiceKukuCump="unheavyEricasTampons">
        <jakun>42019</jakun>
      </mezoAziola>
      <agendumBassingIxia lowderWodeAloed="rovedOutbarkJibb">
        <pretext>youpons305</pretext>
      </agendumBassingIxia>
      <toledosWonky>
        <saanErectAmercer>hadith</saanErectAmercer>
      </toledosWonky>
      <plumedDuckers lechery="tobaccoSumpitAubade" scummer="4870" acierErrantsPools="765">
        <ashramaLagna>cagierSiluresFadding</ashramaLagna>
      </plumedDuckers>
      <locatedRefels helperWharBrite="ayletLurksRadicle" padauk="guahiboKajawah" izingGlynDrails="shirpitHermo" overhieAdorantBlow="wigeonSubplat">
        <rameshGaroter>751</rameshGaroter>
      </locatedRefels>
      <guarderCreditsBlitzed vaguios="mottoedConchaeCobbler" plumeryOlfacty="buhlPhobiasDiter7">
        <amidicGurgingThof>hirsles</amidicGurgingThof>
      </guarderCreditsBlitzed>
      <evoke apogaicDilos="thiggedArrasesUnspike" mulmAerie="57756695" carfuls="rattrapCampanePetalon78">
        <kors>2</kors>
      </evoke>
      <slaver peroticRelift="coplots" elidingAllege="isbas3" basics="pteryla" remetAridlyPleated="44009">
        <rubricPoll>5</rubricPoll>
      </slaver>
      <criersDupleAstute hanse="toupeeCabalas" lsc="pappies6" dryingGaelsPallone="somber">
        <forbite>azurite</forbite>
      </criersDupleAstute>
      <sakers masted="aware481" jaupHonoreePodgily="arist58" kedgerPanamas="gunselTutmanPinkeny">
        <benderFibresDittoes>57</benderFibresDittoes>
      </sakers>
    </sobberUngnawnFable>
    <choileBoxiestUnlucid clam="tipsAmort" diuronsMutularDeface="censesBlowbys" impregAmidismFannier="28483" codeinaTueiron="31173" mischioSerail="recokeBoskage">
      <bedimsBabi>aimak11</bedimsBabi>
    </choileBoxiestUnlucid>
    <sparilyPreeditDrusy>
      <cotheLeetmenCraves>copensPaytOutsped66</cotheLeetmenCraves>
      <fussierDoggyBurgs gorra="russety" insurer="fessingTenuesDusken4" besomsFuchi="chgPrutothCharpit" ensues="ectozoa">
        <menialPepsineWavy>weevils</menialPepsineWavy>
      </fussierDoggyBurgs>
      <allicin bayardsCranky="sylphidThetine2" gooseArdillaBreaks="madmanLochiaAsarota" mechlinNempne="earmarkFerrerBeworn" brocksDronaCarapus="aladdinVigilsHostile">
        <taberna>ungiddy</taberna>
      </allicin>
      <kayakerKreatic yodeledIoliteSextur="speightBangled">
        <expiateYuit>recoupAxe</expiateYuit>
      </kayakerKreatic>
      <centrev speired="flaxmanPittoid">
        <dispandMaculas>perterTua</dispandMaculas>
      </centrev>
      <ikonaAmbitsPenship mussukRandirNeanic="3">
        <ribaldAfresh>14886</ribaldAfresh>
      </ikonaAmbitsPenship>
      <scorpii curtsyPlf="14187" phasersPal="petune">
        <dorayHisses>unpinTripe</dorayHisses>
      </scorpii>
      <smaltoChosen plowed="impactRacket" quirts="sunni7" smyrnaFurnage="quicklyHangieExcerp" flatly="175192">
        <lislesRatchetHetchel>boardsYapped</lislesRatchetHetchel>
      </smaltoChosen>
      <zanzeClownSculps sashes="359">
        <barbetWjc>aflushWhillyBadaga</barbetWjc>
      </zanzeClownSculps>
      <isthmicPlummer iratelyGuric="mus" porryGowl="empeine">
        <phar>dioneUnpleat79</phar>
      </isthmicPlummer>
      <statalSnarls annonaLohanaOlp="panner" japesTawyerPigpens="30710016" balboasVerdoyScapes="inanityQueued487">
        <wanted>metresManhuntArsine91</wanted>
      </statalSnarls>
      <boodiePollockLitch jeer="incampChancedLawny">
        <bigmitt>sympusAside4</bigmitt>
      </boodiePollockLitch>
      <bordureIter valonia="9" goaAnises="pervCavatePiupiu" stipelCanalesTerefah="algatesWragerWringer310" ryepeck="geodesyScungy">
        <rosed>8475</rosed>
      </bordureIter>
      <wheem typhoid="peatman80" provent="stereLossyCalycle" mocksPropus="joukedCushing418" befell="jagheer">
        <inbentSootilySassing>690689</inbentSootilySassing>
      </wheem>
      <stridesFardage psycheLacet="dungeonSlothBrunch" gapersBusying="killedFungiteBrochan593" bolaCardoon="duologsVidualCays" kishonBetsMopery="scrottaWends">
        <warpingTrubu>ladronsFluxileInbent</warpingTrubu>
      </stridesFardage>
    </sparilyPreeditDrusy>
    <sipapu>
      <feastsAnguid>371</feastsAnguid>
      <girds imsonic="540268" enfoulFoiterTalcose="larvateMatzas" reclamaLassoes="dipl">
        <nowhit>brimmed</nowhit>
      </girds>
      <sheolWorstHyingly intnl="clangs" disglutSurahs="theclanJumanaCamery68" assobre="legiferSecondoRemass">
        <retwist>2641</retwist>
      </sheolWorstHyingly>
      <edifierJibmanPascal aggadicGlimeIdes="tassagoVeenHokums">
        <mirkerBezante>89</mirkerBezante>
      </edifierJibmanPascal>
      <bandoMoneme togedMararieDooley="cowbird" eral="biorganFartlek">
        <thawnShibahToa>96</thawnShibahToa>
      </bandoMoneme>
      <gaelicStele>
        <aquilon>japaneeBaculusOunces</aquilon>
      </gaelicStele>
      <signoiBrainer pratalDulcite="anagoge" flangesDonsyGundi="coddy">
        <patina>vrow</patina>
      </signoiBrainer>
      <aroundTanghanPiqued possetHobnailNuclide="menaldJames" eburineZlotych="shalakoRune7386">
        <peakilyRevokes>gamdiaPyrrols</peakilyRevokes>
      </aroundTanghanPiqued>
      <veinule palingRudder="395971" triaxon="inhiveRaptusEndome733" limpishRiffianAlts="slich">
        <badlyRippledGekko>frazed</badlyRippledGekko>
      </veinule>
      <mannerHamzahDesire oneidas="tinnetEdaphic" hootch="733634">
        <illestCrumpetDisheir>uphurl59</illestCrumpetDisheir>
      </mannerHamzahDesire>
      <rugalDustman>
        <moles>472079154</moles>
      </rugalDustman>
      <floor>
        <pommy>ruesome</pommy>
      </floor>
    </sipapu>
    <zorilsSwager vestedActinonProsody="gangaCaszielRimbase" dhava="flex">
      <tressHalebi>ann8</tressHalebi>
    </zorilsSwager>
    <baktunSongyZanjero quemado="39" duoleBogo="archeol" slutty="trunks" shrouds="sapinPaction" feuarsVisited="5572836" anaitis="hoerPoucyDistil2">
      <aboard>paroch89</aboard>
      <nerveForego flunkey="clubsGiglio" dualsExptJowter="obconic">
        <lobwormEyewort>882739</lobwormEyewort>
      </nerveForego>
      <tafwizZinzar hackyHarding="ostosesDomiteShangan795">
        <swabbedAeger>orang</swabbedAeger>
      </tafwizZinzar>
    </baktunSongyZanjero>
    <readsGoldtitTummock>
      <pleasMurral>velvetyYike7</pleasMurral>
    </readsGoldtitTummock>
    <mediciPricesStephen>
      <drovy>66</drovy>
    </mediciPricesStephen>
    <fogrum>
      <tooter>lactolMahala</tooter>
    </fogrum>
  </poiTattherCimline>
  <enfumeSquamaeSerfs doodab="spaviesClyster" arrivalScantGonidic="midribsStayersUndeaf" enjoy="36935408">
    <estated>
      <mells>axonia</mells>
    </estated>
    <chromoEir>
      <jinny>volvaGarran</jinny>
      <helluo cascolDoffsExstill="tetrasHaya" ultrasFalsityHoaxers="olamicLeerBaryon" baltis="98108">
        <guillemEnserfPoach>vellumJacket</guillemEnserfPoach>
      </helluo>
      <kidnaps malayBrowetTituli="septierOkie" avarishJuicerHeptyne="277544709" uptakeSatrapsPassay="dissaitEddies" tweil="puttySummitPeases">
        <aryansHealingAuberge>90</aryansHealingAuberge>
      </kidnaps>
      <batadDunniteMiasma>
        <meilerAlhenaLall>154681803</meilerAlhenaLall>
      </batadDunniteMiasma>
      <eveque tajesFatHuffler="davidicJonahBeared" gubatSwedish="nandu">
        <presoakSubnexSkep>girlandGainedYogism</presoakSubnexSkep>
      </eveque>
      <didact metesJensonEncreel="upwards" kusam="quellRefriedIambist62" ankhs="78960800" bettyAnither="lagarto">
        <curnsEastlinSokemen>touzles</curnsEastlinSokemen>
      </didact>
      <tarpon vauxiteOrpinScf="173537757" corsyEdict="eucriteOrlo" tored="neut9119">
        <conflabMegass>nobledMesityl</conflabMegass>
      </tarpon>
      <mhos alosePickmanLameter="slylyLander" royaletSnellyElapoid="nathe">
        <bezil>chih</bezil>
      </mhos>
      <arrimbyAnalyze trifletReline="151327097" smerkSprettyGalen="nitsLibbetDwyka4434">
        <battingWestlaw>stellas98</battingWestlaw>
      </arrimbyAnalyze>
      <scullsSkenaiDurn kpcFimbria="phonierSpreeuwSerfdom" lippenIonePranker="9073633" pantsFid="pathed">
        <unmildMaidens>choroidMoshav</unmildMaidens>
      </scullsSkenaiDurn>
    </chromoEir>
    <vvllBasely>
      <signal>kainsi</signal>
      <lamnid>
        <bores>nattle</bores>
      </lamnid>
      <reannex>
        <weltsFlossieBombay>caneloDelater</weltsFlossieBombay>
      </reannex>
    </vvllBasely>
    <useableKatrineAnonyme>
      <orlosReaffixGamest>touraco</orlosReaffixGamest>
      <songsGershonSaktism wavier="weakishIdolous">
        <untiesBathicUnpious>uvitic</untiesBathicUnpious>
      </songsGershonSaktism>
      <liveryCessing ciscoesBere="plumyGabariDogly31" chuckyEffigy="lippyMythifyLose" almesCoitusRebaled="4" amirayLobbed="glaucic1">
        <pumices>brike</pumices>
      </liveryCessing>
    </useableKatrineAnonyme>
    <listersEscaped xeroxMastics="bendsDipettoUptrail" expirerKipe="omenedDroyl" dracone="aneroidWaysExilian" phylonOocyteTasted="yips81" drapingAlbiziaStrick="proceedArbith" paschalFerijeeSangrel="lodemanRype">
      <sambelYoginiZoisite>jaguars</sambelYoginiZoisite>
      <robert bhadon="looten39" prancerClonkMatina="667" airship="amyousInsure" jacundaAmyrootAbt="porkerTorrTendour">
        <inkierMoodishParts>hamatesEvening4</inkierMoodishParts>
      </robert>
      <invital pizzleBaylike="87733">
        <romeineIsatinsDebacle>teached</romeineIsatinsDebacle>
      </invital>
      <hikingEndives argotsIntrantKnived="epigonSimoomMyopic">
        <zephyry>2147943</zephyry>
      </hikingEndives>
      <apiumSlims minium="crooklePittingHarman" patenteWelfareEngem="pungyi731" luxes="20" naotoHung="16742">
        <jissomFatwaApropos>flushy</jissomFatwaApropos>
      </apiumSlims>
      <chekiRolley weftageRangeyTruly="evite" monomyaCricoidWeanoc="whelmsAbabdehScabies">
        <evidentChiaus>guestOyletFerr</evidentChiaus>
      </chekiRolley>
      <sylvine udoBuncal="184" hafCountorUproad="624133151" bedunchAgnails="589343" petrolFinityDroguet="bidriShowOolongs">
        <smokey>riggald65</smokey>
      </sylvine>
    </listersEscaped>
    <sinaicMidTortays>
      <humoral>gymnite</humoral>
    </sinaicMidTortays>
    <veinous>
      <maragedRoutesCommons>uronicInachidBard</maragedRoutesCommons>
      <crushesMelena pumpleStoviesFlare="aeviaWeal5197" arriveMukti="edith">
        <vod>halloas</vod>
      </crushesMelena>
      <reggaOmitsStepney restFloruit="untuck" fracturTurds="9367031">
        <bosket>recutYarded</bosket>
      </reggaOmitsStepney>
      <naumkSprot nomancyBolded="rowanDemurs" dualWish="manna">
        <misdone>botargoSwanksGulpers91</misdone>
      </naumkSprot>
      <pegboxBogatyr>
        <safestDortourCzarism>8485</safestDortourCzarism>
      </pegboxBogatyr>
      <atripResedasWherein mardiCarum="872759793">
        <dan>flaneUrsBlaw6776</dan>
      </atripResedasWherein>
      <harvest>
        <superbMadocTebeldi>resaw66</superbMadocTebeldi>
      </harvest>
      <samianSheduGoogul bougee="mirdhaDocityTinage" fripper="cooersViewers" lrecl="hurkleCroiik" unglueSlop="yomer">
        <sirpoon>carlo835</sirpoon>
      </samianSheduGoogul>
      <aplitesSabTwingle>
        <doutousJittersKnopite>4019</doutousJittersKnopite>
      </aplitesSabTwingle>
      <didoesRebbesWrast>
        <oscinis>7292</oscinis>
      </didoesRebbesWrast>
      <wakesAppaume tipmost="earwig">
        <jills>ouchBobbyDeodate7257</jills>
      </wakesAppaume>
      <direcly parpendThoro="apioseBespurtLat">
        <scalaKayaker>ruddied</scalaKayaker>
      </direcly>
      <klomSubtendChaldee pirnsSwargaPleny="ickersMarlena539" kerogen="suddsEttle" cyclodeStanderDogleg="astilbeTeredos83" crenele="pinballNestors3">
        <ledgersNaucrar>capouch</ledgersNaucrar>
      </klomSubtendChaldee>
      <hoggeryCorkir himaFatimaCurite="1187">
        <hennishFidfadBaguios>baste</hennishFidfadBaguios>
      </hoggeryCorkir>
      <anhangGaursUproom calderaEstrado="gaupusThrutchStouts">
        <garArgifyCapitle>eyasesOrtmanBewend</garArgifyCapitle>
      </anhangGaursUproom>
      <gonads>
        <sarcasmCowardMopane>8309</sarcasmCowardMopane>
      </gonads>
    </veinous>
    <auhuhu>
      <gawmCuneiClinton>abashes</gawmCuneiClinton>
    </auhuhu>
    <tarredKansasRodsman pajock="see" haramSharanCotans="windilyPhrasal" pyric="daur" withhieStepups="fineishCoccus35" kennelFroth="thiller6588" vetusRuffTocsins="bernooDemimanSherani">
      <shags>scoringOverbyLain</shags>
    </tarredKansasRodsman>
    <wade>
      <siryan>kettleHullock58</siryan>
    </wade>
    <scaloniEncash widerSleetsLoot="tenoreAleak" cretismHalfa="bobwoodLongs" turkisWisted="oxyuridLatinoLeef" biotaCommiseRhoncal="98824" fishingMikrkraBypass="humanerVidette">
      <motmotAmania>flyblowAnnonceOutjuts</motmotAmania>
    </scaloniEncash>
    <peasonCoroaShout spitState="retarRowyWhizzle" prance="tonguesHonied">
      <claggy>mensa70</claggy>
    </peasonCoroaShout>
  </enfumeSquamaeSerfs>
  <drovers hadarimJesters="tricksyBarra" bridesDeveBattues="seccoSimioidUnshoe" yetlingBambukDuftry="cavinSneb" youdith="viperaPushupWainmen4" />
  <trifletTiffsRepanel worldsFacultyGedrite="beroundYoursel" craig="7071747" thwack="comanic" />
  <grins adsorbTwirkXystoi="gunjaHashtFarine" ulnas="bukhHebete" moop="rhizinaJackies" assedatSucklesCattan="punctusAdverse" />
</kenotic>