<?xml version="1.0"?>
<bochismBedgoer>
  <xylosid harriet="sidebar" />
  <proteus jamaicaBogwayUndog="avoutryDasntBilio5291" quidsMigrateMetra="slavistRugae4" levanceErgotsWyle="hingesGoanese">
    <marmar>
      <lodensSumbulAirify>457239</lodensSumbulAirify>
      <globyNichaelBuried kakke="bluesyCervine">
        <sweptPlane>adorno199</sweptPlane>
      </globyNichaelBuried>
      <wicca dogvaneIcingsReshoes="nepMexitl" cullaGuichetSchoche="iph">
        <stirks>guloseSigla</stirks>
      </wicca>
      <renigKale arses="pomeloDweller7" chitterAgrisePicket="rottlePietism" limosi="redyesAvidinsTharen55">
        <pigdanBowelTurnkey>exertsAdz</pigdanBowelTurnkey>
      </renigKale>
      <spivSoulfulUnhusks>
        <chanduyWheerBuddled>5767596</chanduyWheerBuddled>
      </spivSoulfulUnhusks>
      <engobeHinging bathedStadial="belaceCorchat" grieced="3658" jiltish="chelaDieting" selenicGuiltsCommata="ceasedChiasmIritic">
        <raggedPuru>seismMesser</raggedPuru>
      </engobeHinging>
      <buccinBullsMagi facier="dusteeSloshed">
        <hylidaeBonedHottish>cueistGabbaisWiener</hylidaeBonedHottish>
      </buccinBullsMagi>
      <alomaMowha ultima="odsOvidClinked" tokopatPropoxy="ajariAbamaPinders8800">
        <kabietDeaned>thratchNandin</kabietDeaned>
      </alomaMowha>
      <boutonsWillows primal="issueNavvyAcrogen" beamier="loopsUnbale">
        <scumber>surfingOcimum</scumber>
      </boutonsWillows>
      <foraged>
        <tibetChinee>kyke</tibetChinee>
      </foraged>
      <sullaHamals vrilledVocallyToupet="463054" sentFaddy="alcoved">
        <owlheadErdArcana>12</owlheadErdArcana>
      </sullaHamals>
      <sjaak payessNullify="ethylinMsgPoohing" thyiad="60889" craftyCachesTongued="85473" larkerCarinasSlouch="lizzieUnplume">
        <pusgut>bheestyStrove</pusgut>
      </sjaak>
      <netlessForsookFogdom vawntie="7050" cutsBakeCoacts="dzeronWhidder">
        <suckledScarves>929</suckledScarves>
      </netlessForsookFogdom>
      <joursLambishSungha carriScalops="asthma908" acre="conga" southedElucidPoufed="fac47" baze="sylvius">
        <fleeingDickey>solioCessant</fleeingDickey>
      </joursLambishSungha>
    </marmar>
    <permute>
      <shick>unsunny</shick>
      <rewaxesKipfelForblow spouted="underZemeAbura" lowishCerated="platery" aljamaPursuedEntone="erasZonar19" illureKhot="40844442">
        <ebbingCaunosBesugar>boyismPelted</ebbingCaunosBesugar>
      </rewaxesKipfelForblow>
      <shaughsSoritic cavia="clavaeEngridBurgoo" thoron="gummierSonniesPursily256" silesiaSpatEnent="inducer" decalBrissesSaeter="frivolsHookasAtwist516">
        <snag>stearicNegatesDestiny</snag>
      </shaughsSoritic>
      <feasten burnets="tailageVeigle" jasmin="perdueSorelTektite2508" zamia="nanisms">
        <smitesEricHausse>diavolo</smitesEricHausse>
      </feasten>
      <byeriteStrivyWoods sepianChums="3508" clameYayaTurakoo="1657652" dirglerOutwell="lurerPouts" parrals="crozing">
        <plusher>prion4135</plusher>
      </byeriteStrivyWoods>
      <russiaCroupal orchisForerib="vulvaeFikieScanian">
        <hiaTide>barrace</hiaTide>
      </russiaCroupal>
    </permute>
    <osmiumLoonRouses>
      <versin>chookySpicasRaiser</versin>
    </osmiumLoonRouses>
    <unwistSapient>
      <mollifyEmbus>farleMinery</mollifyEmbus>
    </unwistSapient>
    <ataxicElysium>
      <cubasInvidia>parrotsIvoriesDewlaps</cubasInvidia>
      <eyelet>
        <appoint>hoopoeSiller</appoint>
      </eyelet>
      <yaguas megerg="alaheeVizslasPrecony">
        <fetwa>5081460</fetwa>
      </yaguas>
      <denudeLampionAstheny>
        <slouchSenorasSpired>rhexia</slouchSenorasSpired>
      </denudeLampionAstheny>
      <ironicAbasing jambulDaw="7">
        <prowess>urinate</prowess>
      </ironicAbasing>
      <alkynesHolpenAnopsia>
        <porus>pockingPyranylAtwirl</porus>
      </alkynesHolpenAnopsia>
      <aneathMaywort crazedDeducesEngrid="iotaAtrailRegilds" tunlike="deiDutcherEstated66">
        <pythicStarets>gigglesPleater</pythicStarets>
      </aneathMaywort>
      <allonge comarcaArguedIncogs="bobcoatBinal" deifyAidVessets="headed">
        <dogship>4594</dogship>
      </allonge>
      <psycterLoliumAnax aecidiaOutroot="ovicellBufidinPear" sadic="79" eutonyParriesNotices="684273929" eveseFistful="dunger">
        <ladangAppliesBullish>furzeryDilater</ladangAppliesBullish>
      </psycterLoliumAnax>
      <comade meltsGaumySetfast="oozilyIvyweedEnmesh" poilus="hippoidRistCombe">
        <sridharLeone>56</sridharLeone>
      </comade>
      <messmen>
        <fulveneUntrust>cepter4</fulveneUntrust>
      </messmen>
    </ataxicElysium>
    <ked>
      <bignouTrifleElymi>iodatesAmelet14</bignouTrifleElymi>
    </ked>
    <taringOutshowCoacher>
      <nazard>flacianEffaceTilbury</nazard>
      <eloinsDriveTalari compSubahsRuction="kuberaEarningMuir" besortDemountSproty="cnemic" seaterNigglerThiokol="triliteCoannex" diocoelMorionsParboil="chievePrigsThring">
        <liftedHormeTegean>arewPsocineClacker</liftedHormeTegean>
      </eloinsDriveTalari>
      <kelped conduitRapturyFlooded="141780" sonicsPortersNoshes="feelyAffa" biblic="617" faintedCobbly="tirlingPaughty">
        <playock>metal</playock>
      </kelped>
      <credit>
        <lubra>unzonedAscesesScoffer</lubra>
      </credit>
      <precent boreanVizierSwiney="barrensDerate" baridXylolsEldest="cockHexisDynam232" launder="9705">
        <rapsSubduct>883873</rapsSubduct>
      </precent>
      <schinus regrowsWoodmen="5610" arad="booberyWhanSouffle">
        <widow>searSwither6</widow>
      </schinus>
      <pigletsUnlax>
        <gladesFaffleRomble>jamberOutflowEmbusqu</gladesFaffleRomble>
      </pigletsUnlax>
      <sourcesPyroDissuit ghoulieAmorousOrioles="scriptoRusaDibbuk">
        <isiacEngsRasbora>saboted</isiacEngsRasbora>
      </sourcesPyroDissuit>
      <drillsReveals twazzyBrushesBrother="rhineReplayOtus">
        <zequinGuarico>ileCharm</zequinGuarico>
      </drillsReveals>
    </taringOutshowCoacher>
    <misdeemChanter>
      <snorerGangueDismast>45231061</snorerGangueDismast>
      <fixingsEnsnare tangyDioecia="phillisSorel" plinyCarlist="coolDroopyPithoi" bescarf="daunchSpoffleKoila" ateesHaoris="9195">
        <bronzerFuckerEnseal>79743</bronzerFuckerEnseal>
      </fixingsEnsnare>
      <drooled bezantyBabyMidmain="regnantHeraud62" doriBoucheeDullest="grenadoMilages1">
        <unbinds>oraculaGiggedPitapat</unbinds>
      </drooled>
      <swung>
        <vahiniSwampsMondain>cuttyHoaxMaculae</vahiniSwampsMondain>
      </swung>
      <hogfishChwana>
        <spitalsMulemenWhirled>khatriGulfier</spitalsMulemenWhirled>
      </hogfishChwana>
      <bauleaRidenIntrait vady="xviCramboPuplike">
        <upcockWhatkin>167321532</upcockWhatkin>
      </bauleaRidenIntrait>
      <ajogTabithaLoggat kiki="whichZilaNiagra" sackful="foldySpree" divulse="gaditanStyli" pardale="garrot">
        <smilax>gurgly</smilax>
      </ajogTabithaLoggat>
      <nelumboBoobs>
        <skyre>diners</skyre>
      </nelumboBoobs>
      <unruly>
        <impawnsAbought>senhorsDancedGileno</impawnsAbought>
      </unruly>
      <coiler thierry="scabish" nisei="provandVergeSesma" acornsStye="169">
        <elateryRupitic>boerdom5</elateryRupitic>
      </coiler>
      <excerpt tualati="65744949" chauthGumweed="grandam" paracmeBarrios="arrow" teamerSkimmedDamars="wambais">
        <ramschQuiltsCoudee>unold</ramschQuiltsCoudee>
      </excerpt>
      <dauri lactealCarayan="4820009" fleshed="sixRusine" arneTars="karaoke">
        <windlinShojis>lavagesElflandMaenads</windlinShojis>
      </dauri>
      <theave subringBrakesNondeep="cachinaDescendReshun5101" ledgesLunting="engaolStubKaikara">
        <jocoquiAedesElaps>emblemsCagitCoddles</jocoquiAedesElaps>
      </theave>
      <floresJavahai shamGrilles="eelbobMalmagToolsi8232" unended="apostleSighterPrewhip" barytaRupee="aliso">
        <overtip>71142</overtip>
      </floresJavahai>
      <valiant pavageStartle="tulipsCymlinAikidos" taboret="mascCaguiIrisate">
        <dumpilyIwwortUbiety>moreen</dumpilyIwwortUbiety>
      </valiant>
      <encheck plotful="saloops" esprise="melicaOlogiesGimble7">
        <sowersColonus>5647</sowersColonus>
      </encheck>
      <derriesShiveyMitanni linkmen="25768">
        <teiidaeVugh>pailoloFossage</teiidaeVugh>
      </derriesShiveyMitanni>
      <spruit yapman="sallowsGalores">
        <bedsickCompileReopens>748664449</bedsickCompileReopens>
      </spruit>
      <jubbahDolleyRooters classis="hussite">
        <baunoMimlyCaraboa>662921160</baunoMimlyCaraboa>
      </jubbahDolleyRooters>
      <cisco forkers="minimalPupelo" sayneteNervousSubmen="mediums" cmdr="dialect" closedHuntleyWiles="52316">
        <tachismTourizeTutto>salicylGermingDicots</tachismTourizeTutto>
      </cisco>
    </misdeemChanter>
    <castrumBastingTackets>
      <skiddoo>10</skiddoo>
      <paeonia>
        <extillCissus>49</extillCissus>
      </paeonia>
      <spading>
        <dollishRerobeWoodris>upleadLeah7</dollishRerobeWoodris>
      </spading>
      <kilom>
        <labibiaAffretHistie>benMumsy1954</labibiaAffretHistie>
      </kilom>
      <tonicsAlundum nascapiTwingle="michelNousesUnguled154">
        <alenconUfologyFarrand>kunziteBulked2528</alenconUfologyFarrand>
      </tonicsAlundum>
      <masers avocat="trisome" maulerComedyNoance="gaedWrister" stero="pionicGemaraAzafrin">
        <koleaMengWarrok>peliticHoaryTanner</koleaMengWarrok>
      </masers>
      <zabtie sleysLavicPisses="spoof" polymny="tasco">
        <kists>9399</kists>
      </zabtie>
      <yay scilla="thecoidEutaxicRie" laved="marlineSconcePicrate">
        <dentalRetell>modderFlueman361</dentalRetell>
      </yay>
      <hyppedNamastePannam>
        <gangion>481</gangion>
      </hyppedNamastePannam>
      <casbahsFiancesYiddish stalksPawnedNco="28373200" jemmyKeefDani="partimKaf">
        <quisHow>versing</quisHow>
      </casbahsFiancesYiddish>
      <gilding orexis="xiiAtropa" whensMoss="stroker" ruinousGugal="whichDucalRacons" marrow="qually">
        <ungnawnHourly>knapped</ungnawnHourly>
      </gilding>
      <swarfPeg varec="regainTediousWiddle" flybackTabasco="illerAliyaMesityl" girtTelson="bide7009" bicronCrocker="3617913">
        <saharanKhan>jutkaBogeys</saharanKhan>
      </swarfPeg>
    </castrumBastingTackets>
    <replans stonk="ahsanInnerZanana8380" ufology="jojobaScathed" more="oretic264" sudsing="845" domal="benu" loinHeist="potgunFireboy" deedyCopularRytina="autereElfhoodEtuvee">
      <hokesDino>belast6</hokesDino>
      <gidsDassie calkersHatte="quaw" joinersScrawls="33457245" satineRutile="7541">
        <humblySplashs>granger</humblySplashs>
      </gidsDassie>
      <luridlyEtasThrepe folial="audadsPalmful" unsort="tuberinMishit" voluspaDavachZinco="rummerAgnosiaBehint" vesperSakeret="714554">
        <pirootPoeticOllock>araribaSkilfulTiremen</pirootPoeticOllock>
      </luridlyEtasThrepe>
      <atony zoogony="kraversSay" entire="bezzleHache" bizonal="robingEmptorSabes34" loxicDrudgesScintle="lifers">
        <serifs>phialaeMack</serifs>
      </atony>
      <tjositeLongers glomusTameinKoolah="miskyCoves">
        <leecher>moldersFulgurAtoners</leecher>
      </tjositeLongers>
      <horrent backrunYeahSarapes="7460599" sordsYaourtScreaky="sunfoil" pennis="62229" imbruesLepra="vetting">
        <chienEvictNuda>pawlsUnrankAblepsy2</chienEvictNuda>
      </horrent>
      <hammyGaenWind victusWakonGruels="patrico">
        <saviorFlinted>drakesPangiLabour</saviorFlinted>
      </hammyGaenWind>
      <teadishRerackPursual tzaamAlcaics="barming" sgdBewater="primersPentrit">
        <wormishCracketTean>hajjesBanefulJungles</wormishCracketTean>
      </teadishRerackPursual>
      <rebluffQuerist patrickUnyoung="2074">
        <reveals>sobbingRunsyWonky</reveals>
      </rebluffQuerist>
      <ozonesInline limbedVomicaePrf="isaiah">
        <mappersFlavidTenpin>toppyAugend</mappersFlavidTenpin>
      </ozonesInline>
      <mfdBarmaid>
        <publCowshotFrills>mishmeePlaintRectal</publCowshotFrills>
      </mfdBarmaid>
      <marcosShumalRosied cooterObtent="413" asking="debel">
        <bowbent>hypnoneBuffinResail1470</bowbent>
      </marcosShumalRosied>
      <loutishPodalic juv="glidesUndewyPaysage99" mitomeRicers="torpentShannon" tulsaEarldom="thawersFlensed">
        <toyNoticeToryfy>visaya</toyNoticeToryfy>
      </loutishPodalic>
      <biznaga coladaGemmel="rowley">
        <analavDzerinGuanaco>smeeked</analavDzerinGuanaco>
      </biznaga>
      <stuiverRedry bureVacouaSclaffs="subbing" flexityRinaldoPiki="741302300" detroit="relatumUnseamWeekly" micklerWigBoodled="notaliaFiscals">
        <bearm>neem316</bearm>
      </stuiverRedry>
      <befogSieWoful spokyMonsoonBewrays="15099127" damianaCerule="66569" cornoKiers="3344" bania="warpage">
        <pedder>beaufetUnmazeTenuous</pedder>
      </befogSieWoful>
      <delateKylix willyerSintu="pausers9453">
        <sissiesChoicerProfert>oxidEphebe</sissiesChoicerProfert>
      </delateKylix>
      <sivanDimmedAlonzo unsorryPups="60693831" ammos="trishnaExcuser" twitKolamiDorado="7962" disedgePerseidMiaower="refutes221">
        <archwayChocoHollin>wordmanCushion498</archwayChocoHollin>
      </sivanDimmedAlonzo>
    </replans>
    <achillOrderedEmrode>
      <athrillRaggy>flabileFestal</athrillRaggy>
    </achillOrderedEmrode>
    <grandam mediad="exul" endemicTaikih="gollarConv" grinUnshoutDybbuks="rootsVirtuIntones" ausubos="gltBiped24" halters="eatings" pinangCursusWised="curupaySaponinMise">
      <graphyZags>wiserManus</graphyZags>
    </grandam>
    <devinctReeks beekiteDarzee="pegging" wup="dotiestSisi" acastWishtScrolls="barwaysFodientGerming" simson="miastor35" wirlFructus="aswailChordee" fascia="alleyLiana" helioidKeensKerman="union">
      <dadoingGaspBocks>51969</dadoingGaspBocks>
      <laurasAxenicThrap>
        <reseedGlycine>poppetsPinionsDiptyca4</reseedGlycine>
      </laurasAxenicThrap>
      <muscleSenex tendoOlivil="trollolShipsWrathed" anklesSlobberImprove="bulgyRosin1" reuseCressyTorqued="920032955">
        <hepcatRiperCorsie>thesaur</hepcatRiperCorsie>
      </muscleSenex>
    </devinctReeks>
    <gravure>
      <colour>abohmsBocceEntries</colour>
      <ratbite>
        <scrawSkited>purfledRussianGiddea</scrawSkited>
      </ratbite>
      <maleeBusker litchiKarmicAcmaea="eskuaraDepohSpicer" murreyCoquitoAncylus="guzerat8812" elisorAtingBuffa="patana435" coughHaytimeMakable="ink">
        <amidaseVendueIxodes>18473751</amidaseVendueIxodes>
      </maleeBusker>
      <flaser nimbLunch="codeina" klavierLoggy="56" keldAteba="towmond4971">
        <soudKaiak>kibbutzDrummerSplash</soudKaiak>
      </flaser>
      <mechant>
        <tugriksKinonePinites>gaggleBahistiDilling774</tugriksKinonePinites>
      </mechant>
      <tiglon weysHipposSwaged="cartonsRemove3">
        <cricoidIngentRobinet>tecunaYclept</cricoidIngentRobinet>
      </tiglon>
      <heap cosesMamushiRiveled="24" lyraGulped="monistObrien" ouselFille="730503" oxozoneReflows="bepasteUnzeFunkias11">
        <exhbnFjorded>sikarChoreasRiddam</exhbnFjorded>
      </heap>
      <fanfoot blackenMyopiasStepson="spencerWadesPud655" melano="babuMerv1" dil="thawer" scopula="pourerSalm">
        <viersKokanEnrut>frizers</viersKokanEnrut>
      </fanfoot>
      <camauroWindas dustukSircar="layoffSphecid" agersStayersHyenia="80537" untrigGlossemAvera="sambharPenultIlkane" containLigroin="byelawsGaggled">
        <philome>resewed</philome>
      </camauroWindas>
      <inphaseIllocal>
        <middlePalamae>odaLoathTalcing</middlePalamae>
      </inphaseIllocal>
      <atavismUnbowedEscript diploidShmoKokam="scruffyIsthmalAva">
        <baruch>crammelDielec</baruch>
      </atavismUnbowedEscript>
      <sloops cuvy="reiverBoloismSnaste" pugs="untelicVolaryAcuity" trayRobsShorl="rawerNoachicMarka">
        <mede>garredSalivan</mede>
      </sloops>
      <sautedKelimaHalm suave="64">
        <absvolt>bellona</absvolt>
      </sautedKelimaHalm>
    </gravure>
    <lealMinting restock="142895747" pleonalYug="mangoes5793" pollens="overingOdling" hibachiAlphardLindies="mfgCaprin" propr="roppAncileCoached249">
      <rasedProtyleCompo>incMinawayNicker</rasedProtyleCompo>
    </lealMinting>
    <sixtiesBurlers>
      <wreckedExcelsFoxily>noviceExsurge</wreckedExcelsFoxily>
      <birdersDyeing>
        <godkin>fausantEmbanks</godkin>
      </birdersDyeing>
      <jageer skinfulBeswinkTorchet="stampeeSkiis" begaryPedlerySpated="95" harpierYestyIgnitor="rebunchChochoDandy">
        <jugular>inserve</jugular>
      </jageer>
      <lardedAbacli beringArusa="seagoer" nettier="gennyPsalmic834" ftnerr="sundekYabberJoyful">
        <gulleys>geoformBilbie3</gulleys>
      </lardedAbacli>
      <mellateIngirt courageInitial="chouanHolidayCarder">
        <firer>anankesHunsBorism</firer>
      </mellateIngirt>
      <agonied dorsel="pirnie">
        <scarceRefletAnbury>fibularPerpendWriggly</scarceRefletAnbury>
      </agonied>
      <deskmenBoatlyCottas dalethGonidiaLateen="877">
        <photom>idismDetrain</photom>
      </deskmenBoatlyCottas>
      <bamahKeffel concaveTath="unhomeBefallsPressly" chirlTannerJassoid="corinneSticksSinify" hyaenaEntoilsGestion="garseShinier44">
        <samsienAlbedosGorry>countShesCholoid</samsienAlbedosGorry>
      </bamahKeffel>
      <sleekedFconv sairLocarnoNieve="longish" iodides="dinicalCarks7601" ceriasSegoDadap="naves" satronGlickNinons="87604">
        <teaselsDoyenne>bailageDevall8048</teaselsDoyenne>
      </sleekedFconv>
      <skived tikor="847553838" puntoutFinderAndesic="reportFlumeApayao" spoorer="zirkiteKebars" contekSeamas="trinesDiodes">
        <iwbellsMacrosThreep>3346</iwbellsMacrosThreep>
      </skived>
      <nuttedErratas lorum="metersSeagirt" veinsTataryUnlight="stagedKeithBridger" townet="alcaldeBeets726">
        <emoting>losingsShammed</emoting>
      </nuttedErratas>
      <forearmPrasthaOctaval nonmenTondoGrayly="adatyManille">
        <unactDuchess>787632003</unactDuchess>
      </forearmPrasthaOctaval>
      <beflag bevomit="plankerDroskyIberia" envMannaSawmont="exiting5" pultost="fillingThroedKnezi19" greablyTricornFinny="phasm6626">
        <timbresCleansRegird>clonk7743</timbresCleansRegird>
      </beflag>
    </sixtiesBurlers>
    <vernile owse="flappetCrinelForsake" earplugRilesHylomys="saysLime">
      <grayish>anatronSigloi</grayish>
      <raperRagwormPapuan>
        <lideMonacidCowbind>cubebsWhamResidua263</lideMonacidCowbind>
      </raperRagwormPapuan>
    </vernile>
  </proteus>
</bochismBedgoer>