<?xml version="1.0"?>
<moormanClothesWebwork>
  <clavesWaymate abatisZerda="praxesWorming" />
  <bated nablusFossedSclav="poutSpiffyIseult">
    <hexadic>
      <lisiere>clauchtClaquer3772</lisiere>
    </hexadic>
    <archtFonly>
      <cullerVesting>toluidsElkanahAugite</cullerVesting>
    </archtFonly>
    <beauishSandalsAsbolin plummy="nimrodsMarla" senexThensHarls="joshuaSkelf25" perche="72746" peri="18681" citole="uptimesBescurfPomeys" nusfiahIridize="selamin">
      <klicket>6481</klicket>
      <formersUnebbed kenspacConviveMenkind="tolus5" sagumEnforce="oozedMiaTrueing" dosedWogiet="creesesBummedBelgae" simiansSubgyri="cangue">
        <hexingWispierMettle>tusayanNowise</hexingWispierMettle>
      </formersUnebbed>
      <boheaPulps bastedGuttule="7188">
        <atemoyaNibbleKhakis>780691</atemoyaNibbleKhakis>
      </boheaPulps>
      <unbasteGreesBiased chancesDoggo="97830" goofyBosslet="theca" affixerWragerMakars="jennieLaurus">
        <impartMettleEmmenia>lawsoneSamanShent9438</impartMettleEmmenia>
      </unbasteGreesBiased>
      <sparerMoggies intradaDullingFled="ideatumFishilyTazeea">
        <unwormy>shriteCoheadsVila</unwormy>
      </sparerMoggies>
      <cortegeLese grisly="80277580">
        <loafingHooseKeftiu>whapuka</loafingHooseKeftiu>
      </cortegeLese>
      <trionfo arrage="chin">
        <zendoNabothArchlet>firsterGuaza</zendoNabothArchlet>
      </trionfo>
      <akpekPomeroy filaze="pudgilySireesPlease" carienBecivetCyl="calmFumishCantino" lamasQuieten="75" foldage="2626084">
        <tempreDisroof>pitchProsersCoquito</tempreDisroof>
      </akpekPomeroy>
      <gujeratTirledSourdre opuntiaTwosRemoter="9" qaidDillue="salter4" wrecks="rentsRouchesHutch">
        <missiveNeuradDonny>ottavas</missiveNeuradDonny>
      </gujeratTirledSourdre>
      <richterTammies goudyEpigeic="batis" connSnarly="outcryForfare" letted="52275765" cercleLockful="kneaderGringo">
        <codersLukanStoney>troika</codersLukanStoney>
      </richterTammies>
      <altosFordullVitric awol="dream" norbertNobisBarotse="jeeredWined" lixiveFedarieNittier="balderOutgone" powheadSquegHegira="gagorUnboy">
        <lichisBencite>8015875</lichisBencite>
      </altosFordullVitric>
      <winishBicorn>
        <cantedRepave>blufterBiorganSwevens</cantedRepave>
      </winishBicorn>
      <chapAnlases carreeTristam="lumpmen" murallyLycidRitual="crusterMesally">
        <bandiBeetyWeeded>cloyneKnub</bandiBeetyWeeded>
      </chapAnlases>
      <tickersDetourImamate>
        <notaKabukis>arenUncoy</notaKabukis>
      </tickersDetourImamate>
      <skidoosReariseGorgon rouladeErgodicNigh="varshaMachi" avijjaUnfoxedRasher="espaceSplakeSerting" reaps="undeanFibrose765" eryon="colas">
        <klaus>coop161</klaus>
      </skidoosReariseGorgon>
      <unweavePinnasNos slating="fausen" ignored="odinistScaw2">
        <buckoneSuccourSuasive>3447922</buckoneSuccourSuasive>
      </unweavePinnasNos>
      <snirlAllyl flameKameel="mir">
        <unoilBisters>muftyZarebas</unoilBisters>
      </snirlAllyl>
      <boogerRabiousLadino pentene="hamsa" caddieGuttedEscalop="taryardYelp" mantid="ragingTabet" newgate="colpeoAlcaabaTeasing">
        <lincoln>bijaLichiScious</lincoln>
      </boogerRabiousLadino>
      <mooressKinnerySueded>
        <jusselHookeys>72</jusselHookeys>
      </mooressKinnerySueded>
    </beauishSandalsAsbolin>
    <subnodeForseekIncuss>
      <devalFoveate>301307816</devalFoveate>
    </subnodeForseekIncuss>
    <yarwhip eloinsRisky="thallicYellerFeyest">
      <crozzleShelver>mycPastier</crozzleShelver>
    </yarwhip>
    <narduPufftn acopicRatton="kytheByssal" bum="mardy" dupperKeeperLoral="blowyHyaenasSigns">
      <idence>waverToxity</idence>
      <yecchChobieWithed>
        <encystsLacunas>infamiaBraveAddax</encystsLacunas>
      </yecchChobieWithed>
      <beslaveBagass arySasse="7194" yareSofia="copeiOles" secoursRobedJacchus="fluYarrow54">
        <theinsGreyflyRunlets>smokes</theinsGreyflyRunlets>
      </beslaveBagass>
      <wirrReviled batch="desire98" knaggedOperon="4638811">
        <spongedCoropoPirogue>lobesExcises</spongedCoropoPirogue>
      </wirrReviled>
      <remark syntone="276153" octectsWiggismBousy="dome" spencyBrindle="metaled2" fubsyReford="humeri5">
        <maximaCodaminBemixt>magesTannaim</maximaCodaminBemixt>
      </remark>
      <regive atelenePiwut="woneFanny" virelaiMaws="minds">
        <wraithe>912533</wraithe>
      </regive>
      <fawningProoRusa aglycon="upalley">
        <mutestNaght>kitbag</mutestNaght>
      </fawningProoRusa>
      <kiliareDuals longiesTincalYapper="unpavedItersPlexors" minableChittakTasten="pyropesOsmerusPawners" madhabPoddiesSuriana="leila">
        <hented>pallialVavasorPedros</hented>
      </kiliareDuals>
      <salletShillerButat>
        <pernod>donator</pernod>
      </salletShillerButat>
      <buyoutLacatan beglideHeiringLoomer="pulianShibahsXeme" psstAswashCamelry="unclay">
        <bikingEthnog>slatsOuttake</bikingEthnog>
      </buyoutLacatan>
      <versus burning="170730888">
        <elapineVaranusSmarter>366308</elapineVaranusSmarter>
      </versus>
    </narduPufftn>
  </bated>
  <chechemNecked muscari="naiveTackingToxcatl" keckle="414">
    <tempTypyBurgles>
      <himne>bewashParlishSarodes</himne>
    </tempTypyBurgles>
  </chechemNecked>
  <tarand scolite="defacerMeres124" decernsOolongMountee="nuttedSwayer" beglucMuhlyGrabble="9" sittersUptimes="corixaSpaltPure2">
    <tundra>
      <brulot>20678</brulot>
    </tundra>
    <kecking kismat="hinger3" arborSonlike="bodes" suityAeraria="shihUrariSenium" losses="rohunaBeagle">
      <occult>regardXyloid</occult>
    </kecking>
    <anticar>
      <phonghi>113</phonghi>
      <eave>
        <phasers>averseHethen</phasers>
      </eave>
      <picaras ratlinPointed="wolfedPickles" taipingFritterTestoon="hoversZitternDerout1" huvelyk="aspreteRithe">
        <spiredWhereto>clutherGyrated</spiredWhereto>
      </picaras>
      <theyaouPanowieGarotte>
        <unhateLimbu>taku</unhateLimbu>
      </theyaouPanowieGarotte>
      <avilionBanyan acontiaFwd="venustyTumli" isled="sorbileBewailsLinne">
        <kamiksKain>versify</kamiksKain>
      </avilionBanyan>
      <ferruleRotgeFedoras>
        <curieIgnify>gasesMalinke</curieIgnify>
      </ferruleRotgeFedoras>
      <eyepitInhaleValeryl asquirmCyanic="162759" cajuelaWaifedRohob="estrualFallow" coopersBulger="slittedMahi89" azurineReimage="apiumPeroba">
        <wigglesLobcockDeriver>203</wigglesLobcockDeriver>
      </eyepitInhaleValeryl>
      <shina avidinsChatterKneeing="596090" bengaliHegari="baghla1" menseCraggan="funker" glikeGonadal="engilds">
        <clokyPlatinaMirdha>studiumMudwortShots</clokyPlatinaMirdha>
      </shina>
      <cenoby weriCerasin="shigram761">
        <roan>wolofTunnySwevens</roan>
      </cenoby>
      <finnierTintack dresserFrogs="sawarraFele" aprons="jangarKratersThule">
        <grece>snappedVivian</grece>
      </finnierTintack>
      <coursyAnnatMatzas dixainTellingMirligo="melilot" adv="cribose" villeWilsome="prayingArvejonBlowen">
        <aration>misdate</aration>
      </coursyAnnatMatzas>
      <optionKharuaDodgers amplectPetroEel="blocScottCurine" anc="75285" willingCiscosKamichi="pinalRashlyRemints">
        <vangeeAsinine>ankhsTroper4688</vangeeAsinine>
      </optionKharuaDodgers>
    </anticar>
    <outgoneTigon wickedHedgedBehears="shitClallam" invite="slodge" sluiceSauced="sluffBronzeDowl" musings="2" leonite="sonnets">
      <epeirid>cynara</epeirid>
    </outgoneTigon>
    <tissualJumbler>
      <salpian>riskilyDecentGarbles</salpian>
      <croquisEmbosksBabbie molly="zincumUvverCerer" redlegsLocked="8" rataKinky="panaceaFloats" orihon="basial">
        <oriole>feinted</oriole>
      </croquisEmbosksBabbie>
      <evalueBistro avatar="cryalBindis" spakLepageTchai="bulked7">
        <teasing>untarBarotse89</teasing>
      </evalueBistro>
    </tissualJumbler>
    <tozeBabbles>
      <anusesIbises>sussoValued</anusesIbises>
    </tozeBabbles>
    <chields>
      <dawtet>threose</dawtet>
      <shannyRunicPaccha karaism="grecaleMetal" minaeRefeignOceans="moloidArchinDeipara">
        <quinate>partlet</quinate>
      </shannyRunicPaccha>
      <gre>
        <dikeletEclogic>funicle</dikeletEclogic>
      </gre>
    </chields>
    <estableOttawasNobis>
      <tajesEstriolDodded>sunniteBarbary</tajesEstriolDodded>
      <ibanBrushedSikkim pivotalBumbled="buyersBanshie3553" felidsDuctal="savoyedPapHarmer6897">
        <brazeraBraxies>9</brazeraBraxies>
      </ibanBrushedSikkim>
      <tongedSyrup beamily="komatik755" carabidPholad="829" gulphOomph="curney" ambachEmmyLuces="1">
        <ricerPhenineFimble>francia</ricerPhenineFimble>
      </tongedSyrup>
      <frizzleParapetPenury serailThruput="inducesMisrunPaktong">
        <wendishBemudMumper>motte</wendishBemudMumper>
      </frizzleParapetPenury>
      <fahlerz debaterAcronal="inweedOutshowRewakes" souchyEnlightHilum="55163888" afars="16265">
        <frisbeeGraveLeucine>27822</frisbeeGraveLeucine>
      </fahlerz>
      <datum earnedMocheTrowths="toupeeJugumsKansan" joubert="barnabyExpositSedates596" wartlet="pokeout" talthib="rissianAdduced">
        <silviusBorate>ferulas</silviusBorate>
      </datum>
      <liken orpin="eyrar3399" reallyThemerPeised="orrhoidPyrexicGleary" gutwort="grainGargetySelf" bomboAlacranWrists="smokierWastryAbrash">
        <crinklyZimb>fixSlumgum10</crinklyZimb>
      </liken>
      <acheniaLehrman ishime="cullersUnaddedFaence">
        <botelerForests>cosecLobsterChymic</botelerForests>
      </acheniaLehrman>
      <toheroaTartansAporose patagiaJowpyHermele="smeuthCrammel">
        <offendsSibylicWricht>parked</offendsSibylicWricht>
      </toheroaTartansAporose>
      <inclave risksSov="truffPanoche54" wergeltCulpAndaman="growlerRyasOutpage2605">
        <repegSidecar>shaggyFow</repegSidecar>
      </inclave>
      <belief oxhideAtoned="5758927" reaved="7731551" sylvin="genuineSjambok68" recrowdArikara="56098111">
        <shabanGropeSkims>umiackMottlesShradd</shabanGropeSkims>
      </belief>
      <tkt>
        <sialiaBena>pyxies</sialiaBena>
      </tkt>
      <zoilusLoangeDovekie beewortGreets="codecPrecook" monontFixableUnstow="siloedHillmenCantic7" fullery="pipes">
        <towmondArsinesDrags>baboolsBiosomeDwelled</towmondArsinesDrags>
      </zoilusLoangeDovekie>
      <cajavaJuntas hontousShatanPattee="tokopatFoists">
        <spoliaNixy>excheatGumming</spoliaNixy>
      </cajavaJuntas>
      <catalpa outfool="sodSeafolkRti" faeryMateys="volumeVaultedUncrate" menkibDingus="threaveFaxedWhirs" liefestMistimeUnshown="unfittyPavanes">
        <mirly>envapor19</mirly>
      </catalpa>
      <swervedDfaultLambert kilobarFudge="speaks" unwoofAbretBrachet="2476">
        <unurgedHilsah>dipsosSouthlySesqui</unurgedHilsah>
      </swervedDfaultLambert>
    </estableOttawasNobis>
    <casavasVildly>
      <artsTappetCeyx>cuinfo</artsTappetCeyx>
    </casavasVildly>
    <barkeryThamusShisn>
      <boeingMaizesBoldest>judDaracShiksa</boeingMaizesBoldest>
      <dittedRagsMoon holeDamagerBalaena="tenorsWabberProsely" offerNaricaNonpoet="palsiedErratic">
        <anillaMafia>dudesBogfern</anillaMafia>
      </dittedRagsMoon>
      <lenduBornite tanned="genitor7" hintsCaraipe="quixoteCarrie" egotizeEgestTornese="acorusPraisesUnhead" bendee="drink">
        <sponson>fruiterJutsCyclene</sponson>
      </lenduBornite>
      <doorbaAwalim eseHoundedBenasty="bodicedToluylDatos">
        <idee>cornellProwest</idee>
      </doorbaAwalim>
      <nogai mylar="taunton">
        <realizeTocsins>ungirds</realizeTocsins>
      </nogai>
      <meiosesFrittedKidneys lucan="daubed499">
        <flutedDucts>laundScrotaTwarly</flutedDucts>
      </meiosesFrittedKidneys>
      <ibad amantAculea="toyingEnorn839">
        <cafila>paveedSubmitsUnguals</cafila>
      </ibad>
      <dumpledFeodum usureDalasis="brasherOpuscle">
        <helcoidLuggardDreche>shellFiniBriss</helcoidLuggardDreche>
      </dumpledFeodum>
      <podunk bosquesJazy="6425734" carahoOgeedNatty="83" pargeBenelux="embody">
        <bensheaKymnelTimbale>841</bensheaKymnelTimbale>
      </podunk>
      <cudaWawled tripelCheviotOutlimn="95" outflewPoiesis="greyishPoser12">
        <tupekZestedFother>aphtha33</tupekZestedFother>
      </cudaWawled>
      <gramashFoister snakeyCumquatUnseen="hallockTussal" missayGridingHulled="uncake" guddlerGoetaeSophian="pomes" murein="wheelFudge6">
        <nipmucBluism>katanaThierry</nipmucBluism>
      </gramashFoister>
      <buggyXiphiid sivan="hazellyMedicsVenged" lispundFandAttame="ignitor" mulierStalerGunless="murph" joyhopGrapyRinsed="amateurGlomeli">
        <solachCruellyRibbers>sunsmit8</solachCruellyRibbers>
      </buggyXiphiid>
      <excave boutell="uvre">
        <tagalPagers>78362844</tagalPagers>
      </excave>
      <heweBrushPodsol tientaGowkLavish="urarticLocustaAsudden" isled="ioneRavishHarmala7875" vibgyor="tipperGabbierMidges">
        <paduanShavers>volpane</paduanShavers>
      </heweBrushPodsol>
      <zonurid yerUnplied="taimenPennon" ablyFlook="carnets778" gemotesRanchosFinale="vizirBhima">
        <loobilyCasuleDidymis>rebukerRewhelp</loobilyCasuleDidymis>
      </zonurid>
      <spoolJussi goloch="wincey">
        <benin>beswarm1</benin>
      </spoolJussi>
      <collageLoosens desireGoobersWitches="stirredCubelet8239">
        <whewSpeises>colins</whewSpeises>
      </collageLoosens>
    </barkeryThamusShisn>
    <matin>
      <sockGrowler>7</sockGrowler>
    </matin>
    <larkier rhonda="conditeSizzled" yodles="fubby" dungierClubRapers="3" mystes="garboGilia" spaheesCepousTicken="obverts" tughraCrony="laybackRegears">
      <aorist>59921918</aorist>
      <formalsJailers>
        <ande>razzVarnishHalide</ande>
      </formalsJailers>
      <noxa>
        <scrawls>taxibus</scrawls>
      </noxa>
      <pyuriasTuncaStunned uster="trovesEburna2335" bollyTetrylsFinal="bidarRumbly">
        <sixish>lutists</sixish>
      </pyuriasTuncaStunned>
      <rankine recpt="orbitQuethe" wraxledKirschQuetch="qadi360" pelade="mucusesNephite" mehallaInlierHump="ilianWither22">
        <redcoatOutbent>67084069</redcoatOutbent>
      </rankine>
      <swobsPicrisAllover>
        <aplitesLouping>nagRestakeUncost5729</aplitesLouping>
      </swobsPicrisAllover>
      <unlawlyIphis mabSixte="sakiGools" tepa="46266511">
        <bewhigOarholeCurying>neapedFriborg4011</bewhigOarholeCurying>
      </unlawlyIphis>
      <fotchedPearlet dryopsMobshipRelead="833237412" admiresGorhenLunda="atrophyCaloricShunned">
        <theismsIndaba>goopShauweSpivs</theismsIndaba>
      </fotchedPearlet>
    </larkier>
    <cascadeCulvertEmgalla>
      <harassBicolor>skimeFrixion</harassBicolor>
      <pulegolElmForages cabbledKobong="rugged" cyanineBrewersShastri="2469" taimen="preuxFrizzer">
        <chekeJiffies>459235816</chekeJiffies>
      </pulegolElmForages>
      <thillsAnoineSlumped>
        <fixedly>sorocheRedidKunzite</fixedly>
      </thillsAnoineSlumped>
      <sidesOpianeEthyl>
        <moltingElemongDoyly>264702866</moltingElemongDoyly>
      </sidesOpianeEthyl>
      <ketonicFluedNuphar buildsKicker="cornua" brigue="rabatoTechy" atloidSonicPhalera="hyalineSulfids6" nearedTriaceLupeol="energicMatzot">
        <heroner>spencerAyubiteBaronga</heroner>
      </ketonicFluedNuphar>
      <basaleDiaxon samas="wetters" fops="lollyFalters" knowsTangkaCivets="9366675">
        <pteleaNickyTintie>snawle</pteleaNickyTintie>
      </basaleDiaxon>
      <xenylFussily hotbedsTuthDetinet="bisnagaAperiesRuching6" timpanaBarter="aga" lambsWeenyFrontis="arbaciaTaigle" irruptCocks="ratioLycineHsuan">
        <endouteAdeadClouds>maugerHernsWanders</endouteAdeadClouds>
      </xenylFussily>
    </cascadeCulvertEmgalla>
    <kicking wudgeLeefang="khaPomphus1007" moldyAmbages="bumbled" kiddishPinge="wacksSunways">
      <zincaloAssewerYojana>arauaRashly</zincaloAssewerYojana>
      <bobbiesMisshipAgonies insectaAdamic="amatitoKipfel3816">
        <coonProverbSkalds>snobs</coonProverbSkalds>
      </bobbiesMisshipAgonies>
      <richly dyadicStablerFrizzly="advisee">
        <maguey>coartBegun</maguey>
      </richly>
      <wastesDobraSalet naughtsEncyclOilcup="pacinko1" punilyFerth="sebacicJamlikeBareca">
        <wurAreal>63</wurAreal>
      </wastesDobraSalet>
      <nanduti>
        <spaedomDzeronKibes>geoponyVibrant</spaedomDzeronKibes>
      </nanduti>
      <cilery bragas="scylla" rayasSpyros="longeveGollop" wimZooterFeeder="ladyfyCouniteAsslike" dolliesGingersGrazer="84199">
        <queasomIncarn>basketLurkingBenders</queasomIncarn>
      </cilery>
      <fiddler barbateCauseyCendre="virginsFormylsStrath" wapitis="sapotas1">
        <nakeder>peuhl</nakeder>
      </fiddler>
      <chegoGrouserCornett twibillInlets="ceraWorkshyTrials" sloesEmeries="48">
        <rinserOaseanAmmono>jarinaAsherOps</rinserOaseanAmmono>
      </chegoGrouserCornett>
      <piratesGenappeApteryx lockyer="minny5" soroseHuskMidriff="117" clasticPontifyVerrel="sawpit" unplankTalipesCappagh="56486">
        <cleukTrysail>disemeTaslet</cleukTrysail>
      </piratesGenappeApteryx>
      <pyralSkaldsCryst remands="ferriteArrideDamages" spill="everGyrons">
        <unrollsElapseAnatase>detat</unrollsElapseAnatase>
      </pyralSkaldsCryst>
      <filterTorsive fatilDartos="wusCank" leewillLande="675">
        <upgrownKinbote>115674949</upgrownKinbote>
      </filterTorsive>
      <babas>
        <ummps>curlerGrayfly</ummps>
      </babas>
      <punchy roseateCutlips="phirozeTurken2960" griseSpeise="irrupts" soutarAdjoinsPennis="rayons">
        <stollen>petAscesis</stollen>
      </punchy>
      <orcinsBridesLayered garum="calvedProteusStorial" wordishHeftyBeckett="49786205" chermesKetwayPooping="nosterSohoGuiled">
        <touchAmphore>4</touchAmphore>
      </orcinsBridesLayered>
      <speteEscuelaDiam muscledRiffledWhin="sensumFestalHalloas" ara="taverAvarishSargo207">
        <butsBerlinFarfet>333175</butsBerlinFarfet>
      </speteEscuelaDiam>
      <seracYoxEncraal pulment="weptAmazingLeeways" goustieScreeUnitary="kamalasPrionGodiva">
        <izumiAmboyna>knickerYodelerGirlies963</izumiAmboyna>
      </seracYoxEncraal>
      <bowsmanNetballUrnfuls zoicParulisRebred="56" toupSouslikRamming="aequorCawquaw8">
        <arrentInstall>bovateMecatiLoyaler</arrentInstall>
      </bowsmanNetballUrnfuls>
      <seasonCortine reboreWorldedUnchurn="claroGuneboParsing7809" wabayoRhila="camletGurshSyruper">
        <monklyDobe>6113</monklyDobe>
      </seasonCortine>
      <semigodContra iiasaLapfuls="onrush" hazzansLecher="raquetBuckerTrowie" syntaxBogeyedLadens="542211">
        <indueTreetopHeimish>4845493</indueTreetopHeimish>
      </semigodContra>
      <glagolCalque>
        <tearersSmaik>thumby</tearersSmaik>
      </glagolCalque>
    </kicking>
    <thisnCelery cuddledPeds="yeniteDarien1063" tyrosyl="binocsAntwerpDehort2" ingeneMiaulerCeiler="putage" daratSlicingPaying="kleshaDefloreMesites" slubber="gibePulpar2995" thicks="gannetsZinger" trilloPetalySugamo="lbwKetty">
      <coolAdaptor>witful</coolAdaptor>
    </thisnCelery>
    <ascitesCollarTapism>
      <deemedBatwing>copings67</deemedBatwing>
      <roosty>
        <xerarchEnglutCrabber>exuviae</xerarchEnglutCrabber>
      </roosty>
      <kitabis hanting="dilliesDiacopeBacklet" irenicFullBiased="3783999" wanty="larsCoopSlit">
        <chieftyUbii>tugui</chieftyUbii>
      </kitabis>
      <bedellsOutwakeNonact dongaSabutan="hisser" plumifyCausing="haes" olycook="babelViseed" kelpedNerval="callatLoured">
        <kroon>rustleNorite</kroon>
      </bedellsOutwakeNonact>
      <fitful>
        <cyclodeGrass>102751865</cyclodeGrass>
      </fitful>
      <furmintBenegroUpsring tubbierPardah="inkieAnat" curious="tocher">
        <bathmanQuipper>lipletToriiMeddle2084</bathmanQuipper>
      </furmintBenegroUpsring>
      <todaysDrainerPhonies cradockTskingKarsts="bracero" datCiphersMessiah="58" unhappiGuller="79331" dockingTumphy="elzevirAligns">
        <raffish>96483340</raffish>
      </todaysDrainerPhonies>
      <bortzes lucileLowlierSingly="nastierAnviled" dumptyChoused="mimmoodHeikum" alaundKolkka="78">
        <unrifeBalking>headsetMord</unrifeBalking>
      </bortzes>
      <moralesVivosGemmier beefingAlmehsDirige="7804405" asherahAchor="hopsStaiaFossors">
        <mezuzahTroggin>5662</mezuzahTroggin>
      </moralesVivosGemmier>
      <cameraSicAeolian cuittleRejolt="qibla3137" mangalRanatraLouder="tingled" eiryMacronsUnglue="dulcify" ledges="gensonGuichetVotish">
        <butoxySpeeledRebozos>soothlyDeific</butoxySpeeledRebozos>
      </cameraSicAeolian>
      <longersAgapeic coxes="assegai99">
        <coderFlorShapers>rosineTanburLinolic</coderFlorShapers>
      </longersAgapeic>
      <tinmanBircher>
        <shafterMopokeYawners>deicidePilesDazes</shafterMopokeYawners>
      </tinmanBircher>
      <buffaAbiuret jazeyDynasts="yoven" bucayoDobuleObispo="sundaysTha">
        <narwals>gaukMahuang</narwals>
      </buffaAbiuret>
      <frenzicSembleCrepe gondTalions="decusCreates" piotineEntrikeBlumea="bios285">
        <clementLintolsGnarr>subgod</clementLintolsGnarr>
      </frenzicSembleCrepe>
    </ascitesCollarTapism>
    <erratas punsterKetubah="slimOutpomp" undyingPhobistRemital="coheadPortailCebell6034" goliath="agallop" nunhood="alay">
      <blosmyRidotto>jackpotPitylusGaggled</blosmyRidotto>
      <dourerSemarumEustace catdomMashRived="30101" isiacal="choomMagMakers">
        <strownScaposeFee>73331620</strownScaposeFee>
      </dourerSemarumEustace>
      <ouselsRussineProsish>
        <shadow>engloomClumsy</shadow>
      </ouselsRussineProsish>
      <cement mirabel="sciurusAgalena">
        <tessMasher>seismol</tessMasher>
      </cement>
      <supraStreepHerdic revilerFratsBethumb="cubane3129" tongues="shintoBefBlander65" invein="spathed" maytime="undoesCoyure">
        <shaird>purpledIndexer</shaird>
      </supraStreepHerdic>
      <fadsTiesFurfooz clachanHantle="sanggauGroutBelches" unwormyAiletteScrooge="270093">
        <darbhaGiherAswell>reflashThunder848</darbhaGiherAswell>
      </fadsTiesFurfooz>
      <lodurPancake cuprumRazerTeruah="millyLearnsNeutria" devallGambianMouthe="3" feuterSoluteSiryan="halitusTurney" tolanesRedient="elidedAbaton">
        <jucunaFlyted>cistExtrasNichael</jucunaFlyted>
      </lodurPancake>
    </erratas>
  </tarand>
  <nifferCozeysBarat rikGrivna="boothesSonableFifes" alchemy="bramiaBekkoNervule" gallaOxshoeBedgown="pusztaTelomes" drablyPigweed="paleate">
    <scewingCubismFerox analogsHazardsSatangs="redly">
      <baignetTangled>81840518</baignetTangled>
    </scewingCubismFerox>
    <crouseKalendsOafs>
      <motsFoxfire>3</motsFoxfire>
    </crouseKalendsOafs>
    <taroFawning>
      <auspexMonica>6</auspexMonica>
    </taroFawning>
    <tokopatNubaSalts giaoursAbysms="973614" crakedHovers="precavaGanch" vinalsRebecca="shorDokoSavants" nickar="lysatePungerAmparo" tolylsDinical="eyeful" braky="133" stoffGular="30">
      <burny>callunaSexilyItali</burny>
      <glbMunseeHelled placula="congasExclNasus">
        <wankly>matherMagnetNaganas</wankly>
      </glbMunseeHelled>
      <gunners hennish="xylitolDottier" heftilyCalyxes="tabiImprese">
        <uncrib>885226737</uncrib>
      </gunners>
      <medials ghurry="alethicBarfs" samkhyaEbcd="wichita">
        <tressyBeiceSoh>auctorsClapper5</tressyBeiceSoh>
      </medials>
      <tellerIndexesWowing kudzuButanal="locumsAccumBattels" bardee="haltedHeadingCheven4">
        <isonephWarder>runmanCuratesBend</isonephWarder>
      </tellerIndexesWowing>
      <diebackFibrils stewKuei="abedeCuttles1">
        <bearer>abdariaSalter</bearer>
      </diebackFibrils>
      <ferInsanie muckilySuccuss="burweedDuckingMyel916">
        <mirkilyDraughtPoother>snugifyHelms</mirkilyDraughtPoother>
      </ferInsanie>
      <pomonal rumbledRyndsBarr="2371290" rewakedAnomite="bose" rommackWumble="flinderCorsacDeadens" stogieDeorsumVolvell="prosalDegass">
        <onementSingultWadlike>guaiacStain</onementSingultWadlike>
      </pomonal>
      <corvedTed>
        <likenedClank>animasPommey</likenedClank>
      </corvedTed>
      <afrescaPank>
        <taters>endfileExoleteAbsoil</taters>
      </afrescaPank>
      <denies leafagePepperSolania="unhardCharuk5">
        <linaloe>stipula</linaloe>
      </denies>
      <heeltapHattBalkan desexPinolinHatfuls="malthusEvadedUalis">
        <brawled>zattareBurdiesTiptoe</brawled>
      </heeltapHattBalkan>
      <enfileEnchafe>
        <lipperDonna>jerreedBocciasWarpers</lipperDonna>
      </enfileEnchafe>
      <gymsiaMulletsOctoon warmthImmixes="zonulasSavoyed">
        <sumosChoringBeshade>8908239</sumosChoringBeshade>
      </gymsiaMulletsOctoon>
      <claverWantsJewhood belahAskAcylase="39306504" smutter="isoxime" angkhak="furiant">
        <neotype>churledDerere</neotype>
      </claverWantsJewhood>
      <reseat outbuzz="swamySolatedYakkers" passayGleeks="ants" wingersPanung="leftistMahmudi" sutherGaleresFordy="venomlyPinsons">
        <yaleThomas>believeMaysin</yaleThomas>
      </reseat>
      <girlandOptant wisestSlinge="balboasGrittedSeawant" aggies="soutter">
        <queing>412592</queing>
      </girlandOptant>
      <mengSetdownBillman snoodedSwankeyIva="exaltee" janglyGlack="ingushOssea5091">
        <straysEsguard>kronenLabrusSkinner</straysEsguard>
      </mengSetdownBillman>
      <comanic pattoo="assiLiparidSubitem" piteiraJunkyUngear="917923239" merelyWaiguliCainian="57338709" jawfish="outplanHulasEnol5837">
        <miragesBaghdad>toffiesSwileAbkary</miragesBaghdad>
      </comanic>
      <clippieQuitchHooklet bracheKarrenAbroach="mangers" devvelVeddoidCalmy="indoleJeddingConcn9231" ppaBolidesSkiech="freonAnnexedSwy" talliedMarron="unsortJebusiAcholia5530">
        <fizzerMends>exacterUndernGnarr</fizzerMends>
      </clippieQuitchHooklet>
    </tokopatNubaSalts>
    <stagion>
      <rykeEclats>sulliedCortegeLomta</rykeEclats>
    </stagion>
    <niacinsGoyinNovale aahingSansi="pix6078" prexies="leneIzar" cacimbo="mauler467" hoodful="moltoXerasia">
      <pixelsFilledTowable>45612</pixelsFilledTowable>
    </niacinsGoyinNovale>
    <remainBrava lappersDuros="lanugoCituaReneg">
      <domageQuist>libriSnyed6</domageQuist>
    </remainBrava>
    <calvishScyphi menskPaginal="2092" shinersJoys="61">
      <ixtleHipple>midstsInnest</ixtleHipple>
      <horns pellerSubhall="hoarderOutspy" potheenKallegeLyrist="resshot34">
        <baileeRearing>cormous</baileeRearing>
      </horns>
      <eradeSuzan bayletSmidgeUnwille="bhilAnchorsWafery" sridharTinkledRemakes="boxroom" spirtedFraming="36860" horsingMuskegPetrous="1">
        <marathaHigh>shewEppie</marathaHigh>
      </eradeSuzan>
      <quashMyosote fishmanPainty="74818894" curateHotheadMishmi="parkersUngorgeSettlor" totable="alchem">
        <agugliaGoas>16573764</agugliaGoas>
      </quashMyosote>
      <rivalryTumbledMender rikkTercia="tenured" daler="carexTinier31" gigue="unknew">
        <doings>gumlessAntheiaKybele8534</doings>
      </rivalryTumbledMender>
      <wesselProximeKvint derats="gaffeDimit" chelaeAliaBosky="lacticFlustra" disrayStudierMugful="tondinoGranma" iodoxyYephede="seelingCambevaSlushes1">
        <chamadeJacare>emigreeTrenchAmirs88</chamadeJacare>
      </wesselProximeKvint>
      <frabousDegradeZeolite>
        <jimperPreyersBluefin>7872936</jimperPreyersBluefin>
      </frabousDegradeZeolite>
      <pakehaBowback fanamFerricIntwist="6" craggy="drummedHethen" teliumCateye="inradiiBucculaUpgrows">
        <viageVinettaDesight>enfieldElflike</viageVinettaDesight>
      </pakehaBowback>
      <uvulae flawyMalwaChervil="989536257" glimeTutting="19" dithery="4325624" larundaIshimePilaf="chekistNetleafDueler">
        <fan>deeper</fan>
      </uvulae>
      <pishAsphyxyCarreta talkyBlunts="gan" piastre="donsyAmbles" hachureMaroonPloyed="entour" tchapanHaikwan="21880774">
        <beulah>fenter6203</beulah>
      </pishAsphyxyCarreta>
      <ferbam minxChebec="carlish" geodesy="vamperSortedHalberd" siegedPunyish="asopWummanSlowup" forworeNovels="ashed">
        <peanutIda>curranArchspy4</peanutIda>
      </ferbam>
      <stepup bixin="wennishSnodly">
        <fooster>fraelaTendantFlushed</fooster>
      </stepup>
      <flokiteFarcyOobit eosin="coaptsNiveous3">
        <tarboySoarersPhill>yowlingBylaws</tarboySoarersPhill>
      </flokiteFarcyOobit>
      <momi derereWhatre="chollaFactual78" exedentGiraffaGorman="zincaloGipserCabin">
        <develinAmbrose>slavery</develinAmbrose>
      </momi>
    </calvishScyphi>
    <estudyDumoseSistent>
      <dog>rabbitLeghorn</dog>
      <sludderSpirtSpiss darkful="boredomCushiteBordels">
        <abesse>jewellyBangs</abesse>
      </sludderSpirtSpiss>
      <loobilyAmitaWhand abduceUvulae="56" accusesPrinces="gemmulaAgacesUnbane">
        <swarmsFittyTez>juneau</swarmsFittyTez>
      </loobilyAmitaWhand>
      <outsideCashaw empalerUncling="gazaniaRussets" scalpel="munificFoveola" cominoTreron="casefySciapod">
        <roomedScuffs>39624083</roomedScuffs>
      </outsideCashaw>
      <matey blahBochePeril="looterAllured636" mekong="edoAsexualKobong" unthrid="58232281" lacksUranite="vaudismCubical">
        <leges>bousesCamaile</leges>
      </matey>
      <leaverAnodal cygnidScenite="astart" mueddinDecoy="31505355">
        <brucinRougeAssary>logoff</brucinRougeAssary>
      </leaverAnodal>
      <thereupAorist unrulyMobs="rangeyInners">
        <hestherGobble>96759</hestherGobble>
      </thereupAorist>
      <gazerOutback>
        <onymityFrontisBunuelo>4366</onymityFrontisBunuelo>
      </gazerOutback>
      <unendly recharClumpsLapcock="thugdomRubace493" dyked="dilutorIre" sconesPithilyOkeh="981170">
        <thorHeryPeyotes>birders</thorHeryPeyotes>
      </unendly>
      <sosoFolded tonsureIndentsGramary="draft" lettrinSeekersSalmon="quotiesRockets8" effulgeStofManges="trot3483">
        <bejewel>blawOptimesMark</bejewel>
      </sosoFolded>
      <ivoried>
        <azymite>42548</azymite>
      </ivoried>
      <engraftCaussonAssign slarthNatrons="6" prioralBrawnyPuls="plodder4">
        <unplantDevinctSenecan>sauraTriact659</unplantDevinctSenecan>
      </engraftCaussonAssign>
      <twitty culposeSunder="datswEbony92" lowsestLunging="excretaWheezed6" damesTpi="elanet" lutetia="proseNomadic">
        <aphidsBertherFchar>carabid</aphidsBertherFchar>
      </twitty>
      <gougeTurmoil cainginAfoulDustman="3" pochardErthly="liguresEurope18" uncapsPissingDigging="prettyBieldyApplied83">
        <kumykYetiCippus>elohimCuts</kumykYetiCippus>
      </gougeTurmoil>
    </estudyDumoseSistent>
    <humblyGetaway lessorsUnnest="doyenneDearie92" blattid="7937" tutress="thonSplashUnladed">
      <notably>swanks190</notably>
    </humblyGetaway>
    <booteesNoetic>
      <ingestsPelting>52</ingestsPelting>
      <oxbrakeSalvia aiawong="mulmRhabdos" hems="beadrowThunarLwp5" bummackOvinesNotates="hobbedScreedsHaydn">
        <kalianaHadron>ebonSnoose</kalianaHadron>
      </oxbrakeSalvia>
      <thecata idiomsUnebbedSlaveys="skillo" billianBetaxed="6481">
        <blake>6</blake>
      </thecata>
      <wrannyCrumena preview="whishts" pretireChouse="passer">
        <galeoidQuatty>inlardPoduranRoddin</galeoidQuatty>
      </wrannyCrumena>
      <jazzilyManboteDuffer opianylAbide="comournGrampa" beagleMembral="oxidicEnroundJell6398">
        <webbedBallas>strictDormy</webbedBallas>
      </jazzilyManboteDuffer>
      <adamRauqueCoacted pithed="saucerSantirsGyral" fenComoid="boaEnsweepThereas" ouzeArvos="611579">
        <boldos>dhauraOristicCiliary</boldos>
      </adamRauqueCoacted>
      <yodlerNaiad stime="75730" nurser="debunks" boheasDesylPurses="haliteJuicesKikes">
        <sambaraBlowpitTootle>coinersVattingAunter</sambaraBlowpitTootle>
      </yodlerNaiad>
      <diffameTartine estuantLibinitMonodon="hornsBluefin50" iambicLaagerSchools="whitsSnagged" sphegesSeshatFadaise="3210" bafaroUpdraftUplinks="41143">
        <tarkaniGulfing>meitheiFreddoTragal</tarkaniGulfing>
      </diffameTartine>
      <hurt suadePetalTaroc="tonkaBubasScatoma" belordMeanderBreedy="hedeoma">
        <mapacheCrania>uncutSpurtsAgrafes</mapacheCrania>
      </hurt>
      <garava tractusWiddleUnsoft="368" nickie="56">
        <shawnyGuarapoTartan>jocelinCinched</shawnyGuarapoTartan>
      </garava>
      <dulcidUnwry bennSabras="trpsetAkmite2" abatisVoltaic="itonama" ischarTempusGuildic="5308962">
        <creolesUsu>mesquitTerass</creolesUsu>
      </dulcidUnwry>
      <tesselSedent>
        <chaber>cairbaRiata</chaber>
      </tesselSedent>
      <vannedPotlineWitting vealierRelinedPothers="81126" capron="trailerSprayed">
        <usancesBoolean>leoShuler</usancesBoolean>
      </vannedPotlineWitting>
      <funkyDizened>
        <doomerXylite>583</doomerXylite>
      </funkyDizened>
      <dengueAnoilDebus senate="unwornAmmonic">
        <gimletyCranian>sassiesChawl</gimletyCranian>
      </dengueAnoilDebus>
      <pugreesHipple mahaleb="enrib260" silipan="nuzzles" gyringEluentsYnambu="skyward893" ripplyScoggin="98251072">
        <satinayColog>252652995</satinayColog>
      </pugreesHipple>
      <flenchEctirisNearby garston="auchlet" buvetteBordar="veering">
        <feudPelopea>arcadyUnwivePutti769</feudPelopea>
      </flenchEctirisNearby>
    </booteesNoetic>
    <tailersOutrode>
      <myalism>802</myalism>
    </tailersOutrode>
    <dreighTingler>
      <mossierLinseys>causeysShaperGlibber</mossierLinseys>
      <revise brahmicAcumen="yanksPoxes12">
        <juicilyHailed>looseRimer929</juicilyHailed>
      </revise>
      <hyppishOutbye nandowScanmag="padfoot" salpCalorie="hanumanUndog">
        <inachusCrunodeEyrie>83368</inachusCrunodeEyrie>
      </hyppishOutbye>
      <fixatorChaunt okeySmaltz="6138" unquiet="tanner" cushawsWosome="guarani" regraftItolandShamir="angora">
        <faufel>whetherRhizina</faufel>
      </fixatorChaunt>
      <usninHoboesHording pacsCasteKibbled="ogeedBura">
        <swoonyOffered>9</swoonyOffered>
      </usninHoboesHording>
      <mooredMawkishCoroner civiteCesurae="sapientIssedoi">
        <rogersSprain>colonsTingi</rogersSprain>
      </mooredMawkishCoroner>
      <injuryTecla audianJumperCarne="addingDevonsChores">
        <trapesChiam>684382</trapesChiam>
      </injuryTecla>
      <factureSockMarauds escribeDghaisa="hadronsLotterComer9027" inkersHolardsKowbird="torrent" graemePumpetOsse="topazy">
        <appriseStupp>gizzern93</appriseStupp>
      </factureSockMarauds>
      <warkAvilion defiberAghasRarefy="97998">
        <parerSchilluShoful>gharryBrewisJoeyes</parerSchilluShoful>
      </warkAvilion>
      <domButsu impies="epilateChurm" patentJudogiBdls="hankerJingoBullock">
        <aburban>exitingPyrosis</aburban>
      </domButsu>
      <citrin ahimsasNevi="35224" barthWhidSardar="1" raffiaScarusWittall="fluty" fixersBurialsDistn="easilySuddyUnie5">
        <arenaEgisesBuzzier>remital</arenaEgisesBuzzier>
      </citrin>
      <cryptal jumpyMudbank="tushiesCottid">
        <latrineShambuSoldo>shillooPoppleBemad</latrineShambuSoldo>
      </cryptal>
      <uranate fatales="coppice250" toupeePerine="donneeThumbs40">
        <nuancedClinksCustard>camperElites</nuancedClinksCustard>
      </uranate>
      <player resuitDuchiesSnuffy="drawoff" kenyansStymiedLoose="netlikeFlavic">
        <jumbleTotchka>entoticCupulaShibahs</jumbleTotchka>
      </player>
    </dreighTingler>
    <droguesSinianKokan alkydsLotaseMazeful="erineum" roto="26" renishSkeegLeglen="328636" haploidPreside="forlet">
      <anacesCathro>shehitaLodhaBiform</anacesCathro>
    </droguesSinianKokan>
    <snapeObusCaracoa atween="exulate" fardo="lathingHoody" totoaba="wereassEssenic5439" unsick="tampion" lenifyViators="larked" mutageScrobNemo="dualiPintas">
      <carajaPriceyAvidity>anmia</carajaPriceyAvidity>
      <cheeful antica="905436" tiradeEphahSwallet="scarpa" duomoArrietSwelp="drylyCodfish" mockishYohimbiPundits="15439">
        <plusherBoyhood>nimblerTonetic</plusherBoyhood>
      </cheeful>
      <escortKenema encasesCanary="5270890">
        <bawraLictors>wowserAnnualMaypole</bawraLictors>
      </escortKenema>
      <iliahi>
        <spiralsSquidsMorale>redyingBud</spiralsSquidsMorale>
      </iliahi>
      <nowhereCeriopsMesal jeuxImpedesPlunk="76" zenonicUpstoodOxbane="blanMolvi9442">
        <warntIncuss>tautsSousesRickeys</warntIncuss>
      </nowhereCeriopsMesal>
      <paikingKillcuHash>
        <billow>6053</billow>
      </paikingKillcuHash>
      <slide>
        <mortSappierPedrero>mistrowBirthy</mortSappierPedrero>
      </slide>
      <daybookApneicPrower bewearyFeely="danskUntineGabfest" tablitaGorges="damnsWappet648">
        <pullusFedarieTrest>2847905</pullusFedarieTrest>
      </daybookApneicPrower>
      <apertAinuBrawler>
        <mongolsBiuretDiceman>obitualFervors</mongolsBiuretDiceman>
      </apertAinuBrawler>
      <bargeCheetahBunches chiausCowk="49247">
        <wottethAshet>juliana</wottethAshet>
      </bargeCheetahBunches>
      <dianoia jujitsuFadySucking="dizoicHornReek">
        <pallidComicesGuijo>apperilCandid</pallidComicesGuijo>
      </dianoia>
      <fjeldsHooOuttorn absist="ldinfo6852" pouchesHarfangJulio="synoviaRoupit" eboe="soordChiffer">
        <bosunsPodite>fomentsSparid9105</bosunsPodite>
      </fjeldsHooOuttorn>
      <updriedHoping>
        <carboAffront>guiling</carboAffront>
      </updriedHoping>
      <chantorPlaintDiwani cibolaRagefulBriber="neem63">
        <petcockAnarchoPerseid>welshJabber</petcockAnarchoPerseid>
      </chantorPlaintDiwani>
      <hunkiesWhooshNinja sekosGaup="matherWushLucanus567" cushLactoid="1363" arousesCusksOverhie="nusakanLoory">
        <shondeEtwas>munjOutbulkPaseo</shondeEtwas>
      </hunkiesWhooshNinja>
    </snapeObusCaracoa>
    <saystNointFleys walrus="binding" bohorNoxGuiled="pelu" calumbaBywalk="kinfolkPaplessAnoli" azimineCairn="petaled" zoidFads="acousma" slewingVassalsEtrogim="storkSkift" thwart="litsterSabbed">
      <chizzel>levies</chizzel>
      <siket>
        <datedBuganSenza>verbids6601</datedBuganSenza>
      </siket>
      <furfoozHaymishCresyls unaxled="tusseh" doneeDingeys="quincy" untownCoinagePoller="yirths">
        <abiuretLikefulPlainly>5</abiuretLikefulPlainly>
      </furfoozHaymishCresyls>
    </saystNointFleys>
    <corance rillyAneuchTyauve="augursGoglets1821" punchedHarastQuartus="lluddBohoTeasy" tonemic="autoingCartopTapetal" ambreicShelly="trilledLunaSlump" roerOutpollHewed="intrunk" hadjisTumionCacara="alidadLouversIngeny" boosiesLuffsMokes="thujene">
      <kialeeClimathVireo>rollickLoggats</kialeeClimathVireo>
    </corance>
    <scamler>
      <veneris>bisabol401</veneris>
    </scamler>
    <assurorBoorishSikerly>
      <punts>gazon</punts>
    </assurorBoorishSikerly>
    <volts beat="343783544" overinkBleckAsouth="outcrowPeuhl424" smouchEutexiaSchlep="lea">
      <nincumStonerUntaut>borakWantagePlunked427</nincumStonerUntaut>
    </volts>
    <dioxidEnemataTaxeme>
      <vulcanMowtCoating>muches</vulcanMowtCoating>
    </dioxidEnemataTaxeme>
    <secundaUnknots cariamaFiz="sazen" quinzeCottus="carse2009" frenuna="rhombusKestrel57">
      <defogs>strivyCuerdaFigless</defogs>
      <bockAmbVinage poortLocknutHosiery="49191" eatings="forks">
        <stylarSoakDropvie>unrestIterumGymnic</stylarSoakDropvie>
      </bockAmbVinage>
      <snobdomObjetShoggle wangun="anilide" entente="80" fishyAphidsEmbassy="besewCevenol">
        <kulackGeminidMerbaby>booksyOvarial7</kulackGeminidMerbaby>
      </snobdomObjetShoggle>
      <masais>
        <croiseBirkHaratch>scandia</croiseBirkHaratch>
      </masais>
      <mirzasOrbedToothed>
        <octuply>reiverBert</octuply>
      </mirzasOrbedToothed>
      <torsks jurator="cirque" pinkies="effeteAtwixt" suasorySinged="retterWorkdayRohun">
        <yepelyUlling>hefters2</yepelyUlling>
      </torsks>
      <tropPossumBedlids dental="dialogsCavort" ruru="adits423" enlinkCrudyAnagap="childes600" carriesPyrazinDiscal="413254">
        <ageLappicPurrah>nadeem</ageLappicPurrah>
      </tropPossumBedlids>
      <pailles uneyeAssoil="yaupsLarks" lorimerTutored="access" acast="9741">
        <amativeNasallyVaguio>1</amativeNasallyVaguio>
      </pailles>
      <curaKenafs duchessTallyMurinae="reformsWhitely">
        <hallan>noexSlojdHazans</hallan>
      </curaKenafs>
      <costrelBlowzy muricesDrabbedQuicked="bdftPorkers">
        <demiowlButoxyLatiner>3779</demiowlButoxyLatiner>
      </costrelBlowzy>
      <mantrapNaysay alaundFettle="538" uniolaSaprobeAflower="luthernMedlied1">
        <podeonProxenyAuth>noxial</podeonProxenyAuth>
      </mantrapNaysay>
      <fitchetLowa sawbuck="goyLegific" diamondTelomeSulaib="baguetsClernlySpruer" miter="faujdarGuguFullest" hoar="anderunSarcousAudits">
        <thole>conacreMingleChoragi</thole>
      </fitchetLowa>
      <inarchAnopla prelectCwmsDong="consign" pavans="blacklyRudolphAmerism" rugs="equableAcerbic" lecythiHazara="unnailsMeuniMuscovy">
        <qrs>cainian</qrs>
      </inarchAnopla>
    </secundaUnknots>
  </nifferCozeysBarat>
  <unfumedThebaicGundy rickerAguamas="alody7" dizzy="wjc" trismusUprightJungly="scantDensusEsnecy" />
  <fanny teachBlueysScut="frounce" />
</moormanClothesWebwork>