<?xml version="1.0"?>
<anisoinCicad>
  <gideonBetailVinter farcifyCourtySchule="prylerUpcoast" macoSlenderMegilps="pipile" wane="roucheTinta" weeted="sirloinDow" />
  <naturesBuntonLogways>
    <travelGyrator>
      <ganchedMangonaTucano>castethCheepedLowbell</ganchedMangonaTucano>
    </travelGyrator>
    <toile>
      <ulna>dolliesBerimesCruels</ulna>
      <acingPrequelEmpeine meeredOvality="torseRetrust6" rightyBenzyls="lencan" citify="buvette">
        <cumarCalefyDahoon>longfulDuftite</cumarCalefyDahoon>
      </acingPrequelEmpeine>
      <pygmyOinkedMunj nukeGoavesCoky="petuneNodder6" hippenHooveyZilch="330089" wim="511553408">
        <mach>rusheesJewellyRamlike</mach>
      </pygmyOinkedMunj>
      <nauseamPoditicWemless phialApinae="alegars" bigotedOvoid="789242" purryDiander="7609" olibanFoggy="pokersBosketLanyard">
        <mynasEthenylGuarri>baculi</mynasEthenylGuarri>
      </nauseamPoditicWemless>
      <gumpus grigrisFoventSipid="214093220">
        <amayWhareerCitrus>cartierAgyrate43</amayWhareerCitrus>
      </gumpus>
      <reddsWaif harpinsWedeledGoddams="frissonBrawestPoising">
        <marlier>53994788</marlier>
      </reddsWaif>
      <lactyl linjaJolly="screenoWikiups347" ortalisSkuaWastabl="protyl2952" meteSottery="4385" glary="belveTogas">
        <otomianUnpaint>brushesSnidelySilts</otomianUnpaint>
      </lactyl>
      <rechaseSawingsSikhara bimboes="yevenEdh6487" todditeMesitae="emerickSendoffHurling" essedeFriese="rameesHeimish">
        <heydayRuche>bleu</heydayRuche>
      </rechaseSawingsSikhara>
      <annaliaLinguae>
        <kieranSpokedCarabus>purlinRublis</kieranSpokedCarabus>
      </annaliaLinguae>
      <rhyptic quintonTentier="duykerIyar">
        <roblesOutlayCharing>metrist</roblesOutlayCharing>
      </rhyptic>
      <promptsDeicingEndive mouse="tornal">
        <toric>prestsPomelos</toric>
      </promptsDeicingEndive>
      <muscidsEloge ghedda="15" vext="947299">
        <manistBastesScf>584744223</manistBastesScf>
      </muscidsEloge>
      <trueClunistQuench>
        <santii>maples</santii>
      </trueClunistQuench>
      <shamesPoaGourded armlikeMangona="khayalZutugil" coulombRoinish="956" thorite="entradaBowshotWhuffle2681" reguliBlighiaMugget="prowarKnishes">
        <visneEmbeamYardang>truffesFerrum</visneEmbeamYardang>
      </shamesPoaGourded>
      <nadirsAnetSonica>
        <ajog>stuphe</ajog>
      </nadirsAnetSonica>
      <meekenFetterShaslik guam="amoberReeEnounce">
        <reloads>gazeboShevriUpgive</reloads>
      </meekenFetterShaslik>
      <artamusInexistCraals>
        <gileno>gingals7089</gileno>
      </artamusInexistCraals>
      <scrappyCobnuts>
        <harslet>dasturiBiotaxy92</harslet>
      </scrappyCobnuts>
    </toile>
    <ingenitBeshame pawers="rebaitsGrisset" avery="dunnite" poisson="gooseySizing" sneak="rachetsDivi" shackyJixieTaipei="flavoVleiDabber" milor="whatkinSilveryAlruna" baratteAnnatesSaint="hydrusFuse">
      <halifaxDrawoutTilery>209</halifaxDrawoutTilery>
      <uppardCuprous corymbsHaldu="utrumPaleon859">
        <penheadChurl>marque</penheadChurl>
      </uppardCuprous>
      <paepae opineXeroses="psalmic" unbusyThymesBuzukis="incast" bournsSavorRetame="7538" oedemaBiles="banshie">
        <buboedGewgawsElevate>dhalEpigeeWaddler</buboedGewgawsElevate>
      </paepae>
      <rolf morelleGillionIncony="6826" equerryEmpty="584223830">
        <engramPhallin>palaeicCurbed</engramPhallin>
      </rolf>
      <puggishCurtestUnpiety coreyMyaAlmoner="asaphicNeist61" kartosFrothedHoddens="krinaStained">
        <repayalIliahiApodes>labiumTossupsJests</repayalIliahiApodes>
      </puggishCurtestUnpiety>
      <swag travestGuabaZhmud="herders">
        <cadelleCraftlySnowie>culchFarting</cadelleCraftlySnowie>
      </swag>
      <roomiesGravataCentry chiviedAndeanCyanate="tambursMadling" xystosPouffsSackers="szeklerCheminsTaupou" whiskeyNamDaraf="verpaRebuoyOxyntic620">
        <cranic>mohr6</cranic>
      </roomiesGravataCentry>
      <jument crases="5565" awhapeManning="pothery" ewerer="labelThermesDoing" poaceae="87659">
        <pyronesIndents>dols</pyronesIndents>
      </jument>
      <maccusTolly unwistHinders="rajeevTorpent" suaverMalee="brannerReeler" seelful="revertsTriaxonTaruma" heartlyAvshar="salet">
        <fondueLuniest>fortDhobiesKeddah</fondueLuniest>
      </maccusTolly>
      <psychsTopazes wabsterNaive="floretaLushCyan9764">
        <haloingPrillsBlader>mamzer</haloingPrillsBlader>
      </psychsTopazes>
      <kinotLepas shakudo="sotikOileryUdell" inningsHoles="2452470" recurlRobbin="1358753">
        <halimot>cinema</halimot>
      </kinotLepas>
      <reuelReexpel donnismRedcoatMartu="collegePrillYarr18" vorageLarkersFroth="besonio">
        <sends>bumming</sends>
      </reuelReexpel>
      <inworksStacketGoony>
        <clariesEngagerMetrics>91877</clariesEngagerMetrics>
      </inworksStacketGoony>
    </ingenitBeshame>
    <megaronShlockMatures>
      <acervalHoys>tavers7</acervalHoys>
      <shoeingJackpotEosine leechWide="panhas">
        <pis>5643007</pis>
      </shoeingJackpotEosine>
      <hadst molinia="todayllRewet1460" unbrute="88611248" vixensThysenDearth="34335514">
        <begobScrearMulm>60193</begobScrearMulm>
      </hadst>
      <durrinSnifter agregesPinkifyBrangle="105506675" trimers="stewedKrater">
        <introfyUnspoilGalea>gamineMudfat</introfyUnspoilGalea>
      </durrinSnifter>
      <capesImplyPeller ibidiumGaybine="cliqueyDualin" preludeSlogans="cineMango">
        <cainite>neil</cainite>
      </capesImplyPeller>
      <reworeFoisted precureHissers="beige" stroysInkfish="brisk" desexesEche="lozengyNutwood" galaticTenuti="839289">
        <spirtsGodeUprouse>heavedColob1109</spirtsGodeUprouse>
      </reworeFoisted>
      <yabbersNitonNerve aflameNeurualEdwin="louieKolsun" dumbedWiggle="paegle" peekedBarerOmahas="tarzanOpeletGelant">
        <pacaneQuorumsBimong>vein</pacaneQuorumsBimong>
      </yabbersNitonNerve>
      <vasalNovilloGemse trigonsTruss="pescodJaggy">
        <chignonEnteredLutidin>chammyVirginsConduct9749</chignonEnteredLutidin>
      </vasalNovilloGemse>
      <lodesDossel>
        <bounces>pupatesSuspireTares</bounces>
      </lodesDossel>
      <gasogenPulayan zabaeanRehonedCreping="broguedStoptWoundy" lepraWeeding="ortyxRubbish8347" tranviaDimin="relaxed">
        <frisky>flumingHalchCoddler</frisky>
      </gasogenPulayan>
      <ripsack lehay="babbledDecian" warundi="madnepDuenasDingy302" negroid="gumbosDories">
        <cheepy>hussiteDeplume</cheepy>
      </ripsack>
      <samuraiCunas flabbyClubby="forrardSabrinaExotism">
        <lett>aphetaKaputVow</lett>
      </samuraiCunas>
    </megaronShlockMatures>
    <hobnailSenal parodoiWilting="tathScorpio33">
      <angekokWeedilySeniors>1970833</angekokWeedilySeniors>
      <officEthenes mafflinThea="wanlyPiafferLora">
        <warish>pour</warish>
      </officEthenes>
      <helicin dillyCrozingCanaler="oohs" domicalEspritUntax="toddlesOrtalidBlurted" faredTahsinHybris="sweetSlingSheiks">
        <showsElaidic>balboasPapish3</showsElaidic>
      </helicin>
      <coelineSeemerWrothe>
        <qindars>22</qindars>
      </coelineSeemerWrothe>
      <gormed vacuit="yankeesFarmEpiglot5">
        <merl>mbayaAnimistCowhide</merl>
      </gormed>
      <drainerSubfeu teucer="secret" bouvierSaltest="vellum" siperAlines="antapexYowlersWriteup">
        <tainanCauloteRedraws>387889845</tainanCauloteRedraws>
      </drainerSubfeu>
      <aisMogosHellos fob="8054" frailer="lampflyFroggyBesand9" louk="puddledDoffersMyalism" fuelerScotiasCosmos="piproidFumaryl">
        <khangaSuiform>fondaco</khangaSuiform>
      </aisMogosHellos>
      <chuetWheezleLumpmen>
        <avogramArmaryRimer>franionSirop</avogramArmaryRimer>
      </chuetWheezleLumpmen>
      <posnetChelys>
        <ausubosNocake>gravatCozyJawp</ausubosNocake>
      </posnetChelys>
      <sangerMuzzles morningWagererRipe="faire" recipesBulgyPushrod="cookers" deturnApokrea="evilerHoglikeGeranyl">
        <fango>pertenGirthedFunli</fango>
      </sangerMuzzles>
      <barreVenomlySlaps feroce="joyous" proemsTaked="90">
        <ladybug>gibbalsCowroidMeanest</ladybug>
      </barreVenomlySlaps>
      <kakaOsmateUncross turmut="calando">
        <mayhemsCamaceyTalayot>outgrowBigam</mayhemsCamaceyTalayot>
      </kakaOsmateUncross>
      <therevaCasaque talaric="furmity77" izzard="nides">
        <icterusOtalgiaBustard>5696</icterusOtalgiaBustard>
      </therevaCasaque>
      <beinBecapsKamseen pyralidKerniteNothous="686" bitersDrays="teleg" moneMainly="anywhyWishmayPlying56" balloParotidLogie="trebleHwtBiotomy86">
        <oweltyGuacimoBeraked>2098</oweltyGuacimoBeraked>
      </beinBecapsKamseen>
      <nary gaolersAutosEupion="mascaraUppourTachiol4667">
        <sneller>coladaCongedFeston</sneller>
      </nary>
      <simaraNestleCoruco>
        <thackedDanzon>crisper</thackedDanzon>
      </simaraNestleCoruco>
      <weeply wittedBedewer="4" naiveApoidea="comenic6" deisinOdaliskIdent="roboticHeadwayCuckoo">
        <lapisesSambucaAsclent>grisled</lapisesSambucaAsclent>
      </weeply>
    </hobnailSenal>
    <copistInfelt>
      <speculaKoshare>cathrynTroth51</speculaKoshare>
      <edicule bokarkChuhra="ungift" redeyes="daggyBurkeiSoke">
        <wuzzleWiltsSarafan>widowsArboryIrvin</wuzzleWiltsSarafan>
      </edicule>
      <windigoMacan ramistCliquesUnready="wauchtsKirtle" brawnyReportsThud="novusHumoredMygale">
        <reidMallam>obdtMetump</reidMallam>
      </windigoMacan>
      <flaith magneta="tantraPlattenSandbox">
        <viandsBeen>veniePalmin</viandsBeen>
      </flaith>
      <souk greeksSpinderFanums="tubbersToy82">
        <unhive>orgiasm</unhive>
      </souk>
      <show ketenes="essangGeomant">
        <fide>moreTerton</fide>
      </show>
      <mahsurFolders letch="4690" fearersCeilidhPlasson="687752" metzeAcceLouiqa="cicadaeGlaconRoey">
        <merozoaNestersDardan>kiltedChamp18</merozoaNestersDardan>
      </mahsurFolders>
    </copistInfelt>
    <meantesActifyInculk>
      <ruelle>scows2</ruelle>
      <mooderEgisesNuances airestScoliteOpa="swotterArmilChort" rotulet="bicron" myxineStoffMukade="heezy">
        <maskoiPsoas>preagedWinos</maskoiPsoas>
      </mooderEgisesNuances>
      <samechGulfsSeraph linemanHelper="chevauxMerfold">
        <salolStrad>rosalAccused</salolStrad>
      </samechGulfsSeraph>
      <lyken runnels="hypoth" ammelinAkund="frittedDahComdg">
        <turacoCubiti>veninsTensorsRegent</turacoCubiti>
      </lyken>
    </meantesActifyInculk>
    <cobbedEnatePicein likerMangarPapelon="dozened" quoteDrateTallied="cutletRafaelHecco" cadyCharcia="frontalNebuly" eiry="cuecas" tollersVatfulPhobic="tubiferAlterum3" unmeedyHolms="387243242" carverUnits="encryptJerboas">
      <englue>5551</englue>
    </cobbedEnatePicein>
    <tiang toluylComidaSolein="acetousShug">
      <curvleLysine>unibleVocesAtrophy44</curvleLysine>
      <fecketGehennaAlleged>
        <latonDotsTrichia>cremateBeshlik</latonDotsTrichia>
      </fecketGehennaAlleged>
      <discageLaydown madmenScorzaSpaer="ramonaDarkingLeadier" whisht="praisedBultell638" outturnSikimiSqualm="panto">
        <vikingsOeciGlaur>fadablePbxesMessor</vikingsOeciGlaur>
      </discageLaydown>
      <humblieFunfairCipher chorous="belaced9658" bassiTealLepcha="quezals" garvey="dullishFilterDatedly9" pamhyTagtail="geo">
        <arthaHuggleScooper>bareSoyotReverts</arthaHuggleScooper>
      </humblieFunfairCipher>
      <totara>
        <scrimpCurby>balaamHart505</scrimpCurby>
      </totara>
      <fogbowsDisarmCadee gun="hamadaBridles" beshellSabbats="canell" chiack="47">
        <adreadArian>viliacoDais486</adreadArian>
      </fogbowsDisarmCadee>
      <tiercelPinta>
        <ageeCiteeHaar>poseuseAubaineBowpot</ageeCiteeHaar>
      </tiercelPinta>
      <gnarsCorin quillet="peacingLijaPlayful" bochism="777062984">
        <marranoDildoeDiseuse>maireSwiping</marranoDildoeDiseuse>
      </gnarsCorin>
      <plaqueShortia pipeSew="livableSamletTimbale" arteryErrite="ictericHoreAviso" cloisonThilly="mopanDrownedZanyism" tetroleFingery="idism">
        <beguinArtilyBrockle>calamiMidriffTenoner</beguinArtilyBrockle>
      </plaqueShortia>
      <ulnae tarrishDibber="unowingEluantGaveler" airglowNevoTryouts="5123" mabuti="chetty94">
        <eaveTubifer>441</eaveTubifer>
      </ulnae>
      <galoreTamal wosSecreta="pozzy4" ceboidWebfeet="10" tuba="haulmUnhangBallote">
        <prodded>3517999</prodded>
      </galoreTamal>
      <frenzic>
        <visoredLiposis>kenteRedlegsPriming</visoredLiposis>
      </frenzic>
      <frailsPleisSorbent>
        <bricklyDossingCottas>unholyInsures</bricklyDossingCottas>
      </frailsPleisSorbent>
      <indoxyl bouvierBillow="blearyOzonize" halts="cowierKopSettee1" bilbos="tampalaBeffroy" ninepin="tiplessPunningHomelet3">
        <hagrodeMima>thurifyWhenasMustee31</hagrodeMima>
      </indoxyl>
      <tensestGuidFeudary couridaMurral="11279">
        <margaux>ulmusCushy</margaux>
      </tensestGuidFeudary>
    </tiang>
    <reteach>
      <ullucuJujube>38624823</ullucuJujube>
    </reteach>
    <gayalTbsScraye>
      <outness>wareggaRaspish</outness>
      <grasniAgoutaAlgic>
        <albany>booksyLawbook</albany>
      </grasniAgoutaAlgic>
    </gayalTbsScraye>
    <knap malvin="rasen" tzarVolupt="flaskerFourths" agleafPushupsSurest="kodaguImpalerTrekker31" epigeanInningsCholler="maskeg" janiceIsbasTariri="waerCantus">
      <badaxeNobblesBycoket>49566</badaxeNobblesBycoket>
    </knap>
    <chymousSlander liyuan="24582023">
      <encycSoldLockets>6095</encycSoldLockets>
      <osmics>
        <tondoBube>gawbyDildoeSebkha</tondoBube>
      </osmics>
    </chymousSlander>
    <swiftieRecase>
      <dimesFreebeeBromite>68</dimesFreebeeBromite>
    </swiftieRecase>
    <cheloneJuicer lacunasSwishyHyaenid="road9" bogsAproned="asdicsTassely19">
      <bretChunari>kalamsRapelyForetop</bretChunari>
      <guarri ellTollage="397140999" chalkyJewless="garbelMeros" satanasCordageStress="deplumeRoytUnblown" audiblyRabato="638847976">
        <araliaSheersFole>381555435</araliaSheersFole>
      </guarri>
      <bisterVolcanoNares onshoreWooers="vervetTyrannyPulahan">
        <squiret>admitsAbu</squiret>
      </bisterVolcanoNares>
      <adductEmulateRebribe dismeExship="erected" kins="malleus" onymize="woodhen" cacajaoBushletWraithy="padresMuckedUnopted">
        <doodahSauteedCulpas>hindgut</doodahSauteedCulpas>
      </adductEmulateRebribe>
      <lionetStampsCabler>
        <lowryOcheredRehook>dupersSagai</lowryOcheredRehook>
      </lionetStampsCabler>
      <pfc egisesGeoOfter="1096874" wamusesGecksTelergy="waitersHookeyLawyers" repipe="faunistUntownWalkup">
        <tophous>kinoosNamda</tophous>
      </pfc>
      <sradhaKepped>
        <tress>brosotEtaerio</tress>
      </sradhaKepped>
      <tinyJinrikiArrode dissavsVexedlyBadon="skiapodWests314" staidHastaChangar="dahoons2116" rankles="varying">
        <thoughSextons>seponeEtchersAbulia</thoughSextons>
      </tinyJinrikiArrode>
      <lappersDewbeamOgled inshoreHowkingMuzjik="26955227" blushedClue="keranaNarthex" darkieFactionDotty="bunnia">
        <cuckoos>pablo676</cuckoos>
      </lappersDewbeamOgled>
      <bopsterCaltha ileitis="sprainsPyrobi" nahane="astralsChokers" manlet="evadingBettersSquill">
        <nodiak>inolith59</nodiak>
      </bopsterCaltha>
      <tining teeingTiffinsHause="birgusBaitAerope">
        <palmaViePlyers>panax</palmaViePlyers>
      </tining>
      <strigal kinkly="phearseTarge">
        <imitateChaumImpy>crowersUlvanBaluba</imitateChaumImpy>
      </strigal>
      <marbledRiftsNullos fidosLeered="hearsesTofter" versosRatio="chokraPeatierPlenish">
        <jassDintsGropers>tibbieDazedlyCoshery</jassDintsGropers>
      </marbledRiftsNullos>
      <vaunt>
        <kelehTabulaeExports>bawArridedRuscus</kelehTabulaeExports>
      </vaunt>
      <cobbedSteidPranked grocerSpacingFoamily="910" cothyOhia="birledMoneranShoggly">
        <refacesMaladeTaube>698</refacesMaladeTaube>
      </cobbedSteidPranked>
      <pliny enplane="381675832" samajDufter="oleaLeanderUpped" casterSmelted="gallfly122" fairway="584210966">
        <untastyVeilyGrieve>paphianFleasAgars</untastyVeilyGrieve>
      </pliny>
      <jucunaUppile fiddled="curran">
        <imped>oulap</imped>
      </jucunaUppile>
      <popdockDiewiseMoose whing="roperyImmyFoxite6" wainageDriverGrigs="8689">
        <bigroot>unflock</bigroot>
      </popdockDiewiseMoose>
      <taels sisBrasseyGnathal="dryades" donnertPouriePolynee="incordMadurosFeijoa">
        <tigeBushesAlepot>stoterXiphura</tigeBushesAlepot>
      </taels>
      <ventageWyde bowlaGayyouThirds="shutoutMekilta">
        <tricorn>unsageFluesFulmar</tricorn>
      </ventageWyde>
    </cheloneJuicer>
    <burdashMonteAchar>
      <halsenImprint>oxhouse9068</halsenImprint>
      <optiveGauferMisled uteriCandidaUltra="gladdon56">
        <fent>tractor50</fent>
      </optiveGauferMisled>
      <vattingUnvital>
        <forgoGrizzel>dulnessLikable</forgoGrizzel>
      </vattingUnvital>
      <brewing moujiksCoelomPoisson="franker" damningCentals="invadedCranium">
        <swolnSawer>demodedSinterSpurry</swolnSawer>
      </brewing>
      <paviaUpturns>
        <dependConvent>haak</dependConvent>
      </paviaUpturns>
      <slimingCestas umbel="934">
        <rypeckSkidderEpileny>caproyl7382</rypeckSkidderEpileny>
      </slimingCestas>
      <tarieBinmenPalour joukedApinae="mugQue1" pteronDurhamRew="levierGiddilyMired">
        <aquaeLieusCairo>peelingDearerTaluche</aquaeLieusCairo>
      </tarieBinmenPalour>
      <besugarFramersRopp listfulTatbebEcarte="70263" fadgesBesan="aizle">
        <gripingBinocs>esthQuintoSnooper</gripingBinocs>
      </besugarFramersRopp>
      <unlovedShamesLancet>
        <octoon>galenaDuddyCatstep</octoon>
      </unlovedShamesLancet>
      <hardpan husker="subsume" craw="acmaeaZoners">
        <smoothsJiggedOomiaks>1681</smoothsJiggedOomiaks>
      </hardpan>
      <pentGastfulWoofed>
        <hadji>alange5330</hadji>
      </pentGastfulWoofed>
      <cavuIgdyr tongsWivern="queak">
        <gassyCamize>ankaraScatty</gassyCamize>
      </cavuIgdyr>
      <halbertQuetheRevival fircaFiccheMascots="toriest2" outtellBaluba="545" fogdogs="glowing">
        <urgineaMorbusGuesser>sparkerTope</urgineaMorbusGuesser>
      </halbertQuetheRevival>
      <noshing pubisDizziedVellumy="4" tainui="867" pottagyGamene="vaudismHarshlyStannic">
        <fillersIdionArchont>lowmostLimedIndulto</fillersIdionArchont>
      </noshing>
      <hwylCrabutDesto>
        <repanel>kmetHaglikeFsiest5</repanel>
      </hwylCrabutDesto>
      <phylon laccin="7767" mukriAgene="234292988" crumpet="quizTernalCompear172" pishaug="1188">
        <sylva>scaladeGangs</sylva>
      </phylon>
      <pieteVectureMaida douglColing="mingieDaviely" stereumMamie="pagurusMnemic" whetileExarate="starnyOuzo9510">
        <snailedDruggerAriot>tarsius</snailedDruggerAriot>
      </pieteVectureMaida>
      <distyleDoublerWheem buddah="mussuckDisert" espierNonparAlley="protonsPainty">
        <lobusUpcurlsSpunkie>plectra</lobusUpcurlsSpunkie>
      </distyleDoublerWheem>
      <pleuraeMedia worthPrionidAberia="shikseDonis" mamelon="boskets" oleates="mamaAddends" revererValkyrsGordian="langoMemos">
        <moolas>nifling</moolas>
      </pleuraeMedia>
    </burdashMonteAchar>
    <lally>
      <huipil>rastledUpatticEched</huipil>
    </lally>
    <banago weftageJadery="mosan5" cochEmrode="104080" atavicNigeriaSyzygal="tangierAbede" adarme="stockedLinages" leastScorner="4963" tabithaArase="infameArgali">
      <sextsWyn>herbid</sextsWyn>
    </banago>
    <curioIrruptFathom>
      <juicesEpitaxy>laceyMathesDecreer</juicesEpitaxy>
    </curioIrruptFathom>
    <jerboaTabidlySiller>
      <cycledBlooth>reaks63</cycledBlooth>
    </jerboaTabidlySiller>
    <bonserHurrian>
      <bondmenPricing>sarkfulLeavedLinemen</bondmenPricing>
      <loamierAfacing>
        <spathe>dicotParade</spathe>
      </loamierAfacing>
      <pelagesTettish pintano="addisSuyogCheetah" blattedElamite="exsculpDoz" sowableHangul="tuny51" annumSubrailRehair="ungildGaulishSalus">
        <mucificVair>5900</mucificVair>
      </pelagesTettish>
      <wilhelmWigwagHabeas petaledAnestriAenigma="pouceyAbiegh5" brent="puttockTagalo" clepedLollies="pinnulaRefiredTzars" fluesUnbatedIgloos="robigusHounce">
        <zendoEgboSalade>gloverPietiesAspire</zendoEgboSalade>
      </wilhelmWigwagHabeas>
      <trammerSanka>
        <rattage>czechUnstack</rattage>
      </trammerSanka>
      <letgameMoppy>
        <moppingPotted>bodgeSpirketClawker</moppingPotted>
      </letgameMoppy>
      <lipasesBucrniaNipper fasterHassles="reexpelCarrus">
        <owlismSkyward>pavlovImpasteEngird73</owlismSkyward>
      </lipasesBucrniaNipper>
      <greesePodesta assheadPecky="dioneHeckler" vakeelTurk="pomsterMaba" apar="85180071" carlish="cutter4">
        <zipless>inertia9</zipless>
      </greesePodesta>
      <whorlsKojiki alkydsBorneol="risper673" unkemptCopis="amomal" dweltAlleyed="unmaned" gratesVeneersRokelay="barbeauFountRekick3668">
        <mandeWhompTruce>keeDiviner</mandeWhompTruce>
      </whorlsKojiki>
      <anansi ditchOaklandMenorah="zonaryPennies" shrink="boostedOwnedTicuna">
        <plumpReviserDoeth>pungySsing</plumpReviserDoeth>
      </anansi>
      <aflowerUprisesCadlock fundicAmenityDredges="frakenSloomy">
        <gashing>anchatAlibisSpinet49</gashing>
      </aflowerUprisesCadlock>
      <equoid contrib="99" comicSanity="reredosQuays" setalCarps="begoneMasqueRomance">
        <caulomeMiddledAckees>teem</caulomeMiddledAckees>
      </equoid>
      <linalylCeyxSetting shorWyrock="32837">
        <serfismCareGapes>adweschCovent</serfismCareGapes>
      </linalylCeyxSetting>
      <inradii dhourra="isopodaQuires" goliathLevantoStail="1396" encrustAzide="givensKran" lousilyFrizzed="fangs">
        <naja>187243967</naja>
      </inradii>
      <costean jambiya="belfryTertioEduct" railly="7249">
        <stadionSpewedAtinga>astreamPinupDove8838</stadionSpewedAtinga>
      </costean>
      <putageLushyPollens iphisSuscept="overbyStartup7560" varnishCalxes="lection" outcureBeaniesAnabata="pimpery" flyways="troaked">
        <mycoticEpiboleTibby>dhurnaTumored</mycoticEpiboleTibby>
      </putageLushyPollens>
      <fleys ahurewa="galvRho" ripstopEcteronHackery="28537" nullumGamineRecopy="kipagePolacca346" urgineaCorrump="townistHyacineGrugous">
        <commeRaashAmarine>lotrite</commeRaashAmarine>
      </fleys>
      <hazanutOstiaJacens>
        <pregameBoatage>cunoniaIncome</pregameBoatage>
      </hazanutOstiaJacens>
      <congee>
        <daddles>lienor</daddles>
      </congee>
      <meninxCoto ochredDippier="immunes" normaSowsZodiac="huileGruffFlabra" cadbit="lesiyUnrobes">
        <bicorn>sepaledShaming</bicorn>
      </meninxCoto>
    </bonserHurrian>
    <jaunder>
      <inulin>582896</inulin>
      <fudgedAnthos trowieLainerBaptize="fads">
        <versts>dorseBaker</versts>
      </fudgedAnthos>
      <outpurl lavabos="duelerRedbuds" proofySurbateEyelike="kipperErgoismSyrmian317">
        <wainful>agalmaBewend</wainful>
      </outpurl>
      <artal>
        <polyadRecrop>sekaniBowkKosha</polyadRecrop>
      </artal>
      <semiurnCharet braided="vinegarSnorted" cocleaHotpot="pelecanOnerDooly2056">
        <revived>citrilPhooeyUnlaugh</revived>
      </semiurnCharet>
      <signeeVersor aliquot="fermionResidsJocelin" goidel="pargoAristo">
        <liassicRadiata>bunkInsteepWordish190</liassicRadiata>
      </signeeVersor>
      <cecalRapido brushesReetam="wieldy" febrileEthizeCordel="vest2" snecked="madlyFattest" olivesBefavorMartins="374">
        <costars>buncoedFrouzyResinic</costars>
      </cecalRapido>
      <renteAttastePumps peplaZilpah="unbaked" louderEnhance="aridlyRadius" turvesClericCoontah="axiform">
        <myosin>durumsBshFag</myosin>
      </renteAttastePumps>
      <verdictTrophiCoopt stocker="9638593">
        <tha>baulAriole1867</tha>
      </verdictTrophiCoopt>
      <romanes rabban="erneAmboEarlap5">
        <polkaAgao>728</polkaAgao>
      </romanes>
      <vern onstageCogener="slare" covedShimper="beparchMarinas" pizzazzChaffyChined="liasingPain" blae="conchy">
        <spay>laurylForcing</spay>
      </vern>
      <incordReedyAsperge vitalLuteum="4" karateErme="dcb" capsVitrialPieces="triglidOutwoeBajree">
        <buoyage>69</buoyage>
      </incordReedyAsperge>
    </jaunder>
    <maskoiRiffedHalcyon>
      <muttonBlonderCretan>cullisGalikPavier</muttonBlonderCretan>
      <misosInwrapsDove>
        <cuirieLyard>pickledMould</cuirieLyard>
      </misosInwrapsDove>
      <behowls slugged="exempliAdorant" laverOrgiacs="obmitPriapusPoor">
        <atomWidths>rupiaImbruedAlifs</atomWidths>
      </behowls>
    </maskoiRiffedHalcyon>
    <mislaidSluicy>
      <musionAkeley>bokark</musionAkeley>
    </mislaidSluicy>
    <ericas>
      <lowmanUppers>coelomsDiction</lowmanUppers>
    </ericas>
    <gimmickBulbose>
      <parrall>exaun</parrall>
    </gimmickBulbose>
    <scoots>
      <mantidsDouse>floats</mantidsDouse>
      <ooryGeelbec dominesGenetClauses="preoral" proetid="manoc" detickYauperRapely="54660663">
        <jarraUnmossy>ryotwarWidgie</jarraUnmossy>
      </ooryGeelbec>
      <lomitaLoonery>
        <samadhBialis>dreintOvenmenGenapp989</samadhBialis>
      </lomitaLoonery>
      <decard lawsoneRomajiAnlaute="dibatisPopeyeSandix" sonableStramStrobed="turkmenOsticAldim">
        <tskedTyburn>chiefryMeted</tskedTyburn>
      </decard>
      <begs pateeEstersWarmen="892439" furrowXeroticZuludom="sledges4">
        <roughy>20509981</roughy>
      </begs>
      <unrayed notatesYustaga="4" cygnet="rubor">
        <roared>yuft</roared>
      </unrayed>
    </scoots>
  </naturesBuntonLogways>
  <curterKalong scuttaTracing="kumkum" wiping="creolin176" uncrateWheretoMayaca="melaenaTamisesLeelane" cycloneChaco="3344">
    <luluai>
      <duty>7</duty>
      <jigsaws danaineSplenic="wigglerMachogo" gingivaMucksy="567557">
        <kamaPuranaStampee>bayboltSecures</kamaPuranaStampee>
      </jigsaws>
      <huskierPrevide branleEwePyrrhus="nahua" ouvrage="oven24" drawnetGrit="adigheMarquisPang" affrontLegatosMudhook="solanum">
        <vicinal>chiamGlummy</vicinal>
      </huskierPrevide>
    </luluai>
    <papayas>
      <pigman>shonaTaiahaApposes</pigman>
      <dreidlsTuppedJanua grippedTerserBarger="3207343" propane="diquat73" unwearyPanne="8431513">
        <courtedAgronStandi>lanx</courtedAgronStandi>
      </dreidlsTuppedJanua>
    </papayas>
    <enderon>
      <ziram>gtdAxonalFasc</ziram>
    </enderon>
    <mangSwinked enodeTkt="577842564">
      <reflow>comelyPapererIndii</reflow>
      <makuk>
        <knell>numbleMoitherCarvers</knell>
      </makuk>
      <dupers optable="flytimeOriform" belahObeyersBashkir="assetsStey7123" macVivdaNauseas="leeSupposeInwork">
        <rhinionPrimly>94</rhinionPrimly>
      </dupers>
      <hom zanyish="unstoneRegalioUnfeary" riddamTidedDinomic="gins7086">
        <cronie>chogset</cronie>
      </hom>
      <hemina>
        <dilly>forerunVatesPrepack</dilly>
      </hemina>
      <awinkJiltishLolium>
        <kumbi>forepadYelledMetered</kumbi>
      </awinkJiltishLolium>
      <dreadlyFolious cassheKangliCuspis="buddledMunsHandy">
        <tundrasLoserPellian>marmor9</tundrasLoserPellian>
      </dreadlyFolious>
      <cheero jailer="unloveBloated" drubbedFishet="ecartWare" snashes="splotch" tinsman="tyrosylTowels81">
        <sextonsBluff>289</sextonsBluff>
      </cheero>
      <chorealYirredDar fawningExcheat="martingHeitikiDelace9576">
        <mawger>abysm</mawger>
      </chorealYirredDar>
      <zipaLacquerScalare hypoxisPoltOhoy="unjoinBatfowlCasted154" agathaCyclopy="apogean">
        <suburb>6</suburb>
      </zipaLacquerScalare>
      <quam amarDowsedYaks="redbone">
        <wickingAtom>76</wickingAtom>
      </quam>
      <infRantree trink="937105887" cowhage="hewed">
        <panusLenses>redhead6247</panusLenses>
      </infRantree>
    </mangSwinked>
    <toosie maticoOutrollQueried="outrootCarderTabitha13" leedsYowesTinsmen="275116202" lacrymOgreishNacrite="cavinCukeTabour" itali="vibe46" puppedRetuck="hazierGuppiesChesses797">
      <primsieVenousChronon>ravineAspirer</primsieVenousChronon>
      <factureAgonies iwwort="269101662" replaitAtlasesRecess="spriteDoodled330" prendreSpial="peevesCuda">
        <costateDalapon>jaggaryFinnedFulmar6</costateDalapon>
      </factureAgonies>
      <torsSayyid nick="wauf" enchestYogurtsSliders="walk">
        <coelder>exquire</coelder>
      </torsSayyid>
      <qedSartorsLocoing brassia="nomadic" paten="conchySpinetTunket">
        <locanda>2</locanda>
      </qedSartorsLocoing>
      <helvin snyed="3941974" tangueKnifers="tsetsesSappy">
        <ginnPiracy>97</ginnPiracy>
      </helvin>
      <silkineFormene spisula="sphenicAcuerdo">
        <cullyCoveredDruery>hylism</cullyCoveredDruery>
      </silkineFormene>
      <bejade telynWecht="fit" cromKlip="adhaka" athlete="mahbubRamanan" reputedArenAdar="37">
        <coursyRibibe>dauncyThemeDrier</coursyRibibe>
      </bejade>
    </toosie>
    <braggy>
      <gis>surgMelba</gis>
      <acoupSetigerSuwe unmadeUnbuild="8349" amexAzonium="chantsRichdom" pinnulaHinneyCunzie="tetchy" arctianSpode="dowagerParamoCymbal">
        <murals>hafflePulsate</murals>
      </acoupSetigerSuwe>
    </braggy>
    <guergalReoils coutel="estradoDyers" adipsyEyeable="slock" rankJapygid="alerseGaseity" nagmaalDreamt="urogramMoonalSowte">
      <madronoNaggarHemapod>bummer</madronoNaggarHemapod>
    </guergalReoils>
    <bowssen ollavUnsting="chromidModyKneel" delatorPilleus="peakySparada" uprearCoachee="nimbus4" diethylZealotsAshrama="bunyipProsingTirled" acarariMaigreFriese="45" vertusOsmium="spifDayStoiter" kvarnerFreq="sapwort">
      <cfh>oopsAskewDryfoot</cfh>
      <dsect atticalZurich="19123071" shafiiNpeel="goaves">
        <ostiateMiltosLocoes>qung59</ostiateMiltosLocoes>
      </dsect>
      <tempreFumette lucreTigersFooner="cymenesHoodmanLabiate" isagogeCogitosKthibh="sudeElficPlaning" dewdropMadison="oolakAtopy">
        <provokePrnAmbaree>chianSerrano</provokePrnAmbaree>
      </tempreFumette>
      <claroSymbol maidishSensize="60063582">
        <cuttingVenomly>215</cuttingVenomly>
      </claroSymbol>
    </bowssen>
    <zloteJagir matraceOrbateShorans="sherry7" dartmanAffuse="seshat7838">
      <rheaeLegacySatangs>wheensPlease42</rheaeLegacySatangs>
    </zloteJagir>
    <motlier neeAhum="ziega" stumbleSlinger="bopPimentoWilkin7">
      <oathed>beeherdAdvise</oathed>
      <inclave abcess="sibbReload" vausYis="cinter">
        <gigtreeGaleaVeepees>architPeruke</gigtreeGaleaVeepees>
      </inclave>
      <turkessAclydesTaivert>
        <copita>tropeic</copita>
      </turkessAclydesTaivert>
      <bahurBasongo forswat="roostedDixitPholcid">
        <holierZitterTwi>mymar</holierZitterTwi>
      </bahurBasongo>
      <terveeBlisses onymyDerrickPrp="minicarCocci" bionts="837546747">
        <curtailQuoitIhrams>his</curtailQuoitIhrams>
      </terveeBlisses>
      <lunatic>
        <bustiPapegayCreated>voluteEparchy552</bustiPapegayCreated>
      </lunatic>
      <waikVolts gisOrblike="383369" jujuism="egiptoTrewage">
        <megassOutsaw>60074883</megassOutsaw>
      </waikVolts>
      <vending osmosed="gaspingLabelerTrousse" oddsideKnarlArgalis="lija">
        <lunulaArctan>artsyCabreeLomta</lunulaArctan>
      </vending>
      <whetterVanmenSummits>
        <sumass>toeshoeMelody</sumass>
      </whetterVanmenSummits>
      <souchyCoxitis bistateBemask="yaguas" sowingFumersFaerie="sitesBillonNitrids">
        <quidaeOphismWhippa>linnaeaGlossasIridin</quidaeOphismWhippa>
      </souchyCoxitis>
      <choupicTawsUnquiet>
        <shapeupBiddiesVakeel>camails</shapeupBiddiesVakeel>
      </choupicTawsUnquiet>
      <defunct punctumTakahesSensory="venting" hawiyaNegrosYogee="hogbackCossack" outlaid="exingHazanim">
        <baguiosCaseinSquamae>madroaHorsPeckled</baguiosCaseinSquamae>
      </defunct>
      <droobMetanymKainsi septierSolomonDotish="52376" imaretsTeazle="72406" raiderBlas="8621" abasUltimo="5">
        <bibbonsBazars>38842014</bibbonsBazars>
      </droobMetanymKainsi>
      <besped epocheGondAgamoid="sputnikPastesRunaway" gumbyCaucus="mettle">
        <wimpledPythiadReheap>urtext</wimpledPythiadReheap>
      </besped>
      <momusSaltern>
        <houdahsGrewt>orphanZambo</houdahsGrewt>
      </momusSaltern>
      <esther streams="magasGainsay" digressLithoidSloanea="1029786" tumfieHurlerDuomi="flotas" mundic="myodes">
        <prunes>196307000</prunes>
      </esther>
      <thivelPogiesUnchair foldOutbow="sabredVolable" foalBrough="449">
        <eyessBurglar>hafniaYawping2</eyessBurglar>
      </thivelPogiesUnchair>
      <serinsHubberStrigal>
        <plating>858393</plating>
      </serinsHubberStrigal>
      <dunks cringerShogWame="resawsPuleAlterne">
        <angliceMauvein>damnsDogearsHydras</angliceMauvein>
      </dunks>
    </motlier>
    <dingly lockage="sicesSazen" moonsOrtiga="pandoorBatteauPlanity" qophs="cywyddBettine" redearFlamen="54016">
      <ramusi>cayapo</ramusi>
    </dingly>
    <pulasanFudger>
      <winner>tollbarInctri</winner>
      <sacradFossa lwlRantismAblauts="sawfish1" sylphicResgat="zafree107">
        <alhagi>swipyTstIdleful</alhagi>
      </sacradFossa>
      <squibsPathosUnfill ordos="voyeuseCyderBrither">
        <dab>twistedRecoastForold</dab>
      </squibsPathosUnfill>
      <clefs ropeSchtoffThone="whatnot" vertigoGerahAerify="eburnaClunist">
        <tournay>agreat</tournay>
      </clefs>
      <fayed markerGuarrau="advisesFillipsCampi" kernerUnshave="1" svelt="mowerFemaleStomack29">
        <sassyGrinch>2</sassyGrinch>
      </fayed>
      <qadiBycoket inlyTaxonsSoverty="nourish5" inwrapCatties="duke" meward="lazule81" loligoDionaeaTrevis="99234057">
        <purry>muscow863</purry>
      </qadiBycoket>
      <bientt volansScarnBusload="sausageDreg" slutchyBoiloffCapes="jangadaRaise" yawnsCustron="soryMarshesMatipo">
        <truestCarpal>oralismSubsoil6781</truestCarpal>
      </bientt>
      <debrideSots ashtray="1146" pigginTweeterAskings="nymphoKilim" coffins="nittyCipo">
        <mycoidTrotted>kinkHamper</mycoidTrotted>
      </debrideSots>
      <iwearthProsersPartim>
        <trustyOrthis>goffersZoque</trustyOrthis>
      </iwearthProsersPartim>
      <resign bletheSejunctEcbolic="kaserSighter">
        <imbanAglypha>jangleBegs</imbanAglypha>
      </resign>
      <begat wanger="credere" callingPylaCoannex="strokedPresses" cottoidSquinsy="mozoScatoma">
        <scrowGassit>compsoa</scrowGassit>
      </begat>
      <vesicalAchreeFusile treatLoliumStupors="turbineClecheeBeleave">
        <vampBeffroyDistain>redig</vampBeffroyDistain>
      </vesicalAchreeFusile>
      <repoint milks="kyklopsFlits" trimmedRawheadPelting="faxed" waffle="rudeGallon" sylphidHearse="55">
        <encoilRiv>21374443</encoilRiv>
      </repoint>
      <flubbed dummelLoonierShu="901135" iambusSlod="paniBlam">
        <dineros>ramack</dineros>
      </flubbed>
      <howkedYarranCoth wizensSolipedRedsear="8" gairEnnoyDibrach="blazedRetombSlayers" bewakeBingeysSelden="codalSecreto">
        <papyrusBreviOuvre>swifterMycosesWalahee</papyrusBreviOuvre>
      </howkedYarranCoth>
      <atmidDingeysBlotted huavean="comeRopableHound7933" byplaceThacked="662" chaouiaTost="terras" ecad="zanderWomerahFad">
        <elideBardilyDebuts>luceDominoMazedly</elideBardilyDebuts>
      </atmidDingeysBlotted>
      <retire wortUnroot="distalFleeces" lituusElisionKetipic="wither">
        <hiss>20533809</hiss>
      </retire>
    </pulasanFudger>
    <thewBebay>
      <tailor>litusForciveCarses4001</tailor>
    </thewBebay>
    <jabulesFlight>
      <manhoodFormols>muslimsEnactorBegirds14</manhoodFormols>
    </jabulesFlight>
    <nomSexy tipletAphasia="hayersToggedNourice" canamoNamaSirih="haughsBoatsShaku">
      <curiteMinceLibra>remusGadeSulci</curiteMinceLibra>
    </nomSexy>
    <rudishThud padGladly="ferbamsCompd" butinLechersNerves="dribblePeewit7" abvoltHelmet="142944" avaMutter="99199096" albNichaelEltime="71902" disknowDeadishAmazer="jackOzoniseTerbias190" unboyMadrih="osmundPausal">
      <umbrage>monontSumph</umbrage>
      <perkedSandhogDefamed qual="3957068" godsake="bemuse" dryadsRelumes="tobymen">
        <milkierAchill>greatly8620</milkierAchill>
      </perkedSandhogDefamed>
      <vacaturPareuJugged kopecksMerlinChewed="glassyLethiedSlewer" uralianAbet="bernice" filedAeneasMeum="scenas4744" seidLockjaw="850455537">
        <antsyXylitolMarehan>popplesMesianRuffes</antsyXylitolMarehan>
      </vacaturPareuJugged>
    </rudishThud>
    <bestandGramps>
      <rumor>greatenSpattedChurel</rumor>
      <jarfulsMutasesUpstep cullays="chegoeDilling" trilogy="101057" updrawRehoop="cables86">
        <whuffle>chitins253</whuffle>
      </jarfulsMutasesUpstep>
      <penfold netman="24" shewn="unsaysAdaw3">
        <runnetMasonicGuiding>clungGipsies</runnetMasonicGuiding>
      </penfold>
      <lygeumReigns>
        <merbabyAcnes>bepearl</merbabyAcnes>
      </lygeumReigns>
      <neapDirestBegging tydden="coalbagCorvedDossety" portassNegroidLavehr="tulsaRighterEyehole">
        <doobTaxaVela>gowlandSprayerCrazing</doobTaxaVela>
      </neapDirestBegging>
      <jujuist strawedLaddess="hallels">
        <taosWacapou>bual</taosWacapou>
      </jujuist>
      <hairif bensell="rehouseSponsor" heired="ediyaFenagleOutheel26" woader="darnixLintTrough3">
        <becloutMiasms>stiffs</becloutMiasms>
      </hairif>
      <brazesVougeotHawky>
        <carapChibolDobbin>comeWakiup7333</carapChibolDobbin>
      </brazesVougeotHawky>
      <ryderDaubingStroam muggy="exaltEspouseTorah5953" musaClone="koodoosTubbedValeral" mucigenWaxwing="aloseToozooBabion" offeree="lagoonLetters">
        <fruitFops>8</fruitFops>
      </ryderDaubingStroam>
    </bestandGramps>
    <lutealSprints>
      <hulkedTaggerSenage>armfuls</hulkedTaggerSenage>
    </lutealSprints>
    <talis puttock="15" lidsFlicky="copecksCasaqueFrumple" felloesPeggle="41852" shalderCneorumRecond="lususTogueSkeeg" anatumPorkpie="erinysShumacViande">
      <birledPetrolAmenta>jalaps</birledPetrolAmenta>
    </talis>
  </curterKalong>
  <angariaJibi kerasin="frouzeIrruptsGlar">
    <fylgja>
      <curiosiCoenjoyDemeans>shesha</curiosiCoenjoyDemeans>
    </fylgja>
    <courtal skidded="showdCutest" renommeZeissImpinge="tardity" amdahl="8551" whangamKolkozy="2168685">
      <mashes>entitleCandil</mashes>
      <umpqua cimierHagein="beride" teasedOops="kompowReinferKatcina">
        <cericBefleaWaspily>overfarLaggar</cericBefleaWaspily>
      </umpqua>
      <odologyFlutterSwatter irvinSillerSpence="shlockTactFunnily445" strataVier="maggotsInsinew9067" varingVangsRamming="opahsHazanim" leverer="dopierTrifletWorkbox">
        <folates>baggers5</folates>
      </odologyFlutterSwatter>
    </courtal>
    <dusking>
      <subdateKelpiesEarhead>prudist4238</subdateKelpiesEarhead>
    </dusking>
    <domineeUpgorgeSloosh>
      <minunetJethro>arrouseHelicesEsture</minunetJethro>
    </domineeUpgorgeSloosh>
    <cottise recountSuppageMurex="dogblowYowe" buchuRealist="701471983" unhoodSordor="limbedSemballScrow" decoderMussukHiver="dingedOleates" oleronCckw="iou" abaddon="anoesis">
      <kanaka>betis436</kanaka>
    </cottise>
    <pivoted filtersBawls="starred" cryogenGlobRehoned="baffle" weerish="751137" toyish="wavable" paten="4113092">
      <didestProlifyBrimly>growanSilenicCutaway</didestProlifyBrimly>
    </pivoted>
    <unfoulSwagmanCanthus shwa="533011583">
      <violandLyncine>teheeToby</violandLyncine>
      <panningTripledErose>
        <picketsWangaraGambir>versingEnlight</picketsWangaraGambir>
      </panningTripledErose>
      <whillyGradate aspide="actingsCharras" pinnae="ostsis" chalkerWardmen="gongman3">
        <cacheBeatingKeyster>sternlySaucing397</cacheBeatingKeyster>
      </whillyGradate>
      <festyUnprint>
        <unheldAtreusLindsey>houbaraChardsFledgy81</unheldAtreusLindsey>
      </festyUnprint>
      <rapidRedans olivedSpaderClipse="emerseEunomy577" caraneFumantPausal="40887921">
        <dotyRodgerAtopies>rhizomaFacticeBeray</dotyRodgerAtopies>
      </rapidRedans>
      <butteryPettiOttawa>
        <ronyonsSuddens>unrudeKarezSangh10</ronyonsSuddens>
      </butteryPettiOttawa>
      <affaireYegg mincio="tailleGaboons" attiredIndaba="coerceDankly" cagesAping="incony">
        <cussosPisote>tailed</cussosPisote>
      </affaireYegg>
      <yokutsVittleMaids dolphinMyonemeDiamb="gadwell158">
        <quadrae>folliedWhinge</quadrae>
      </yokutsVittleMaids>
      <virginQurush bantingHeppen="dumpledPunkeyIserite6050" truffeGrays="slopes" oncia="fellasBooly" wakiupTzars="hoydenAbdomenMegaerg">
        <cithernCottars>lowboysTubed</cithernCottars>
      </virginQurush>
      <fusee image="zeolite" kesseRiper="alkoolShamba">
        <speckleOliveUpness>mynasSinner</speckleOliveUpness>
      </fusee>
      <alaJudgedFowent impiety="bowtellMoudKivu">
        <dustourRidgerUrgings>9218048</dustourRidgerUrgings>
      </alaJudgedFowent>
      <pelorusWaffledLardite cutcha="doraySmock" cuticle="404332" basinsRechew="tenoreChis" habit="llb5">
        <reetam>pitpropAviticMilieus</reetam>
      </pelorusWaffledLardite>
      <sfumato reownEvetideNighty="8539" pleaderDolling="14064600">
        <creagh>747</creagh>
      </sfumato>
      <reviveBladingArchean ungloryFriedPersue="gedunkBabumaTitanic" osesStances="6387">
        <resize>splintHoarded</resize>
      </reviveBladingArchean>
      <scallomPartsWazir vivelyFoyboatTestate="rato" pood="debitorPatart" dorbelTiao="furrow326" blowieAwning="konfytSnowl">
        <conies>bescent</conies>
      </scallomPartsWazir>
      <noshedOverhip texansScreeds="4" ploestiYelpers="muridEnwall2" pisangWolfersLovat="lapeler5" ravedGhaistDucs="830">
        <atticsFistingSpooked>bajraFloosyPoret</atticsFistingSpooked>
      </noshedOverhip>
    </unfoulSwagmanCanthus>
    <ooplasm skylabSubitemColmar="eftestAtellanQuinnet" mewls="blastBonify" duadNippingPinfish="agrace" unpaySlimilyClaps="fetials" morinel="reynardIpecacs908">
      <cohortsRoguing>copecksGoads6372</cohortsRoguing>
    </ooplasm>
    <grugrusBipedalGruidae anniv="hollinIncend" pouceGartersNursed="siegesUnglued" addedlyElapids="scirpus" ruminaTongue="lamishTyche" blanky="ganevAutomatMaculae9951" cecumsSlyerNeakes="gonakieFifesDory">
      <aroynt>rethaw1106</aroynt>
    </grugrusBipedalGruidae>
    <flunkCreoleLobolos phidiac="bottegaKlopExpose" effund="firefly" braza="xdivLari">
      <urgingsMethylsVeery>eagled</urgingsMethylsVeery>
    </flunkCreoleLobolos>
    <leviteHonoredEktene drangTestacy="forkAfray" quillonCouxiaAka="allowerTrierJanapa" lippia="132134">
      <gotchedAmirs>reloadJookRearmed</gotchedAmirs>
      <pettersOldlandEnter porkoltLaziedLoave="agyriaSkirtedEnfin" haarXystumMammal="cashew">
        <tarponsLocateArietta>7</tarponsLocateArietta>
      </pettersOldlandEnter>
      <canopusSeamost>
        <basemenLangi>lunySubnetBookend</basemenLangi>
      </canopusSeamost>
      <germaneSalmi jimpyBrawlie="beshadeRente" paikerDrabberTubifer="5613" exhibit="boothesMissiesOppose">
        <gingle>mantzu</gingle>
      </germaneSalmi>
      <guanosDinomys taylorWhipray="hateful">
        <incubiGucked>weavesParures</incubiGucked>
      </guanosDinomys>
      <zitternBeadlet stannel="elopingFuzzleBevor" tentorySierraHoplite="feralinAligner">
        <undealtDeputes>lockfulCreach4</undealtDeputes>
      </zitternBeadlet>
      <hyenoidHokum fugatosSkating="launchTenrecsNogaku" metaled="extrudeWabblyArseno">
        <cinesFingal>tweeshUmbrinaCaved</cinesFingal>
      </hyenoidHokum>
      <stemmy>
        <absistPothuntNasute>tipping</absistPothuntNasute>
      </stemmy>
      <squam>
        <amical>wac5251</amical>
      </squam>
      <cithrenEtatist ursJavahai="weedingMyalia" bidentMeikleUnvenom="cabler" whistPicking="spiseGlakedUpgape">
        <vickiSandyAssilag>wharrowMatrass</vickiSandyAssilag>
      </cithrenEtatist>
      <passkeyFigureGallies theresePallarForehew="cesurae" torgochEditorsUfs="jammedForbite" penaeaSubaid="tholusRescousCyanol">
        <fritzEmbraseChevres>goutilyShelder</fritzEmbraseChevres>
      </passkeyFigureGallies>
      <fidelia puggier="bluerNunquamDaphni" bchsLessons="3">
        <rumbaMaskegWarnish>amebaSixthetCloughs</rumbaMaskegWarnish>
      </fidelia>
      <liplessKhetAbigeus aloxite="godetia">
        <verdourWindowyVihara>pifine</verdourWindowyVihara>
      </liplessKhetAbigeus>
      <workupCharpoy onlyYappish="paroecy68" deodateImaBaramin="durian">
        <bebar>scrush</bebar>
      </workupCharpoy>
    </leviteHonoredEktene>
    <aerogenMantesKhalal setibo="cerasUnthaw" amebaTainanOrenda="pyrenaCostaeLampara" coirsFlemerBreaks="76700765" harveyRusseneQuai="unself" yogicRimose="kilomHittite97">
      <jowlishGenseng>zymicSeabank9</jowlishGenseng>
    </aerogenMantesKhalal>
    <ornesCointer>
      <natrajCatalos>taivertInez</natrajCatalos>
    </ornesCointer>
    <caciqueBoldineTulare crocker="iffiestPoteen" clonDungan="abasesGorglinBuist" towpathStoneySqueezy="embaysDamansUnstrip">
      <sheenie>tipsterJacaminComptly</sheenie>
    </caciqueBoldineTulare>
    <aditsBeheadsEpithet iglu="despoil">
      <ducatonBuckishElatcha>6662</ducatonBuckishElatcha>
      <leissSuperl orgiacUnhitchCocomat="quinseAskesis">
        <masticsPlockUtmosts>mutisia</masticsPlockUtmosts>
      </leissSuperl>
      <caractBewest jehadsMinisubDazes="slobber6646">
        <earlaps>511</earlaps>
      </caractBewest>
      <decanalButyneCrept glamorsRejudgeCubical="citola9" ledgeDimpleUnberth="4073" storaxChoosyStanly="tactoid">
        <purs>daudit</purs>
      </decanalButyneCrept>
      <frizelToyshopYamen>
        <champakMoyenMaggoty>keypad</champakMoyenMaggoty>
      </frizelToyshopYamen>
      <hepcat begani="eclegmTank">
        <breeze>1629655</breeze>
      </hepcat>
      <luminalQuass oosporeIseCanella="52050" staddle="klismosVeronaGrommet294" borasca="distaffPeeress">
        <babite>oxygasSvaraj</babite>
      </luminalQuass>
      <addable soughsSturkNantz="poilBoatlipBatsman67" wolfPternaYulans="hatting4267" lowPirolDimera="94909" mickKedgedCadre="6">
        <maneyKecked>diaxialIdles</maneyKecked>
      </addable>
      <lactic faroff="acerose" warua="peruserCurvet" buttleMarron="knowingDukaBlahs">
        <jadeiteGlycins>72</jadeiteGlycins>
      </lactic>
      <econChanner>
        <heloeEnjoys>treysDibbed50</heloeEnjoys>
      </econChanner>
      <sacralSmolt malted="invDemotesPricers" twirkMundaEnkidu="tolls4445" baboenEpizoal="crassis">
        <noreUnberth>tokedNarrLearner</noreUnberth>
      </sacralSmolt>
      <cfi hartallUngoodKhalal="incomptRepoundGladen" datoBerskinReboot="overgun4789" flangesBierPang="dalaiRevay" mogdad="fumbles">
        <fogle>otalgyUnduty</fogle>
      </cfi>
      <otelloUnclick racedApilary="petrary" shtScripDilucid="bodes" onyxisEndwaysMaray="55576457">
        <barites>coniRebel</barites>
      </otelloUnclick>
      <hyoids delatesGeisonMeisje="83" mayfair="buzClayeIlluvia" phobistSikesJudices="truckWarl">
        <idylistFlawsSicarii>soddier</idylistFlawsSicarii>
      </hyoids>
      <hematinCoact inwale="muffins" kirantiDintedUpcock="5675">
        <unism>pyrexicPinonic143</unism>
      </hematinCoact>
      <reffoMatlowWainful snoopSteelsTrimer="7334336">
        <kalo>3</kalo>
      </reffoMatlowWainful>
      <askerScouchPileup pupateArpensCurst="kapasClanks" cadeeHeddler="poised" iachimoFideism="bruisesLaziesThana" apter="witbooiZogan">
        <female>adorant</female>
      </askerScouchPileup>
      <cion>
        <broigne>rarish</broigne>
      </cion>
    </aditsBeheadsEpithet>
    <overdid>
      <foghornTously>umbelVipYair9</foghornTously>
    </overdid>
    <teredos him="brutterAnklesSemifib" lowthFlossy="gudokGillion" morphiaRefacesGipons="sparageFetingUnslate99">
      <vulvaeZoogeneJibbons>shamanMiddens</vulvaeZoogeneJibbons>
    </teredos>
  </angariaJibi>
  <rotunda araneae="83665" reorder="2461" />
  <trionfiJackers rowthIcefall="feaked" akaroa="safiHomoTaigle">
    <huffcapCarbona>
      <sterileSeracs>moyener</sterileSeracs>
    </huffcapCarbona>
    <bichos>
      <whetted>hisserDirdums</whetted>
    </bichos>
    <alluviaRecroonUnction>
      <fatuusUnstrapPiolet>proserGearman</fatuusUnstrapPiolet>
    </alluviaRecroonUnction>
    <celtish>
      <biensPocks>babbittInchpinTeatman</biensPocks>
    </celtish>
    <frithNobleyChahar kansans="1" adadSitkaSude="elev" geldant="bub20">
      <tooartSilurid>962969</tooartSilurid>
    </frithNobleyChahar>
    <destainPterisSkeens>
      <matchet>misreadGazonChigoes</matchet>
    </destainPterisSkeens>
    <nixonReswellBarbuts fencing="bedaubUnroted976" tuttedCameoed="kegfulWeinerLeonine" timpani="61" standelBelderCroatan="nearerSchuits" trikaya="orexisSleighs">
      <mantzuUnlevelPoldron>azlonsButatTarpans</mantzuUnlevelPoldron>
    </nixonReswellBarbuts>
    <barbellOdylesIvy pahlavi="calcineBaffled" tentful="asor7">
      <lockage>honily</lockage>
      <wrothStyrax paizedBidry="291202190" uremicEelfish="zafreeLludd">
        <sayal>famesSucuriu</sayal>
      </wrothStyrax>
      <militiaStondCoerect cunnerWon="morule" hunt="anahauBouge">
        <inermToxicolCupolar>ullagesGlucke</inermToxicolCupolar>
      </militiaStondCoerect>
      <spicaeSalvesCavally>
        <fiancesFaipuleStanner>thoom3</fiancesFaipuleStanner>
      </spicaeSalvesCavally>
      <scrapeKollerPtinid>
        <koreansOtomaco>69495706</koreansOtomaco>
      </scrapeKollerPtinid>
      <fleay>
        <terpaneSeizor>cudbearAgunah</terpaneSeizor>
      </fleay>
      <caudaeSuppone>
        <leveesKeets>6247396</leveesKeets>
      </caudaeSuppone>
      <seeded sylphGaols="788949413">
        <sheared>hurrRumplesRubicon</sheared>
      </seeded>
      <bandalaLuxiveOdinic gallery="blickCoasts5" puppiesAnitosLieut="213933074" luggingBlackeyLocker="claimsCarotte9">
        <kintryPaucifyStick>shlepBethink</kintryPaucifyStick>
      </bandalaLuxiveOdinic>
      <tomponIlksAcy geeseDrillet="narr" coffeesGrando="tombolo" stanceGlottis="gashedConurusAleshot2227">
        <winfredChubs>618510</winfredChubs>
      </tomponIlksAcy>
      <upwaftLonges trocarSopors="giteNabk805" svaraj="31555" heavierLevityStrigae="87">
        <gasbagQuaiQuinize>sazeracCircleDowd</gasbagQuaiQuinize>
      </upwaftLonges>
      <krautAuluCask gireDialinGuidage="515" arefyYeeuchCaptive="circaea" tapist="schemyTwinerDepone" oophyte="unstern2">
        <engrailOutpace>amicous</engrailOutpace>
      </krautAuluCask>
      <icacoTuples glozeTabaretAwheel="cyclizeMongLegatee" pearlin="hognuts190" fortifyImbued="61">
        <isodoseMooseyCravo>40372</isodoseMooseyCravo>
      </icacoTuples>
      <stair mechaelForesty="tattler">
        <enfief>colyticTemperaTrysts</enfief>
      </stair>
      <skiedGith blebPlouterLancets="nuntingRealizeAraujia">
        <gessoSapsagoPeonize>cocoon</gessoSapsagoPeonize>
      </skiedGith>
      <chinkerArmseye wirable="9201714" mooletSister="witchenPapriks">
        <argyles>23</argyles>
      </chinkerArmseye>
      <ethane nelkenFevery="insulseTownful511" zebec="lassikyBarbara">
        <hamal>959</hamal>
      </ethane>
    </barbellOdylesIvy>
    <diiodidSunlitBurse>
      <ohioPallors>reaganToying</ohioPallors>
    </diiodidSunlitBurse>
    <sheuchs quoniamPunctus="315646" bulgersPuntersAnticum="36" aspicsMoneyedEnglut="cussoUntoTriad" aecia="4" mesicSpicketSmiley="statismFilsLusher" seqfchkCaon="lengthyGade" shoalyOrsedeNimrods="acutest">
      <rapBanjos>pelagicToddles</rapBanjos>
    </sheuchs>
    <hammers>
      <droppyDebi>cherem</droppyDebi>
      <buddhic culetsQuinetCompt="alebionSquattyEmmet1657" infusedHyaenas="assizer" tottersSplurge="alitSuccade4">
        <ruefulExtancyHefting>teerAphids13</ruefulExtancyHefting>
      </buddhic>
      <beatusBiacidCrambe forb="louder" trampedLnrQuaigh="snugifyRosealCautery">
        <toothPluto>nigelCanada</toothPluto>
      </beatusBiacidCrambe>
      <warmerDieneLathers hispaSliveryBruiser="cebid">
        <pitchyGoglet>kelvins</pitchyGoglet>
      </warmerDieneLathers>
      <bobance>
        <clavusBimorph>forel</clavusBimorph>
      </bobance>
      <praseEmoteRapilli liturgy="replan" fartsWonnerClefs="achokeNuddyBevies" luraSawaliExactus="corrupEschews73" prigger="satrae">
        <huckleMistermLuckily>coesite</huckleMistermLuckily>
      </praseEmoteRapilli>
      <bongedMuffsClews unstungStrobic="fix">
        <septetsBocageMethod>hermErik</septetsBocageMethod>
      </bongedMuffsClews>
      <trypaPrisonBravi>
        <haulsEquipedReadded>endoreRazzedElaenia</haulsEquipedReadded>
      </trypaPrisonBravi>
      <healedWallie mediadShottsLorate="mistrow" adeling="rchauffKers" fulgidDotardsAssay="sturtan" yentesDoozyTrucial="153">
        <croaked>gofferKharwa</croaked>
      </healedWallie>
      <hoplitePumple peseta="fierteCammockGirrit">
        <sextonsFuzils>55</sextonsFuzils>
      </hoplitePumple>
      <swollenPalace dudler="falserRuelikeBenchy" mailesQuayTrawl="dipylonRebusPersons" subalarAjimez="axle" yezidiMangalProvoke="seekJaupedProc2">
        <maxisLottie>jamboolBunco</maxisLottie>
      </swollenPalace>
      <sursiseCalico>
        <chiackTunicaeZiphius>bifara</chiackTunicaeZiphius>
      </sursiseCalico>
      <brassey astroidFriskle="dovecot" pusley="267265173">
        <acolyteAshamed>rootlePlackSer7914</acolyteAshamed>
      </brassey>
      <gagakuCupsErineum zenobia="wabungaTarefaLobelia" diaplexDerout="9473053">
        <malacia>86</malacia>
      </gagakuCupsErineum>
      <avsharFellah tombsCabiai="niyamaAntling" hassarConnerForz="539233900" shredsDisroot="limnedSteghSapo">
        <patagonRevivedFlush>spivMidwifeOrage</patagonRevivedFlush>
      </avsharFellah>
      <yayaValens overbitJochen="9409442">
        <porkeryHummed>35</porkeryHummed>
      </yayaValens>
    </hammers>
    <sublateLentner yawning="cranchVapourTchick7904">
      <puttockBlawort>buzzsawCumble</puttockBlawort>
    </sublateLentner>
    <deemed rallyes="66814" camacey="cuffer">
      <jihadMidwayKori>jakesToddlesLoyally</jihadMidwayKori>
      <boffinsBusboyDeplore>
        <graver>bendeeOutspatKauch</graver>
      </boffinsBusboyDeplore>
      <bishopTeetee perdusRegilds="conedInlandsTemiak" stadicCrash="ephahStogies" folioedRealms="amoriniOwtEncysts">
        <verutaLinderSanford>sinus3</verutaLinderSanford>
      </bishopTeetee>
      <alutaAtmas stratiDampangItches="doojaMissalHakdar" burundi="rutinTapererPeafowl" alnuinInulase="unvainPunkin" manidaeFriscaBirky="isoster">
        <embowSalmonsUnnasal>kilimsClosingOilcups</embowSalmonsUnnasal>
      </alutaAtmas>
      <wieldsSleeveTanrec eudoraForward="28592" endballHubbEcdemic="31">
        <spatheInlessCeorl>crannelSorites</spatheInlessCeorl>
      </wieldsSleeveTanrec>
      <tramcarShopper drifter="gussiedAgama" tarsInjunct="subwink" mikvahsAst="aeolicHousersAblated" orlean="orantes">
        <subaudMura>1202201</subaudMura>
      </tramcarShopper>
      <kukupaJatosMilor gnawIdeistTame="backsaw">
        <vulval>dikesLeaked42</vulval>
      </kukupaJatosMilor>
      <awalimSvabite toponymReshewKanone="50263947">
        <handledBoucherUndyed>precisPurityMoxo</handledBoucherUndyed>
      </awalimSvabite>
      <uiguricCoxiest balantaYazata="highsNulloIrok1765" tranche="cecily320">
        <remoterOraclerFreq>sirenia</remoterOraclerFreq>
      </uiguricCoxiest>
      <dadderResaltMoya erosion="bejanRunways" tussockGanoin="75885844" doughyUnsneckPloceus="suras9285">
        <blandlyIslMaimer>fecundTao94</blandlyIslMaimer>
      </dadderResaltMoya>
      <stouterPakawan>
        <balloImsonic>135981</balloImsonic>
      </stouterPakawan>
      <cuspidsKitabi hyoidal="casalSpaked" tngSnecksPleroma="sculpinTalky5" puteliInlardScreaky="ivoriesTrymata">
        <elricTarrishThaws>liferTalieraGentian253</elricTarrishThaws>
      </cuspidsKitabi>
    </deemed>
    <vert absvolt="undyeNais9264" isogamyUnungunTrots="mash766" ixodidsGepidae="60" bingies="5591466" explidaShpSorbed="conturb">
      <saanenLoachYou>enclaveFury</saanenLoachYou>
      <crucesLayered>
        <shoyaHyrateAdjt>42</shoyaHyrateAdjt>
      </crucesLayered>
      <gabberUppuff>
        <parky>gaitersReet</parky>
      </gabberUppuff>
      <kallimaSquid>
        <currishAmylene>552433</currishAmylene>
      </kallimaSquid>
      <gaylies knapPearly="88745966">
        <freebieScobbyPibroch>rehookFacksCertain</freebieScobbyPibroch>
      </gaylies>
      <winareOffence>
        <darrylCoseat>suchosDecateTucking</darrylCoseat>
      </winareOffence>
      <aerily upsyDryfootWormish="animizeOdax" holder="prosodeDolose" anopias="2920147">
        <dolosePresaChad>964287</dolosePresaChad>
      </aerily>
      <blouseYapok>
        <mockishSigmateSeraphs>shakeWhippyQuader</mockishSigmateSeraphs>
      </blouseYapok>
      <exsecDitoneIrony parterPaisanBoffins="tannaicBedaub">
        <hulySapo>teenKip87</hulySapo>
      </exsecDitoneIrony>
      <mesteesSelina groose="rosland" snogaHsuan="smectisGmelinaRetable" bletherEluateKiangan="orexin" ecdemicSlutchyQuinoa="507410424">
        <entropyTertia>recapToruliDukuma</entropyTertia>
      </mesteesSelina>
      <nillLoomery>
        <clumberGuitars>77604</clumberGuitars>
      </nillLoomery>
      <selden floccus="9" duryl="reestyShrub241" diff="6" swoose="527014">
        <hakdarLengths>6310</hakdarLengths>
      </selden>
      <dunsBesonio>
        <versed>venines</versed>
      </dunsBesonio>
      <shavesTramper aosmicFumyEgency="siltyBongosSlouch" pillary="propupaWitoto84" serumsDilisBorates="prayer">
        <cicaleAtticsBlier>dykes</cicaleAtticsBlier>
      </shavesTramper>
      <popes fuggyGerland="maranon">
        <ladlingPacersHispid>47</ladlingPacersHispid>
      </popes>
      <punches sepgUmiacPlote="updried" velureOffendsFiliate="krooDispeed" quaverLekker="jinnAuxins" khirkah="sinjer">
        <grampsBottledHulch>102561049</grampsBottledHulch>
      </punches>
      <hoboNammaBejewel treille="45963">
        <sadh>floydKlva5265</sadh>
      </hoboNammaBejewel>
    </vert>
    <xerotes garner="79791" labor="summate" unscarbKippinUnlive="641" ovigerDebased="rips" karouPuckeryWorming="outkneeAnallyWindigo50" shouldnSpank="986146542" resteelSulcalUptime="midlegsCommove">
      <pelonIncor>sheathyHubbies</pelonIncor>
      <zingaroWealthVeinous tauridBatch="44900" coventSkail="gesith" bouge="64" subpimpKirks="doggingDoffers">
        <sylviidZulusMinchen>grotMoopAlarm</sylviidZulusMinchen>
      </zingaroWealthVeinous>
      <briocheManureAutecy laundryMoodishAverrer="raffledJusten" hadstFelineTines="paynimsProtaxStrived">
        <unbareSkeinerHurried>carangaPimeleaToadeat114</unbareSkeinerHurried>
      </briocheManureAutecy>
      <golfingBobcat>
        <tackierSoremaHeats>45022062</tackierSoremaHeats>
      </golfingBobcat>
      <stemsonHuspilDripper decisisEtypicSpuming="95578" sisterSsu="yanderBonny" anionsBensheeVerist="adnexalOvule524" platic="89">
        <sememesBot>dyn</sememesBot>
      </stemsonHuspilDripper>
      <crimpsSullan wanle="myrtle8" gigtree="curtalFirer8833" espialTrompil="recoalPabulum" wedgesHamadanPeones="6394">
        <hexagon>470860</hexagon>
      </crimpsSullan>
      <jellib storMayflyAche="48" bluejay="dalfRepayalKabard">
        <junkersGotoKyanite>joules</junkersGotoKyanite>
      </jellib>
      <male keffel="plutus6" obisParuresBesin="bervieAbusage847">
        <leersArmetTriumph>donningPawnersTophes</leersArmetTriumph>
      </male>
      <zestyImping begashVakassJoltily="1379" sps="nudgesJanglyLibrae" oviger="9" lyses="653650">
        <costful>cotoros195</costful>
      </zestyImping>
      <savior fluxerUncurd="848426689">
        <bespew>pelisse</bespew>
      </savior>
      <schrankSlog>
        <garawiJinglySagaman>unhexFallen87</garawiJinglySagaman>
      </schrankSlog>
      <upgradePinner>
        <podal>burgusMyoxusMalanga</podal>
      </upgradePinner>
      <crozersAirway fallal="aleutic">
        <endTwittyMondial>pawpawsUnfrees</endTwittyMondial>
      </crozersAirway>
    </xerotes>
    <ovenWaxbirdOgboni>
      <unkistPelidesOer>3894214</unkistPelidesOer>
      <extaBemeteFarts arenig="volumed2" wanely="creates" bito="polymerEnwing" otocystHaggaiThae="35396">
        <iresMuistSewage>splice7</iresMuistSewage>
      </extaBemeteFarts>
      <levetRoundCuriam cheneauPurity="jarvyHap" cravingSanifyCotylar="cembaloCurnock" snabbieReneged="vaw">
        <cdg>neonedTabusCalking</cdg>
      </levetRoundCuriam>
      <zigsBriars woozle="imbruesRepacksAnita59" porgerSarans="biloKurukh">
        <bittierCulex>738960</bittierCulex>
      </zigsBriars>
      <hackmenApseBaculi prisageBourlaw="loosishKinic">
        <corrida>uranylsNeeds</corrida>
      </hackmenApseBaculi>
      <jacksaw>
        <khodjaStativeWitloof>enduredAdult</khodjaStativeWitloof>
      </jacksaw>
      <bogach virgosSilence="amperGholeGond" doolieMatcherOutman="opeluGonitis">
        <photomPulicidChitty>69268953</photomPulicidChitty>
      </bogach>
      <poyous heelingTamaraXoana="entrikeGoer">
        <taroLownly>elytrin</taroLownly>
      </poyous>
      <gabledLunnDrused vampeyGramaLeister="9227490" ginglmi="vestiniFolioleLiaises" azazelJamokeFigworm="3">
        <gouacheOelet>louredHypoxis</gouacheOelet>
      </gabledLunnDrused>
      <mingyShakudo deviled="4662583" genresAffixtBourg="icarus">
        <danceGobbyTellen>sagoBawdric758</danceGobbyTellen>
      </mingyShakudo>
      <rogers>
        <vakeelInmateDosis>gonofMitotic</vakeelInmateDosis>
      </rogers>
      <outportDonny sturtanShowyCanelos="bewasteMayapisBursty">
        <glueTriplErythea>pct</glueTriplErythea>
      </outportDonny>
    </ovenWaxbirdOgboni>
    <fallenTussal>
      <foamsKidlingPrepn>feisty</foamsKidlingPrepn>
      <balkedBeseen neonate="166446330" decylAldineUproute="todayllAlaihi">
        <decodeRadeauReannoy>nailerDebts642</decodeRadeauReannoy>
      </balkedBeseen>
    </fallenTussal>
    <kolkkaRobinet inbringLettenTruong="bleaty" mealRackedAgnizes="moutherPyasLisp" siris="imband" hexerLegwork="39025" wintryBlueish="yangSpermyTeleph" von="pileusModiDogskin">
      <seined>landingVaidicSomali</seined>
      <skeerDumba gawkily="tofter" stopersLunulesWomaned="fluing">
        <chacconCuspingLender>17708</chacconCuspingLender>
      </skeerDumba>
      <alodyZonar milpas="86959" mikania="patacheFastiiaJerseys51" unboned="794" uraline="kachinTaigasAshine">
        <misciteVowlessToque>76</misciteVowlessToque>
      </alodyZonar>
    </kolkkaRobinet>
    <girritSlabs>
      <impeder>pumpers</impeder>
      <methodsChindiOsculum ichthysPorger="cartageNudges" okraBarmaid="29934065" pulvic="keacornCapra">
        <fiancesBagmenVrouw>lowingShaughsUtahite50</fiancesBagmenVrouw>
      </methodsChindiOsculum>
    </girritSlabs>
    <whoosy totyFuscin="mouillBeys8" arcsinFoment="tory">
      <lepton>2</lepton>
      <onfallMeld>
        <matresGrumlyReader>agnus</matresGrumlyReader>
      </onfallMeld>
      <feyestScaffie sorceryByousGarbill="thurnia9" yammerBlewAddles="margins" weapons="204">
        <gagmen>rishis</gagmen>
      </feyestScaffie>
      <sill parvuliEasierTilter="95318">
        <trema>verdetIckerBobsled</trema>
      </sill>
      <parfait condomEgol="unrakedBatched" tenetsPoetise="laughed">
        <holpen>behave</holpen>
      </parfait>
      <maiidBocksPenhead shragWiriest="392600317">
        <turbansCaingin>1621730</turbansCaingin>
      </maiidBocksPenhead>
      <haveArgles staupAttractArmitas="8073160">
        <megabar>scaltChappal</megabar>
      </haveArgles>
      <pater geodic="unstockFunders" ilealBadassSynesis="redareLinageRippet3272" haul="alexasChimars" chuter="kakiRebPollist">
        <romeroUpstirs>favelaChoused</romeroUpstirs>
      </pater>
      <figurerRecallCreases workmen="rubblyDecan41" bushwaSubwaysCeltism="wodgy" dusterPricing="skean" guianaRalesTolstoy="yirredMantras">
        <zooglerShaitanEzba>renablyBalnea</zooglerShaitanEzba>
      </figurerRecallCreases>
      <donatorTooterCacam quicklyBehav="kantCheateeAdvents" paynimsBakersEngulfs="54">
        <fattily>518</fattily>
      </donatorTooterCacam>
      <endrinsZonule beepsSavola="anarchy">
        <tattilyDiasyrmUnrich>362332374</tattilyDiasyrmUnrich>
      </endrinsZonule>
    </whoosy>
    <elanus ageless="reawardSluttedHippier" elvet="outness" picsMoha="washinAndanteTegmen" whorlsMitten="algyUmbelap">
      <rabbet>drayageAccedeButties</rabbet>
    </elanus>
    <carts amazuluGermina="leedLycea94" plowboyQuenda="unhold" retasteGreylagBurkha="24353749" salva="murreyFices" clash="770">
      <pepsineConsist>evalDildoRedeck</pepsineConsist>
    </carts>
    <overegg furler="genioPoria" tamureGadoidsGigaton="445369">
      <gizmoKnape>evolvedGuiananBudzat7</gizmoKnape>
      <oakyEquant gateSturdyOutwill="aphonicSpavies8984">
        <josherUnmoldEarshot>cooriesVau2</josherUnmoldEarshot>
      </oakyEquant>
      <vocablyCelsiaScanic sistrumSlidden="ushakWafture" mancusPassedSherd="twain" proheimDearest="fetureLontarExudes">
        <dammitShebang>623191</dammitShebang>
      </vocablyCelsiaScanic>
      <fainty quasar="xanthicKalpa" nines="affixalKerfed394">
        <wondersSignary>blearsShuggy96</wondersSignary>
      </fainty>
      <regardOutgunsExuvial>
        <trishna>vacuome346</trishna>
      </regardOutgunsExuvial>
      <endingsBizarre cullied="8" bluesy="learyShagged2">
        <zlotysLibrary>coarse</zlotysLibrary>
      </endingsBizarre>
      <woomQuickedPiping unbeast="heftsBedels1" mezuzahOedipal="galikPit" solent="bepityBiplane964">
        <culpTeaey>sizersSwatow</culpTeaey>
      </woomQuickedPiping>
      <scrawkRiddlerAnomaly sparid="abomas7117">
        <whumped>spigots</whumped>
      </scrawkRiddlerAnomaly>
      <anendZermaTrading piano="medleyTeman">
        <boneenMoralesFlytail>bushet</boneenMoralesFlytail>
      </anendZermaTrading>
      <colleriRookUntrims>
        <mortemElanetHastily>lysing</mortemElanetHastily>
      </colleriRookUntrims>
      <bowe>
        <hormismOutflueDequeen>tatamisProveneRecalls</hormismOutflueDequeen>
      </bowe>
      <cloversBitis neronicMicrohmBedbugs="furzierMarches">
        <prosesBoden>snork</prosesBoden>
      </cloversBitis>
      <steaksGin orogenArmbandDissour="36" outfoldStrag="verutaMattinTillet">
        <monadic>wittierAdjoinsDeserts</monadic>
      </steaksGin>
      <chaumerBaguiosSquidge lardon="foiledApician" gloggs="abater">
        <slavey>hieingGentil</slavey>
      </chaumerBaguiosSquidge>
    </overegg>
    <heptalRewrapFangot squally="sealsGroszRochea" obtuseDover="32778" lhiambaPredayWelfare="489192" lahoreSkirledRapiner="leuconUveousMafic" zabtieDittoedRanids="mudcapsDonnish" barkyHiguero="skivieNewts">
      <ferriedMeager>renins</ferriedMeager>
    </heptalRewrapFangot>
    <frivolsKompowManus>
      <orthoDestainTricked>intelGauzes35</orthoDestainTricked>
    </frivolsKompowManus>
  </trionfiJackers>
  <madamsHeartsProlegs thillerBlotterFootmen="guato" youreBurlaps="testingOllamh75" />
  <limps niblike="4" baiterLaius="pitmanFervChaouia" ootsChalonSotting="bedels">
    <spurtleDraftsPomme>
      <gras>pyurias</gras>
      <womanedSavitri houtLadinoLotment="fustieFurnageUnwifed" pocus="olamAboughtPleroma3714" cooriedSaccli="778818">
        <helmingVolute>ungloryHyping</helmingVolute>
      </womanedSavitri>
      <winesopSkunky wardedBulkinGeordie="peckerGlucicDatival" heleContour="disbar" yokerTen="deaUntreed">
        <depeReapers>devourBescarf</depeReapers>
      </winesopSkunky>
      <citrineGromyl unarmBookieMiro="outbawl">
        <poterSowers>yakan</poterSowers>
      </citrineGromyl>
      <deifier bearm="886">
        <wassie>leat</wassie>
      </deifier>
      <scuffedEnsured>
        <jockeysMoniesWaferer>263</jockeysMoniesWaferer>
      </scuffedEnsured>
      <blueyGrolier tersely="symbionEdeitis" anagoge="shauledFanatic17">
        <commot>enwallBenwardPegador</commot>
      </blueyGrolier>
      <dumousGlisky lupomaRobbersChou="orletReking" squitGabert="326804060" gramme="worshipCivitas" shelleyOryza="tortaysCorbetDawkin">
        <spadesPodlerAkelas>kahauSontagOorie</spadesPodlerAkelas>
      </dumousGlisky>
      <outgainCustodyMoly boatlip="godlike">
        <uppiledPavins>930114487</uppiledPavins>
      </outgainCustodyMoly>
      <nipmuckHermWashen guergalTenaim="reekingSullageTailzie">
        <bysacki>7108</bysacki>
      </nipmuckHermWashen>
      <loanerAllyl spiloma="79957697" envineEspeireIlloyal="kennUntrustDartles" stepup="actingsRelume" moodle="8125092">
        <fresser>jurants</fresser>
      </loanerAllyl>
      <ficinsAdverb magbote="labefyOaklandApism" barbeauRissel="shrillChiwere" crozerKissage="pintoTottingOutname83">
        <lownessAscitic>80</lownessAscitic>
      </ficinsAdverb>
      <brunch twizzlePatas="7" sitkan="jakartaHagarGelt33" ilkRigoursDeathly="dhamanSudsierOsculum48">
        <apocha>gummerBreathyHodden8</apocha>
      </brunch>
      <purdyIreful spheresSaltfat="putidReverbs" swum="fliffus9387">
        <abreedHiation>lonersWramp</abreedHiation>
      </purdyIreful>
      <cystein anapsid="5871" anuric="vervainFremdlySassy" vellum="yipeYowl" furphyDoddle="tineasSpinal">
        <slitterAlkylsStocked>unarmedChaka1161</slitterAlkylsStocked>
      </cystein>
      <cradlerZeuxite>
        <decateRapidly>638602</decateRapidly>
      </cradlerZeuxite>
    </spurtleDraftsPomme>
    <danaisReslash tanegaMudejarGadus="92" fusoid="409409031" anticksSunketsSannops="pravin" hughOosperm="dessert49" alamoJuraraCipher="strayFains" aug="253">
      <wallops>sangarsJollifyTervee</wallops>
    </danaisReslash>
    <aculeusGroper snortedMenYukata="ssortChaponChapati12" arenas="35" interns="pirrieSlichPurl">
      <comtes>peopledShrewed</comtes>
    </aculeusGroper>
    <chadri cedarSwung="equally" dimedonOrgicAntra="niterDecodonDefeise" lacune="94973717">
      <forgabAkhlameForedo>burgers</forgabAkhlameForedo>
      <camataUpflingTrisome chalehJotsSwipy="yurunaPattuCrusie" amylan="fconvCloser" senalUruses="9357809">
        <blowsedElusionHyraces>mawali94</blowsedElusionHyraces>
      </camataUpflingTrisome>
      <oriency>
        <chandooPhonism>gloriedZeteticCaon</chandooPhonism>
      </oriency>
      <rosAdamic>
        <cupLimbec>miffBoostsClon</cupLimbec>
      </rosAdamic>
      <peartenQuib dreesRipcord="parlia" estrousFleererTricky="vedda">
        <doggiesPritheeAripple>audilesMicerun</doggiesPritheeAripple>
      </peartenQuib>
      <atnahCircut lampara="hoblobScold" faena="watap">
        <averaDozens>sousSurferHabnab</averaDozens>
      </atnahCircut>
      <chalothMonomya>
        <rantoonConny>karstic</rantoonConny>
      </chalothMonomya>
      <proveTrehala overfat="menacedFeriaArdoise4" sporingSmudges="demureCesta" bals="dinoSweetly3136" actonLumpman="dibsLadles">
        <vernage>osmondSuboval</vernage>
      </proveTrehala>
      <lendedUsee regga="44916202" roon="32960">
        <elanceBucklumMosks>ironyMukluk</elanceBucklumMosks>
      </lendedUsee>
      <valsoidNoyauEloper tenKnevel="70139" nikeOglesLamer="magpiesPairs" putteesEthrogs="weyKouroiLushy">
        <rickeysDenmark>331359</rickeysDenmark>
      </valsoidNoyauEloper>
      <barraCongoRegift vixenlyWaggishSubarid="1703">
        <leptons>shilfSpueKirkmen</leptons>
      </barraCongoRegift>
      <cufferAcclaim>
        <heughMeiosis>tiltingSilicoChivw20</heughMeiosis>
      </cufferAcclaim>
      <depth lectorMoonjah="abreid">
        <upcomeParageCorvets>anilino</upcomeParageCorvets>
      </depth>
      <hoopla guddled="eamChrononCatches" setierTunhoofIllumes="nonuserLullArmures" kaffirEndover="epigean" lustrumCarvesMorrion="chattahBenzol9132">
        <youngDeboner>hooeysRetints</youngDeboner>
      </hoopla>
      <centon>
        <mesemQuillsNedder>wilga</mesemQuillsNedder>
      </centon>
      <diseuse guato="quipus">
        <fiber>smaragdTrantStatist</fiber>
      </diseuse>
      <cteRemusPookaun ilium="astel">
        <bearish>sculpt</bearish>
      </cteRemusPookaun>
      <teakConoidRowport wunsome="4837688" liwanTilt="stopHariffeDicers960" trebled="bhaktasPillageHorsier" wah="25">
        <frondLeonite>ephebeUsselsLapped</frondLeonite>
      </teakConoidRowport>
    </chadri>
    <fadingAbidedWhangam>
      <abricot>meanerOthman</abricot>
    </fadingAbidedWhangam>
    <ratholeBussockStagne jenniesUnfur="stiffen" rebuked="bileve" smidgenBradley="eperuaScoliteFremd" forcerSanjay="kyangMeith1060" demo="balkierSearchCaping137">
      <colour>rerisenBetoneSternna</colour>
    </ratholeBussockStagne>
    <airport>
      <bordman>44647</bordman>
    </airport>
    <ozonizeBullety>
      <benneFeveredOutjuts>95310562</benneFeveredOutjuts>
    </ozonizeBullety>
    <hatedGob>
      <feintedOttarInked>sailBeflour</feintedOttarInked>
      <succadeRaphideRubible baff="satyricChauna5256" phiale="diskedDwarfZan" swatheBummalo="caligoBister849">
        <lilyTurnips>arboretScogginVictor</lilyTurnips>
      </succadeRaphideRubible>
      <galledSquabsAdobe warmerTombacInduces="conoid" inveinWreckerSatorii="jacinthUng" tonnaGuaiacsUncs="takhaar" spousyTruffes="laughy">
        <chignon>mahranHydeBeffroy</chignon>
      </galledSquabsAdobe>
      <mermenSnout waredPotatorAurore="grippal" scudMarcor="90454" duncesHlqn="rammerLeucyl" dizzierBaryons="2813343">
        <fidgesCordylCoon>cripsTweedleModerne</fidgesCordylCoon>
      </mermenSnout>
      <volteThemingEcumene>
        <sidth>mingierBummest9804</sidth>
      </volteThemingEcumene>
      <saprobeScience clompsTarsaleBatsman="70087" steveNeighs="818231196" serversPeotomyChubb="8" inholdBleater="hoster12">
        <cutletManist>sweatsBemat</cutletManist>
      </saprobeScience>
      <jiglikeMorular capelanDhaksClumse="8685227" elliottFleamOutfire="784" tinct="60">
        <beringJawansFeeless>pomponsNatures</beringJawansFeeless>
      </jiglikeMorular>
      <fatsosBeshearForblow whinnelXenurusCardium="groomBogymen" lopseed="379" checked="yangtzeDaverdy">
        <tillot>pomadedSortly</tillot>
      </fatsosBeshearForblow>
      <hubbubElusoryTumli sibyllaBitumedCajanus="darvonSkoalsSqueak" disrootGasped="scaldy" staffedArmpadPinfold="snoodsStriderGteau">
        <folNoctule>magiricPateeInbush</folNoctule>
      </hubbubElusoryTumli>
      <mahsir cargaPoinardNobel="thrivenIther650" puggier="droshkyChuffAlphol505" contactQuins="mildlyChoryosAid">
        <urinoseTem>snapout</urinoseTem>
      </mahsir>
      <veenas recordDykesMarting="jochUpboreDemurer44">
        <jell>dwarfer</jell>
      </veenas>
      <xylariaValuerLute>
        <senatusMarkoKyanize>deafer7</senatusMarkoKyanize>
      </xylariaValuerLute>
      <amboynaVeinedNark>
        <dilutedDecilKele>9871</dilutedDecilKele>
      </amboynaVeinedNark>
      <corAntherSegno hearing="39018241" met="doubts" begirdsCreeper="jamokeShoogleKisra">
        <logier>90470</logier>
      </corAntherSegno>
      <dca totora="730" panicKufiyehOwldom="mirksCamphor" cyamoidColliedCleeked="regains">
        <johninSpotted>3</johninSpotted>
      </dca>
      <trophiFirster bidentSlotmanBespy="valuingImbasedKinker">
        <obstet>4868964</obstet>
      </trophiFirster>
      <kalam>
        <doblonConkedHushion>polyzoaSayer</doblonConkedHushion>
      </kalam>
      <yummiesCorkish ichs="trained" thalamiHonest="carkedFrisch" jakes="sondageReoiled">
        <polluteArabis>gemlichPyridylPardah</polluteArabis>
      </yummiesCorkish>
      <agaspFloruitGuebre arboral="sewarHaggadaPolkas">
        <lieutDambrod>bescour</lieutDambrod>
      </agaspFloruitGuebre>
    </hatedGob>
    <unthankKyschtyQuoined>
      <vyaseEgeranCambric>veined</vyaseEgeranCambric>
      <lickersTyloticKinboot tactileAlbarco="883">
        <bailieLanzonNubia>597</bailieLanzonNubia>
      </lickersTyloticKinboot>
      <gerenukWunnaFuze coaling="45097" favellaKibe="urao">
        <lotusGoersJimmied>orlopsValueAbanga649</lotusGoersJimmied>
      </gerenukWunnaFuze>
      <tardoSly quotasClo="apposerPanureCubans">
        <warden>8</warden>
      </tardoSly>
      <telfersLamprelFlabs advice="starkSurnoun">
        <belonidAnt>mussed74</belonidAnt>
      </telfersLamprelFlabs>
      <clammerAclinicTupman enduedTensed="rowdy">
        <logcock>cudgelsSubbingTishri</logcock>
      </clammerAclinicTupman>
      <soudan debone="tunicle3">
        <rudityChaosDrill>868605</rudityChaosDrill>
      </soudan>
      <lyingIntimaMarica corymbsDexterPreying="eozoicWeanocDoubted" trioxidRoderic="gadite" flybeltUily="sellaTostao18">
        <oocystGaffe>topcastKabukisJerboa</oocystGaffe>
      </lyingIntimaMarica>
      <hareemLosersAmbulia subparTyp="redrapeScour" cagersEchnida="dhak" beamAsbHieron="dowWahahe">
        <meng>sicsacJoropo78</meng>
      </hareemLosersAmbulia>
      <castled nailrod="soffitAbidiChris">
        <schinusSensism>milcher</schinusSensism>
      </castled>
      <patarin>
        <baisterTagsEnemata>cultsIneptly8</baisterTagsEnemata>
      </patarin>
      <rebososDauliasBecrown recusesBlazesPhenols="bedlessSmout" queristEgadsDylan="adamiteSixain" batakan="chebeckConflowZemiism">
        <basinetFarrel>imbedCabritKhellin</basinetFarrel>
      </rebososDauliasBecrown>
    </unthankKyschtyQuoined>
    <clicky>
      <itaubaLeche>precoolEyewinkLauder</itaubaLeche>
      <alkyneIsaticJamdani>
        <loriletGrosslyWirers>djinsAch</loriletGrosslyWirers>
      </alkyneIsaticJamdani>
      <gaiassaAmphid>
        <riemRacisms>kinkPlaintTiza</riemRacisms>
      </gaiassaAmphid>
      <obcludeKillShivery knivedRainoutLlew="burdashSalbandTumoral">
        <tunic>demivolFama</tunic>
      </obcludeKillShivery>
      <diapase annualsSizeLouk="apellesSpicula" oaring="ukraineForzGainsay">
        <acraniaAshraf>smaze</acraniaAshraf>
      </diapase>
      <mussuckLegion myosote="tew" sparerTowan="94083657" markets="713">
        <dukeryIndican>orantes</dukeryIndican>
      </mussuckLegion>
      <dodgeCacodyl chufaFigaro="exempts3">
        <hoorahMisaver>hawIncan</hoorahMisaver>
      </dodgeCacodyl>
      <alegarGroverDonable chronic="durocsSoorah">
        <berhymeDaidly>alexisLightenPogy</berhymeDaidly>
      </alegarGroverDonable>
      <daubingGambier copalmDoorboyMru="rougeot">
        <slammer>baftScalded</slammer>
      </daubingGambier>
    </clicky>
    <boidHezron>
      <asseJisms>coldestDurdum</asseJisms>
      <gumharEsloign>
        <gregorSplodgeOpaquer>24158</gregorSplodgeOpaquer>
      </gumharEsloign>
      <plushy whewsFardelsResend="kenoticTypesofVitta">
        <bobber>spignutCouthsDaikon</bobber>
      </plushy>
      <naturelJurispVersate julidan="albucaBroomedRisible4" fatale="amuguis" palateDouglas="parageCulebra">
        <vastestAlecize>8488</vastestAlecize>
      </naturelJurispVersate>
      <ignawBikramGlarier>
        <valureTrannieUst>conidae</valureTrannieUst>
      </ignawBikramGlarier>
      <jubileeSpathaeTackers funkiasWullSegos="haramOuabe" tintBirdeen="thairmsNapless909">
        <tawdry>towie43</tawdry>
      </jubileeSpathaeTackers>
    </boidHezron>
    <perpGaurie>
      <pacayPyosis>ogling97</pacayPyosis>
    </perpGaurie>
    <forestsRoslandTuri bkptPotmen="heckler" rhetBuses="gartersBanjoBiallyl" wrensMonody="ohedMugilMatches37" curded="quizzerStirredSundae" whapOutseek="youden" outlaw="25">
      <phizog>busiedBeloveCuraras</phizog>
    </forestsRoslandTuri>
    <speansJadderTilaite azimuthPloughsJabbed="thraepLaveConfr" revellyDud="vareuseRongeur9" lottosDunnageGuiana="11">
      <juice>schuitGrinnedDiwans</juice>
    </speansJadderTilaite>
    <pondPissSusan>
      <rankine>leefang</rankine>
      <undoers wragerEmoter="glowfly" swobberWachnaAcinic="jigCarmen950" niallHemaseCastors="31846146">
        <swedenStubbEmetic>backupKookaOlneya2964</swedenStubbEmetic>
      </undoers>
      <bleedsAgaoWordman>
        <anopsy>voteHclToozle</anopsy>
      </bleedsAgaoWordman>
      <cookery inklesWafers="4258600">
        <becurst>hushful</becurst>
      </cookery>
      <ressort followsLotase="ferventByelawsLagune" inoglia="20653" foyboatRoofageCaroms="988" rougeot="nonaryAraliaAmylum30">
        <kuliOption>925</kuliOption>
      </ressort>
      <appaleEnsear feodary="cruderBarbetsUtility">
        <ingan>pricklyBeltmen</ingan>
      </appaleEnsear>
      <modula lirellaCrlGlug="reworkIdicUmbrage">
        <delphUveas>credos</delphUveas>
      </modula>
      <xeroxesCrewing largestPeropodGrinned="naphthoFuegianSena4" sccleraComidaPortent="agrisedSotniaTrousse">
        <blendeSinnersRebase>6761687</blendeSinnersRebase>
      </xeroxesCrewing>
      <druckenHennesSaltire dobbersZirconWardmen="benameeMouldyKebbie" spradBowlegsAlaria="mashlamWorry830" farsetEnsealGainly="617498" ablinsZonally="2">
        <paravaEcartesSalp>couperPestersJammers</paravaEcartesSalp>
      </druckenHennesSaltire>
      <corojo winoes="combats">
        <turneyJailageTexture>quiaBruskerArcadic</turneyJailageTexture>
      </corojo>
      <widdledLamellaWow>
        <brunelAnemiaMeanies>900282</brunelAnemiaMeanies>
      </widdledLamellaWow>
      <tickedResist>
        <hymnic>uponSlimsClones</hymnic>
      </tickedResist>
      <empightWagonry shrivesGoddessTosily="swoonsSettShoddy">
        <curbedAliform>4488801</curbedAliform>
      </empightWagonry>
      <tumulusDisknowCoupes cisted="994980674" reshewSpouts="flacksMowcht" privant="scab">
        <caesiumTuffWadmaal>pawkierJainJurevis17</caesiumTuffWadmaal>
      </tumulusDisknowCoupes>
      <halide>
        <leprineExmoor>mochas</leprineExmoor>
      </halide>
      <tonged unfrillStreite="ademptDepasNighest" alumnaUnpapalGutta="hassletSeeps" vefryTyronic="538766">
        <whoEpiural>recoursSocotri</whoEpiural>
      </tonged>
      <pouceLychee>
        <sandmanOssicleCrazily>orestesAttics</sandmanOssicleCrazily>
      </pouceLychee>
      <thomistMendee dihelyClagged="caliph">
        <secableEnrightChogak>combedDanglinCrool2669</secableEnrightChogak>
      </thomistMendee>
      <embelic spavieOverlet="olliePenlikeRural" smidgin="dismal">
        <soritesFulvous>mobshipFawnersRosters</soritesFulvous>
      </embelic>
      <tegmen enskiedPeropusReckons="umistLenient">
        <sirIdalian>grub750</sirIdalian>
      </tegmen>
    </pondPissSusan>
    <searsLessiveDurzee cockierSenaSandust="shaktiFaggotsBiontic524">
      <keirsImbarn>pillars</keirsImbarn>
    </searsLessiveDurzee>
    <speron carnary="sillies" straikeKelly="herveFlack" zaqqumComplexDomini="butches" wantonsEnamelsOstsis="yawpedNepit">
      <psizeOutformTapetta>jacuaruDottyTattoos</psizeOutformTapetta>
    </speron>
    <coupledBibbedBanff lazarySororal="sapoteInnHosel" lakers="twangleScupper" swobber="pittismAntisagVrille" pacasAstuteLamely="sacbuts9">
      <punted>6235</punted>
      <socVisible xedWightAcis="cholamEvidentCoining" charroChokesUnresty="sikhsVestedDejecta967" rewaxedPomphusTryt="229">
        <atmidImbalmsPickaxe>tramellInceptLatent7</atmidImbalmsPickaxe>
      </socVisible>
      <midstLeesPensile maritiFlipper="marotteFinlikeTimalia" chace="seraph" apriori="petrieHormistBinful">
        <juncous>dioxidsDeft3</juncous>
      </midstLeesPensile>
      <selfismSnootsMesses diether="guildryBosons" crinateGroom="mustee">
        <odsBuffleDiasyrm>freezy</odsBuffleDiasyrm>
      </selfismSnootsMesses>
      <tracksPolarsEbriety unropeGnsVicuda="90128" redfinsElysium="sassak">
        <bowshotInsets>redfin</bowshotInsets>
      </tracksPolarsEbriety>
      <corvetsWaiwai lorryAcuate="illect" amuzzleNoctua="90004483" trader="ulmate36">
        <loamierTurtletBrutage>4</loamierTurtletBrutage>
      </corvetsWaiwai>
      <farleu sittineRemenWhipsaw="nosebag" oarWheem="khirChrottaCorbeil" lycianUnclout="16" prancedPrimula="kulturs">
        <hansaFooldom>thicken</hansaFooldom>
      </farleu>
    </coupledBibbedBanff>
    <clitchDioriteDel inmeat="38" atheousBorley="643" frescoLintel="94" joys="1793304">
      <pamiri>5697184</pamiri>
      <mugged bulls="monoskiNow">
        <samas>11492</samas>
      </mugged>
      <wanhornBoutadeSorus frypanRetrip="bowheadPaean" useableMussy="preactIndaneLyceums6">
        <pesosRociestTenore>surface</pesosRociestTenore>
      </wanhornBoutadeSorus>
      <pudgier pileiOuvrierCarree="590172" feckful="tomtitDaddock" lentils="refrIfsSorely">
        <writers>abackCaramelKvases</writers>
      </pudgier>
      <bubbledWelcher buro="holydaySmectisCothon">
        <happing>whiskerAndron</happing>
      </bubbledWelcher>
      <scaean definerDeavesLinda="6282408">
        <revolve>8</revolve>
      </scaean>
      <expreme>
        <inkmanSatrapsReamass>krebsYesses</inkmanSatrapsReamass>
      </expreme>
      <zoundsTweeted englory="claikOttettoHelluva" ordinesHight="anopiaMitisesWimick522" panheadObtrude="lambdaHalenia">
        <jujubes>fiddlyOutsinsGrume</jujubes>
      </zoundsTweeted>
      <shuswap peageClotburFirm="pimpishKronor" cammasRamist="affixerReen" dundeesNabbing="vagary" fidoTripelYowie="finds">
        <gummedAgnoite>voltiHarmHand</gummedAgnoite>
      </shuswap>
      <squalus>
        <kamel>cahootsDendron2</kamel>
      </squalus>
      <legworkTubberPeapod>
        <obelusDesrayKumara>75</obelusDesrayKumara>
      </legworkTubberPeapod>
      <berserkKefKhans mao="todsEndgate">
        <lorius>mauleyBlunker3</lorius>
      </berserkKefKhans>
      <swissClichesCincher>
        <ovambo>30813</ovambo>
      </swissClichesCincher>
    </clitchDioriteDel>
    <fussersBurlierEnbloc>
      <duraAtip>toecap</duraAtip>
      <immoundSendoffKnarle>
        <ashetVillanKnurs>peplaAdjunctColorum</ashetVillanKnurs>
      </immoundSendoffKnarle>
      <frizado ashiverAnionic="bimaneForthgoBlazons">
        <warden>killeenTansRaft573</warden>
      </frizado>
      <braizeNewsy>
        <buckraDernfulSlatter>mishaveScogginSlocken</buckraDernfulSlatter>
      </braizeNewsy>
      <rubiateRattansAkees boatlyBesuitAsperly="votiveCrileTyke" tiglicDahoonsElmy="chanceTiffieCrunt" outsole="seated1" mameyAlarmsCanale="47206147">
        <avoidedPaleog>alose</avoidedPaleog>
      </rubiateRattansAkees>
      <votal snacksBrisklyTlaco="sussoMoiety" toxon="oxhouseTunican" ainus="debacleMesons" forfendBethumb="byssineMalays">
        <straticGuzzlerPilikia>obese5</straticGuzzlerPilikia>
      </votal>
      <exines wahaheSeise="boomageVestedSblood" oviduct="7393882">
        <lirApicad>ruffesLamblia</lirApicad>
      </exines>
      <hayweedLepus parelHyoids="camel" figgierWhosoPerine="bagoong4" buttiesNickSdeath="strafeReaverArider" rsumZiramItd="cuprousRaspish">
        <mallsLitten>lukan995</mallsLitten>
      </hayweedLepus>
      <kapaTretKhilat buffoneCotice="montia" kartosScritchPainful="positum" gourdesMashmenStull="gogletAttachAlexia6">
        <musk>4259100</musk>
      </kapaTretKhilat>
      <hiccupsDebugHairdo wistitNeuma="53285" jaggaryWeys="panadeMoorman245" packs="peined">
        <cotiseScalls>kieranAerogelBayamo614</cotiseScalls>
      </hiccupsDebugHairdo>
      <marrier>
        <wanedSupvrMask>pardhanModelerMyrrh</wanedSupvrMask>
      </marrier>
      <prudityOuted buttal="unvital" listful="euonym" throuchCarboyPhaeton="monism" gillian="visor9">
        <earockShrab>cypselaAguroth</earockShrab>
      </prudityOuted>
      <needlerShindig hatsJewlikeMagueys="copolar" scarpsTruff="intrant" waughtsAethonAjaja="bravuraChontalCushaw6">
        <chasmicZerdaUmbra>reshewAcetyls</chasmicZerdaUmbra>
      </needlerShindig>
      <boodieTali dynam="premixBiffies" taoists="unvivid" samoansTriurid="kepiXenopus" coroneMooleys="123994495">
        <suiting>wilk</suiting>
      </boodieTali>
      <ratchetOccas cuemanInfarce="ratanBloated" oiiCoheresUnpaste="farcieFervors141">
        <csectsBeardsToozoo>annulusLouvers4</csectsBeardsToozoo>
      </ratchetOccas>
    </fussersBurlierEnbloc>
    <rastus>
      <lindera>lungerSerened</lindera>
      <heydeyCannery run="8179039">
        <snugCollars>rigodonImpetre</snugCollars>
      </heydeyCannery>
      <letheanUromere fracidTsadis="uncleanCaseins399" ursine="portalsSixfoil">
        <trigos>dirtiesApokreaContent</trigos>
      </letheanUromere>
      <pyrrha bepillDebaser="812114669" yelpLimemanPaltry="pygalEli" digueLeepitGamey="crunkleServes">
        <rowths>574619</rowths>
      </pyrrha>
      <peepsLaquaisEnfirm barbita="zodTextman" reglair="shafter">
        <hawmTaktIncavo>892133926</hawmTaktIncavo>
      </peepsLaquaisEnfirm>
      <strail>
        <khalif>conurusWimick</khalif>
      </strail>
      <noyadedRills>
        <taintor>2952233</taintor>
      </noyadedRills>
    </rastus>
    <leam>
      <talkierHairdo>465298685</talkierHairdo>
    </leam>
    <reused>
      <foolery>shoatsTernar</foolery>
      <pantoon>
        <ethericLoopierPinging>liguresLineySimal</ethericLoopierPinging>
      </pantoon>
      <izzardBunsLowry lamprey="3876978" tswanaComismImblaze="squalusAmugisBois">
        <zokor>soulish</zokor>
      </izzardBunsLowry>
      <surahee medicks="tasbihCalloHumbo7" outworn="ariasAymoroJoust" louluRimalChurls="agnosiaSpuedJilters">
        <ramblePilings>refreshSussy</ramblePilings>
      </surahee>
      <disbark fierily="1064" yeelinBeri="lishTithe">
        <triagesViduine>makingsBetelImponed</triagesViduine>
      </disbark>
      <nymphaeFundusOmental sindocCasts="domainsTheftsNailer" quoitedCerfoilRaunchy="16336" gibbonJarlFeu="saumontProbantSapient">
        <useAcquiet>pyalKogia</useAcquiet>
      </nymphaeFundusOmental>
    </reused>
    <fuderEnwidenTunish titres="58336" gladysMadcapsTaxis="casketsScryingMarian">
      <kettingKissel>parchesCorrectCornbin</kettingKissel>
      <miniums>
        <breirdRaddles>neeps</breirdRaddles>
      </miniums>
      <vowellySerging uneases="baalizeDentilsRepave9" unaired="9023">
        <zarnichNeistWabena>wegaBoatfulOvereat</zarnichNeistWabena>
      </vowellySerging>
      <dewani>
        <alasas>fulaniCorosif</alasas>
      </dewani>
      <greably tweeterLolling="28398">
        <slatersAlphas>pigmanShelahShoneen</slatersAlphas>
      </greably>
      <tinnersAgreed scissorUpkeep="chatta">
        <rhos>misturnNodule</rhos>
      </tinnersAgreed>
      <boozily>
        <nascanTalao>diobolsLithium662</nascanTalao>
      </boozily>
      <ihram pasis="dioonHarmoot" gunsFrond="layshipFuligoFeff">
        <incrustAtomiseTopos>rancheBunco</incrustAtomiseTopos>
      </ihram>
      <unodeScoped shevriSychee="silksMaddockLoops" jenineCrozingMuvule="imput" vineaeFoute="kinases93" caulis="474">
        <stackupSkirretTopwork>mysellAddersHarast</stackupSkirretTopwork>
      </unodeScoped>
      <vaseletDaybook torsi="hotbeds" eddaicTertialLucian="redriesDallan6161" staffs="amableSenufo" shuff="anoliBobolAnklet">
        <hoaxingLingetWingier>wickerBinesPrepink</hoaxingLingetWingier>
      </vaseletDaybook>
      <becroakOrtmanSwacked argKnaggy="8223" antennaWoodsy="birk7" wantedLikeful="hopers6381">
        <prologZiamet>podtiaGirsle493</prologZiamet>
      </becroakOrtmanSwacked>
      <micah rebokeCytoidUnoily="overtopAgonDevotes" scalledGraders="58796">
        <quorRavinedVistaed>trifaRoosterSithes</quorRavinedVistaed>
      </micah>
    </fuderEnwidenTunish>
    <appendsPekeVirosis cesta="cotset">
      <hoardedAvowter>mirakPiitis</hoardedAvowter>
      <tieredJwaharInhelde>
        <unlinkMeal>kissingJinjili</unlinkMeal>
      </tieredJwaharInhelde>
      <siafuRoudas gorlinAnconaCrafty="2221" synovia="518">
        <kinema>kaifRationCiv</kinema>
      </siafuRoudas>
    </appendsPekeVirosis>
    <decaneJural churoyaAliped="108974675">
      <lammyWombier>1558855</lammyWombier>
      <outwindHaffetBennis sprushWhareerGether="8543" possyRiksmalBaresma="dorbug" longyi="6">
        <wummelUnlawlyAgents>commoKileh</wummelUnlawlyAgents>
      </outwindHaffetBennis>
      <protore gregeDrowsesEarth="tapeteNeatify" cairdChaser="527">
        <outweedBtise>drungarMillingJuggins8</outweedBtise>
      </protore>
      <pattedCreasolSpins fatidicWallful="anatronLagerKannu" zoonistKushshu="doglyTonsilsHaem" rutyl="zamiasEnrobesCocin">
        <quereleSpavinsSlik>579317</quereleSpavinsSlik>
      </pattedCreasolSpins>
      <jeeringGratis heazyBugbiteAgnized="dunked">
        <sweert>pyjamaUnclifyEmulous</sweert>
      </jeeringGratis>
      <lvovKayak drosera="mitiest" outputTrinity="8225">
        <keisterZabetaKinky>33434741</keisterZabetaKinky>
      </lvovKayak>
      <fitcherElisorMicrons aiversRadixes="perjinkBurasElflock">
        <crisle>remand</crisle>
      </fitcherElisorMicrons>
      <devaSparth wigeonPlica="lowser864">
        <pubis>grype5</pubis>
      </devaSparth>
      <adibasi silvernInterDeaf="rheoDicolicSabaton516">
        <siniteGruelGynics>squashs</siniteGruelGynics>
      </adibasi>
      <didySimplum zolleHeathsForcat="54" qantar="kabobsPajockBillard" maltol="minimusViscumBaas">
        <aphasiaToorockQuasher>8348238</aphasiaToorockQuasher>
      </didySimplum>
      <conatusAngelonWirer levulinStogiesBywalk="28650">
        <gramy>houltEpitria</gramy>
      </conatusAngelonWirer>
      <fishgig>
        <unbefitForgoesInchest>alkoxySleeperAligns</unbefitForgoesInchest>
      </fishgig>
      <tiplessDodgilySugary>
        <glazenPerchaConcite>sappersSubdate</glazenPerchaConcite>
      </tiplessDodgilySugary>
      <larreeInnerveMimidae birdmanMishmiGonagia="111202111">
        <train>cutinsCousins</train>
      </larreeInnerveMimidae>
      <cypselaEthiop ninetedCuminBehint="nasusUpsitForbled" weedily="fewmetsHelots" saivism="78" moong="curetteMiaowerWef">
        <sciaenaTsi>italyAffyCootch</sciaenaTsi>
      </cypselaEthiop>
      <galler burellyTutory="86496" chards="faqirPenitis" formous="rebaits">
        <coziesKhalsa>downTideSodden</coziesKhalsa>
      </galler>
      <suppleFishify>
        <yapockLoq>nearlyTesackKevin</yapockLoq>
      </suppleFishify>
      <tophus fifing="673197">
        <sprays>schemerTegumenAreca5</sprays>
      </tophus>
      <punecaCyanoTramal zeguhaProsely="eloins7558">
        <vefryGwelyEslabon>diademsFrijol</vefryGwelyEslabon>
      </punecaCyanoTramal>
    </decaneJural>
  </limps>
</anisoinCicad>