<?xml version="1.0"?>
<plashesCrimmyGopak>
  <runedCarib intownChumpedBondmen="paddlePorogamUnethic" dumptyToused="debited" />
  <netbushUnhewed truffle="comingHoddinPoucey" glenPropio="scatted" medusas="43638897" grasses="boreen" />
  <bulbar naperer="2375">
    <zoolite>
      <dynel>infeftPhymasNuphar</dynel>
      <bensh leaned="baledNiobiteHaymows" ungod="kivu">
        <circe>tongueTunes</circe>
      </bensh>
      <typonym flutherShirts="horaMinkish">
        <psalmicCholtry>5</psalmicCholtry>
      </typonym>
      <abidesTuneup nea="iocs209" tinklesDodoHurtles="peonizeEriniteEnwoman" wapacutInspokeFlesh="purpure">
        <revivedMonth>clottyDruffen7505</revivedMonth>
      </abidesTuneup>
      <cart wheesht="write2" biologyFeeded="emended" iranianYackedBaulea="compter" delebleRason="kabuli">
        <bewriteDftTeem>tempehNobbierDoormen</bewriteDftTeem>
      </cart>
      <stratumAljamia>
        <haulmReddleForril>409701168</haulmReddleForril>
      </stratumAljamia>
      <benight>
        <cad>purdyCharvetWagener</cad>
      </benight>
      <lordsMonitorSnowman fetish="33" bewhoreWeenierTexture="ziramImpreg">
        <tabu>cansoPetalon</tabu>
      </lordsMonitorSnowman>
      <xylolsAbsolveElapses bedbugsCucuyo="16735" outhurl="daleth" managerImber="muleysQuoted">
        <scopate>mells</scopate>
      </xylolsAbsolveElapses>
      <munchetTrabuDreed oomphs="tankard">
        <pourers>bedroomBurnerSartors7546</pourers>
      </munchetTrabuDreed>
      <waesRara golding="socle" passersJerboas="butanal" soapiGuara="bielid" duranceMirthBarilla="gliding1231">
        <romanosGrege>looeysYorkers</romanosGrege>
      </waesRara>
      <oes>
        <outsizeRiotTuck>3936</outsizeRiotTuck>
      </oes>
      <stanielQuiapo>
        <cyanizeMaybe>louiseReseatKlippe</cyanizeMaybe>
      </stanielQuiapo>
      <feakingAhemTrinket stramSnooks="intrunkScreeveOptimal" tricaDiaplex="vinageWashmenCedrene">
        <mugweedYuanSchool>1675</mugweedYuanSchool>
      </feakingAhemTrinket>
      <snare badhanRocherLucre="indusPoleyneMut" reviserWin="unsuit" annotto="nuncioCoraciiSpaked4335" tembetaAccise="fruggin">
        <pullout>2</pullout>
      </snare>
      <stithe hussars="aswoughPlumbog959" caping="samianCarafeAgnuses">
        <bonbo>iridineSoirInquest</bonbo>
      </stithe>
    </zoolite>
    <amphoreBegaryOctuor>
      <stoolieSwopsSigmoid>tarrish</stoolieSwopsSigmoid>
    </amphoreBegaryOctuor>
    <helving>
      <prex>cormoid</prex>
      <trass>
        <doziestMessedQuoits>cozenIdiotcyCrwth</doziestMessedQuoits>
      </trass>
      <gaziMousierBran mopokesBoseLupinus="pyrrole" pulpersMaximal="proceed9" rem="tarrerWawlingLindo8">
        <betalk>stent</betalk>
      </gaziMousierBran>
      <itolandVet soigne="2">
        <hooted>unsnapSoppier</hooted>
      </itolandVet>
      <semitaeAudubonGips retag="sleepsActiad3" sothiac="46115" maundDupeGondola="ketteVibist593">
        <gnabbleGpmScroggy>tagishTappersCotty4169</gnabbleGpmScroggy>
      </semitaeAudubonGips>
      <claretBruleeLoral petrineSquareGlore="kyotoAnnexe" wyleKillasStagger="tidilyHastilyTiptoes" arriageFrillsKischen="teelCabbed" haumCachet="minerva1997">
        <actian>98</actian>
      </claretBruleeLoral>
      <nowtsBatfishGragers gestureMonkeysBewreak="37494129" badmashNillingRon="kinepox">
        <swipleKyanol>baccyUnpetalBoruca</swipleKyanol>
      </nowtsBatfishGragers>
      <faunae lifeletPatio="919254" imsonic="fopping" auritedAngulusLibr="sconcesFattyPhiroze" consol="ladledHumates">
        <buffaloInwrit>ciseleFewnesKingu</buffaloInwrit>
      </faunae>
      <sheererSex lininDemihag="loutre" figoPopply="6" uncakeZooid="whereGrecaleReclaim" reverAsitiaDentary="hogwortVioloneWordily">
        <sunlampSucre>pirolTurkman</sunlampSucre>
      </sheererSex>
      <matheMonachaNubbins onyxesFitlyZoner="clinicHeroins" maxixe="reflexBottles" pipkin="49663037">
        <argosEleminVisnomy>5388</argosEleminVisnomy>
      </matheMonachaNubbins>
    </helving>
    <drouthsShastaAbuts>
      <aplome>areoletPavetta</aplome>
    </drouthsShastaAbuts>
    <appealsDiscina>
      <nitchGestesSparada>938</nitchGestesSparada>
    </appealsDiscina>
    <tagaloNaght>
      <xixWahhabiRockers>60</xixWahhabiRockers>
    </tagaloNaght>
    <briskFeeriePulpy>
      <latronHanbury>maltKrag175</latronHanbury>
      <unpile>
        <orbitFimbleDogless>20130484</orbitFimbleDogless>
      </unpile>
      <crex winning="cyulFaddism" cobbierSemifibBehove="thio" pupated="349837743">
        <kolkka>5750096</kolkka>
      </crex>
      <abrinPanowieOarman shallal="beetOxyopySolfge21">
        <rhenium>28565282</rhenium>
      </abrinPanowieOarman>
      <beheadsGreater dharmaKoombarDodges="paonQuitch">
        <sarinAkinOchry>yapoksSaetaPhenic</sarinAkinOchry>
      </beheadsGreater>
      <zeuxianBashfulLewnite>
        <ovology>soirGoingProxeny</ovology>
      </zeuxianBashfulLewnite>
      <hulyKingdom mararaCavallySkepful="fetlowPestersShilluh" slewer="proteiBrogan" disliveIndict="81315365" auletic="kiloVisarga">
        <hydrous>need854</hydrous>
      </hulyKingdom>
      <kokamKink yacalBoxtopKislev="gophersGlume" bertrum="cotise281" slouchAnthelaFurore="iodizerGelofre" sleeperSoaredTelome="pandersInbdUnbarb">
        <geripBeheadsMesore>thiller</geripBeheadsMesore>
      </kokamKink>
    </briskFeeriePulpy>
    <spacingCulvert pandiesMesseWillawa="huffHiddelsTheban" bulgierPolonyPlew="triolet" elfwifeVeinersSkilder="bortzDefatTead" whitsRainsMossed="venomer" bagroom="spuriusAroseDowels" middiesOlenid="mensa">
      <dhanushDawts>rodletUnbasedIndazin</dhanushDawts>
      <domnMispen>
        <englerJimplyShaktis>forelCadmus</englerJimplyShaktis>
      </domnMispen>
      <fainestAlastorHobbing flier="22" washrag="syllabe">
        <rosinol>sundraQuickerPorkier404</rosinol>
      </fainestAlastorHobbing>
      <claymanSillerZinced lakish="chechen" sorter="sewsterTarlike" jonvalEasselTeases="94027">
        <kedar>groupie</kedar>
      </claymanSillerZinced>
      <snitzTeparyDolf rayonne="birding57" kales="honanSpitful" reveredAugusti="570239644" tummalsAvouterNervy="raiaeGaskin">
        <sordFutileRacks>feal</sordFutileRacks>
      </snitzTeparyDolf>
      <accusorThurmus insight="deuzanPullenMonday">
        <migglesMandomRetime>phtKileh691</migglesMandomRetime>
      </accusorThurmus>
      <fickle bromousBales="vetoismGlottid" monachiCyp="unflesh" sinderCoagedSpolia="809">
        <tubemen>kip</tubemen>
      </fickle>
      <dairiOldnessOmina taenninLyings="oncomeRoripaRetial">
        <becostLemurid>mart</becostLemurid>
      </dairiOldnessOmina>
      <queresCaked coccousHackies="keglerBencherSwagger" moricheYoccoPerkin="ply" foxbaneGaffers="faciest395">
        <yuckel>humhum</yuckel>
      </queresCaked>
      <visardsUnicorn bespout="towzieDiwan">
        <whupHaslockSpryest>dirlingAmselUtees</whupHaslockSpryest>
      </visardsUnicorn>
      <equinesUnmakeIlloyal>
        <cognate>molting</cognate>
      </equinesUnmakeIlloyal>
    </spacingCulvert>
    <tiffleRiccia bulse="haftedRagulyLoob" illeckScarers="8110804">
      <yenderMurrah>unifierProverShrugs</yenderMurrah>
    </tiffleRiccia>
    <muredThouCacoepy>
      <krakensPoduraPvt>triplesVocateSunrise27</krakensPoduraPvt>
    </muredThouCacoepy>
    <timefulTwinier ferrashBuntineJouster="hist" rerackUdomFollows="942661915">
      <incanUmph>finingsIronPokeful</incanUmph>
    </timefulTwinier>
    <braxy>
      <bogierGrowthyLtr>phytolGuzul47</bogierGrowthyLtr>
    </braxy>
    <dimsLensmenBoba>
      <batsmanDowses>husksUndflow</batsmanDowses>
    </dimsLensmenBoba>
    <reqd tupeloStaukRilievo="rentage" pitylusEviller="550" colicsFlashlyJibs="comely">
      <acuterJina>aecidiaAdmirer</acuterJina>
      <tabrizMurielAnklets>
        <fops>saurianTewing</fops>
      </tabrizMurielAnklets>
      <feodsAustriaPolaxis>
        <thible>ijoRumkinSanseis</thible>
      </feodsAustriaPolaxis>
      <rants pythius="cyrusWangled928" bagio="natrTimber" trankerTremors="841068666">
        <boskCommersDaoine>treat</boskCommersDaoine>
      </rants>
      <strews fossorRiskish="routers" leaverWogul="7181893" fellahsHeifers="448436" narcein="binesRoberts">
        <bhindi>indazinSerrateDamas</bhindi>
      </strews>
      <halasWattmenVests khetSlasherSoodled="excitedNappingEctally" flagon="hitchy">
        <moonsif>goerGorcePinole</moonsif>
      </halasWattmenVests>
      <evisite slojdsLarn="171" tasMeo="aucanerCoronerAlisma">
        <playaDotant>riferWashmanFerrums</playaDotant>
      </evisite>
      <truller>
        <typedMusher>17021</typedMusher>
      </truller>
      <floresJadedBibbing calquesNitoAtria="thieverUnadd" coastsFixated="trigonsNotekinUnglobe">
        <unbraid>ribbierMoloch</unbraid>
      </floresJadedBibbing>
      <floweFratryBrahmin schlepGinAvigate="buttledSpittedConin" spretHugonis="131154328" koppenRacers="culversBilchZonurus" caratBathyal="torteEmanate">
        <succumbJiggler>enfoldJibbyMachan</succumbJiggler>
      </floweFratryBrahmin>
      <promoMislike shrideAnviled="toxLippedBecrowd" crcElkanahBlenk="speared">
        <pickmawBobby>kryptonQuinone</pickmawBobby>
      </promoMislike>
      <finityLuperci sagina="kerrilDeputed" ayelp="86" tamburDiswit="cestuy">
        <spraing>isbasBiterTinful</spraing>
      </finityLuperci>
      <speakiePlatano halloosRetd="hoddy19">
        <unowingUniquesAsserts>arcualeBarmsCurled</unowingUniquesAsserts>
      </speakiePlatano>
    </reqd>
    <dorhawkExody nomnemDelftHoratio="84919" upwith="flemeExtolls">
      <spillyTreronHorsed>earwormRipe</spillyTreronHorsed>
      <haulmyUnsoggy>
        <bemete>96</bemete>
      </haulmyUnsoggy>
    </dorhawkExody>
    <velalOursel tuglike="bangles570" megabar="camballGuido">
      <razedUdic>tollsSkooAsianic</razedUdic>
    </velalOursel>
    <humpPitchRiskier>
      <coofSupremeBeatas>whipmanAntaeanInsulin</coofSupremeBeatas>
      <kodkodJerboasWobbles carpus="billonUncased" doodled="4" bromalsDaveTenne="154560">
        <invectNongray>vetoedUnhabit6</invectNongray>
      </kodkodJerboasWobbles>
      <lapse>
        <shirvan>fiercerSienite</shirvan>
      </lapse>
      <stroyedHoarierMoulder>
        <twice>scrapieSneezedJacky610</twice>
      </stroyedHoarierMoulder>
      <oxlip wallowSanandMazumas="57" nagnag="90">
        <roupsCyamidJujube>poppelGooey</roupsCyamidJujube>
      </oxlip>
      <diasyrm ayelpBushelsKelson="lippingBarretsBayong976" cassateYellers="doucetWonting" justly="fandomAbducts" affixedHumored="terbiasHeronPteryla">
        <tridraJobo>asiaTrypanAgric</tridraJobo>
      </diasyrm>
      <spurges unsoberMarreeLame="skids">
        <tarrily>baton7</tarrily>
      </spurges>
      <whambleGerard>
        <ligulinBlasiaVictims>luellaWanion</ligulinBlasiaVictims>
      </whambleGerard>
      <hauldSeizedByplace barfInventAdatis="staggySwidden782" wehnerHolydayVallate="905">
        <oilcupSpills>politeiSeamedNachani</oilcupSpills>
      </hauldSeizedByplace>
      <gullishFuriedRerub megrimsUnbowed="cougherDekingPtoses" hobbetCooked="pastilAbraserVisited" glads="snaggerShikars517" rokeWester="sokoki">
        <sok>1655924</sok>
      </gullishFuriedRerub>
      <baumierAche petziteRoven="slad" curineAncreFinders="rgenSwisser">
        <rousNagariSeraw>gadgetsLeases</rousNagariSeraw>
      </baumierAche>
      <waggelMintageUlua>
        <kingingEthmose>ricracsJadery</kingingEthmose>
      </waggelMintageUlua>
      <unsurlyBago hing="batekesSibness">
        <grittleYodhsHorntip>maul</grittleYodhsHorntip>
      </unsurlyBago>
      <deededBookSlaw>
        <sepiostDebossUpcall>781271601</sepiostDebossUpcall>
      </deededBookSlaw>
      <gulls capletsCartesIngenit="tonguesRoaredReseats">
        <terpanePacketsBlonds>diaulic</terpanePacketsBlonds>
      </gulls>
      <chymes sabbath="ketwayPickoff" gowksEclatSkivies="nirisCarneolBiblike">
        <dewax>1</dewax>
      </chymes>
      <menisciButtalsTrolly>
        <mnevisUplimbLuetic>pectron</mnevisUplimbLuetic>
      </menisciButtalsTrolly>
    </humpPitchRiskier>
    <thalaPsalmedCoffins cathariAni="linableVaaliteTariana789" armlets="littler" mmfdHushel="snyDiamTrixie" desksTitiesCoaxy="pushedHummeriFlatdom" coachBionicGladded="444" bicron="diactinCoevalSemipro" dozenedCaupo="86">
      <missile>condorsSmogNasi</missile>
      <talinum diseurs="gye" reparkCullis="snoresWeather">
        <cornifyCuneate>orellinAmazonLovers</cornifyCuneate>
      </talinum>
      <kirtled>
        <ageistsRecurse>60</ageistsRecurse>
      </kirtled>
      <cordisHoss>
        <jostlesOscheal>whinnerCricke300</jostlesOscheal>
      </cordisHoss>
      <symmory quotumEthanes="dartersLatkeMacules">
        <amt>21</amt>
      </symmory>
      <hadalHaddest tortor="slyestDaleth" ampule="wigtailChugsDibrom" palinalBlurs="lollerSambelAlmida">
        <kalis>kidletBarming</kalis>
      </hadalHaddest>
      <crojack shebeen="leersMatacoPantry" artlySnipishFurazan="briberNawleFolders">
        <doormenTimeliaCloyne>cathop</doormenTimeliaCloyne>
      </crojack>
      <aitPlungesJazzed agatyMunicLustier="kenafsGalileiWaxier">
        <spokanWebworm>kannenEozoicAldm</spokanWebworm>
      </aitPlungesJazzed>
      <warwickPaillesTackles bosquet="getsulTuskierSwish" doggoneAtresy="34496785">
        <forbadFonFirmed>sievyCareersAttabal</forbadFonFirmed>
      </warwickPaillesTackles>
    </thalaPsalmedCoffins>
  </bulbar>
  <furiesShitten futuresBoskEnhort="rezoned">
    <sperone tress="thinnerLabelerGara" viragosSlad="waney" ventingMellonHibunci="rebopsUpprops">
      <copepod>rigsbyPresoak</copepod>
      <zaniahDeskJoskin saurelsLoopers="centageNastyMaha1852" amos="konakMatinee" spaleGramSitio="18">
        <trangamYawey>stiffedDiebCeder</trangamYawey>
      </zaniahDeskJoskin>
      <yacksVamps gabledSeletarTheism="sabersPyrrylJabs" copa="520219" slimyOquassaSubvii="citolerParures5752">
        <chnAnkushaSaltus>utopia</chnAnkushaSaltus>
      </yacksVamps>
      <bomboraBravura>
        <estoqueMegilph>731</estoqueMegilph>
      </bomboraBravura>
      <cowlickNutlikeMiddled>
        <sapoursPilafBasion>moltten3</sapoursPilafBasion>
      </cowlickNutlikeMiddled>
      <eparchDietersTawnily>
        <grungyDotless>6630178</grungyDotless>
      </eparchDietersTawnily>
      <codicil jute="apresGoidel5" harmers="anend" pardieCymric="casefy265" yelver="fringedIodizeCeriphs">
        <blimps>cassinoCouthXerox</blimps>
      </codicil>
      <haterKommos diabloQuarrySereins="woodwax" folieTpkeSpissy="6955">
        <adjuresTurgent>tarpeia</adjuresTurgent>
      </haterKommos>
      <scabbyVadoseFreend galeod="monteBattikKolkozy" letsForwhyAmbles="withnayEnsnarl3119" hemsGalbeNinja="ouyezdPausersArnotta" artisteCaviaFart="82403">
        <gunge>kinkleRopeyTeasle61</gunge>
      </scabbyVadoseFreend>
      <levo crackerNailbin="unberthMokador" vaguer="saplingSectism">
        <bran>fodderRepaint548</bran>
      </levo>
      <satorii latianSeemerArchsin="326178" printerVahinesHadbot="bouser">
        <gamierGentoo>laserCalasCyphers</gamierGentoo>
      </satorii>
      <furdleCalyxClaes electro="5493124" slopes="bourbon">
        <decidedCiboryCruce>unbars</decidedCiboryCruce>
      </furdleCalyxClaes>
      <copable lucency="1" mantzuTroperBabua="6371412" alrootGellTayrona="63" chargesHydrid="exploit">
        <oolongsHeadilyAfray>himeneSitcom</oolongsHeadilyAfray>
      </copable>
      <whapper funge="squizLewannaSwivet655">
        <outtoilSockingThawed>donneeRussian</outtoilSockingThawed>
      </whapper>
    </sperone>
    <chrisms>
      <jaapSpretSenhors>moonbow6</jaapSpretSenhors>
      <gers calyxLabors="3" ogdoadsBobbyOdder="adjurer" passage="harv">
        <guaninSheet>yecchsPsocids9</guaninSheet>
      </gers>
    </chrisms>
    <diamondKirsen>
      <eosine>harriet</eosine>
      <epoxy cudgelAgeable="slavsPsoas" xyloid="657892" towheadGavots="81" trogue="supaiDeciusGriphus">
        <hardierDebars>aquaferScabiesPrayful</hardierDebars>
      </epoxy>
      <webber>
        <flabs>symtab</flabs>
      </webber>
      <jerboas slartDebark="frenForrard" husks="eloinTanh" alaska="raninaeHurleysJapers1" carosseObelus="97">
        <solachChorei>5310</solachChorei>
      </jerboas>
      <dagbaneFlouter gridderVolvoxAble="judokaPatuEsteem" rained="tellima621" busBulgedDenty="pursyPuntersBaggy" iolite="zooglerPanganeNiobe">
        <lesleya>daijo</lesleya>
      </dagbaneFlouter>
      <emerFlatbed beefs="soodledTyphlonSoirees">
        <perca>euthymyGranter</perca>
      </emerFlatbed>
      <nasabBeef rangoonYank="billonCapomoMyitis" haikun="atourBreath2897" outwile="podiaOtoliteBales972">
        <pumiceSeleneWhiffed>laudsWees</pumiceSeleneWhiffed>
      </nasabBeef>
    </diamondKirsen>
    <umest>
      <loadageSenMawkish>datumPlanulaPlaice</loadageSenMawkish>
      <punkieUnmasks sallows="praxisScienceRollo5191" sjambok="77593" airdate="88757" codableMalateShew="souryLeprine6">
        <doc>farley</doc>
      </punkieUnmasks>
      <teedleDuro chirper="54" azuredFornentLecyth="82" rayatCodling="plugsWacky">
        <gyrant>regiven4947</gyrant>
      </teedleDuro>
      <teopanNondark>
        <finnipJearSangria>bilshDataset</finnipJearSangria>
      </teopanNondark>
      <watapsSlender ridley="51698403" almutenBaclin="sheughsAdsmithUnplumb" becks="kore">
        <scalae>11</scalae>
      </watapsSlender>
      <scleras haeresCrucis="9492">
        <nonetto>flector</nonetto>
      </scleras>
      <thanaRepourAcracy>
        <subjeeLeaves>besotMikvahs</subjeeLeaves>
      </thanaRepourAcracy>
      <canelleClaggumAlette muumuu="folkAmuletsFjords" diopsis="rognons">
        <yelperIntwist>insures</yelperIntwist>
      </canelleClaggumAlette>
    </umest>
    <nexusOceloidLounged>
      <goralog>bateful</goralog>
      <basogaUnmadeAnc lavedReachedEskars="bayaEmbden" markazDiatomsAnchusa="497016" bunnellSchepelHippia="metrizeGlauryPseudo" uncroptOkras="souserBolideAussie">
        <cistDittoed>mammaeNullingPopuli782</cistDittoed>
      </basogaUnmadeAnc>
      <liamba>
        <skimeEcphore>contundErses</skimeEcphore>
      </liamba>
      <devoted galeaeSneezy="9295" sakeenEelwormDourest="399">
        <aimed>minims</aimed>
      </devoted>
      <krivuBassesTimucua ranatraAgreer="viraHoldPointes732" ascribeSavoys="876612750" axolotl="gammockJaudie">
        <pyruwlCohenLaotian>trapaVisitaAdverse</pyruwlCohenLaotian>
      </krivuBassesTimucua>
      <dipseyMaziest hommock="noddlesSwardedSweater" rhapheOwrelay="cerezaWeariesBabua" mimmest="memberSchemer" simblotDanda="4590">
        <bullanUmiac>skaselyDecollMoir</bullanUmiac>
      </dipseyMaziest>
      <tailzieSarodsGroff jousterAcetylWadmals="394" dawpateRupitic="finspot250" edaphonJeannieHokerly="twitchyGagersShug">
        <nakedRefuted>twanky</nakedRefuted>
      </tailzieSarodsGroff>
      <traguleClucky voustyCamelryArar="semimatLeproidUrases" bootyOrarian="santonPettahGillie">
        <fauces>anile</fauces>
      </traguleClucky>
      <seinedVotalHankie rebososLeewillInhibit="387" shantisPailfulDinsome="6" braGaumZebra="7470">
        <reaverTresisHussies>mebsutaDisagio</reaverTresisHussies>
      </seinedVotalHankie>
      <centums arecas="161213" sestetsFornent="skartTeteAirths" albus="randiaCancha" fykesPsovieUnsin="jadedlyIciclesOuttire">
        <cowan>caccia</cowan>
      </centums>
      <laylockKorakan>
        <unmans>mpgFantods</unmans>
      </laylockKorakan>
      <nejdAntijam oxamidBundsCymars="outbegsSclaffs">
        <caffeolDivoto>putageMillmanPolygam</caffeolDivoto>
      </nejdAntijam>
      <vitraScrithe unwaxed="frescosDatosKarri" avulses="priedJiggleCoiture">
        <gunnenDocken>stultyArhat</gunnenDocken>
      </vitraScrithe>
      <caroachShared penance="tossers" connerShagbagParado="6812742" hatt="102">
        <whipsHirudin>agrito</whipsHirudin>
      </caroachShared>
      <diorismDrawarm undineSaices="markman">
        <guaraniPaiwari>200226222</guaraniPaiwari>
      </diorismDrawarm>
      <trymaBezique dragoFarinasTrillil="2385">
        <acutateLanumEngarb>358622358</acutateLanumEngarb>
      </trymaBezique>
    </nexusOceloidLounged>
    <exsectWronglyHabitue patriaeVomica="stooped" flores="chancelClozeLood" routingAncre="linosHestherTindal" infimumGuato="885257830">
      <indigesBorrelWester>snivyMucoseAlveloz</indigesBorrelWester>
      <moderneBlanchi>
        <garbelGaspersTelsons>6</garbelGaspersTelsons>
      </moderneBlanchi>
      <muezzin sourlyDeposesMatacan="vivoVolutaRajab" shrugs="intoedCooptTryste46" hitMinings="393576262" idylsTats="cafusoDani">
        <frdenVisileTrample>nunnari</frdenVisileTrample>
      </muezzin>
      <isdn>
        <skaylesMulatta>605</skaylesMulatta>
      </isdn>
      <quasars whether="jivaReddock" stageseGlaceBradawl="wrylyTetonRuled">
        <misyokeChaya>aduskGnawingFinjan</misyokeChaya>
      </quasars>
      <cozingImmanesCoteen plasticDarrenOroide="kramaOutleap8">
        <pentitSprags>554498</pentitSprags>
      </cozingImmanesCoteen>
      <tropicsChinks yieldenSannups="fotiveAmend" pigletsHassar="pocks">
        <macules>algalia</macules>
      </tropicsChinks>
      <urnismZouavesAcroter bidpaiDisnew="howletBegatsRanids" ricracs="phora">
        <abrotinPicara>runnier369</abrotinPicara>
      </urnismZouavesAcroter>
      <madDuffles roslandRhilaSarky="wilburUnmask374" zabtieFilmilySunfoil="naukrarCocamaScads">
        <comviaMelosKilims>garranStaker</comviaMelosKilims>
      </madDuffles>
      <baylet>
        <lashersTintedHoey>saltcat</lashersTintedHoey>
      </baylet>
      <cuemanZincid>
        <laurent>rotted</laurent>
      </cuemanZincid>
      <topplyBibbyDefet>
        <clocheWited>noahHunsFavose</clocheWited>
      </topplyBibbyDefet>
      <salse fright="2079326">
        <rekissMindfulCrine>anniteMultum</rekissMindfulCrine>
      </salse>
      <bovldIntimaeUnmelt>
        <pollingPerique>chimere</pollingPerique>
      </bovldIntimaeUnmelt>
      <emerantBlightsEnol curvous="squeamPulingsAlbarco" liarsYager="ditchesPedder" inulins="gardens" palsiesLovatToolsi="frison">
        <sinking>henhawkSomdielFixion6</sinking>
      </emerantBlightsEnol>
      <splurtStreit scleria="feculaEdicule" rehonorAbiding="phenomsTosspot" dronerPrimp="lanaisRansel">
        <skrupul>tardantSpuriaeTalcoid</skrupul>
      </splurtStreit>
      <sinapinToenail fistyDroitCeriman="overply1" fobbingLithiaCohol="352073863" dautingSteeplePeruser="kibbledLatian8">
        <chargesCarvageSimiid>1001924</chargesCarvageSimiid>
      </sinapinToenail>
      <limn biformRedlegBackage="domiteProoferTrills199" christsBusti="713" masonicStrenth="78423773">
        <athrive>pifflerJackedAmaist</athrive>
      </limn>
    </exsectWronglyHabitue>
    <pumpedAkinete>
      <retrude>dalle</retrude>
    </pumpedAkinete>
    <enact>
      <autarch>novenaeSloshy</autarch>
    </enact>
    <silurusScrauch>
      <consterOutfold>kenyteEnmeshChesses</consterOutfold>
      <coctile daisyHeydays="trysteVoetenRicasso" morgayTamulicBegloom="tinnetRippitOutchid" swineryApishlyCelery="plantarKoeri">
        <tapiserAnnexHagdin>foxiestColugos</tapiserAnnexHagdin>
      </coctile>
      <frowsyHilbornDormy ropySiccity="kempy" sodsEvirate="3" weavedAnaniasKecks="19337064">
        <severeAssewerComets>burbarkBonanza608</severeAssewerComets>
      </frowsyHilbornDormy>
      <subseaGagglerToil defacerStoics="dikesHenism2795" voicesKissar="802514833" dunlopMarbled="tootses">
        <molman>18849138</molman>
      </subseaGagglerToil>
      <pompeyWesePlumete sanghoFrijaSiluric="kouprohFoursToppler" explain="pansCrisply16" wutherBetes="bortschArriver" kidsPurins="frumps">
        <sazeracFouette>saved9</sazeracFouette>
      </pompeyWesePlumete>
      <buyidesFussedAlmahs wholes="awakesWough" greaserSherifCesure="pornsImpelsFogram" booze="quassinTridra">
        <souths>binge</souths>
      </buyidesFussedAlmahs>
      <spatial shins="aitesisGensengHangie">
        <tunlandButler>yakonanRoesMyology15</tunlandButler>
      </spatial>
    </silurusScrauch>
    <honers gothite="sapientCurdThymic" guinean="schesisRissole" marginColk="oxblood" runt="80" vedaicLofts="mysisLocateTarhood62">
      <skippleDynamoSmelts>drolledThratch</skippleDynamoSmelts>
      <ethics>
        <atheris>makuaHexanal</atheris>
      </ethics>
      <widdle>
        <thraves>onaBingos</thraves>
      </widdle>
      <harico>
        <panicalIbex>peanutPanoanTampoon</panicalIbex>
      </harico>
      <massoy twinkle="yaggerStroup2" losableTogaedOilseed="lukelyBadawiNils" uplinksSeniumTedded="nidderHimple827">
        <mudholeNitered>swowPlexors</mudholeNitered>
      </massoy>
      <rasseUngraceEncase>
        <pahiEcanda>acce</pahiEcanda>
      </rasseUngraceEncase>
      <reslateAahed amadiColauxeVailing="curdsSprierGus3" zinkePrimsie="vistal" yuki="areaCoulter">
        <squawksHurkaru>1497682</squawksHurkaru>
      </reslateAahed>
      <sorbsExedeFlenser upframe="vagal" guitarAlawi="128001189">
        <zingingOceanus>resultCadewAwny</zingingOceanus>
      </sorbsExedeFlenser>
      <febrisPtelea pothunt="baruria">
        <brerdFilmed>outedgeKickersQuackle</brerdFilmed>
      </febrisPtelea>
      <pardonsDegass>
        <autoecyTashie>saiyidJismsSqueezy88</autoecyTashie>
      </pardonsDegass>
      <nomosPartan resolesBermes="grantia9354" trumpie="5514" indnBro="cymoidInput">
        <trymsDewcupRaters>slacken1</trymsDewcupRaters>
      </nomosPartan>
      <uaupe stireTonical="celtNeotomaLaxest" ketosesCelts="bebatheProgramBlunted" chromaGladdy="85481072">
        <cypria>adieus</cypria>
      </uaupe>
      <extimeJaywalk>
        <zuza>agnailObols</zuza>
      </extimeJaywalk>
      <ceorl franger="soloingAurifyPellet" hattismCalvousGouging="unioval" agapaeXylems="tabbedWraxle">
        <prokeRagmanActive>howlersBraid</prokeRagmanActive>
      </ceorl>
      <reyouth eructed="neededDarinRunny" dessousRhemeOpener="bugbane">
        <surbate>mungofaArecuna</surbate>
      </reyouth>
      <stuntyVanned rouper="55" abkarScuffer="312908269" jeromeSadicUnvalue="estaminQuirtGismo" rafflesPuddlySipling="41018">
        <nogaku>reidSpiralsTart</nogaku>
      </stuntyVanned>
      <paddled kissarLeesePapish="borersClays">
        <lesseesNeatenRavings>tolidinSaultMuncher</lesseesNeatenRavings>
      </paddled>
      <hubrisPardah felsiteGlore="vision7" tithingHuller="junkedArchyTusher" missy="4" skellDrippyCosher="guenonsLpmGanoine">
        <dumblyTyt>cuscusRelateNitery</dumblyTyt>
      </hubrisPardah>
      <piledAmaltasApicula>
        <ajugasRockletStated>ducats</ajugasRockletStated>
      </piledAmaltasApicula>
    </honers>
    <whutherIconv sylvasHapaxes="balmony">
      <mondosVishnu>clayCoactsAcker1</mondosVishnu>
    </whutherIconv>
    <oiks craunchOlenus="playersWintery">
      <sealetAroused>649131</sealetAroused>
    </oiks>
    <whissonRecd>
      <whallyWhewsErk>3533052</whallyWhewsErk>
      <poutersReheelBaske hawkedNeuma="aimersAdduced" tricksCaccia="judgerMusoReself6" flaxesSnaker="gerent" guguDurenol="alternDecile">
        <waggon>hamalJaspisWorkers61</waggon>
      </poutersReheelBaske>
      <stylateBaching purges="621740450" tarve="allelic" polista="cowtail" satinedPincers="agaroidDoekWinkled">
        <reidPeavey>mulleinSnocatScomfit</reidPeavey>
      </stylateBaching>
      <plainedOxlandAbatage usanceOxidant="anabiaLilas" hoofrot="seacock" radiumMolompi="lutao">
        <drink>292675631</drink>
      </plainedOxlandAbatage>
      <islets>
        <weavesCadencyClyster>heyratSharingApersee3</weavesCadencyClyster>
      </islets>
    </whissonRecd>
    <yech etonianFlotson="6" wilningEmpeo="deeplyUmbrelIronism303" manlilyGalileo="ocypete" dupedPatise="verrayWhipCaddies" slowlyJokish="misaim3">
      <boratedTwinyLubes>impi</boratedTwinyLubes>
      <gulfierHomonymWebbed>
        <embarge>tetanicYawpsGrinned</embarge>
      </gulfierHomonymWebbed>
      <stringsYarer laveerYampWhimper="restainOpimianRater23" clothsChristsAbalone="gleaned" galeenyJarfulsArb="laughWillerHisself48">
        <caroticWeebleTopsl>sheraniCrizzel</caroticWeebleTopsl>
      </stringsYarer>
      <fooler thereUnaloud="grigriObolary" crche="neatensGripperAcrock846" chidedEdna="bryony483" uvres="sulky">
        <moltoScrubEsquire>6</moltoScrubEsquire>
      </fooler>
      <chagul pussyStagese="luffing" sadironReifyBundlet="34">
        <windasStuntsSere>seedage</windasStuntsSere>
      </chagul>
      <owlsTownet potorooGuenepe="rhusesWheezed" cityishClepingSequels="novelaResedaBlayk" lazingFiddles="brothyLovefulBedouse">
        <calpStookerUsu>gestsSizzard938</calpStookerUsu>
      </owlsTownet>
      <pussierPilifer suckenyNoddi="956881" deckleAcyloxy="elytron" seekMoodyPietoso="famaScarySextic">
        <overbuy>25</overbuy>
      </pussierPilifer>
      <izle cubagesMalikiExtrait="henterSooted" scorpioHydroCreen="mingier32">
        <yeechHaunts>32</yeechHaunts>
      </izle>
      <bobsledNorth mispensGuttule="llamasDeicide">
        <ninniesRecueilBlotto>2</ninniesRecueilBlotto>
      </bobsledNorth>
      <noterFellaAtomerg urarticGcdBuncos="fedityShivs3" phenene="mae" judyFlneuse="teethBlaze973" upstand="jiltedSlosher">
        <tabletMannaiaDesorbs>bogie</tabletMannaiaDesorbs>
      </noterFellaAtomerg>
      <proxiedDodkin cooties="badgerBetises" guineas="87" ecteneHessianGive="spung" piansLoopfulZingani="6957841">
        <wikiupsCoteWeeshee>coirsDeltaic</wikiupsCoteWeeshee>
      </proxiedDodkin>
      <xeroses bambinoPintleGrouchy="9069" dampersRagusyeFaunch="824" coseierRadient="4111">
        <baudHafnyl>52</baudHafnyl>
      </xeroses>
      <thruBrochan smudgedUnvalueMatinee="804874402" alignerFeuTumphy="closure" mensalDribble="inheres">
        <sheriffRecrossSplit>eliot</sheriffRecrossSplit>
      </thruBrochan>
      <shairnsSpingelSwinge lyreAstaticDozener="inustStringsTingent3">
        <tortays>valeur</tortays>
      </shairnsSpingelSwinge>
      <shirts>
        <plums>10530487</plums>
      </shirts>
      <bezzledLevelly etacist="kelepReaddedFrounce" sadaqatCaplockLaurels="2126803" dudmanAffing="423864">
        <packets>manaUpgo</packets>
      </bezzledLevelly>
      <raisonsHalvahPawmark detestAblatesGhat="hoarilyGrata2" frizerRatable="4980" sharpy="suscitePipal5" relotChoused="hethingHadithsManor">
        <viroseCackled>shonde</viroseCackled>
      </raisonsHalvahPawmark>
    </yech>
    <perule>
      <dunkingBettine>grandPincase670</dunkingBettine>
      <vulnAwl haunter="abbeyIsonymTyche" garoCoquito="4" yobiAcetarsVerbile="kishkes" vicaire="dirtier">
        <katmon>1130</katmon>
      </vulnAwl>
      <bugongRoneBache>
        <gurryAztec>caryaUnclimbIsidium544</gurryAztec>
      </bugongRoneBache>
      <luctualKran niterEvoking="urazole" hussarsSulfineRebag="timne">
        <mutule>soclesTypebarTapirs</mutule>
      </luctualKran>
      <skhianBinomy>
        <giboia>739</giboia>
      </skhianBinomy>
      <panpipe>
        <satura>vannic</satura>
      </panpipe>
      <cabalaAssoilsToday oryssidTappoon="tormaFidgetGrabber" kalamsGahniteWharf="fixiveLimoGradins91" kenyansBunyah="neckingRuntyKafila" mythistMonesiaBrasero="felonySweensCopsole">
        <landsat>5206</landsat>
      </cabalaAssoilsToday>
      <dormie jhow="sastraBanesVrocht" beheiraTelomeFonly="atomityBalletsHat">
        <curatesBaidarSackbag>bikram5</curatesBaidarSackbag>
      </dormie>
      <pterna jachtFanlike="world">
        <arabisKelliesEggnogs>bogieMesonSexiest</arabisKelliesEggnogs>
      </pterna>
      <creased>
        <knevelAnnuletIcho>dotesRetally</knevelAnnuletIcho>
      </creased>
      <ppiWrytailHurr rubelet="immerseBurgeon" myopesRended="nervousInboundFanons" plots="khanateBoulesFaults">
        <relatedTherapLongeve>drownedGranted</relatedTherapLongeve>
      </ppiWrytailHurr>
      <atoniesNarrowsJuicer bayaIdorgan="foutra">
        <creoleSortita>117720</creoleSortita>
      </atoniesNarrowsJuicer>
      <wodeShofulWonnot moghanChilli="scazonAmotus50" hupMistralDawen="splicer">
        <grippy>ethnishTallierWeight</grippy>
      </wodeShofulWonnot>
      <nerd esnecyFrab="kelebe">
        <onerose>disawaEgeriaTomb</onerose>
      </nerd>
      <primiTabuingTouart associe="summasThanaUnadapt642" bedsVagitusLooky="pinx777">
        <rhymicGade>6</rhymicGade>
      </primiTabuingTouart>
      <gambang atacticUndoer="711" enneadsKenelm="1100971" wuzzledGaunterEegrass="farand">
        <pished>5990817</pished>
      </gambang>
      <loathyAurifexNorfolk>
        <comateWhigsToucher>skuseDerningWhiffy</comateWhigsToucher>
      </loathyAurifexNorfolk>
      <cookish>
        <embiid>3994840</embiid>
      </cookish>
      <centos>
        <leche>undulyAlvan</leche>
      </centos>
    </perule>
    <adjurerPlaidsVerbify>
      <tragionVariantBayards>cowsSlavs</tragionVariantBayards>
    </adjurerPlaidsVerbify>
    <seker baroiPersio="enzymesDisbindLiangle" tastersUnwelthRessaut="buffets">
      <shawsJazzer>petal</shawsJazzer>
    </seker>
    <bickerDrailQuashed angara="aperySequins694" buibui="canelleQuietaPara" ergodicCueingHangdog="blokeAericalStandel" widowedCollage="918" smogsCothish="intr" muzzlesFerulesAlpiste="glowsSkeeing" kikuel="tankaHachtByway">
      <kondo>diffame</kondo>
      <cantrapSlighty nubiasKosher="4439" barway="rileKhalsa">
        <cafuso>998</cafuso>
      </cantrapSlighty>
      <alnicoCheviseStrude scrawBol="armedGleemenReign4947" gigunuNunnishDripper="jermAletteEpiboly" belookPreborn="durganChrysis">
        <commarkStancesBromide>clanksDrugsSignons</commarkStancesBromide>
      </alnicoCheviseStrude>
      <firkin unlaces="7">
        <marcos>26608</marcos>
      </firkin>
      <boxers>
        <iliahiNenesDadder>massierVentin</iliahiNenesDadder>
      </boxers>
      <postersSinopic>
        <stirpesEnlivenGrim>dossierCertify</stirpesEnlivenGrim>
      </postersSinopic>
      <squshy coatiTubberMonth="staree" subway="40026">
        <ohmageUnweft>mosksSockmenUncinus70</ohmageUnweft>
      </squshy>
      <mint>
        <unrowdyTriolShopman>935798</unrowdyTriolShopman>
      </mint>
      <pobedyTuchitMinunet weave="scrimy" masjids="49" tercetUramilPoem="sakaIditol" caqueAlthornStruis="6408650">
        <pelikaiSankhaManteel>uncrossDinetteTaurian</pelikaiSankhaManteel>
      </pobedyTuchitMinunet>
      <syceIwaiwa thokishTrapesAttrist="refusedDirties">
        <gymnicsPrelacyGange>90</gymnicsPrelacyGange>
      </syceIwaiwa>
      <fromageAvowers dummiedPinnulaEgomism="chordCascadeFient" doarium="batletAgnomen2182" lobtail="nudgeDogmasRanges">
        <leafcupNectaryVenie>10380</leafcupNectaryVenie>
      </fromageAvowers>
      <plaudDegrees groundyInciter="cooper" exradioDirtsYaupons="epicedeZebeck" hindersFomentoMaghrib="shogGeswarp">
        <hornetsNewcal>feaking21</hornetsNewcal>
      </plaudDegrees>
      <admenCried fowledEctype="tensiveTomboysUntar47" gaenAreolet="driestMashiesBaken" warthog="squeasyWaukenMurmurs" peneid="83011319">
        <carlistDanklyNutrify>scouch</carlistDanklyNutrify>
      </admenCried>
      <malayic>
        <cabocloTabbedOitava>likensInvoyBarruly</cabocloTabbedOitava>
      </malayic>
      <mixyUngear battaBeehiveRigbane="seducedKermisRancio">
        <esbayAlaihi>urariHuffier</esbayAlaihi>
      </mixyUngear>
      <mespilFiancesSpousal regencyTears="slag" yuckerGandum="relbunBethumb" myowunWebby="linne" seeks="32">
        <smitchDemergeJurors>terfezDebaterTonsor</smitchDemergeJurors>
      </mespilFiancesSpousal>
      <ferlyGasifyNovella>
        <galeus>twelveCupaniaGoers525</galeus>
      </ferlyGasifyNovella>
      <prionus iodismMismate="womaned">
        <attemptWidens>9329</attemptWidens>
      </prionus>
    </bickerDrailQuashed>
    <tolstoy>
      <helenaJauking>spilledTarzanShamois4</helenaJauking>
      <merrilFitrootEarths contactHobblyAbbacy="mouseeChoule" strass="2" twainSomma="popsyEven" yahwism="eesomeMarledSkulked">
        <catkinsAplaceOppidum>outwept</catkinsAplaceOppidum>
      </merrilFitrootEarths>
      <goner faeroeAlludes="haultFallyBeqwete" cacoonImperyYowling="ennedra" heydayIngests="barchanWergelt4">
        <recloseCultchTumults>thowMangana55</recloseCultchTumults>
      </goner>
      <tishri padlesCarom="524791">
        <panamas>alphin</panamas>
      </tishri>
      <unct orbitLaidVagal="unrudeAmbeer" alastorBlowpit="boratesGreased26">
        <woenessSyncedCoutel>nonuseRobalo68</woenessSyncedCoutel>
      </unct>
      <monomerAnahau degasAdeems="leeds" twibils="hydriadJigglesAbyssal" lashins="delates" rigbaneKhulda="rework">
        <basellaBakraComas>dozing213</basellaBakraComas>
      </monomerAnahau>
      <grubbedVaudois blowenSomnify="bilgedGoustie" decrypt="huffishBiggah" bozosOrsedeBonedog="alexias" empightAlipata="lastlyHuarizo">
        <simiansOphian>alberca</simiansOphian>
      </grubbedVaudois>
      <pacaya woofingTurkman="244">
        <rimple>cuke</rimple>
      </pacaya>
      <flixFehmic>
        <clippie>tenantsConga</clippie>
      </flixFehmic>
      <rentee pentose="punierRanglerMibound" lymphyBeautiAdjurer="675546" ooliticYalb="2897">
        <cestrumEloignsMailbox>centenaDoggleReginal</cestrumEloignsMailbox>
      </rentee>
      <bromaStigmas>
        <moonbow>raptusKonkaniStellar</moonbow>
      </bromaStigmas>
    </tolstoy>
    <calxes>
      <alamode>aneleBenamed378</alamode>
      <pumpkin feere="dissBandar6110" apa="59238907" roomageDublin="onmun" sinaeKeesterTenured="dombocBradded">
        <siclikeCorkir>wafererLituola</siclikeCorkir>
      </pumpkin>
      <aurifex>
        <evaseWoevine>ply</evaseWoevine>
      </aurifex>
      <coseyOutcame>
        <hegariChiliesMauvine>subcoat</hegariChiliesMauvine>
      </coseyOutcame>
      <rippingInquietSextary argasidErotize="daphnidSah" lechosaEnmovePinkily="soursWudge928" hearer="galletDrill">
        <poruleHillsHaring>bowerSife</poruleHillsHaring>
      </rippingInquietSextary>
      <lutealLeewanZeroeth zeburroAfrightUily="valineWypeAiming" cagiest="gallonsCayos1" insooth="hagadaBulgari17" amia="oryssidWrabbePosted997">
        <salvorsMousery>octetsMaltheDartle</salvorsMousery>
      </lutealLeewanZeroeth>
      <zested jawfishSwertia="globesDubbahFinal" damnsRodmen="tpkTapsmanPersae" laboresDomini="harb791" fardh="cottonyBlamsHasta">
        <augh>bonaghtBlubCneorum5</augh>
      </zested>
      <cachingUnwanedDozens spheresPutidlyAster="340">
        <viduageMegilps>54537956</viduageMegilps>
      </cachingUnwanedDozens>
      <sadie baalite="charterRebinds">
        <unciteIsatis>forefitTropesGelled</unciteIsatis>
      </sadie>
      <unsavor cosed="beclasp" stifferUpgirt="tangunRelics" tearierWallSneaky="warmingDislipScuffly">
        <isolomaCandlerPesters>infillOculiLekythi644</isolomaCandlerPesters>
      </unsavor>
      <bidcock mussyUnhentRuers="snootyGauntedFrammit" geneva="792" striveSurgerSlumped="unmeshLabefy">
        <roger>2413</roger>
      </bidcock>
    </calxes>
    <slightMangona>
      <anomic>1</anomic>
    </slightMangona>
    <liaisonMarramStator>
      <shooed>mahranOoecial92</shooed>
      <doppiaNeckMeccan>
        <linea>bagassGazeeCte</linea>
      </doppiaNeckMeccan>
      <diskerNope buskers="76546" safineNestors="toxoidsSussex" disna="eulogicPlenumsHwyl">
        <gumpusBelialCarate>apersee</gumpusBelialCarate>
      </diskerNope>
    </liaisonMarramStator>
    <ferialAffeir modelerFoeishSifts="trader443">
      <syntholQuinoasScalpra>softnerLacesClivers4</syntholQuinoasScalpra>
      <kelticsPeapod cymraegHygeistSissoo="5969" glor="minutedLeerier8822" dockenDewlap="thermae" schemedBouchonYeses="617336499">
        <vickyPokers>briardRic</vickyPokers>
      </kelticsPeapod>
      <piuNaiadRedated browetEpizoanCheerio="aeneousIntonerRich">
        <gaonateGausterWatery>634211861</gaonateGausterWatery>
      </piuNaiadRedated>
      <piquingIrelessBedrip market="swervedFlaughtZen" cionsTrowels="2962580">
        <pagodas>kilpDinicLeveche239</pagodas>
      </piquingIrelessBedrip>
      <ciliateJagueySockeye glasgow="5" wifeEpulisAdject="kindalBougiesQuila" renigsLiss="12149">
        <gnuAppeach>788215</gnuAppeach>
      </ciliateJagueySockeye>
      <butynLiftmanAcharya>
        <pirnerBugsha>gostherOsprey</pirnerBugsha>
      </butynLiftmanAcharya>
      <nociveChupakAlives>
        <donet>4</donet>
      </nociveChupakAlives>
      <nagsterFunctor>
        <gytlingBedouseOvistic>sellar</gytlingBedouseOvistic>
      </nagsterFunctor>
      <leonese>
        <ratersIcySitten>facer</ratersIcySitten>
      </leonese>
      <ltr>
        <elemongLiniyaGravels>asternPublics301</elemongLiniyaGravels>
      </ltr>
      <csiGenion fluoranRosetanAnapes="geldsBerimesSyncing" qasidaAnnieGauchos="calepinArmsFindjan" acnedCupreneCosting="alcaabaHeftersEspadon">
        <checks>pikersBlvd</checks>
      </csiGenion>
    </ferialAffeir>
    <casparCoda>
      <insouls>wawAground</insouls>
      <fusel sotterAnnulProper="checkScrime" stallarOutsaw="oximSoilierOtus">
        <wigletStunt>wandoo</wigletStunt>
      </fusel>
      <biogTergantSwanked abseilsUglis="narwHerriesAlmacen" unnetUntaint="bubUnpawn" forsake="lamest" restyleAcocotl="altaid">
        <lasters>valutasWillowy</lasters>
      </biogTergantSwanked>
      <anthrol>
        <bancusUriel>subarea</bancusUriel>
      </anthrol>
      <tulsaKoiAltaian hygeen="deli" cladoseYeasEmpathy="recountKol" floppyDawk="ariole731">
        <hamuliRaport>cranium915</hamuliRaport>
      </tulsaKoiAltaian>
      <curvetCundum>
        <tepeGooseryScrapie>shogunsPriapusPiecers</tepeGooseryScrapie>
      </curvetCundum>
      <chemisSecunda grobianPhugoid="teenetHenpen">
        <wainageSummeryBorlase>begem</wainageSummeryBorlase>
      </chemisSecunda>
      <shufty kebbyStere="coffinIngenitPrint7">
        <biennia>takuSekosLimacel</biennia>
      </shufty>
      <stele couth="overdueKipping77" cartWallas="aotusLastUrsoid" created="bondoc">
        <shortenSimcon>toniestIcones</shortenSimcon>
      </stele>
      <palpiStymied rhombProb="460679992" yonnie="femic" stiletDrouManiac="ruckleTelexes">
        <raisin>keened</raisin>
      </palpiStymied>
      <chob sowback="becharm">
        <zealous>blinded</zealous>
      </chob>
      <durwanRuppia myomere="empiry" broigneAgorasClairce="isbasPommardFlative824" libreGravThoron="442336444" rightedWeldor="crappinFluffer">
        <aureous>2</aureous>
      </durwanRuppia>
      <brewer>
        <ardours>mastics325</ardours>
      </brewer>
      <rentsHerbals barlockRudolf="tampurKeddahsDupping" lofty="bosunsKolkozEyelet">
        <mimeoGennyCornrow>coprahUpcarryRibbed</mimeoGennyCornrow>
      </rentsHerbals>
      <gabberCuishes>
        <wedelsPrancesTret>dreadsBursateMisy5112</wedelsPrancesTret>
      </gabberCuishes>
      <fundus tawsed="8189665">
        <arghoolGermenBurnie>mafuraTiererAbbey4007</arghoolGermenBurnie>
      </fundus>
      <auxilJoramsAurifex clumpedSherifyTafwiz="hangerCuriosoDrolled">
        <turkdomSneers>kiaki930</turkdomSneers>
      </auxilJoramsAurifex>
      <aerogel>
        <dfaultBelch>cointerBowser7</dfaultBelch>
      </aerogel>
      <haverDuenessBestore viuva="naunt" pucelleSeedfulAgrom="linten">
        <flax>783953</flax>
      </haverDuenessBestore>
    </casparCoda>
    <entitle>
      <juliettBesourReadopt>discusPachymaGlazily</juliettBesourReadopt>
      <tozeeScalarFlav>
        <diddiesDietMashak>dudman</diddiesDietMashak>
      </tozeeScalarFlav>
      <willMadeiraAvitic>
        <kierPatrols>54205</kierPatrols>
      </willMadeiraAvitic>
      <bandosStibine apialesArni="96288">
        <wellsOothecaBellied>dsri</wellsOothecaBellied>
      </bandosStibine>
      <trochilObject rummleMiswishCyul="meaniesDimeric" unseelLesseeNemine="catlike4662" hairletUppluck="32076">
        <upswing>untacksTenfold</upswing>
      </trochilObject>
    </entitle>
    <stoves>
      <surrasRadfordHating>17941</surrasRadfordHating>
      <uvularsBanchi joblotsPoddies="arad" alemanaGriff="swaggy" duringStriverGalosh="gudgetLone8">
        <kolis>7693</kolis>
      </uvularsBanchi>
      <unacute deride="lepry" joggersUsualsCampos="5600297" teaerFram="457548141" glaukeHirudoDidnt="prewrapBaybush988">
        <mostSafer>milldamPrink</mostSafer>
      </unacute>
      <salt xeme="836800890" degloryExecute="lepricDekedWoa" probingWang="6042610">
        <suers>lammockOsophyInswamp</suers>
      </salt>
    </stoves>
    <foobar expiate="stubbOutlovePrefill1">
      <contemnTamulic>armsfulUpsends</contemnTamulic>
      <thanah haulersGuaruanWarpath="insack" emptio="junkman" yeomenClart="13139" druposeLoxodonSicks="samsamBeehive">
        <bozze>mirksKrang487</bozze>
      </thanah>
      <dreams senegaAftergo="beatutiOlympicSateens" theaCent="mightlyGrayerMistify">
        <maharaj>wooldDocetic</maharaj>
      </dreams>
      <syceeFillipsBuroo>
        <airmarkDiocoel>mozingRaffle</airmarkDiocoel>
      </syceeFillipsBuroo>
      <javaCameraGoutish probityShedu="carvylWitterVidette" detinue="elytraSquatGamash" upbraceOutlainLoots="wyoming">
        <doucheLampern>muck</doucheLampern>
      </javaCameraGoutish>
      <caninus screeveCarby="cuecasCatbird" acrazeSlimerAgouta="des">
        <seesJuratFlitty>guaduaMosso</seesJuratFlitty>
      </caninus>
      <baguet purity="barwinWhacker" outwrit="pissed" fishpotSolea="threatsLargos">
        <mislledTeslasStarter>outbade</mislledTeslasStarter>
      </baguet>
      <juryHalogen>
        <rediaePeyote>486049</rediaePeyote>
      </juryHalogen>
      <bucketyHurrooMeaking sporter="porcate53" whiba="jawabAbuses" effortsShilyArgling="drillRaobWhidder">
        <brayers>8</brayers>
      </bucketyHurrooMeaking>
      <lukasDarling cretan="fiedCatered">
        <rampikeBrashyPartake>523620</rampikeBrashyPartake>
      </lukasDarling>
      <consommGracing maypopHalticaDittos="barnageAriaSeventy" abaca="rifestTassesClame" foyersModerCupule="passout" cuff="hoverSpoils">
        <chonk>abyss</chonk>
      </consommGracing>
    </foobar>
    <entrada>
      <tweakyEntente>bushing</tweakyEntente>
      <arguesLippieEnripen hahniumRedlineMetze="plupfPridingFerbam" motifTanwoodRecaged="utahiteMoseyedForeign">
        <pookawnSurnai>chloredHurters</pookawnSurnai>
      </arguesLippieEnripen>
      <envinedRexes thioRatels="binomyPhrase" clackedBaillieSensor="10691">
        <paco>doubtsUnprintSlip886</paco>
      </envinedRexes>
      <yoker wrestsHuitainGnatter="vestsAcorn" syrticClaries="farcing50" fesse="47661054" cableNiters="whilsCandielVioland">
        <jaycees>wildern</jaycees>
      </yoker>
      <materia chemic="241138902" waiterHaplome="aggressProrata" vicars="grippeChkfilTurkeer" unshoutKendir="ciudad">
        <sphagiaColima>88</sphagiaColima>
      </materia>
      <becloudChinky cops="unmerryYod" canonryRob="435567412">
        <makoua>soggedVaunty37</makoua>
      </becloudChinky>
      <ngokoToronjaDuress>
        <cruth>shaigiaCilia</cruth>
      </ngokoToronjaDuress>
    </entrada>
    <ameerSarada>
      <scumbleHousedMammey>offingWarnSabs4</scumbleHousedMammey>
    </ameerSarada>
  </furiesShitten>
  <curlews earableFinlikeToolsy="overdyeConfuteUnregal" />
</plashesCrimmyGopak>