<?xml version="1.0"?>
<cox>
  <vainerRippier cuss="forumAeraria123" apicesLenaeanSleighs="weirdyChousedTerming" cytodeTourCalix="wilning674" tebeldi="4783536">
    <adam>
      <novilloProtoneMairs>sackbag</novilloProtoneMairs>
    </adam>
    <clunchPairer>
      <ateuchiRattusBanaba>knifed</ateuchiRattusBanaba>
      <gomariRakersJarl>
        <wooshedHomrai>muckingFerdwitTidiose1</wooshedHomrai>
      </gomariRakersJarl>
      <tornado>
        <encelia>guttEpitelaOutwake</encelia>
      </tornado>
      <hougherCabinetAbib accostEnidKegful="702793">
        <skiltsFictor>meaning</skiltsFictor>
      </hougherCabinetAbib>
      <xerasia>
        <gunja>themselAbsence</gunja>
      </xerasia>
      <timbe malellaSambuk="dacoitsPhobistEmber" drabbetTassie="awasteGelding">
        <mygaleUlmousSwails>gailyUnladedCloot</mygaleUlmousSwails>
      </timbe>
      <batlanFoxchop giaoursBuzzy="634599516">
        <fistedCatalpaReturns>snappy</fistedCatalpaReturns>
      </batlanFoxchop>
      <scriptoLoggieHosier profertCrating="barfulModelerOstosis" agedlySebilla="oximes35">
        <gnastAbsis>8901005</gnastAbsis>
      </scriptoLoggieHosier>
      <pippingKindred lemmingOphion="jennaCliffyBice37" weirdy="toplike">
        <plowsClepedChipper>epiloiaArn</plowsClepedChipper>
      </pippingKindred>
      <cisLindensAcast>
        <cumbuDoliteSubdit>26637</cumbuDoliteSubdit>
      </cisLindensAcast>
      <privyShackle>
        <toftmenAmiidaeCanes>41145</toftmenAmiidaeCanes>
      </privyShackle>
      <unlimpGanga nittierShuteyeAgamoid="abutsNaomiDismiss161">
        <pledgetCoud>bubosUnsomeOreads</pledgetCoud>
      </unlimpGanga>
      <toner divisa="viseedAhurewaAngild">
        <vagusFirnsPoddle>jounced</vagusFirnsPoddle>
      </toner>
      <tawedRover wagerSquatly="tournayGeerah" mishitsHoubaraStrunts="taperPurusha">
        <tainos>urticalCanzos</tainos>
      </tawedRover>
      <jaukedSuzanCratch furoicEncraal="chinkerArrises">
        <glotticCamaieu>threatsHelled</glotticCamaieu>
      </jaukedSuzanCratch>
      <vastly>
        <ability>3</ability>
      </vastly>
      <aginnerTowserWildish seedy="34334" booky="783819" cobbleKiblahDepure="16772050">
        <regnumLeasing>14</regnumLeasing>
      </aginnerTowserWildish>
      <colmar shakti="enamelsUphandDonna" beal="calabarTwaes" fidding="mandoerBobcats8" pervade="malichoGealDaisied">
        <veilersMaihemHandel>nephriaExarateDirging</veilersMaihemHandel>
      </colmar>
      <murinae hipshotAirerPinrail="theins" overbid="689762920">
        <shammesCimbalStellas>fattyArcatoCold</shammesCimbalStellas>
      </murinae>
      <endogen lorariiArnebiaAcrisy="441" ans="sleepryMeanBetowel" athenor="gnostic">
        <sixte>lapsedKhojah</sixte>
      </endogen>
    </clunchPairer>
    <judah>
      <bepawSlogsLeak>rinsing</bepawSlogsLeak>
      <controlRedeed gippo="783202894" glarily="kartelDipware" jingle="unflock213">
        <tawie>keyakiGofer1</tawie>
      </controlRedeed>
      <bygo maniconEsquireHamites="barratLovepot">
        <vakiaLutists>496897</vakiaLutists>
      </bygo>
      <abacaySwiples leaferyBeleperAmido="refreit" beckonsGrubberLimpish="meshArret" pistEldersBourran="neatifyJutka2874" thurmusBundlesPergola="guldenPithy">
        <tortiveLeanderInfall>pipeyBedeen91</tortiveLeanderInfall>
      </abacaySwiples>
      <sukeyRemixtPrimas>
        <whelpsPottySaid>splaysTrey2110</whelpsPottySaid>
      </sukeyRemixtPrimas>
      <smear>
        <oiledCaiques>sorted</oiledCaiques>
      </smear>
      <raglin redout="skeyLacunae" hile="sexlessWillied">
        <splenicGoops>97773916</splenicGoops>
      </raglin>
    </judah>
    <eclegme>
      <ergasiaMooRapers>polackKickish6</ergasiaMooRapers>
    </eclegme>
    <dashtUndoes kitersPinjraGrasset="sunward" recombs="numpPubBidri12" unbagSubbank="spiteBatedJodo" preageFiumanIndical="scintleBowlessSeit" alferezNaniticWamfle="66">
      <doggieMehrdadAneuria>weltsFlanqueCrumply</doggieMehrdadAneuria>
    </dashtUndoes>
    <plumlet>
      <touracoKerfed>assuade</touracoKerfed>
    </plumlet>
    <grouchyWicking>
      <hipeLungans>rebulkSwervesHausse</hipeLungans>
    </grouchyWicking>
    <herderAnarcho>
      <tattieJusts>mamers</tattieJusts>
      <drachmStuntySudden>
        <tuingaHoggeeCuitled>peloidLamboy4022</tuingaHoggeeCuitled>
      </drachmStuntySudden>
      <misleadAxion>
        <judaicHaras>rafterChined</judaicHaras>
      </misleadAxion>
      <shyingRille tomorn="clucks" errantShrived="kistfulDiaulicBaconer" congaOstiate="yearlyPewee" karma="subarea">
        <lwmWafery>psoroidHornilyBagel6</lwmWafery>
      </shyingRille>
      <alange gulpParbakeGogo="70314408" needlesFrond="doozyUnstate" law="sanpoilAnanymChances" gunzNailsDoublet="syriacItemy">
        <choraiWallahs>modiste</choraiWallahs>
      </alange>
      <nopalsPipeageDiorama cullies="jerking">
        <ariteTarrackLourdy>niduses</ariteTarrackLourdy>
      </nopalsPipeageDiorama>
    </herderAnarcho>
    <imperii tressed="savviedBebeastWanyasa">
      <carboxyClons>doom</carboxyClons>
      <nonsuchBrawls>
        <warstEscarp>campman</warstEscarp>
      </nonsuchBrawls>
      <bigamicFstore neddies="jackersGuimpes" sawpit="colickySylphsMimzy">
        <dolcinoComicalSapphic>propsAspisesPlot</dolcinoComicalSapphic>
      </bigamicFstore>
      <pugsAlmond uppop="doppedLeucyl" rarifyAzotitePetioli="viminalBogyBeliing" taw="42712" stobs="entheosWacky">
        <contiseVateriaBedfoot>camarinWinnleAlaloi</contiseVateriaBedfoot>
      </pugsAlmond>
      <whutter knesset="labUranylGowaned" cabasaAfforce="straveBushily1643" ixodid="regionRettoryKnock">
        <usitate>uplink79</usitate>
      </whutter>
      <owenism endotysNaturedParacme="baccaUnspeakAdmix10" scringePanace="rheebok" cozieMaggleFrescos="3912">
        <tentletBabishWhams>92021</tentletBabishWhams>
      </owenism>
      <indiansEarnestZipped asturVincent="unweftTesack" baruria="drukpaAlemite" acaridOthonnaDont="cosseSicily">
        <bikingOlefin>84641545</bikingOlefin>
      </indiansEarnestZipped>
      <sanctaGlandesExuvium unaired="jarabe" stufferStative="tallisJumbyAeacus" lurefulFleecedKirkton="latest">
        <gowdFaecula>disformBuffone</gowdFaecula>
      </sanctaGlandesExuvium>
      <daflaGentyTubful trafficWhalish="introdSloeAknee" telesDroukitTrompes="prying" wolfmen="lipomasBollen" bleederGrosRussism="exigentCerylCippi">
        <consign>subzoneBiens</consign>
      </daflaGentyTubful>
      <lobedHayweed ouselsBradded="borrow" durbarMammock="layupVoicesEnurny6" motmotsRecaseBedsick="reachDepict" spawnyXylonDaylong="shurf">
        <crapwaPalla>rbound</crapwaPalla>
      </lobedHayweed>
      <caroomeDualityLayne asuriPaletsPuckrel="angorIglesiaDunting" outjump="seamingMeridaGiggler" unkentPrivateAdonite="relamp1749" sciotRaveJug="guiroAdullamBarkary">
        <lividly>cetene</lividly>
      </caroomeDualityLayne>
      <adcons eoleSetulaeNiobe="steviaPiffled6" indraMoistenIngrown="koorgPuistTalars" factumQuinetBrocage="609079381">
        <excisedBenelux>wobAsks</excisedBenelux>
      </adcons>
      <calliScuttle tnpkPathema="moniliaSoda1" nielsen="geinParrots">
        <awnedDogeysParadox>karmasReggaeInline</awnedDogeysParadox>
      </calliScuttle>
      <sizeineScrapsLeesome congos="sludgy">
        <zimme>hemselfFurfur</zimme>
      </sizeineScrapsLeesome>
      <boseKoppite limnite="813736023" dallisChiaveZax="annulet" mogging="93">
        <leucylChalutzFantom>amamauKeepnetStrip</leucylChalutzFantom>
      </boseKoppite>
    </imperii>
    <goonch>
      <weirdie>vacuuaGobs</weirdie>
    </goonch>
    <oerstedAlalus>
      <pewsClings>twittleCharcia</pewsClings>
      <vizsla boccaroAdrip="cumaeanVowson">
        <whited>retrueIncur</whited>
      </vizsla>
      <neumicHoeBowings yaguazaPraxes="reshapeBinousTurret334" redraftPunaYoke="closky" assumptGuinfo="oouassa">
        <chaletsCarityCarone>aurigid2474</chaletsCarityCarone>
      </neumicHoeBowings>
      <wishConchesDisgown>
        <pinnula>wilderArushaPietose2260</pinnula>
      </wishConchesDisgown>
      <tebbadSwayedInamia>
        <unskill>946139870</unskill>
      </tebbadSwayedInamia>
      <deiparaJiggyRespond tagus="repaint" pignutsUntrustUnoral="larkersLibri" hansesLungersDahs="ethenolSallowZattare">
        <irianBimboesScarfs>doddiesSingers7957</irianBimboesScarfs>
      </deiparaJiggyRespond>
      <durbarPlakCaustic roosa="till" peludoAdless="869" roomth="13915573">
        <bozoDamnumLeigh>480920684</bozoDamnumLeigh>
      </durbarPlakCaustic>
      <jingoSalableBall calqued="oilcups252" elysium="utrum" cairo="papriks">
        <giggitSurreys>5600</giggitSurreys>
      </jingoSalableBall>
      <behint amityDsnamesOssicle="spiker" avania="locoing" ploceus="wrierSilybumUnbefit">
        <nonaidDeasil>dodosStageDaur</nonaidDeasil>
      </behint>
      <bardedReynard tremens="greggle6" hypothLake="unbearsTrepan">
        <toltec>alviaMinicarTernlet25</toltec>
      </bardedReynard>
      <ereptAline ebriateCabulla="niobeanKupper140">
        <cabbageAlmucesDeja>fiancesGrownupOlykoek</cabbageAlmucesDeja>
      </ereptAline>
      <lampretShushed portyCarnet="caxtonMushingFlappy" rumored="yeldrinZionDamnify" rectaAlluvioKirimon="porzanaTeesFirster70">
        <spicalSlumdom>553416958</spicalSlumdom>
      </lampretShushed>
      <miladiUngrain chitlinPeeries="6" hanoiLekach="uncakedLawish">
        <reedenNisaean>ada3</reedenNisaean>
      </miladiUngrain>
      <ruscusChomer>
        <kinkhabDaud>anguidGauge</kinkhabDaud>
      </ruscusChomer>
      <pyrexicAurin luddenWaxilyTou="abhorAleshotModeled" nonterm="judices3" redd="verbousRoplochNotes">
        <vinyonCopper>berline</vinyonCopper>
      </pyrexicAurin>
      <healderParra raptusDeviantRua="akene">
        <shadkan>6</shadkan>
      </healderParra>
      <septime galenasAselliBlancs="maimAntony" dikdikWindle="kauri">
        <glozerCiliiumGarn>skaffieUnnoble853</glozerCiliiumGarn>
      </septime>
      <oread>
        <tiepinChewink>asale</tiepinChewink>
      </oread>
      <exradio tribualGoodishBagobo="vibicesSwaysOnstand3" withsawUnyoung="brahma" rokaCairnedPolars="cornerAludelRetrack">
        <ditolylReself>predenyCartingFraik</ditolylReself>
      </exradio>
    </oerstedAlalus>
    <skyways servetSpa="verstes">
      <abrotinStoaePuces>argonsPignet</abrotinStoaePuces>
    </skyways>
    <mauncheMaana puplike="20604" mulledWains="tannerGowlandSea">
      <regletTypedCazique>thirtyEarbashSifaka</regletTypedCazique>
    </mauncheMaana>
    <dumoseOllamh hamliChiao="whoot14" bakery="alcyonEncina">
      <cortile>kahuSee</cortile>
      <bande kennell="icariaTellyPrinky1">
        <linolicScopa>mickeryMezcal</linolicScopa>
      </bande>
      <outturnMatapiAmorosa iconv="iridoHansels">
        <dodomaCarcase>3933</dodomaCarcase>
      </outturnMatapiAmorosa>
      <serapea zoonic="piglyRebater" immunGenitalRestep="gubbinFaitor" klausJoggled="zoologyWovokaErth" antlion="4297">
        <resinkRimrock>berogueBoogum</resinkRimrock>
      </serapea>
      <papeyKnoxAequian>
        <doggiesSkewersRabbler>twillsRajasic</doggiesSkewersRabbler>
      </papeyKnoxAequian>
      <acerataBeldam>
        <orles>moxa</orles>
      </acerataBeldam>
      <wornil subsImberbe="3017">
        <damansVeneti>coalingCulvertGleg</damansVeneti>
      </wornil>
      <diveMuscoseDenting reputesSteles="rechartHainedImmov" loulu="2924341" mismazeOxberryQueres="bulkish">
        <capable>xylosma</capable>
      </diveMuscoseDenting>
      <etuveFleererTiling orcas="shukria" bwanaFusserMyeloma="enzoneKingpinBikram" outact="peytrel5075">
        <byepathBerg>unnoisyRespect</byepathBerg>
      </etuveFleererTiling>
      <ingate theahTawny="humicTierce" tooledHans="rheicBluffedZlote" polt="unplait">
        <judgesThrive>highlowTulchin7410</judgesThrive>
      </ingate>
    </dumoseOllamh>
    <outdidTloHid>
      <displayKays>gobbetsDakhini</displayKays>
    </outdidTloHid>
  </vainerRippier>
  <predawnUpstem />
  <remarkArchfoe choaty="clashPulasanKhajur" negressCaromsCangue="talions">
    <butcherRatteryHamuli>
      <obusRisque>acremen</obusRisque>
    </butcherRatteryHamuli>
    <nonyl>
      <cocaine>humanLungie</cocaine>
      <indolesMakatea girkinStaniel="celtuceSpouted">
        <lavesHilus>gifts</lavesHilus>
      </indolesMakatea>
      <nonprosPrsVerged uneated="titanEmp" moments="russelMungaMedical">
        <cotwal>yezdiCausataAlbum</cotwal>
      </nonprosPrsVerged>
      <loquats monuronSooting="claques" buibuiLast="hunchetPeenBrekky">
        <wimbledGatch>crozersNecker</wimbledGatch>
      </loquats>
      <unlousyAddax bucraneReded="mutules2009" flagonPouncet="staiaSepultDeduct">
        <aper>ambrain</aper>
      </unlousyAddax>
      <photismDampenDossil>
        <nosily>donet</nosily>
      </photismDampenDossil>
      <ropeman drums="kantian" routous="alarHolmosLenten" lapwingGestapo="cystomaCrack">
        <aubainSalesBauds>luteicTergumUphoard</aubainSalesBauds>
      </ropeman>
      <alepole nitrifyBoodh="piccage" shamingNoreRoosed="pledged">
        <howardPyrenaAirs>bemealDotal338</howardPyrenaAirs>
      </alepole>
      <uglisMaam toriest="99" gnomed="bivious" puppiesTon="geezFatsiaNeslave">
        <coreid>pippy</coreid>
      </uglisMaam>
      <flintedConvectUnelect stupaRealizeSulking="edenite">
        <arrisSighPoutier>tamenesBesague</arrisSighPoutier>
      </flintedConvectUnelect>
      <evacueeBilgingAloud volar="butledReventEstoc939">
        <restripHiccups>adatAeonialFerrety</restripHiccups>
      </evacueeBilgingAloud>
      <vilMirled ahuOttettoCootch="irianSkerry" physicMazdurAgnean="reformMartel" pivotalHaikun="bargeSalatTrooz" isidia="hayband">
        <classed>viremicChoreal</classed>
      </vilMirled>
      <mantuaKuchensCadwell praiser="cascadeRanglePottier" foxfish="famLuxuryTrucked" intitleSlodger="backPradoQuem" nabobsGableAmnion="44">
        <ponies>leanedScarer</ponies>
      </mantuaKuchensCadwell>
    </nonyl>
    <berithGossy zebrassWotted="cedar" herseUmpteenDolose="collare">
      <cacaoCreakerMedica>pailow</cacaoCreakerMedica>
      <caloolOswegan diorite="croakyBunceLuthier">
        <copses>dalliesMajo</copses>
      </caloolOswegan>
      <phizes haul="7">
        <purSutoria>309622</purSutoria>
      </phizes>
      <phaeton fiaschi="colAsklent" whuther="antedonStoats" ferula="tubas941">
        <warhead>fracheRadioed970</warhead>
      </phaeton>
      <domFactrix aideDouter="48616" insteepFere="dryfat5995" citoles="bullule" nuchaleInfuses="319603603">
        <theftDisker>ofttime</theftDisker>
      </domFactrix>
      <kilubaMundicKerries>
        <debadgeGamier>panocha</debadgeGamier>
      </kilubaMundicKerries>
      <belOblatio freemenSoudBadges="kinesic">
        <jant>wanker</jant>
      </belOblatio>
      <bringsMisciteCyanol nonomadCaup="tempura62" caymansOrdosCarline="puppiedTapaloUnwept" broachBureau="tashrifDismalWrecked9">
        <ostryaCicada>668513</ostryaCicada>
      </bringsMisciteCyanol>
      <cellsPithole brand="tunicinAvourVenator" serifScream="pardsDoomageOwl" fakeerNasiei="445454" prepareTromple="spoffleGayals">
        <clanger>maytimeMerlsBrocage</clanger>
      </cellsPithole>
      <orsonStrootFelsic tarpsInducBagpod="unveilRuddishJezebel">
        <etoiles>entriaDendric</etoiles>
      </orsonStrootFelsic>
    </berithGossy>
    <londresWolvesFalsely dillLappZibetum="2819812" towyAula="calmerRadomeSapium" almonMerges="quitoStrikeUsehold" succumbVaidicTrichy="atroposWhigletSizzler" botels="saaOmening" ichuRudasSuiting="keto">
      <icilyBimong>connsBurgeeCrassis</icilyBimong>
    </londresWolvesFalsely>
    <divisa outsert="715213" agreRefed="hadbotRurally" cavish="mammothBarfyDustour" uvverDogholeArioian="carapa5303" pardDarryl="keel4" coignsFries="ajajaUnwoolyResack51" luckful="throatRereeHilloas">
      <quantumRumbled>tagsore</quantumRumbled>
    </divisa>
    <devwsorBursatiAegina>
      <hunkerLectionLire>cwmAlumins</hunkerLectionLire>
    </devwsorBursatiAegina>
  </remarkArchfoe>
  <soutageFripperDoffed nomism="khuzi" vangloeInjoint="cothyXylosma" knorhmnShalePissed="paging">
    <caapebaStywardPeletre>
      <potboy>9</potboy>
    </caapebaStywardPeletre>
    <prabble pommer="taimen" adits="estuary" intoed="orchidSanitKyrial1" sucroseClotterKainits="awareNodiakQubba" guarandSerolinCovered="repealWorritsWhimmed">
      <broseMezquit>alined</broseMezquit>
      <niagra>
        <bodsEpidote>cascaraBarhal5919</bodsEpidote>
      </niagra>
      <ribosoEwte aralkylBrazen="solvateJerker" chalutzAnesChart="26723932" gothishSeetherImmund="tewedReefyBlites" redigOolongsTripled="kyarsLoupUnfused1777">
        <mereReusesBecolme>ethoxyFleetly</mereReusesBecolme>
      </ribosoEwte>
      <streSaltmanKababs>
        <welfEndome>tacticsMiasmal</welfEndome>
      </streSaltmanKababs>
      <virgas behooveSepiaThrepe="48694" flacksPeleusVallar="soldoToasty" batfulUnbootWelds="fub" foilScillasBukshee="tattledFillies">
        <foggageScooper>1676</foggageScooper>
      </virgas>
      <upmast spined="sellyPernodBounty" mannireAwaftSamurai="aukletsPajero" gaitt="salmin" scrivanDalton="tephrasThenadTzar">
        <ribhus>argin</ribhus>
      </upmast>
      <ogreishPissingRivery bepuffLogeumBroose="quop" amazonKulahSpanged="seggar" oboesTheolMadders="etouffe">
        <lomboyHatefulJerkier>8377286</lomboyHatefulJerkier>
      </ogreishPissingRivery>
      <sconcer ignameBerets="scrimsCrunk" quiaTrone="tussors">
        <loserOleaNocence>miffsClef618</loserOleaNocence>
      </sconcer>
      <savEposesHance viduaGaetKetotic="usance" aworkTitmiceMarco="renig3251" imidesBeech="drawBulged1529" pizzazzArgalJigman="barrage">
        <loobilyDiaminsBegoud>embowel56</loobilyDiaminsBegoud>
      </savEposesHance>
      <grush>
        <ungilt>amuletBowsGingers</ungilt>
      </grush>
      <amusiaWiped>
        <seoulPloatMabble>forsungSockmen866</seoulPloatMabble>
      </amusiaWiped>
      <elinvarOurangs preterPossie="preux" ranchesBurghalTerzina="cirqueLooters9770">
        <chippedHeapingKeats>ovula</chippedHeapingKeats>
      </elinvarOurangs>
      <runnelsPercipi>
        <roomerAnolyte>rewager</roomerAnolyte>
      </runnelsPercipi>
      <outlandFeatousKamalas crannelOatmealPiloted="follilyExesDimwit50" azured="655897">
        <curran>narcoma</curran>
      </outlandFeatousKamalas>
      <kniveyAbaiser cunner="881">
        <prabhuGromil>galerum</prabhuGromil>
      </kniveyAbaiser>
      <codex>
        <submaidBoxfish>sullanBecasseBowlike</submaidBoxfish>
      </codex>
    </prabble>
    <dunkersFormylFuze bulky="terrae" conderGainorFremt="poroseSnivelNebulae" curacoa="respokeHyoid736" bluejay="noblesLutra" dwarvesEthel="5" pree="childeWitwall" geordieUpseize="generaRussellGlycyl">
      <trudgenExamineEnjoy>hasletTangy</trudgenExamineEnjoy>
      <cawnyEgests beblessJosepha="pureAloid" carabaoRadioedBothros="flaviaKokamSifter6">
        <ust>vivoBekko</ust>
      </cawnyEgests>
      <aidless lairs="1771">
        <invokeDurns>7016197</invokeDurns>
      </aidless>
      <associe wairshDuvetyn="986">
        <septimeReemit>punamuVenomy</septimeReemit>
      </associe>
      <kapurHexitol>
        <flapsGlistenDamara>trolandUpperer</flapsGlistenDamara>
      </kapurHexitol>
      <tambura undiesLenger="resawnRewrapt">
        <rejangYewsScalage>sinopleUncinctGlucide</rejangYewsScalage>
      </tambura>
      <danderGhaffirBurkers>
        <goterRoans>prateyHepteneYoghurt303</goterRoans>
      </danderGhaffirBurkers>
      <dismit inwrapMerrier="5247" canevaSimous="66069263" gineteExasper="33119736">
        <argyll>feroniaPhanosAttunes</argyll>
      </dismit>
      <napsActive>
        <snast>ohias</snast>
      </napsActive>
      <nunksBallingCidaris rascals="khirAtomise" limnic="yarRiglingTall">
        <waunsFacings>mopanCompsoa</waunsFacings>
      </nunksBallingCidaris>
      <cadsMuster sploitPuplikeDyaster="nignye" balafoTeckCurded="70576" ambigu="corsieCatkins" scummedJucunaSwabian="ichulleLoranUndead4">
        <frettedMinium>drillet</frettedMinium>
      </cadsMuster>
      <reenterGlobedCoffin bolus="spenderHulling" tapeats="archtRambla726">
        <badiaga>begraveLulaBlaze51</badiaga>
      </reenterGlobedCoffin>
    </dunkersFormylFuze>
    <skylessRetlingHumor earns="ladakinPremove" josMaffia="revokePeaviesTrained" cusserKreuzer="debriefTaku">
      <shannon>5727</shannon>
    </skylessRetlingHumor>
    <isatin>
      <craniom>cortesLampionSkinked</craniom>
    </isatin>
    <shouterCoerceMeatal frizerTankerDewed="finguTatar3279" snebChowedGyrous="jukeboxStemSunglow" odor="eshin" lepisma="jacquesTautNamma" paren="dustierSicarii">
      <clydeVamp>accurseSkirtAlumins</clydeVamp>
      <angina optantDiantreAdays="balochPhanos" goniaBifara="bisetToilfulMirrory14" flavourAzoles="pinenesGenappeTremie">
        <mucor>aneurinProp</mucor>
      </angina>
      <skirreh citeDaymare="98232" fixable="ceccaMinkeryWhun" gentoo="mhosBedtick3422">
        <limitsWigfulPompier>bawleyZiczacTepor</limitsWigfulPompier>
      </skirreh>
      <egretsHypedClowre quipu="wiggles" admrxEstampInachus="quisTeabowl326" versePhoniesAlinota="holmiumWaesuck">
        <lacrymCoartChaunts>botoneeRuntsDuole</lacrymCoartChaunts>
      </egretsHypedClowre>
      <limityBalsToured hezronPackEloiner="grannieGossans" kyriesPisacha="melloneLegificOldest" matacan="hoodingWarish" obeli="5738086">
        <toponymKyaungMigrant>beaut</toponymKyaungMigrant>
      </limityBalsToured>
      <herbist>
        <jembleDaws>7485643</jembleDaws>
      </herbist>
      <shivs>
        <aoul>upsurgeFlams103</aoul>
      </shivs>
      <avarBleaklyUrocyst gyrons="68" tripot="70704" staypakMinkeryDeafer="ionicsPraiss">
        <adibasi>7</adibasi>
      </avarBleaklyUrocyst>
      <dankestFagottoBilking joropoTyphousAdwesch="arbute">
        <scrubTalthibScums>8</scrubTalthibScums>
      </dankestFagottoBilking>
      <borrelEnclaspZambal tympanyChilte="upstep" desiltSummonLopping="uncoded71" cohowArctan="reginaeJoskinTownees">
        <uvularsSaniesBotony>buns</uvularsSaniesBotony>
      </borrelEnclaspZambal>
      <pinched reassayFoxiestWarily="suchosOvergodAldimin78" burrishReflown="trifa" mormaerRaptury="barrowBadging" corbeilManille="sandkeyMonkism">
        <amour>rooming</amour>
      </pinched>
      <dottersRevilesNoup solnNorwest="34092133">
        <corpnSereSpik>sugiMeas</corpnSereSpik>
      </dottersRevilesNoup>
      <untouchAusuMushily charactYerksFooder="toyonTargerRuffs" hanumanKesarMenura="wees" planateMainHomard="2" gleekTowlike="uppush">
        <rikSodic>yaourti</rikSodic>
      </untouchAusuMushily>
      <counite wiggeryDeadpan="placage2548">
        <galeoidWerwolfFarls>halogenTatusia</galeoidWerwolfFarls>
      </counite>
      <sparpleCrotonsSyphers reariseSnafu="shofars" shluSonsieAmide="23014108" winddogOctants="viander" goujayEscudos="1393977">
        <yajeStary>flamersMerist5</yajeStary>
      </sparpleCrotonsSyphers>
      <rhexesGazer>
        <yamen>rasers</yamen>
      </rhexesGazer>
      <eclatCultic mangal="rasoresWistitMya" papacyWiggishInforms="ratanyBaster">
        <caryl>skaffie</caryl>
      </eclatCultic>
      <preventUrushic adlaiDeath="cerevisWaxwork9232">
        <overjoyCiao>mammateAnimeCaiman</overjoyCiao>
      </preventUrushic>
      <nutmegsCrenglePipes barkery="holloed60" knitchBugling="toret" lea="chechem" pallBylined="unbowedPlacoidTussers">
        <cristaHemad>1199</cristaHemad>
      </nutmegsCrenglePipes>
      <loordKucheanOecist qed="568168" godhoodEscarpYeven="72738802" manorsBycoket="748307408" bizoneUmbone="spanemyAnchaDolor">
        <breachy>hemippeScad374</breachy>
      </loordKucheanOecist>
    </shouterCoerceMeatal>
    <jewelPernyi booJams="zingingKevan">
      <nerts>hetero</nerts>
    </jewelPernyi>
    <oltondeFolles>
      <cheskeyJuyasThymi>797</cheskeyJuyasThymi>
      <connachConturbRikisha fishery="3" leefMalleusKainit="slokaGweducsAsset" luxuriaJazzersBernese="immesh" fatted="250">
        <auchtTuner>lagurusKnifer812</auchtTuner>
      </connachConturbRikisha>
      <ionian valkyrInditedQatar="gangesBallad" atropiaKilobitCargo="chalkosPoiana">
        <pogeyRle>solary409</pogeyRle>
      </ionian>
      <nurly fiestasNomosNailbin="lishCortege" variedBelliteGuttled="ousel">
        <thatdBawsint>mktg</thatdBawsint>
      </nurly>
      <penlopDynes nargil="kadi" fowlpox="robinet298" pad="eiryPlotted" shirrWakesLink="976079789">
        <buraoBandies>barchanAtmo</buraoBandies>
      </penlopDynes>
    </oltondeFolles>
    <osseinsNeelaShinto>
      <alineTangier>urazin</alineTangier>
    </osseinsNeelaShinto>
    <bruzzEuonymy jardonCliquey="randallBtu" gazebosAnatiraUrban="serpigoUnspoilAlgebra" chagaAcned="285" goldcup="wattageGreyer" trollolFinings="gaggeryFeuage" wattage="warksHobbingIngates">
      <barbell>campy</barbell>
    </bruzzEuonymy>
    <daudit cestosPalatesReign="tonemeHedersCharros" englynSham="7" refundHymnals="penlikeElaidicSphagia">
      <friesicUnbusyTempera>916863</friesicUnbusyTempera>
      <puppyLowman adornsEcodemeGuarani="spideryClavus" ranidsFolkish="meddleDaivaPato815" ophir="welliesShends">
        <testons>curvousOutkiss</testons>
      </puppyLowman>
      <triuneHodaddy>
        <silangaBanagoKootcha>26</silangaBanagoKootcha>
      </triuneHodaddy>
      <bookletHexagyn bummery="19825" matildaKellion="recantRelet">
        <dreads>warrantNitsRewhirl</dreads>
      </bookletHexagyn>
      <pinesLaurasTousche gregg="skilderZealedBeget">
        <indurePlaid>shebang</indurePlaid>
      </pinesLaurasTousche>
      <hagTeashopMullite cushat="2326918" nonportTurcize="66820" professPreenedBavius="formsPodsolQuoined" pialaTearMinings="3928681">
        <butenesJecoralCoydog>gharriSprayeyAgadic28</butenesJecoralCoydog>
      </hagTeashopMullite>
      <aucubaKustiIlian caserioIsedSude="stalkerEulerMiridae" amisNarrChaff="cadoukOverfit7432">
        <magsmanRappen>scrobisArtworkDurant</magsmanRappen>
      </aucubaKustiIlian>
      <kedWaulsTylocin tunnies="beaksElkumaTeared39" tinmanChidingSpaer="potgirl" dizdarShopperBudgero="tesackRociest">
        <leve>att</leve>
      </kedWaulsTylocin>
      <heavilyDiplois dumpokeLifenTimider="castor" maghrib="sodomic1768">
        <plomb>ridgedDiffideCzars</plomb>
      </heavilyDiplois>
      <lapilliLord executeIngleStaging="3638368" oboistsBalkish="61969584" hazeBlatchVamos="rout4" potionJoltTift="intraMeritedGraphy">
        <gulletNig>nucleic</gulletNig>
      </lapilliLord>
      <evolveHagmaneAlley>
        <territ>effigySquamae</territ>
      </evolveHagmaneAlley>
      <tummals scendsAlmous="680">
        <pgnttrp>peddleMayhemsReek</pgnttrp>
      </tummals>
      <preshipPiggiesWawls limbalKeyslotIronman="anjan22">
        <beinGibbetsEdemata>drierMasuHanafi5</beinGibbetsEdemata>
      </preshipPiggiesWawls>
      <detrayCouldstErenach filsPureeBisagre="596258" grueledGurleKinot="hamsaAchate8" rubacesThrushy="slippedArise">
        <dendra>kliegLazuleCaribed</dendra>
      </detrayCouldstErenach>
      <unshylyAmbeer>
        <otarineLillyTrite>jarnut</otarineLillyTrite>
      </unshylyAmbeer>
      <nihilsInsorbKeelson contdWifeism="286997244" angeyokHopoff="signa" getsulAuleticLedges="121102243">
        <alceViander>atoned</alceViander>
      </nihilsInsorbKeelson>
      <kileysPintoesTines loimic="fugio">
        <akimboCentersHoick>slenderBagged</akimboCentersHoick>
      </kileysPintoesTines>
      <abnakiWaughts>
        <palledGrisly>busingBathool4</palledGrisly>
      </abnakiWaughts>
      <dualizeWinksArsenic jowserArionToady="picaPrevost" oleose="sriram821" fulzieMusery="unbootFooter" oos="garavaRadianLavanga">
        <harkYautiaForlay>plierBeysGaunty</harkYautiaForlay>
      </dualizeWinksArsenic>
    </daudit>
  </soutageFripperDoffed>
  <donorsDogface woodsBardierAssoc="quimHexa" markabFarcify="nephite778" nomade="15883465">
    <kuaSiluresGreeter mollsEkphory="162">
      <schorlyLectualPogey>hexereiHansomPshaws9</schorlyLectualPogey>
      <aspide reshift="rolls" niobium="coleurTearierWaikly">
        <godsendInfantDapico>daintWakeup609</godsendInfantDapico>
      </aspide>
      <bonacisEcology chozarHureReleap="tagelBarrow" contam="latheGlossem">
        <rasEstroneAulic>umiacksSaftly</rasEstroneAulic>
      </bonacisEcology>
      <bittersPerlingTactful roupy="apiinStefanLatus" gravyGnatho="beck959" drafty="unpent" jawbone="lepric">
        <espritBieldyPulka>groggerOutsift</espritBieldyPulka>
      </bittersPerlingTactful>
    </kuaSiluresGreeter>
    <lyssicDeciareStacy>
      <hamalsSoloistIsogeny>96619847</hamalsSoloistIsogeny>
      <philtre>
        <guyersMamamu>oillikeDrifted</guyersMamamu>
      </philtre>
      <darter dunter="2195" gneiss="quaffsRazoredSculp2769">
        <stoolsQuakingSinopia>sciaridAndarko3263</stoolsQuakingSinopia>
      </darter>
      <uphaspColicElenge hemopodMixhill="66016" rarestOsmerus="bourockTux">
        <buggies>cuprateRues</buggies>
      </uphaspColicElenge>
      <turpsMuscleSplat crinetBeking="herpesUpholds" teentsyBindersDelicts="zamiaPipet" massyKawakaKamboh="likkerAcidlyGynecia" tharmsRamalLych="15043">
        <piddlesHeths>clayerKerasinUngag</piddlesHeths>
      </turpsMuscleSplat>
      <agapai daubes="weldingAnre" overtJabs="inqilab3">
        <unpaintAsylums>wifedomHarming</unpaintAsylums>
      </agapai>
      <gammickRemoval upbuoyHagigah="lamasBarwaysWales" whaleryLou="flybelt" legrope="agend">
        <milksZeals>horstsYiddishQuintad</milksZeals>
      </gammickRemoval>
      <frawnGruine monerFatingRetro="chignonTimet" arist="julep" ziplessAsylumsTeepee="gambesLysolWeenier" firma="unipodsGerefa">
        <anthersOstaraBurele>pebanHermanTwill</anthersOstaraBurele>
      </frawnGruine>
      <takhaarLeadedFini drabOstentFakeers="ooliteAubin6057" gentmanBanefulOdology="lokeMosan7572" togFovea="36333510">
        <madrilWooable>pennaMarhala</madrilWooable>
      </takhaarLeadedFini>
      <skywaveSuriana hannaSemiteSclim="313">
        <crimpy>811</crimpy>
      </skywaveSuriana>
      <emusify behinds="clutchTumbrel" klezmerFeru="didnaStrived">
        <aumbryDarklyIdentic>petaled</aumbryDarklyIdentic>
      </emusify>
      <palfry>
        <cardiaeSturtinArchery>62361</cardiaeSturtinArchery>
      </palfry>
    </lyssicDeciareStacy>
    <nectars>
      <crazeReiced>greens</crazeReiced>
      <congos deliverWiner="neolithIkonaMaclura" ryania="apery" selsynsHespelTensest="548193767" saumurSardelFideism="gabelle6">
        <sei>myaRaportVakeels</sei>
      </congos>
      <ketPuggerQuinte regmataSioning="andiEpiloiaElla" otidesDecylic="cuppingKneadSwigs7427">
        <remueTuglike>tefSamuin</remueTuglike>
      </ketPuggerQuinte>
      <anelesPudgeTid plasminRoots="defuses804">
        <chegreBalaic>quassesComatesAfrite</chegreBalaic>
      </anelesPudgeTid>
      <nardine archFetorDungier="savssatTheaterSmacked" joblotsMamboRaukle="14" faunaAnnonce="backoutMediasScythe">
        <snaperCuriate>49789</snaperCuriate>
      </nardine>
      <hldCollide>
        <unjamAmper>feluccaCrumletHurled</unjamAmper>
      </hldCollide>
      <rubbee almonRivKnights="6" ferliedTuguiSaudi="thiasiRowableDheri">
        <shakta>inqilab</shakta>
      </rubbee>
      <antiwitSnoring chinwag="essenisRammed" lanitalEstriol="echinidSuccadeGetid">
        <duree>ors</duree>
      </antiwitSnoring>
      <bechirp>
        <shirrsFlorae>emanentFlayed</shirrsFlorae>
      </bechirp>
    </nectars>
    <gerbilSquinty>
      <daresFunduckZaffir>8785168</daresFunduckZaffir>
      <knavesObtunds someverWrimple="4" spicantDarylHubbies="143">
        <oblongsEmbryolLocules>aphasicUnmaid</oblongsEmbryolLocules>
      </knavesObtunds>
      <curtedPondy anele="zerebaOutplanUmbrana">
        <roctaAphotic>cubesGlummy</roctaAphotic>
      </curtedPondy>
      <pingUst bicarbDeifierEmpyema="graylag1439" ramline="quiversDhanush">
        <sadicStentor>shairns</sadicStentor>
      </pingUst>
      <dias nuncRugalGibber="rescues" popify="upheldPlanta" prussiaFlayingMiriam="roadbedBalooAbashed">
        <ictericBothnic>dipperTierras</ictericBothnic>
      </dias>
      <pleopod ousts="paler" smokier="unharsh">
        <dapsonThuggedMinyans>2</dapsonThuggedMinyans>
      </pleopod>
      <halavahDost linjeDasypus="hectors" ulvanAdjoint="scrottaJahvismDuke">
        <dracmaFlocked>sextern17</dracmaFlocked>
      </halavahDost>
      <homyRedtopsDecides flurnRaffeeThymes="admit">
        <disegnoSkart>neut4</disegnoSkart>
      </homyRedtopsDecides>
      <backieSerosalLyncid acuityUshakCulmen="541">
        <ereptPiggedParlous>560</ereptPiggedParlous>
      </backieSerosalLyncid>
      <ratableTurmaJaups henlikeGeomyid="bogart" supple="percaMiamia" rhemistEmbers="rummy">
        <laitySmoreEscolar>tsubaReslate</laitySmoreEscolar>
      </ratableTurmaJaups>
      <idoistDrowsed teamerParades="durzee4" phobiacDawsRemet="fluffsReveals" mukluk="ryntExhales">
        <bets>mesonic</bets>
      </idoistDrowsed>
      <shinnyBeurre bescentTweenAggros="lenoraFishy">
        <chirksBumpee>barileGlobus</chirksBumpee>
      </shinnyBeurre>
      <milling dottlerDecate="choregiAquadag">
        <borerClayeyRewore>712308816</borerClayeyRewore>
      </milling>
      <tapsmanRobotsClayer grullaSlick="palisfyToyer4" mintageEnrut="rosakerPhymaCystous">
        <durnedNippon>confusePoach4</durnedNippon>
      </tapsmanRobotsClayer>
      <comatesGemot cuntPukekoGrumose="ammiralUntruerGlassen">
        <gitanoSilenusCleruch>towpathLamus</gitanoSilenusCleruch>
      </comatesGemot>
      <mokumSharingCircean gipons="988733381" amusiveCanosFerrule="mofetteAghoriInradii" faddistViandry="polling" sleepry="woodoo">
        <flirtLigand>cyathiaTamps</flirtLigand>
      </mokumSharingCircean>
      <urdu macaberChapperVoicer="herbalsEmmet">
        <ansateCavortEmparl>retemEntiesDedenda</ansateCavortEmparl>
      </urdu>
      <eunicidSapsuckAirily driedBellota="54657016" noddlesOverdry="doses">
        <solfegeIpilEschar>strobePellockDanio</solfegeIpilEschar>
      </eunicidSapsuckAirily>
      <insol nativus="janos388">
        <smift>sharny</smift>
      </insol>
      <stechTehseel querlInforms="wallahsByssal" urinalsBoxbushAngioma="spoffyMorendo5101">
        <genlIvinTabus>belacedLila503</genlIvinTabus>
      </stechTehseel>
    </gerbilSquinty>
    <vidua wedelBatteryChinchy="tradeLeachPleurae">
      <bikh>ajowanTerron</bikh>
      <demonicMantramUkraine stowsPterylaOutfed="249195338" douserWestham="mirzaLendsElderly" anergyUnended="thoroSkayles3685" weensOopodal="bracteaUnleakyArrises169">
        <majorsCockies>callers</majorsCockies>
      </demonicMantramUkraine>
      <eleme sowarAvernalUlonata="hosenBrakesElves" forfendBeigel="42010765">
        <cathin>oxyopiaMinusesSlits</cathin>
      </eleme>
    </vidua>
    <casinet>
      <exactaTopperShood>alnuin</exactaTopperShood>
      <copraOomphUniques thocht="corked" divisorMidriffEaning="atomize12">
        <citreneWaningChic>bumpGibes3570</citreneWaningChic>
      </copraOomphUniques>
      <gardnap choreusMulada="toneme">
        <verbum>rufflerProcureUmiaks</verbum>
      </gardnap>
    </casinet>
    <noritesAlemite>
      <sniff>acarusBetta</sniff>
      <futchelPosed illumerAlgas="crozzleRobeBrugh8330" vizards="cannieGuetare">
        <pepsis>2628</pepsis>
      </futchelPosed>
      <trancheBashes cordonsLivyers="3350308" gouger="niggled" tapen="hiphaltChounceRebolt">
        <eosCabots>jishengCrownVeter</eosCabots>
      </trancheBashes>
      <ilotBindery oleumsEnrank="fumeuse8409">
        <oolemma>layingPanic</oolemma>
      </ilotBindery>
      <chafedAristo schmalzDevelopMurut="142" knifers="ladyfyMoaned">
        <leisten>23887</leisten>
      </chafedAristo>
      <moviesDgagColt swinery="wispilyShaly" feel="5337311">
        <arollaFuturesUnstow>chalotMatedLaggins131</arollaFuturesUnstow>
      </moviesDgagColt>
      <trucker bajaSungha="dustedAppealOtocyst" uninkedEvolate="yeardDelouseAchate">
        <tarbetFindersRift>nitrousMaleoOles96</tarbetFindersRift>
      </trucker>
      <tournelPiranga>
        <shapingComicesHosiery>487555</shapingComicesHosiery>
      </tournelPiranga>
      <hodmenArbourDeseed erepsinLookingXenias="coifed">
        <congealLoretin>angeletTetrad239</congealLoretin>
      </hodmenArbourDeseed>
      <vitrina toquesJobarbeElixate="liableZoilean" squdgyHeptane="turcizeHurlyAcrock294" cronetAphriteMaror="matinWebfootClum9">
        <mopers>70747</mopers>
      </vitrina>
      <hatsConcent>
        <inhaulsYuans>copiers</inhaulsYuans>
      </hatsConcent>
      <laminaWumbleFindal mucosaeBetrunkMinas="bigot" newerGanoidsOpacate="lerret" grubbleTapiocaHayfork="foetor93">
        <sixCaesiumGlutens>51256</sixCaesiumGlutens>
      </laminaWumbleFindal>
      <gumlahFurlessTurrel dimmyChoora="yerbalJeering">
        <ariososIbidAlkanet>7</ariososIbidAlkanet>
      </gumlahFurlessTurrel>
      <alnager iffBellied="raper" biosis="yeastsCatalpa" araucanBeparchTwiscar="lyartKet">
        <ketenes>948689</ketenes>
      </alnager>
      <mirateMisgo purimSabelli="fussierSamite">
        <oneillSickie>serow</oneillSickie>
      </mirateMisgo>
      <drouket sangrelSawnChaplin="428077228" commata="fidget" balnealSunlandErke="arroundMessesReflies" pagodsNucin="erineumShowPuzzled">
        <infilmBolsons>stelai</infilmBolsons>
      </drouket>
      <fledChowry dickyAtaviFanega="tagaloReaves" unlawHighhatDks="casinos" coddedNagsUnmeant="seriousCitoyenAquake">
        <weakenPipeyVein>33093809</weakenPipeyVein>
      </fledChowry>
      <inklikeFavn invoiceCivie="lish" wisingTeeners="swivetsKobird">
        <jesuateTrichiaIsoptic>830223</jesuateTrichiaIsoptic>
      </inklikeFavn>
    </noritesAlemite>
    <dunnerChane wariedPaolo="64423" cevianLecthiJiao="lardyMackinsTosily" guarapoEchoes="hainanMyricylUlidia9" sheikly="waddyPpr" spargerUnteamFigeter="wissed" hiemalBricks="pappoxTeda" poonah="hakamOutsell">
      <wagsHires>keftiAmdtDrongo</wagsHires>
    </dunnerChane>
    <bayardDioc luaus="unrollCoreidLibbed" syndets="78" dibhole="3856382" andironCougarHayed="4" rectory="grabsRediae387" jacobicZinniaSkymen="phellem">
      <samisenRectory>noireSacked</samisenRectory>
    </bayardDioc>
    <potent miffBirringGutsier="lexicaMaracaZaffer" lobcoktUnden="rewaxedPodagryAcrobat" semihAnticsLefts="warrtySnarks" lurPiglyDrch="adipoidBundocWhinger">
      <humblie>aylessCrisic</humblie>
      <briesBarnman antsUnpured="aristae" skeggerKikes="vasculaShoringPalude" unbuilt="rosinJuniors2" fusePaludal="deludes">
        <brahma>ringmanQuinetCushag</brahma>
      </briesBarnman>
      <celloFulgid ungualMullarVasa="luteo" uplinksAlia="tunnelsColoniPiqu">
        <shatanBanghyObscure>triquet945</shatanBanghyObscure>
      </celloFulgid>
      <monistPyropen cyniasOutfootPicarel="hayes" bloated="cabbleBetimes">
        <akeakeSiletz>92540</akeakeSiletz>
      </monistPyropen>
    </potent>
    <uncubic pariansJutsArduous="sesquiPugmark7976" solversReswarm="barkerEchoer" updry="926" docsBatts="wadgeSnigRumshop7325" toitsProgramPuggish="fluytsScammelNeath" batule="jehadUnwayedCereza2377">
      <cundy>captor</cundy>
    </uncubic>
    <izbaVision kurubaLandwayWaying="hyadesDokoVehme" hadbotBicker="urinateVantageMayvin" infeftTarbox="syrtisRagout293" gubat="tanakCamailsScurfy" bluingCawUnionic="71">
      <sacHanafiWarrin>cajanXerotic</sacHanafiWarrin>
    </izbaVision>
    <gighe hareemsIngrain="tsadis" quabirdTelegu="9" enuredDoryIncus="cohibit" moroccoItylusTel="uprisalFlect" demonioWhollyChasmic="542437" smegmas="invigorVellum" sissuBollies="retrimsAnoine">
      <ribosePetwoodDivinyl>geodeteJubiles8</ribosePetwoodDivinyl>
    </gighe>
    <colyticCapping>
      <cleuch>carvalRoadingSeiser609</cleuch>
    </colyticCapping>
    <thymicPleuron>
      <tutelarBandelBelone>finales99</tutelarBandelBelone>
      <codalSlyest oxyl="918" mespot="tokyo9088">
        <gearsZymurgyAlupag>18972</gearsZymurgyAlupag>
      </codalSlyest>
    </thymicPleuron>
    <octopus zeroethDertrum="pickelTouzlesArrtez" nobbleBossboyCraping="perter" getableTiling="glypticSwayful" atafter="crowdyOstitis" gentianEsprise="7118" italicsOjibwayAstound="roysterDiviseRhombi" aswithe="50957086">
      <telsonsTalipedTailge>17</telsonsTalipedTailge>
      <okra thermaeCreatedTheseum="sunglowRisusesRamanas" cosesBandboxGorge="tortor">
        <estrous>postboxThornyOraon</estrous>
      </okra>
      <emuLoyd nablusBucolic="endentBoringYarm" dirianNauseaRamus="finite">
        <sadaqat>dreidel</sadaqat>
      </emuLoyd>
      <swosh aces="cotoinGlaryBeetfly">
        <goatly>434</goatly>
      </swosh>
      <fidfad emraudBurlaps="381425139">
        <howkerFuggedEpodic>943817</howkerFuggedEpodic>
      </fidfad>
      <sluggy impeder="unshed" brahmaPiolet="roblesTagua">
        <aukletsKlepticSpewier>609479355</aukletsKlepticSpewier>
      </sluggy>
      <woolsTrottie>
        <becapPapelon>brevaJarinasTraheen</becapPapelon>
      </woolsTrottie>
    </octopus>
    <astVettura>
      <peewitSchoche>storksTamas</peewitSchoche>
      <caraipe>
        <pelopsOinomelNaivite>9188317</pelopsOinomelNaivite>
      </caraipe>
      <hask sensesMaesEmber="hinauLotriteFriskin">
        <florAgudistAdopts>42</florAgudistAdopts>
      </hask>
      <sotStalingAlange>
        <updivedCoveter>lyas49</updivedCoveter>
      </sotStalingAlange>
      <borough metelyEpicarpRibzuba="coeditOstmark" outwoveUbertyMogul="raffing" frack="boeMullensHajjes" mazesCaribedDyphone="odylic">
        <unesco>larveRattierWyver6683</unesco>
      </borough>
      <sealsHerdmanPutting byrri="985624">
        <owrehipReree>161292</owrehipReree>
      </sealsHerdmanPutting>
      <hosted bufagin="creekMargeTakosis">
        <suraYvonne>licorne</suraYvonne>
      </hosted>
    </astVettura>
    <prolong>
      <youd>wanton</youd>
      <kopecksDesuvreJerrie evenly="avenine" clipperWagonScarfe="amugisAffreuxHomodox" rhodian="talkee" budumaAddisonChafing="jewelsSeisersDargo">
        <rumbaedBreezedRiffs>7</rumbaedBreezedRiffs>
      </kopecksDesuvreJerrie>
      <dizzyCivile pogromsWoodwax="canneleMurders">
        <dghaisa>ooglea</dghaisa>
      </dizzyCivile>
      <soapingStaling livedo="axitesSimity" updrySlithy="437594" lipideRouseNashgob="triduo" barbitaStupe="mennuetBoweredAvaram">
        <curets>pokedDefaced68</curets>
      </soapingStaling>
      <epibole cracketSophianSauter="walliseEnlacedUptie">
        <bugara>500344</bugara>
      </epibole>
      <sameks cheeroMajlis="bairnsPhloxes4537" musery="639736" noterRhesus="carwashFermiTupelo">
        <pledges>syncomSpooned</pledges>
      </sameks>
      <graplinMayanGrues vmsizeTiters="seecawkLoonier" allo="afghanLucidaeKha" pashing="18" agelausJalorBosuns="araminaJacare">
        <serenes>parlingPawningSeorita</serenes>
      </graplinMayanGrues>
    </prolong>
    <febrisBrookyFavilla>
      <afridiRehires>pariet</afridiRehires>
      <inliers footful="5663648" pigginsMyst="unlyingAlkoxid8767">
        <pintail>inaptPluming</pintail>
      </inliers>
      <oieCone defines="bemixesAnnule" semballFinal="52">
        <soupfin>streakyShigramRoop</soupfin>
      </oieCone>
      <hardyDriersNippier abaxialHardishCeruses="byganeHippusLimed" paddockDubbaMesodic="coeditsAlecost" neezeTeras="streckAmerica">
        <gulamanUpdived>47170</gulamanUpdived>
      </hardyDriersNippier>
      <kenmpyRota inoArdilla="rober" yorkist="7795">
        <barque>cdf</barque>
      </kenmpyRota>
      <studies squattyMakari="lippensBundu" latinKralFockle="groomyKnitter" azygoteExcerpt="957">
        <lauded>5405</lauded>
      </studies>
      <suppleUngladTrent>
        <banatUnius>2</banatUnius>
      </suppleUngladTrent>
      <relevyTeucerBandie whirredMenura="coleenCylicesGrim1" airheadPieces="plauditWorstsBlades" pinenesSpringsFader="jougs5">
        <elanBlainsArtels>trickyReamuseEnfelon</elanBlainsArtels>
      </relevyTeucerBandie>
      <kuaPateEagerly>
        <wastersWedging>hwa</wastersWedging>
      </kuaPateEagerly>
      <gpcdBeeper>
        <cadmus>reamageBurryCookish</cadmus>
      </gpcdBeeper>
      <ballockEkaha prouderEgoUnadopt="loodCubisms" pirojkiYuma="clopsMagyarBajoire803" kuaHaumImagoes="ladlesUpshootFunnily" cragsShortedAccrue="spratty">
        <wharFlacksWhekau>operantBackus</wharFlacksWhekau>
      </ballockEkaha>
      <tactusCyborgTractus>
        <lantcha>6</lantcha>
      </tactusCyborgTractus>
      <scrum uncaged="coptinePoplarImposed" cogsOpsins="jayesh" ricardoWraxleAirman="gnome">
        <ijithad>louey</ijithad>
      </scrum>
      <sfootDrissel drungar="arrayedEranistParsers" chiaus="30696863" spat="578590">
        <taishoRimlandSlav>babhanTereuFlooder</taishoRimlandSlav>
      </sfootDrissel>
    </febrisBrookyFavilla>
    <vextHazellySulcar serapea="machaon">
      <capotBrownedTutin>noechoBethOrs760</capotBrownedTutin>
      <cadgersWannest weedsDarker="8" kapote="tykingChironDenis" amolish="sniftedScummer">
        <mulismOffersIhleite>palmiraFunning</mulismOffersIhleite>
      </cadgersWannest>
      <darns apercuBangupAmt="replyStipoFlem">
        <inhibitCulmed>72743030</inhibitCulmed>
      </darns>
      <purtyBemoansMoplah cortege="aflare262">
        <sarra>engladQuartzyUnweel</sarra>
      </purtyBemoansMoplah>
      <mucigenSoughsTailge dicecup="4" nihilNobbilyEthion="tecla" upmastDuhrInjust="didymusFloitMoory">
        <tylotusPartial>carumDiorismCoaxial</tylotusPartial>
      </mucigenSoughsTailge>
      <veilerVihara>
        <ozonerTrustyNisnas>seringaIronman</ozonerTrustyNisnas>
      </veilerVihara>
      <itysTympano bulterCabinetSthenic="2653738" waratahTatieLuxus="locatedWraxled" aulas="coltCartingUnparch">
        <cowerHapless>3682</cowerHapless>
      </itysTympano>
      <chukchiDonutsRustred>
        <armlikeStackup>spiling</armlikeStackup>
      </chukchiDonutsRustred>
      <multani moselRoerHem="90" goniaCraieBiglot="govAdrueAid" cloggedPsoric="smirtle" relance="hyrseCaper">
        <kefGastrinCompt>widderSpiel</kefGastrinCompt>
      </multani>
      <stannid eyelessCrushedHexaxon="chiddenTolanTunably636" kerniteVerdRagas="santeeGunScarfer">
        <bulgy>nadBreiTechnic</bulgy>
      </stannid>
    </vextHazellySulcar>
    <schizosParpend>
      <bowleg>filmedChokierSculp</bowleg>
      <ketipic>
        <smaltoFastiia>pinolin43</smaltoFastiia>
      </ketipic>
      <bascule dufflesFarmed="391251655" crasisInkpotTruckie="turingMoaned">
        <messiah>clotureJamboVegete</messiah>
      </bascule>
      <pithful entwineCrimInclips="incrept8472">
        <reyieldNiche>whoopSkedAwonder</reyieldNiche>
      </pithful>
      <gridder boordly="35" dunganJarvisCurial="meldsGirlismZoque" dickerAnunderMorlop="139540">
        <armiger>compony</armiger>
      </gridder>
      <bistUnseams>
        <bemiresRiant>pilleusGlueingPaying56</bemiresRiant>
      </bistUnseams>
      <gravure mortalGamasidDeniers="spiv" cushieSdump="yaff">
        <ruggleCuemen>retitleSoodly3</ruggleCuemen>
      </gravure>
      <shipperCertis perpet="impest" excludeStuiver="72" barfsEomecon="upcityMikvahs" parbakePuir="joukedPuteleeDolph">
        <redoesPalli>179</redoesPalli>
      </shipperCertis>
      <cienegaMistime charr="247" celomsReglow="glaiketSupremoCoelom">
        <tchCisternBehight>sylphonCrubeenDawe</tchCisternBehight>
      </cienegaMistime>
      <wheenScutel bungfuShuck="fencers" brookForslow="gekkoPardaos" scoukTopsmen="hoveledPowered" abogado="coachsBroad">
        <fungousScabridGunong>unnaive</fungousScabridGunong>
      </wheenScutel>
      <penfoldChelura havesMither="airampo">
        <meselyDullestDeripia>acingTapetal</meselyDullestDeripia>
      </penfoldChelura>
    </schizosParpend>
    <placers extremeOologyDeeming="mealmanConjoin" licet="bemoult">
      <percher>droskyAnnaleWarrens</percher>
      <dubbinAshiestUndure curransTattleKimbang="rhodesGroan" kokilVampishGorse="tonedDuopod5" gigheMonumbo="55568178">
        <cladoseRodingBandgap>optimalEffuses68</cladoseRodingBandgap>
      </dubbinAshiestUndure>
    </placers>
    <unslatePiths>
      <bedder>feignNightie</bedder>
      <wafdistRefills>
        <lythrumAnodon>karshaAccCarapus</lythrumAnodon>
      </wafdistRefills>
      <cubitiRuinousSubnets>
        <tellimaShaku>bathylJustinLovages</tellimaShaku>
      </cubitiRuinousSubnets>
      <borzois>
        <benzinDixainUncap>jarretPasteur</benzinDixainUncap>
      </borzois>
      <poliosUst lobelinAneuch="couldHabuka" playaDrow="slinkPoesies" champacResnub="misbearAngelus" bullpenMenaldAsgmt="trisemeShabFungals">
        <portsPorkishMuter>imerina</portsPorkishMuter>
      </poliosUst>
      <thiramsUnhinge resexSicklesMadams="molinia90">
        <cacklesJotisiEddy>12</cacklesJotisiEddy>
      </thiramsUnhinge>
      <ambosEngarb uphoard="beyliks" lagBazarsSortal="icefallMinionDemasts" hastens="ponderEcod" tollage="92730">
        <beshakeVesicle>outrun3710</beshakeVesicle>
      </ambosEngarb>
      <jaloppyMeslen lookyDecentLepanto="recusedCourilLepage42" gnarlsAnitos="fusibleMegaricGymnure" dipleVerbena="wupLawmen" voxWavablyYaba="privataAssents4313">
        <lackiesSunnedRiles>daleFilt</lackiesSunnedRiles>
      </jaloppyMeslen>
      <kirmewBeltToral cloaca="357">
        <kanten>sycosis1113</kanten>
      </kirmewBeltToral>
      <bentonKeltic scyphiGliff="aliofarHiviteRooved785" peziza="burleySeracEgged9767">
        <hipposUnbless>nautchComid</hipposUnbless>
      </bentonKeltic>
      <battuto wonkier="uncoopPsycholCatered" pomelosSoyotQuick="succisa" kashiraDoolfu="attarsMugful">
        <gnarledShinerPipers>camillaChindee</gnarledShinerPipers>
      </battuto>
      <tirled roups="parergy5926" emmiesSaronicFichu="ovant">
        <exsecDeliber>231042176</exsecDeliber>
      </tirled>
      <coranParodos ektenesOmikronMagnets="bumpy666" socman="amayAssbaa" murzimHumerus="dunches">
        <debarsAtticeByously>survey</debarsAtticeByously>
      </coranParodos>
      <nithingBreadDrukpa taroccoSoterSizings="dyinglyPigheadPappy3892" curvleArangaTabacco="10" bohunksDraftyApex="effable" aeriestLabredt="bam">
        <lollyRaisineGallize>hawknutDulia</lollyRaisineGallize>
      </nithingBreadDrukpa>
      <deedbox staticeValent="ungirtDolce">
        <sabeManjeetWetted>dammeWottestTahanun</sabeManjeetWetted>
      </deedbox>
      <mignonBattleCharque>
        <syrphusBhutsMuscovy>kleshaMaladyMesonic533</syrphusBhutsMuscovy>
      </mignonBattleCharque>
      <lenvoyLassie regaled="75" gurshesFengite="pbxesPithilyQuitter399" beechTabific="431">
        <nudgeKindlesSwoun>afront</nudgeKindlesSwoun>
      </lenvoyLassie>
    </unslatePiths>
    <oles>
      <ruffeWattmanBurley>intines</ruffeWattmanBurley>
    </oles>
    <orate>
      <astay>feuds</astay>
      <mulish shapelyZophori="9">
        <foetiRespin>jotters</foetiRespin>
      </mulish>
      <haffatGundogsPotheen>
        <mustela>nocten75</mustela>
      </haffatGundogsPotheen>
      <diana>
        <snewAdhortKeryx>elapsedRunic</snewAdhortKeryx>
      </diana>
      <dimin dadaistKnorrCram="quayingAmirElohism6" flywaysJessingErgoism="falsismVilelyEdgily" hideous="kvutzaArtsyAtlatls">
        <wombWildAmazon>patched</wombWildAmazon>
      </dimin>
      <cafenehSputum jervineTemblorProjets="8" smearer="4351" rang="anacesFarfet">
        <oxetoneDamiaAmbient>afrescaTaulia</oxetoneDamiaAmbient>
      </cafenehSputum>
      <cheders rinaldoStoners="74" citrinsStoppedLaith="ovidian">
        <duadsJawlessUntop>dartosBudgies</duadsJawlessUntop>
      </cheders>
      <ticalCarolyn>
        <deesGucks>crabletSprayed</deesGucks>
      </ticalCarolyn>
      <thurniaRotos fellasGalleinBourg="artiestMaarHognose" zymeGooding="6460">
        <dresserOaryAmpules>wrathyDerahHoler</dresserOaryAmpules>
      </thurniaRotos>
      <elutorCeredHumbler follyFortifyLcd="borghiGagesOink" rhemeLindiedHeavies="oblique">
        <whelms>35545</whelms>
      </elutorCeredHumbler>
      <hauntsCursoryHayweed curios="337734048" chalotMetopePlaidie="wantfulChekmak" rykesBeluchiDiacid="bots5">
        <haplomiVizirsShare>briocheFlyboyStich</haplomiVizirsShare>
      </hauntsCursoryHayweed>
      <quidditPricierVicomte>
        <sorboseArmenia>dirges</sorboseArmenia>
      </quidditPricierVicomte>
      <monoFurcula dekare="91" diobol="unlacesUnbiasTeenish" twiselEthenyl="penniesFeeds" bootboySunyieAxlike="disker">
        <phirozeValsesWorkbox>moors1</phirozeValsesWorkbox>
      </monoFurcula>
      <advoyerMagot>
        <sluesPiddock>ethide</sluesPiddock>
      </advoyerMagot>
      <subdean boutonsCopaiva="burrerTheisms570" excitor="lidarsGujarEche" saltly="bodega">
        <montjoyTeuch>ucayaleShrabTrioxid</montjoyTeuch>
      </subdean>
      <frotton>
        <scapelStambhaAtaxics>tomans</scapelStambhaAtaxics>
      </frotton>
      <whaler retdOutloveBriseis="swager" actiniaMorpholLoping="threose" dontDerrideRicks="464" subedit="tipula">
        <pengosEnstamp>shojoBonangNitos2</pengosEnstamp>
      </whaler>
    </orate>
    <sushiScrin>
      <staidly>pyxisPosers2163</staidly>
    </sushiScrin>
    <fideCuspal>
      <evomitVlach>pycniteTylion</evomitVlach>
    </fideCuspal>
  </donorsDogface>
  <flenserLeprose charmerMashpeeSigils="appayUnputMangels" tetard="461893" tarboxTunnels="kelticErgDebuts" econGawish="29">
    <mohels ganosisChuckle="959946736" upperchMahjongEstive="sponged" durbarTossut="330" overtoe="rebait" outfireTonnishVegas="lossierAnabolyNyroca" sweathEctiris="colmars">
      <sahhFurler>17</sahhFurler>
    </mohels>
    <abbasi>
      <portageRetlingFockle>bulkilyCornily</portageRetlingFockle>
    </abbasi>
    <coursy>
      <terneJoebushAgrania>5976311</terneJoebushAgrania>
      <cornicCequiRacer cutlas="608547" rotal="bloJaverFermion">
        <huskerDefiber>pigskinFouth3</huskerDefiber>
      </cornicCequiRacer>
      <tarquin displayOedipal="agamous" moellonKiotomyLashorn="numbs">
        <sprayedUnethicHole>phlomisDarci</sprayedUnethicHole>
      </tarquin>
      <mureinBanivaAides germierAmyloseSiphons="ladyish" bysenShirlAlicia="featous" beteela="kabobCurerGibbol">
        <pangs>santir</pangs>
      </mureinBanivaAides>
      <muniaPangen>
        <pileumQasidaSeptum>flymenRondos</pileumQasidaSeptum>
      </muniaPangen>
      <toisedSamburTapper korKajar="2714" unshapeCecitis="52174">
        <quila>alefUglyCanakin1</quila>
      </toisedSamburTapper>
      <donovanCygnetSurnay sarigueJobname="qualmy9">
        <cuttoos>esseneGenuPuppily</cuttoos>
      </donovanCygnetSurnay>
      <violaStole powdike="hiederEncraalQurshes">
        <picaeDenariiStudies>piffle82</picaeDenariiStudies>
      </violaStole>
      <madcap huskerBoccieReputes="mpondo" kidvidCupMangue="756">
        <grene>needly9860</grene>
      </madcap>
      <wendicSireny agenes="meriterUramil9" gullingPluralAnkhs="jettedMacramSquare1" wallowKerflop="57298777" softensPriced="behold">
        <crates>lozenge</crates>
      </wendicSireny>
      <bencher actinAlloyRockman="wagedom">
        <ostyakTuyere>bovineBustic8</ostyakTuyere>
      </bencher>
      <bogaKrone>
        <washtubPotash>samoryAwabiEvehood</washtubPotash>
      </bogaKrone>
      <ambeNagaikaRangpur>
        <boutade>liberal</boutade>
      </ambeNagaikaRangpur>
    </coursy>
    <shadsVivian botulinCarnetUnhoped="infant" glagolAsialiaGershom="cowedlyDuplify125" byroadTanseyBaroni="taxman">
      <wing>6</wing>
    </shadsVivian>
    <papern bricker="terbic" tour="tatieArmitHoddens">
      <weedHicoriaBourdis>wastry</weedHicoriaBourdis>
      <domoidByplaysApptd inch="sateenFlet" plassWarundiGuised="zincidMoochSwig" limas="unget">
        <wienerPincer>airbornKhairExsect</wienerPincer>
      </domoidByplaysApptd>
      <brosse baptismWinkingReagan="curious" keysets="isotype">
        <runkledAumilNetbush>gulpAgogWase</runkledAumilNetbush>
      </brosse>
      <rummeryHelply>
        <misaimsMistSolein>nutcase</misaimsMistSolein>
      </rummeryHelply>
      <molters poplins="sinifySalomeMorule866">
        <halfaApplBowyang>gite</halfaApplBowyang>
      </molters>
      <ajimezPenitisFizzle>
        <navel>tournai</navel>
      </ajimezPenitisFizzle>
      <duologs harrietUnbane="16991" slae="diacleWhaur802" peggyFanionPoori="lycopus76">
        <direxParegal>622</direxParegal>
      </duologs>
      <zillion razzle="alphosSlicingBraking" crippleHogpenHookers="418899826" turmHorridImplial="gambogeOkapis">
        <hisn>moabite</hisn>
      </zillion>
      <deludedWunStroam takeoffEriniteKeratol="lipidFyttes5" rooterUssr="sleteGanoids">
        <comatikBespew>prevailZirconSociety7</comatikBespew>
      </deludedWunStroam>
      <erotize spuggyDiambic="brevesSingpho" dehornsBalanAgave="26" crummyUnthornCrith="9640727">
        <amylsMohican>73</amylsMohican>
      </erotize>
    </papern>
    <budgetTeadishPibal>
      <galilei>cystineOocystsGnarr</galilei>
      <layrockTared>
        <eat>speer3555</eat>
      </layrockTared>
      <rillsMilledCymar erysibeChappowAching="ligures" walletsAizoon="863541498" iambiFang="92" nairobiOlluckTrimers="limba">
        <onerate>lofters69</onerate>
      </rillsMilledCymar>
      <jan anight="socageRekickFirster" latinosGlycineKetupa="pedreroOwlishPrue" lennowBlender="234665049" lettingDowless="lidderHenad">
        <aversSheikh>38285184</aversSheikh>
      </jan>
      <outwardUnsweptKeekers rebringBoxSkerry="owhereKoanBoke" ptinusJazzilyElt="atossa" fobbedVisoryMensual="letgameMerely">
        <cfm>dolorGaddiCill4</cfm>
      </outwardUnsweptKeekers>
    </budgetTeadishPibal>
    <trieneWagered mellahCostingAvarice="raya2443" busterFlourCurie="forme" outspitSpunkDankali="celia" gilver="tarringLulavim" dinghee="lankilyPeulvanCibol">
      <boobookGoldneyGaluth>aythya</boobookGoldneyGaluth>
      <chaltaHeelerToadess nome="wurrungSblood" pekan="48860" befistFenny="urarisMirrorsBld">
        <absolve>jadOrage</absolve>
      </chaltaHeelerToadess>
      <twirlsPreplotCube>
        <towzieBeaker>23944</towzieBeaker>
      </twirlsPreplotCube>
      <skidlid unwombNeckarRefaces="585595614">
        <pinangsStichel>184469</pinangsStichel>
      </skidlid>
      <nailsVitriteHydroid smitter="34586683" enalidPinings="aworthCoodle">
        <pictish>uptakesPyramus</pictish>
      </nailsVitriteHydroid>
      <bardily harpinsPesade="synaxesSaintly" dyspnoiSherdJetted="5671038" boveyBurdieTurnkey="alemmalGuerezaImplate" acrityMacaron="bafaroSoothedPosh">
        <rudasBroking>chiasmHarayaPewless</rudasBroking>
      </bardily>
      <edithMopsCentry thoriumUnavid="144182882">
        <scraigh>tibial</scraigh>
      </edithMopsCentry>
      <lingcod bellonaShoyu="6341840" airmen="blinder" cembaliZonta="nickumDullity">
        <nadaRayage>myopiesBleymesAlow2541</nadaRayage>
      </lingcod>
      <corinDismal>
        <alsUnrobe>oolakanCaption</alsUnrobe>
      </corinDismal>
      <upalongDickers scaridInshadePunted="cawkerYokeage" flidderScotiaSehyo="metaGenin88">
        <roddedMehari>upchokeCircutsLeviers</roddedMehari>
      </upalongDickers>
      <anighDefease shewn="getspaSubking4" anconaDiluteeRouter="gigfulJeery" kui="dagOutbake" taroksEelpoutGent="outheelVersal3">
        <skimeUnaskedRussety>viewier8126</skimeUnaskedRussety>
      </anighDefease>
      <lactoMopederExurban>
        <upflowsFury>hoickedWants</upflowsFury>
      </lactoMopederExurban>
      <utrechtUnhandy nervule="poisingDeputyFig" wekasEntte="darger" lentorAdawCanopic="havanaReninSinitic">
        <phitWhalmWenlock>brewstGytrashBhotia</phitWhalmWenlock>
      </utrechtUnhandy>
      <viresSlantsPontiff atimon="nicheApatan">
        <degreesDazedly>bemoon7343</degreesDazedly>
      </viresSlantsPontiff>
      <brawlie>
        <ubcLeifite>genekiExsec</ubcLeifite>
      </brawlie>
      <gourdesChili murph="keywrdWailfulBoding881" bathoolTalusesExile="bejel" tamaroa="tuchunsExamsMilady">
        <exedraeArmory>drams</exedraeArmory>
      </gourdesChili>
      <axmakerResow droopyKokiaSidlers="limpedApricotPoire" collumEpithi="31" hufflePainKolis="456236" matsuri="choricClappe">
        <bimbos>knickerHernial</bimbos>
      </axmakerResow>
      <blether prp="34019">
        <toother>japToil</toother>
      </blether>
      <abowBioliteCoelar forthLeviDiorite="unslotFluxerJussory" deniersMammoni="broggle" tatuasuClaroesPaisa="pinfold">
        <forbyCampionYodel>yawnyRaif</forbyCampionYodel>
      </abowBioliteCoelar>
      <noyous tatar="8" reachedIncivilQuiesce="synacmeHirling" jibbersBuffin="7" schorl="abjuresStretteDottel">
        <aoudadWisesEyah>pawpawsSokoki</aoudadWisesEyah>
      </noyous>
    </trieneWagered>
    <goingMauvine fikery="terefahUnclogs">
      <prudity>eyespotPeglike</prudity>
    </goingMauvine>
    <barbsCrawdad>
      <subditImpress>kibbehMalic</subditImpress>
      <viators>
        <unc>hadithSmartJabs882</unc>
      </viators>
      <kadosErrata trevorPlaned="boat">
        <oratesRhenic>674</oratesRhenic>
      </kadosErrata>
      <uzbek rareyfy="946275" acerbSkee="pawnee">
        <beerQuinoylNotions>iambiPhil</beerQuinoylNotions>
      </uzbek>
      <peesashAlethicGemara>
        <wrybill>667</wrybill>
      </peesashAlethicGemara>
      <hornetySoli arsleCrudsAngule="townish" smartieLulls="afrit6" tetrode="nutsyEndew" askingDocile="tomial19">
        <taintsGraip>78</taintsGraip>
      </hornetySoli>
      <oily>
        <lummoxZerma>machan</lummoxZerma>
      </oily>
      <pintano wuzuHooplas="terenceBumphEspino" rabanna="lanatePotager" lunataDungsTunu="garnettFakeryWhirred">
        <malateDuvet>binful</malateDuvet>
      </pintano>
      <chilverEnglynDoer finest="652" throatsRabbled="vawards">
        <rubber>nozzleAcor</rubber>
      </chilverEnglynDoer>
      <atokalDuresByss squirrHornedRumless="windFlavinsHommack">
        <cranklyMirexes>vicBewater</cranklyMirexes>
      </atokalDuresByss>
      <posthocGogo helixinExuviae="whereupFloretFlaught" vibistVialing="semplesMamzer" isodontCyaneaLechea="disgown" wanderySalome="unsappyFidsUprush">
        <luteum>boatfulMaliki808</luteum>
      </posthocGogo>
      <trawl ourarisRobTinemen="rolesCalmsCommote5" misdateWinersStarnie="quaggasEmbogAesture" seamenNauseasUskara="tronasAlivesYinst">
        <haptenePirlieHalp>larigot</haptenePirlieHalp>
      </trawl>
      <bedeckImaretsTricky roselPleasesBowhead="gunnarObligerAlmonds" panedFakery="parrotyTiptoed8" mehari="485952" frothed="89">
        <yens>hunchEvenoo</yens>
      </bedeckImaretsTricky>
    </barbsCrawdad>
    <bernoo>
      <tackeyMaravi>shangyCarinaeRimu</tackeyMaravi>
    </bernoo>
    <loselsMochy>
      <breccia>827764</breccia>
      <rajQuinoas>
        <inmatesShrewedMartyr>libri</inmatesShrewedMartyr>
      </rajQuinoas>
      <woolmen ketatinUnlooseFlagged="orphean8">
        <fingu>ilexes</fingu>
      </woolmen>
      <quaying starve="pokom">
        <gawpCourier>33330</gawpCourier>
      </quaying>
      <chummerMudar foliosAeciumThad="faulxGussiesAgamis" stew="5941">
        <tretMhzOralize>winrowLettic823</tretMhzOralize>
      </chummerMudar>
    </loselsMochy>
    <ductuleMajoraEsodic>
      <sauries>slunkMucousHagbolt</sauries>
      <mettlesMusnudOtogyps kimmer="26564" bigwigs="canids" gawkies="reedingReiving">
        <foisons>ostrichEndows</foisons>
      </mettlesMusnudOtogyps>
      <jessean helvinUneye="nanosecAmphid866">
        <clar>guar</clar>
      </jessean>
    </ductuleMajoraEsodic>
    <bigg>
      <agoniaPhytins>prevues</agoniaPhytins>
      <toff>
        <pianismFlorounStrymon>3</pianismFlorounStrymon>
      </toff>
      <eppesBoomboxSaggers bobbledHoodmen="2" benaCracowe="984" outslid="acaciinFriarDaffish3564">
        <chicle>thringFluxing</chicle>
      </eppesBoomboxSaggers>
      <percur grisardSloid="cobbUndergoMickles">
        <juliana>shambuZymases</juliana>
      </percur>
      <outstayEndoverHading goster="bambini" nilgau="beneluxMolasse" ishimeWonts="sobbySuntanBeearn835" glazesCornadaBowge="puquina">
        <regales>lilyfy5975</regales>
      </outstayEndoverHading>
      <tktClunkAwink ungridParodos="armsful">
        <rigsDolcanSkeans>78437265</rigsDolcanSkeans>
      </tktClunkAwink>
      <wudPhyscia>
        <fogyismPerai>thomasSeeping</fogyismPerai>
      </wudPhyscia>
    </bigg>
    <drawoutSabeVanload>
      <prepaidBihalve>trottieMilkman</prepaidBihalve>
      <nephewKousso punyClad="kybele">
        <jettageBuntal>sutoriaIndebt</jettageBuntal>
      </nephewKousso>
      <newer nettlyCoeSparks="210404964" pagesAverseDicing="kesse" alkylolPagedCaliber="20" zairianWhimsySize="woaded">
        <jalkarKnittedSlavi>fleam</jalkarKnittedSlavi>
      </newer>
      <fipples hamhungPropupa="ulysses584" moricBrob="awalimTypo" bedizenSnakish="erysibeFrownOtalgia" genteelTolterHavings="batcherPitocinLayer">
        <winners>lunule</winners>
      </fipples>
      <birdeTops protyleAliofar="glairinArcula">
        <nonsale>poteenAirlingAntiar</nonsale>
      </birdeTops>
      <coacheeSundri binder="91761270" antlingDillies="4488">
        <ibexes>544065</ibexes>
      </coacheeSundri>
      <vigninCravat wagsHugelyQuott="bobbie">
        <leaped>748</leaped>
      </vigninCravat>
      <circueWrightSken>
        <cistudoEremicYatigan>paradesMear</cistudoEremicYatigan>
      </circueWrightSken>
      <jaloppy>
        <tulwaurReorder>4898</tulwaurReorder>
      </jaloppy>
      <anograFiot unduped="batedPalletFantod" sweepupVatted="626147">
        <guanosPlaqueFey>refrPizzle</guanosPlaqueFey>
      </anograFiot>
    </drawoutSabeVanload>
  </flenserLeprose>
</cox>