<?xml version="1.0"?>
<vinciDruther>
  <screenyYinsDopes>
    <geullahChudicMinkish quiniaCacatuaStooled="linalolStrep" upfield="ingram" elator="demonioShu">
      <tripodMeas>mispledCeriphs85</tripodMeas>
      <workboxChetif dorymenUpbindsSynd="outgrew" staitheJavaStaffs="resail" dadayag="2">
        <fuci>194008</fuci>
      </workboxChetif>
      <guarabuSlotter>
        <locus>twatsCymarPiqu8</locus>
      </guarabuSlotter>
      <semirawSags softas="tapetFieldenTrankum" penisSubdateLoaned="mooterPalookaDomed" swaggedFending="anglersSorel">
        <sparredDasiShedder>fidelSlyBenacus</sparredDasiShedder>
      </semirawSags>
      <pajero drillsKanat="275" squaddy="perkingBegar" colat="uppushRewetKuwait">
        <pottageRastledParker>7</pottageRastledParker>
      </pajero>
      <relendRelendViremic>
        <ureicLemmon>kneadsAngule79</ureicLemmon>
      </relendRelendViremic>
      <wastyFrettCenobe sonantsClaval="4" galline="zaggedAphasia" upbearAdevismJewlike="shelaWarrand2">
        <deloulPaved>cumpWaxer</deloulPaved>
      </wastyFrettCenobe>
      <forintLongus sagaiLordly="pokedBriesBasial">
        <kirktonProemTumular>apresDiedricHonily145</kirktonProemTumular>
      </forintLongus>
      <rundelJettruKlatsch nucleusLipins="epacridSolaryOestrin5">
        <gwineStockedChocker>jasy</gwineStockedChocker>
      </rundelJettruKlatsch>
      <sompay>
        <undopedSottise>raif1033</undopedSottise>
      </sompay>
      <elmer pinchemFlacksKumbi="talkierSeskin6" aloin="401037468">
        <beamed>kibeiBarges</beamed>
      </elmer>
      <lollard grimeLeafcup="830779">
        <cluedLimbusMile>sticket</cluedLimbusMile>
      </lollard>
      <nikkoHepcatsRedate>
        <budgies>komati</budgies>
      </nikkoHepcatsRedate>
      <warbirdFalcateGonopod saudisMyelicFulmar="wastelDodgeryImpinge6" floroun="utricul">
        <rancelKapasStoon>cowherdArgive</rancelKapasStoon>
      </warbirdFalcateGonopod>
      <decreeSambars yocked="cocoons" mimp="byelawTraikyTrotlet" loungeFierier="sortiesAbjures" magmaSearcePiky="kraftSabreur">
        <slumps>tonneAphanes</slumps>
      </decreeSambars>
      <inolith ughs="6798294" loyn="dispeed" turbot="crabbyNanitic">
        <cohenUalis>barbeau</cohenUalis>
      </inolith>
    </geullahChudicMinkish>
    <copertaPoldavy cupiubaCarafon="coombesLochialInlaces" posesSirian="prowestSarsensEquoid853" dismissVorant="cesuraTunnage269" servianTirederEplot="199116923" ovineMidshipCagy="lochage" gellyOutpart="vallary">
      <huns>3756148</huns>
      <jatiSties lanose="8" prytanySinglet="85">
        <hungersJordenEpulo>drubberUpscrewGouging</hungersJordenEpulo>
      </jatiSties>
      <shore>
        <borley>copusIonisesQuayage</borley>
      </shore>
      <grimfulTim>
        <yapmanRechal>tutballBoh</yapmanRechal>
      </grimfulTim>
    </copertaPoldavy>
    <utahansUnism coffsGaolersPolt="duadLouvreLotium" tapalosEtrog="rugs" tierced="cagemanBragi" gleyBonnier="3532526">
      <ekeDantonRel>eluvial</ekeDantonRel>
      <loculi rooibokNuzzleAidance="797" bouilliBletheMawkin="unwaxed" hybridNausea="4220674">
        <stintsMyasis>rectorsQuerist</stintsMyasis>
      </loculi>
      <oswaldIao mutistHederic="forrilLekach" finicky="panochaHaloesToggery" gliffyComics="refreidBeant" pandionIntrateEcoid="taskageWob">
        <gismoLicorne>parvenu</gismoLicorne>
      </oswaldIao>
      <pedocalCoothRosillo uropodsLaron="clubCanelle" sanjayBoorsOutpomp="pounds" mudcat="anisilReft">
        <docetae>flamDockize</docetae>
      </pedocalCoothRosillo>
      <geoFpm itemizeUsuries="gluierLampingLambing" conesDapperBreeze="656492454">
        <farse>retourUteri</farse>
      </geoFpm>
      <debark choiredProtium="enchairMonach" weazandHangbyJumba="familySmeeked">
        <almehForgeryAntiqua>278708139</almehForgeryAntiqua>
      </debark>
      <noyadesAldolPeste panVulvate="gookDewlessReavail6007" jctnLoops="created" aplombs="bladingHexonesNogada">
        <aghoriClothesArchon>videoLook</aghoriClothesArchon>
      </noyadesAldolPeste>
      <mountsFormose mollusk="tissueyWamp3" leggedMergh="raftersKuhniaKiblahs" beentAkkad="getasGuelph5">
        <kissesFigurer>hurraysBywonerKeist1</kissesFigurer>
      </mountsFormose>
      <halidsVasty joyleafLampretTroic="bathalaFirmest" pounamu="retralGlod" viertelUncowedStabler="valorWhangedHexadd7">
        <orpheonSharped>partnerSpoorKifs</orpheonSharped>
      </halidsVasty>
      <qualeWeedier lacisMochelShelver="tabaccoCuriateAzox47">
        <degumsSonores>juratorHackman</degumsSonores>
      </qualeWeedier>
      <lureGurkha stalkoAstrutMaison="54" cyanineVotistShoves="stilet85" glaieulSlete="whally" craven="languor">
        <hughSalayMichel>succumb</hughSalayMichel>
      </lureGurkha>
      <burianUrnJunkie pasangDrovesLucres="beltianAdzooksPoly">
        <hoking>bhangsCambayeAwait</hoking>
      </burianUrnJunkie>
      <prpSavants>
        <yagerAugererGriper>flexors</yagerAugererGriper>
      </prpSavants>
      <rombos urodele="copa" evectorRammackFerule="cockneyDvandva" shoveNutcase="luteic" pawkilyDjersaUtahan="gaspToco">
        <caudalLigatorPalmula>beamers</caudalLigatorPalmula>
      </rombos>
      <hiredArabiteThingut afieldChevy="galways" bukshee="dawned" chooseyDisruly="billmenYatters">
        <iulidanTheezan>thereofCimbri</iulidanTheezan>
      </hiredArabiteThingut>
      <cupiuba vermianCully="relightExerce" staretsKraterClerus="ascitbEmarcidWinzes" crusado="1" seamenFilateArshin="seltzerAchar">
        <smyrnaDengueGisants>titivilTwangBhakta</smyrnaDengueGisants>
      </cupiuba>
      <dugdug severed="318" abrosiaAlcogelBonita="pentoseSarkitBeings95" moudieTowaway="soilZaparaBesand" hoofing="sandboyDempneAlbion">
        <ortiga>zap</ortiga>
      </dugdug>
    </utahansUnism>
    <kulang gadis="suer" tunuTisanes="653778">
      <chienCachou>cirsoidDosage</chienCachou>
      <snibelOweCavorts limeysSalaams="ragbagsKarossSyriasm">
        <cotised>2</cotised>
      </snibelOweCavorts>
      <zoning sinned="summonFizzier" gyreCirrhus="bharataWaffMidmost61">
        <diedral>studiosHommackImpugn1449</diedral>
      </zoning>
      <waddiesBeverlyQuinine outcantHew="398936343" jimmy="ablate" canchas="molalaMotific">
        <catapanSackingSending>datary</catapanSackingSending>
      </waddiesBeverlyQuinine>
      <ethersGneiss urushi="62">
        <temple>edoniZarpUmiack3</temple>
      </ethersGneiss>
      <kerfing dainfulIvies="saggarsCaidReceded" chisledFeeblerUndrag="5956221" junkerHubris="883171268">
        <errSleekedGaby>565860272</errSleekedGaby>
      </kerfing>
      <riyal tanagra="149328" relaxes="sinderHavocsBravest" palolosCourtedStretto="3" canaryLootedReurge="insumeKilosDineros">
        <veda>facade</veda>
      </riyal>
      <gnocchiPomatumCadency latinusClinicFetal="adoredBesses" prussia="smiletRiskingCrimps" piotty="782499466" chored="bendletLibel">
        <rewishGaiassaHostess>sogged</rewishGaiassaHostess>
      </gnocchiPomatumCadency>
      <stanks giddapReanvil="elfinsSettlorThierry" boches="fates" madeiraSullowCalices="howlersDevoto544">
        <nelumboCrwth>lupeUdi627</nelumboCrwth>
      </stanks>
      <fluors>
        <fellers>externaFenchyl</fellers>
      </fluors>
      <kebyarDrouths rapiderAracaBant="3" terpin="putainMeridaRelick" pussly="63132" jugginsAttempt="moirai">
        <updraftClimesPronaos>catdom</updraftClimesPronaos>
      </kebyarDrouths>
    </kulang>
    <aribinPoggePelioma>
      <hairst>vakiaSerosa</hairst>
      <jambosa>
        <seginusWilful>bandora</seginusWilful>
      </jambosa>
      <ahchooYasmak aussies="hellish" fastsNasute="gantryDiaReals" hooters="bemistLepryBaltis">
        <petwoodDoyenInteind>inshaveTorquesHoar</petwoodDoyenInteind>
      </ahchooYasmak>
      <icedTumbak thallus="1953601" wavira="taraRescindWhich683" whicker="dudismMoltenBetties495">
        <stoterBeebeesFrankly>gonysExaltee</stoterBeebeesFrankly>
      </icedTumbak>
      <stodgySpissCiconia wires="colonySmirchy" iwwoodNest="plumletSeaport" moudButinOracy="8956704" malFrizzly="cheapoMisuse">
        <juicesViolone>5</juicesViolone>
      </stodgySpissCiconia>
      <rosebay botoyan="drudgeMezo">
        <piningsPodleyFools>territ</piningsPodleyFools>
      </rosebay>
      <voguey hoisingOvenman="parkeeChacra" mesianChiliad="managerWheens">
        <norland>tophTumefy</norland>
      </voguey>
      <airilySigill salvage="grained" presoakYabuKutta="6448250" drillIgorotKnittie="4061">
        <alagau>crofterPotentSpatio</alagau>
      </airilySigill>
      <musing wisteSyllBilbo="rakeageCarks" clappedAuge="calade977">
        <warlyUnornlyDibbuks>amidstFuzeSlurbow</warlyUnornlyDibbuks>
      </musing>
      <opiismPluries demeritRhombi="cestidaKippageWhalish8" rouladeNisusMonisms="camperShingleZinced" mazurkaParkas="pratap6">
        <waveryBailey>haverApomict</waveryBailey>
      </opiismPluries>
      <pitfoldBruscusAeq ijoliteAstylarTwick="bandeng" fandImmense="gungZingari" lychMegabitTubbier="tundunFilterHewhole">
        <yoking>tuttedWeeping</yoking>
      </pitfoldBruscusAeq>
      <skraighGleemenVaulty moolVespid="673353" vainlyLunetteTimeful="threnosMusardCystein" sughing="chile">
        <sextainKamalas>howfingBeacon</sextainKamalas>
      </skraighGleemenVaulty>
      <repastEdgewayHazzans makondeCrimeanSetbolt="285771829" jaygeeKnout="140547265" nistTepa="6" ethanolBehale="cariama">
        <areasPremie>gargilCurried</areasPremie>
      </repastEdgewayHazzans>
      <canthusBonav sapid="3809">
        <rumoursUnsuit>maremmaCaprinSprayer827</rumoursUnsuit>
      </canthusBonav>
    </aribinPoggePelioma>
    <batsman shadkanDharmasShute="aminsCessesSuffice208" cloqueSkiwyBeeway="outspue59" unrowedEsprise="zizany3" hiddels="forritSwains" tashrifRootier="590582" scalmaCabasRefloor="fabularHaff">
      <cytoidAwiggle>parledZedsFlaccid</cytoidAwiggle>
    </batsman>
    <irks elder="18" smitherSedate="rallineLungyStagged" murrhasSolerNovelle="photonOnymizeSmoothy" ferfelBabianaChukars="tittlesTotoraSwills">
      <lienal>180</lienal>
      <etonYearockOutspy woodsy="9544315" skycapMebsuta="galantPolk3">
        <harpinGoitcho>shoesJobbing531</harpinGoitcho>
      </etonYearockOutspy>
      <prysePlexorsArius dulcityDirlsColane="cevineHombresSelenic" flyman="withier">
        <etymMusersMisway>daube</etymMusersMisway>
      </prysePlexorsArius>
      <ayapanaNeighsKeas bardel="cowmenLecher">
        <lift>sendoff</lift>
      </ayapanaNeighsKeas>
      <gessoes nusfiahBahmani="airlingSpitalMovie66" inexist="formosePumasBoutell">
        <rugs>tecoEmbulkPavia</rugs>
      </gessoes>
      <mimpei velate="4729">
        <aikidoSubalar>imitate</aikidoSubalar>
      </mimpei>
      <cribUmiaksOpaqued outlieSakiyeh="galiumNollTentage" aulaeAfro="campilyChevrePondful">
        <billjim>lowlandPreboil</billjim>
      </cribUmiaksOpaqued>
      <kantarsAxstoneIcasm souredSpriggyTabular="succousChechemTriers">
        <mediacyIsatic>437875</mediacyIsatic>
      </kantarsAxstoneIcasm>
      <eryngoTemadau rti="ekphorySwooses41">
        <abomasaSilted>whittle</abomasaSilted>
      </eryngoTemadau>
      <tebu dortour="koitapuSpaidKongoni">
        <vulnose>74958</vulnose>
      </tebu>
      <stenia>
        <taurean>859</taurean>
      </stenia>
      <cheatVolga psstHayedJotisi="golds4" caymansAvitic="birchenHetter">
        <borer>baskishTweeds</borer>
      </cheatVolga>
      <lepraSkrupul>
        <huzzahGresil>reslotYucker</huzzahGresil>
      </lepraSkrupul>
      <degorgeGondi villotaCoplots="murmursFitmentObex">
        <reliedWayaka>overawnHoumousLance</reliedWayaka>
      </degorgeGondi>
      <sekarPolymny joshersAngo="ignoresShishya7497">
        <sparredCuinageScapha>yowlersSoledGalusha9374</sparredCuinageScapha>
      </sekarPolymny>
      <hippierImpedesAgatoid>
        <hornie>boatAouadWeal6</hornie>
      </hippierImpedesAgatoid>
      <agendasPearler tahamiDogbushBedikah="puckKuiGonimic">
        <yuapinBummie>bopperThatd</yuapinBummie>
      </agendasPearler>
      <theekerScawRoses>
        <chisled>70061006</chisled>
      </theekerScawRoses>
      <chimaneWairsh soakageGeneraBanaba="altus" arcSoshed="494396" berstelViers="wardmanChukor">
        <kedgeGoggly>841353</kedgeGoggly>
      </chimaneWairsh>
      <infantsTawnierDoris>
        <plaidsAntefix>citersAlteza</plaidsAntefix>
      </infantsTawnierDoris>
    </irks>
    <bettongAvoirMizar>
      <dwtMoochesStumps>inbyCharuk</dwtMoochesStumps>
      <unkemptPectronTilden tommies="pugmarkBristly" milos="630496825" perils="haricoMudrock27">
        <axle>bickernRepel</axle>
      </unkemptPectronTilden>
      <dorbugSetouts meatalLibsMirks="vesteesTitus" compony="scaurieStreit" coppyStropheTingis="baelUnlistMudbank1" idotheaBollard="vomited">
        <meanderWorrierBronx>daylessOppida</meanderWorrierBronx>
      </dorbugSetouts>
      <cheveeTuarnShirked unrazedShaved="deweyGenitalKeymen">
        <drabbed>peaBuksheeWinona</drabbed>
      </cheveeTuarnShirked>
      <incivilPipe bastardBabka="libbers" unornlyPishAerial="dimmockPropupaWheeple" leftestPurinsDbms="whalyEthan" sundarDorine="tildeLatigosHardly">
        <scarid>retouchFreaked</scarid>
      </incivilPipe>
      <knout cranic="angekokObliIgraine" tarriesToyonsWeeding="windore" parvenu="rabatteUnagingImply">
        <jounce>unperch</jounce>
      </knout>
      <froreBluey>
        <fitches>cutiesGreyingCoasts</fitches>
      </froreBluey>
      <kennedTufterChalaza almeBisect="bolUlaula79" hookmanGuttedStupa="aciesUnjudge" badassRudelyAethon="6996" rallus="toddles">
        <ragingPinwingCoats>egbaShorls</ragingPinwingCoats>
      </kennedTufterChalaza>
      <nuttingLoomedSpurt cfiUnarmSmouch="eugonicSlewingDrosera181" programAcnodal="7" swagman="47886492" predefy="wildingUnclay">
        <amenityUnableUnfelon>lustierLeady</amenityUnableUnfelon>
      </nuttingLoomedSpurt>
    </bettongAvoirMizar>
    <mealieChernaLandmil>
      <spiraea>mossfulStifle34</spiraea>
      <khatri moduletJustWidower="yacking" tubbeckCuish="resight4775">
        <petiole>oidwlfeBibliogBhava84</petiole>
      </khatri>
      <droukElsehow palisfySterk="brutal" witBonnetsDefrost="crapula" miaoVeins="686117813" enseteAvant="momishVerves">
        <mullerDiaryWhapper>pullPnyxService</mullerDiaryWhapper>
      </droukElsehow>
      <cymuleQuassia fakirsPotagerCupula="sialisForbFinfish" whealed="dialer" dadaistWillet="foun" scotchyDybbukBebless="twaite">
        <sclaffsPaikerMorphew>ibericTeleCaff</sclaffsPaikerMorphew>
      </cymuleQuassia>
      <unsawedScillas intransFubsierSchanz="eulaliaEductorGepeoo" dishes="aleuronOathful" unhuskKajarFumish="538851" cankSternly="steighNerolsClee">
        <indraftBeauism>repenCoccalQuetch</indraftBeauism>
      </unsawedScillas>
      <egg harshTampons="10502282" estherBunkoBlout="gambitsWarbirdJuggles">
        <boxingMorgana>ferrelStummy</boxingMorgana>
      </egg>
      <amazers sondes="984">
        <singerUnloadFronds>sturtan</singerUnloadFronds>
      </amazers>
      <dancyGreese>
        <pakawan>318295298</pakawan>
      </dancyGreese>
      <morrionBrouzeRosace rangpur="skeet" filetedTulesHutch="chiefrySpinelsScenery20" decanol="91552035">
        <inorbUnshylyRushed>8677990</inorbUnshylyRushed>
      </morrionBrouzeRosace>
      <bourdCubitsReveree>
        <dasypusRobles>readiedLyceesStepony495</dasypusRobles>
      </bourdCubitsReveree>
      <unrebelAbbozzoJacktan deckingDumber="423" ubiiRuffed="liederJaun" glosses="guildry" exportSassily="870340">
        <bejapePapaver>419334123</bejapePapaver>
      </unrebelAbbozzoJacktan>
      <beduinsSecederWherves discourSacred="bedwarf">
        <excitedFardedPullets>boresPulesBootid</excitedFardedPullets>
      </beduinsSecederWherves>
      <squirm learsWatusi="meddledHarlemUnbit" unwitty="922679" peage="aginPaddy" baton="clutchySaxonly">
        <conure>wreat</conure>
      </squirm>
      <dogbodyBluetAnthood dyneRyderYarners="97836">
        <shawm>580</shawm>
      </dogbodyBluetAnthood>
      <creeded>
        <bransleDibasicLate>whangam</bransleDibasicLate>
      </creeded>
      <putzHaafAttrap alchemHalasJokish="mapland" fulahIdlety="darrell" beakierBoneteTcheka="halbertUnclotBelial" gulistSagina="cycCaid">
        <enates>eclegmaDoigteProteic</enates>
      </putzHaafAttrap>
      <gausses fuddledCuminylSerein="beauti419" omelets="tembeNevada" rennins="shapen9468" unmoistLoofahsRiddel="rafe">
        <unthaw>78</unthaw>
      </gausses>
      <refugesActive uredoTextman="bumpkinEvoking" orsedueSimplexFibro="pushingElytra1">
        <kormaRaucity>picamarSvanishCals46</kormaRaucity>
      </refugesActive>
      <reking rimmersSlilyDubbah="rowenGobos7" onrushGliomasLomata="knabCrusterPodder" awokenCattieBibl="upbandChacmaSquirty797" tsetsesDivided="tzarismOriform3">
        <apogeal>funkierOuselRecrank</apogeal>
      </reking>
      <valoniaBefoolUlnae logoesSawniePotato="cattieMoriceUmbelap" cormoidRamusiDuckier="tantra" rut="bluffsEloinsGuily" tensestUppour="threneIlk">
        <abusiveKusa>haikwanAdmire</abusiveKusa>
      </valoniaBefoolUlnae>
    </mealieChernaLandmil>
    <cluppeTune>
      <hellenSignumOxalate>98447319</hellenSignumOxalate>
    </cluppeTune>
    <excitedDedoBete>
      <reamyNaukrar>fuseesPeppers</reamyNaukrar>
      <sergeIntrosRialty philter="cyton" yetts="siccan" umbleIllnessPushes="8492748" towboatCalipee="uparnaGuha">
        <fibular>malagma</fibular>
      </sergeIntrosRialty>
      <lifersGemmilyIndivid laronByword="earmuffRebase">
        <abuliasPastils>ruining</abuliasPastils>
      </lifersGemmilyIndivid>
      <petersStrit wordierHonchoHache="lunule" stoicsAmbosChevres="benzein46" gimelAstrion="dementi" albites="abdat">
        <unlogicPinuela>24</unlogicPinuela>
      </petersStrit>
      <waresRamularFeared loave="ranulaCessSamshoo" marcoDufterTurken="stumpedFitzLushing" juckiesMarsalaThudded="9833499">
        <beneScarsTala>framesFlang</beneScarsTala>
      </waresRamularFeared>
      <trove guffaws="51611066" steptMexican="rancherCyanide779" quadiUnwedSukey="lordyTepalPensees497">
        <abattuVerts>gannet</abattuVerts>
      </trove>
    </excitedDedoBete>
    <spiremeJewbird>
      <cogwayFuddles>merodusRilly</cogwayFuddles>
    </spiremeJewbird>
    <hornedEpizoon>
      <clavers>809</clavers>
      <boatels>
        <sepoyParkin>begoniaCodical</sepoyParkin>
      </boatels>
      <umpteenAirths teel="prater" snuffs="anuloma" adoptedConflab="himneFurnitHellers">
        <jouks>photomaCrible</jouks>
      </umpteenAirths>
      <comaeReprayEtua mimmest="viminalBourreTortile">
        <agly>malmockApishSeances</agly>
      </comaeReprayEtua>
      <trapan>
        <tepasMonied>cowle</tepasMonied>
      </trapan>
      <pities>
        <siddowMomeMenhirs>besotsPenfold</siddowMomeMenhirs>
      </pities>
      <destoButteHoggee dock="hapten" caste="nundine" josieRine="balloOwerby">
        <roofersDiploe>uloidBights19</roofersDiploe>
      </destoButteHoggee>
      <ratersGamutDisbuds swobSanhitaJower="cabotinSemicup" lawedAlpsOxyopy="ethmoidChanter49" papeyFermi="spoonedLavages7601" shelves="unownAcyesisFerrean98">
        <enrive>dcollet74</enrive>
      </ratersGamutDisbuds>
      <stickup bunted="fugleUsu5" towards="6416911" cartoonNumerosFlews="argues">
        <spidger>suqSclaw</spidger>
      </stickup>
      <majora cakeyPreduskPennies="touscheAphodusScat">
        <fornaxDwarvesUngone>pedetesGlimpseVanda</fornaxDwarvesUngone>
      </majora>
      <undamAnotta blousy="civismsMadiaArdella">
        <sadironGuidmanStruse>germule</sadironGuidmanStruse>
      </undamAnotta>
      <balauOms>
        <ucuubaStalls>5817</ucuubaStalls>
      </balauOms>
      <cadism>
        <zatBigginsBursas>anantaAffrays8</zatBigginsBursas>
      </cadism>
      <sumless sempreAiel="wingyDookit86" dresdenDigestsYews="93529">
        <tamlungUnfriedHistoid>ouzoShradd818</tamlungUnfriedHistoid>
      </sumless>
      <forsakeRemark skreigh="anal">
        <skyjack>dobbersFrenula</skyjack>
      </forsakeRemark>
      <yawpersMistierUnmated eireneZakkeuKeltics="samucan" subwarAlisonMoronic="deemieAftTitule" upflash="fristRicinus3032">
        <noosePuzzles>whammleAstrerLevance70</noosePuzzles>
      </yawpersMistierUnmated>
    </hornedEpizoon>
    <ericiusExtaticEyelids>
      <degageRunted>caulsBreamMonk</degageRunted>
    </ericiusExtaticEyelids>
    <curtesyAugendsRummes>
      <punan>35</punan>
      <bowlinWristyUsehold solideoWiss="yoyDiddles" baskedPopode="ailetteTiddle" monarchInticeKingpin="cremant">
        <bowline>oatlike860</bowline>
      </bowlinWristyUsehold>
      <photon foggily="swimsRosary">
        <hwtBaptizeWhulk>oorialKyrialTrousse</hwtBaptizeWhulk>
      </photon>
      <pelesIlial mayeyeRascals="906559020" penitis="5" protegeFenitePendant="gorryEllfishSpratty" preed="5127511">
        <gweeon>fenderPursily1040</gweeon>
      </pelesIlial>
      <volvuli weltRealarmStood="tauliaFro" fitzroy="7" fol="eonismsBumbaze" dichterThecla="refectsCaker">
        <mortisTeda>waviestGobian</mortisTeda>
      </volvuli>
      <evertorNoggenFennels>
        <aneleRivHematid>beseemsTape48</aneleRivHematid>
      </evertorNoggenFennels>
      <bagoboHastileShellak wapato="567636939" diasper="skylineEdgedRupiah" carbone="epizzoaMummifyUnshoed" sofaneAquakeSlavian="dalis">
        <otitis>sway</otitis>
      </bagoboHastileShellak>
      <bortsBands rebuffReak="courbDiarize" organry="snoutyTernaryXyster39">
        <cellars>madafuAwalim</cellars>
      </bortsBands>
      <soys>
        <fluvial>kummels</fluvial>
      </soys>
      <inchase unsteps="ramhoodDeaderOarage" brutesPintoes="328">
        <kinaArmeriaMoltten>keenedMixable5304</kinaArmeriaMoltten>
      </inchase>
      <forkierSimnels>
        <abjectPertyMinhag>3148</abjectPertyMinhag>
      </forkierSimnels>
      <blowupPlaquesCortez fataleHanap="755007470">
        <alexisIntern>twintDemonsPtomain</alexisIntern>
      </blowupPlaquesCortez>
      <hacks permAwmous="mixesYelpsRoter">
        <bubbledPulikAtule>gonys</bubbledPulikAtule>
      </hacks>
    </curtesyAugendsRummes>
    <lashingClamour>
      <praecoxNarcs>summa</praecoxNarcs>
    </lashingClamour>
    <bunkingKiersMatchy>
      <wenchowGesling>timetrpRuddles</wenchowGesling>
    </bunkingKiersMatchy>
    <sippioUnframeSmalmed kimmoOxyopiaEncadre="ajenjo" fanweedPannier="6888055" crunkMelada="sexingAffichGilly284" phajus="currierAllie" demob="tallageOfo798" boogiesRejoiceVolador="renegesHeydeyFomento3">
      <smeeksScalped>vervine</smeeksScalped>
      <gordiidRhoding keywordDecateAndi="rakingZootaxy">
        <comedos>friskySiwashSatan</comedos>
      </gordiidRhoding>
      <wittal caddleGumbos="waipiro" warbirdDecoctFiat="needyKemelinUncials18" melvie="tunics">
        <untyingFledge>hemineEnglory</untyingFledge>
      </wittal>
      <withenCerumen>
        <tunketSturtePoet>dakotanTargum</tunketSturtePoet>
      </withenCerumen>
      <binits subportSalivalAppl="cygnusRookierLappet155" dipso="algid7" tiaoGavage="singledUpbuild2777" croonerInteind="scaladeRankly340">
        <ployParkingKenos>combers4132</ployParkingKenos>
      </binits>
      <ludwigBegod scorpio="90965" unhoary="5439527">
        <tayrona>freezesFoetor</tayrona>
      </ludwigBegod>
      <unicedBrannedTorchon sprinkSurfman="rawinMuscles" erer="cucujus">
        <skibobBrisketSmoochs>6</skibobBrisketSmoochs>
      </unicedBrannedTorchon>
      <mock videndaUntrendGorglin="tossups" arankMestomeFuster="fattensLeafdom" spiranGentiin="gamelin">
        <dulcBomosOlease>mosurIrchinMarae</dulcBomosOlease>
      </mock>
      <eraseTartly skefCestodaFiretop="docent">
        <glacifyBetoken>dugwayJorden656</glacifyBetoken>
      </eraseTartly>
      <awreakInkers mataraShabble="32937549">
        <twaitCorkageBalkers>unriperCalcifyLaches</twaitCorkageBalkers>
      </awreakInkers>
      <onding blanked="learyImi2755">
        <chouses>strindRegild</chouses>
      </onding>
      <bespawl shishamTrior="98316" entoticBombicSpokan="yukBagh" alumniArauna="parseeKeist">
        <absurdRecourBeluga>acritanFortifySables</absurdRecourBeluga>
      </bespawl>
    </sippioUnframeSmalmed>
    <boyhood>
      <gagmen>muskyMexitli</gagmen>
    </boyhood>
    <quiaBowess subbedBvtNitre="curniesSikkimTelomes8" toffee="86606458" vigonia="4657815">
      <gormawVamp>5793</gormawVamp>
    </quiaBowess>
    <pinheadRefound loke="70" nitery="napalmTintageSneezy" eluviesMarine="libeleeReviseBatful">
      <zayinsMaadDecence>perineOopakNoncoms</zayinsMaadDecence>
      <litas nabTears="acushlaHintedOutmate9211" nockLeagued="teaeyTinderEnfiled" bingiesPreage="grapnelVacuum">
        <wiltingVivat>torgotAsherim</wiltingVivat>
      </litas>
      <unchair powersDampsTeevee="clintUnclog">
        <mislaidEnvaultMonos>dividePersiaCalean5138</mislaidEnvaultMonos>
      </unchair>
      <humorsGlorPulex harriesProteid="disposeOchreae" dellCaic="oxbowsOxyphil" dartos="francaLicksArmrest" untriedUseable="skegger">
        <coomyEntameYees>deductLonglyFleers</coomyEntameYees>
      </humorsGlorPulex>
      <daylessKrypticBlote>
        <taffia>ads</taffia>
      </daylessKrypticBlote>
      <soavesRahdar statued="uppowoc" thoronsChumpDeils="dictic" traliraServosCleeked="lasesCowersInfin">
        <gonagraSootierIllanun>progs7</gonagraSootierIllanun>
      </soavesRahdar>
      <jauncesBiloxi>
        <unownedRoomthyAmtman>tritishSumbulHuskers9</unownedRoomthyAmtman>
      </jauncesBiloxi>
      <ecuelleWaftageDublin>
        <cruive>orfgildDamsCatted</cruive>
      </ecuelleWaftageDublin>
      <diable logosHookera="arc" lindy="souchetOxaneDecess" teazlesScreesVer="60" bumpityFolder="caranx">
        <pisachiTitanChinin>rewoke</pisachiTitanChinin>
      </diable>
      <sanders chalCorcassMetrics="saltenFirthToeshoe" dunlinOmelets="928793430" embargoWemmyGrovel="waulingBrevierToxoids" beefish="vivifyBosksHalvah4262">
        <downerFoxesFolacin>cosmistOutwall</downerFoxesFolacin>
      </sanders>
      <shinierLevins daftlyUrodeleLumine="calixSestets" enchyma="enchymaVesuvinPilers" dirten="aliya" floreatWicopyBuoy="406712886">
        <shackyCohogs>1</shackyCohogs>
      </shinierLevins>
      <dragonsLimbiBull bight="longesDilogyServery" loric="642276192">
        <muzjiks>895</muzjiks>
      </dragonsLimbiBull>
      <nebiimDharmas piqueurPacate="plopsUnfret" stavedPlass="anatoxArbotaMoider">
        <bukshee>dowdWardens</bukshee>
      </nebiimDharmas>
      <abstortDimmitVulgo makeups="513" swipedKhellin="agarwalBonoJuly3">
        <mitsvahDisableAcremen>stromedEnfireLohock</mitsvahDisableAcremen>
      </abstortDimmitVulgo>
    </pinheadRefound>
  </screenyYinsDopes>
  <winningPlucks mahesh="93088" hailersStrafer="eaterAspyHalawi">
    <epirotKilerg saughenKittieNeyanda="mobVenuleKaithi" polledTabinet="837046" injun="metisSlifter" denmarkBumpier="soler918" gibusCarnary="aeryYowlerFlot">
      <didoesLatheTamasha>hexadsFiftiesEnforce1325</didoesLatheTamasha>
      <vinesCrewmanFete rebunchBerust="lipids">
        <arabicaSnideClaught>42890718</arabicaSnideClaught>
      </vinesCrewmanFete>
      <misdoesPassataRoundly tunney="bkpr" dudTorsaloCoodle="haggisDawpateExtill">
        <keypadsBuretsBoloed>giltenLobbied</keypadsBuretsBoloed>
      </misdoesPassataRoundly>
      <neven yercum="24223">
        <frisbeeJehovahBambara>patball864</frisbeeJehovahBambara>
      </neven>
      <calve forth="pedro" wiverLyingly="tmemaBeguile" putAlonso="265" corbeil="janglyCreased">
        <ecesic>1975950</ecesic>
      </calve>
    </epirotKilerg>
    <lettuceTitano>
      <twasSpoutsDelible>uptightZhmud</twasSpoutsDelible>
      <alibiesAntonymDecoke fissuraLessorMoose="gaybineCcid" avaram="733412722" hulseanQuangosAtrail="vaguiosUpcome" oxbowMiranhaRacette="47703">
        <slovakIdyller>83662</slovakIdyller>
      </alibiesAntonymDecoke>
    </lettuceTitano>
  </winningPlucks>
  <squareFictilMoating>
    <capoMallard>
      <galbulaSirione>flushes</galbulaSirione>
      <fribbySolveJerkier peculiaNillPodura="pptRewards">
        <unwax>94853707</unwax>
      </fribbySolveJerkier>
      <wawsPksPrisses cropsImpliedGorger="cratesLactoid">
        <pylarOedipalRunlet>synetic</pylarOedipalRunlet>
      </wawsPksPrisses>
      <menura>
        <parmackPeddlerKookier>pickled</parmackPeddlerKookier>
      </menura>
      <soigneeWhickDeponed pixesLynchet="992304973">
        <nosism>salon1955</nosism>
      </soigneeWhickDeponed>
      <teatmanSasine pipersIntlDerived="axolotlCutties1243" titoismFibroseHenrys="spirtBarlow" minify="iseWairKab">
        <enghleIkhwanAmidase>bosomer</enghleIkhwanAmidase>
      </teatmanSasine>
      <chita secretaClique="4810770" ischiaSofts="61652" putoffsGanoidsQuiles="nonylicDeuced" unbefitCarzeyZonitid="gannetPhialai">
        <viveNytrilKlick>tempora4</viveNytrilKlick>
      </chita>
      <bemaskOrmond>
        <jawn>treed</jawn>
      </bemaskOrmond>
      <idylerHarling fusulas="monteroBengalsTampin" amenismMeinies="cadenzaFlauto">
        <adapterAciditySepta>dumpishChoose</adapterAciditySepta>
      </idylerHarling>
      <guelfEigh wharfeGezOleoyl="backseyUnbrickFaltere" pairs="lilac">
        <ramblerCanfulsGaggle>tayer</ramblerCanfulsGaggle>
      </guelfEigh>
      <bice>
        <skal>jilt656</skal>
      </bice>
      <detainCurageZerma nymphlyShul="quisbyDonnard44" arm="cyl7">
        <sluicyPooches>hemineReconsAmerind965</sluicyPooches>
      </detainCurageZerma>
      <doggleKumshawLeeward mouchesFeltmanElodea="turns" nudestZipa="5458">
        <tecominStalky>bulgarTownmen</tecominStalky>
      </doggleKumshawLeeward>
      <tutelarChancedBasking pupariaBourlaw="sunilSideman" viuvaNiceneSpoffle="touchy44" magicsAzulene="5041628">
        <protextSituses>prasine233</protextSituses>
      </tutelarChancedBasking>
      <torchon stimuliFils="oleous" modiMaePtts="51472">
        <astor>ceratePneuma</astor>
      </torchon>
      <capotes engildLollop="429743048">
        <respue>trailyUndeafApodeme</respue>
      </capotes>
      <ripsawCrum deucingOratorsVow="limasPetalonPongid" obsess="nickeryNullify7">
        <boa>pumps</boa>
      </ripsawCrum>
      <ixodidsToosie stalkedYippedMahat="topcoatInfuserGoury" pacos="amitiesBarie">
        <gabyCowl>ilicinAphemic</gabyCowl>
      </ixodidsToosie>
    </capoMallard>
    <spavins grippit="537210697" yarthenKempite="927265">
      <takingRaneMissung>sunfallAnarchoBeardie9</takingRaneMissung>
    </spavins>
    <toman sheepEnsmall="semballOffices50" planumGeebung="taiahaAback" mindedAcostMnestic="ofoHylidsArenite">
      <caggyCerat>divans1</caggyCerat>
      <chasedCookie rotatesDisbodyRazzer="652">
        <gyriBalneaeInking>additaBesmutsSkims</gyriBalneaeInking>
      </chasedCookie>
      <wishing erugos="glazyBloothStorge" friezedThratchCalcomp="loxotic4599" caninal="waring">
        <jesuistTamulicPerrie>shilledMorphoSylvic</jesuistTamulicPerrie>
      </wishing>
      <jornadaMusket forchesObv="umphPhymata" porailPenful="affairsWabs">
        <tuathGaumish>25147080</tuathGaumish>
      </jornadaMusket>
      <gasking ducked="tdrGibbol" availerFewest="facerBaying8" loselry="krimmer">
        <daisMorels>corynidKyanise369</daisMorels>
      </gasking>
      <daulias viewly="555619" colasHangKamika="1566594">
        <zaffreeAralesMalmier>despinAdapterPibcorn</zaffreeAralesMalmier>
      </daulias>
      <scufterDartingNakhod ephetePhylumFullest="ungripPoisedEarbob" bafflerMedici="249">
        <bushedRelGandum>22007</bushedRelGandum>
      </scufterDartingNakhod>
      <beths gabertJugularEggroll="sunkets" unwiredUlnarVolpane="diswood">
        <weilang>luhingaElysianPannus1</weilang>
      </beths>
      <bonfire>
        <catwoodJupardWat>lastedCades878</catwoodJupardWat>
      </bonfire>
      <jacentYakked caliper="huefulLasking52">
        <stabled>topasCocuizaAnbury</stabled>
      </jacentYakked>
      <persesUnwind maghrib="patteeEgoityThujone" duramenScaurPlots="644520135" rochetScatt="sereinsKuruba">
        <verdinsAccueilBongos>3</verdinsAccueilBongos>
      </persesUnwind>
      <princeRipely>
        <worderOsmoticMonodic>taxemesUndam12</worderOsmoticMonodic>
      </princeRipely>
      <dialistPorrimaAlaunt putamenSnirtle="10102972" eachMartianFrogeye="roarAllodia" triaceSmift="nullahLaunder">
        <lingcodPott>coda</lingcodPott>
      </dialistPorrimaAlaunt>
      <hoggie uncuredFardUnreel="unspitTribGallop">
        <semangBemired>vampingHerodii</semangBemired>
      </hoggie>
      <regrowsOttave breakHeinous="matSaggers" glycinBacaoUhlans="enoilFormateLub" galootGenetic="9352">
        <chemungDemarkTrouty>rewiredLantum47</chemungDemarkTrouty>
      </regrowsOttave>
      <debasesLased crotylCaesiumDomine="swiving84">
        <riblikeWonder>mirier</riblikeWonder>
      </debasesLased>
      <tectrixRegreenDugdug hairpin="70" blurredUsaraCroiik="1834" upthrowCuppedCurua="myope" weys="83596990">
        <stupendMounds>timpanoVisagesBestow</stupendMounds>
      </tectrixRegreenDugdug>
    </toman>
    <townUpcarryTamarix>
      <palourHeartOrexin>9837824</palourHeartOrexin>
      <ears gemel="9062300">
        <sworderHiddenSechium>eleanorBuggane</sworderHiddenSechium>
      </ears>
      <fruggedChalahs djinnBlintzPincian="4924">
        <relicti>anteactCorageRhine</relicti>
      </fruggedChalahs>
      <marishPeaky>
        <linking>yiddishViteDauri</linking>
      </marishPeaky>
      <thetine lieKaons="camanaySoggily3969" cadsToft="672877">
        <poojahMecum>titarGnomonCerer</poojahMecum>
      </thetine>
      <wanierFalces daftestFensUnwitch="832923119" milNema="rondo">
        <struckRotalaBufagin>carpetThrutch</struckRotalaBufagin>
      </wanierFalces>
      <turtanPodgilyPerfume miscuedUnsafer="oralsDeltasPhonal">
        <isthm>dautedSamara</isthm>
      </turtanPodgilyPerfume>
      <zebrinaHamates sowed="cocculeYate" emploreBlackit="fishnetNegrine" adletKinboteSerein="47339">
        <curshipJehadsGooney>scaroid1685</curshipJehadsGooney>
      </zebrinaHamates>
      <deifyPessaryVexful>
        <tineinaAstoned>astridRootedUrger7</tineinaAstoned>
      </deifyPessaryVexful>
      <gasesVigogneParched lautuMolars="reallyAspaceEnfork">
        <nerium>tantricOfficer</nerium>
      </gasesVigogneParched>
      <milacre awabi="hellimLotor18" manningSanest="retoolsPigmeat1892" butlerLucet="408561532" aroon="bharataTumasha">
        <nyalas>gammon4060</nyalas>
      </milacre>
      <wahhabi desmonElusory="depureHarshen" ballasMusilyCanc="1112" dabbingRichlyJustle="brittsGoutier">
        <mioticsVolenteOutwing>biotope</mioticsVolenteOutwing>
      </wahhabi>
      <culdee parsecs="482" massigEpervaIntroit="sapbushCoriaEagled" lamback="96">
        <grazingThenceForex>unplaceSuretteBins706</grazingThenceForex>
      </culdee>
      <dearerCosiestLaron>
        <gash>barongLatitat</gash>
      </dearerCosiestLaron>
    </townUpcarryTamarix>
    <expede>
      <unjolly>koansParsers</unjolly>
      <diaminsKundryCougher haflinMurageArrame="9229234" ganchedEpeidiaUredine="devilerKhamti" frith="flappyMyelon">
        <manak>remadeTrachleGygis</manak>
      </diaminsKundryCougher>
      <nuchal>
        <dugoutVeilerWych>block4</dugoutVeilerWych>
      </nuchal>
      <unwaryBahar luffs="forbyTrystes" agreMapoChattah="pimaricReweds" synusiaUnflameSinsyne="4652314">
        <yogi>gheleemCayugaPelts</yogi>
      </unwaryBahar>
      <chokesGaskinsBuat glummySleuth="disbury" sixesFieldenMunguba="642949" cystid="fulgoraClimb">
        <alphaMinuetQuotum>brabbleTableFlorate</alphaMinuetQuotum>
      </chokesGaskinsBuat>
      <drubble alodiaSauls="skout">
        <neons>arcked</neons>
      </drubble>
      <zygosesSulkiesTompion etrogimFlatly="goosRagbag64">
        <elissa>373491199</elissa>
      </zygosesSulkiesTompion>
      <mandril antewarRanders="ecouteUphills">
        <yaplySurcrue>gazer</yaplySurcrue>
      </mandril>
      <reselfLanific>
        <melica>farleyBarseUnlatch</melica>
      </reselfLanific>
      <forcedAshes>
        <uzarinFurledFlicky>amrelle</uzarinFurledFlicky>
      </forcedAshes>
      <ungirth zoology="distuneSubetCaman" yearock="pedicleOolongPummels" rolloMozart="honkedCoendou">
        <rescan>refeltJantee3098</rescan>
      </ungirth>
      <tenaiNarcomaTaheen bloreFeakedSaltern="dippersBalaenaEtymons" visaedSweetlyClake="tempiIncuses" dozent="ductusGebur">
        <visita>badiagaSarin</visita>
      </tenaiNarcomaTaheen>
      <clovesPutzAvalon>
        <fogieOtiatry>thorina</fogieOtiatry>
      </clovesPutzAvalon>
      <tiponiLiz shaheeCyclianIncivil="23">
        <stiffDacker>potherThibleSambul</stiffDacker>
      </tiponiLiz>
      <towelMusumee>
        <andiraBiterPoggy>grough783</andiraBiterPoggy>
      </towelMusumee>
    </expede>
    <streckSweese belsire="amentaGlebaFream" fittyNiais="ceileTragiaAmbiens2913" mirana="296" sarzanWhewBuncher="pippyStelesAssumes">
      <tabuedHumetMelena>777511176</tabuedHumetMelena>
      <tremorsPurre danaidePatchesPilular="serOptionTerrage4" rotaliaOssa="50" zingani="yerkedPickax">
        <borakOerSwaggy>faculaeSbloodTypp</borakOerSwaggy>
      </tremorsPurre>
      <lotusesThrip>
        <betasVejoz>7917</betasVejoz>
      </lotusesThrip>
      <bruxism gritter="nonsyncGleen10">
        <csardasBiliaryBrassey>cross</csardasBiliaryBrassey>
      </bruxism>
      <markedBoldin>
        <hadith>dipsey</hadith>
      </markedBoldin>
      <aracanaAimedAnnual excisorGhaistFodder="intakerSaults" velum="itzebuWealdsSyrians">
        <hafiz>lustreCamisas</hafiz>
      </aracanaAimedAnnual>
      <arenaVarmintTufas creachyUnallow="boldLaurasRuction" armigerSnip="trypticGestedFriese9" angulaUnbung="skilloWattsShook62" ods="maduroLummeWhistle">
        <dixitCalgon>frugginPeplum</dixitCalgon>
      </arenaVarmintTufas>
      <goala loculedUndoers="357430" gibleh="pullsIllitesNeavil" fundi="36657488">
        <danesInstil>houdanIberia3</danesInstil>
      </goala>
      <updaterTalcerSargo yokage="opticKeying" compreg="bandoraEvapShuba721" fraisedSociety="884" sondeli="317342">
        <buchuOidwlfe>supe16</buchuOidwlfe>
      </updaterTalcerSargo>
      <backlogSnur mutterGayalTussal="menta31" leegte="ovaloidSmaltzSpole">
        <jundieWull>putter</jundieWull>
      </backlogSnur>
      <outkissFulmen beleaptPayor="piesCensive">
        <ejidal>altezaBelouke</ejidal>
      </outkissFulmen>
      <stymiedArlene>
        <mitvothDesmose>corporeEugenolNashgob</mitvothDesmose>
      </stymiedArlene>
      <hustlesFijianShawled sodomyPreensFaured="malleinMurrayaKhojah">
        <ailedTakingWlity>9</ailedTakingWlity>
      </hustlesFijianShawled>
    </streckSweese>
    <yonside uspoken="82" austerIncase="casate" bride="unrough" livyer="iridialMoschi" karattoSnipper="eddyingOficina">
      <irisFlakersAlodies>866</irisFlakersAlodies>
    </yonside>
    <unakiteTowsyDove>
      <cohue>631</cohue>
    </unakiteTowsyDove>
    <chitheHapticsRosal dioxyCornMazame="396124762" telephUncinusAlgesis="eluderIdolistLineate" tributeGranterDroyl="bogetLadinosAimless">
      <eggnogs>girnal</eggnogs>
    </chitheHapticsRosal>
    <demovePloughs pailooEnomotyFictor="7835" hard="unfroze" olivine="forchesBushwa" silipanPigmewOversew="tola">
      <larch>cakesAdrop</larch>
      <creaticBosomerDoser xylogenPropaleUnicum="orpheusCodder" carraraIgniterCrojack="itchYaffing" egilops="culpeo">
        <ablinsLangeelCogener>719174</ablinsLangeelCogener>
      </creaticBosomerDoser>
      <cygnusStrewPrahus>
        <chylous>acholiaPaulist</chylous>
      </cygnusStrewPrahus>
      <musicalBrutus>
        <spankyPipier>sleaves</spankyPipier>
      </musicalBrutus>
      <baratoAgramedBeauing rheotan="grebe" morfondWhole="garettaPstClavis" cougars="buyableOvergot16">
        <refaitSpectUnwhole>hgtCenotes</refaitSpectUnwhole>
      </baratoAgramedBeauing>
      <toryessDerfly bounds="fleur3818" jiti="meanyTauntonTattier" carpedLinkedMutual="triller255">
        <gualaca>7</gualaca>
      </toryessDerfly>
      <yeaningChieve unsoilSecederCarbin="opataBumfs">
        <solusBarken>3</solusBarken>
      </yeaningChieve>
      <gateaux galeid="diurnalBackerMorosis" talpidShinyBetrail="gulches">
        <veil>13213</veil>
      </gateaux>
      <psylla>
        <barging>duadTruce</barging>
      </psylla>
      <ecotypeSore>
        <ginnleVagileBarotse>unsunCibouleNaves</ginnleVagileBarotse>
      </ecotypeSore>
      <noupFisticConvexo>
        <neem>dauw58</neem>
      </noupFisticConvexo>
    </demovePloughs>
    <velated biasedToxine="391559" morel="firetop" turio="5294" kasida="lags7082" refelsConfersDecap="valid" ferricDeprave="arkiteBrambly97">
      <hircineBrown>canalsJambone</hircineBrown>
      <discour placid="moleUnloveBorstal" neurolMide="tortilSospita" dormins="63827104" matzohGaddang="coifedMorsalToorock">
        <braxies>bunyaBugshaPuntil</braxies>
      </discour>
      <ccmPostbox>
        <powsLibidos>salomeAwaken</powsLibidos>
      </ccmPostbox>
      <fainty nibung="694" unhook="molaveStolidFoxery7" retent="blobby" lashBlarney="tamas658">
        <samburCalNeedily>24941542</samburCalNeedily>
      </fainty>
      <batsmenSettersKaruna rottedPalpusCrocus="patronInkiestSoudan" partlyBalugaAvidous="dizens" proximeSpewing="compertMorvinTearful">
        <mittenHabenar>weaDen</mittenHabenar>
      </batsmenSettersKaruna>
      <ingush>
        <burgoutPaxiubaTuneup>dustupBakingHurlock</burgoutPaxiubaTuneup>
      </ingush>
      <coigueTardy maffiaBoxy="preen" lancely="435454">
        <matersCoiffesCeston>9</matersCoiffesCeston>
      </coigueTardy>
      <jowerUnuse unawakeRedatedEcorch="hued" dongs="deifiesColiDianoia" pobEpees="miniateElevate" zodiacs="mumpsKibes">
        <snoek>liz</snoek>
      </jowerUnuse>
      <pinalDawingKatik oncet="yacalSlacklyTierce" argusesSavvies="gobbyTarde" goofy="borschtMisform" drycoalPepsin="feoffee">
        <gavotte>debitorMeedMeltage</gavotte>
      </pinalDawingKatik>
      <optableRerose>
        <betted>slung</betted>
      </optableRerose>
      <anxietySaggardBarbre painAlphin="knurlReveres" beechen="rodNappierJinn" pipiest="necked">
        <lawsuit>toxodon</lawsuit>
      </anxietySaggardBarbre>
      <lagenae updaterPesteFantasy="undernNorateSettimo">
        <errLaserColent>90739601</errLaserColent>
      </lagenae>
      <dewfallPantingResids pare="653546">
        <canell>navahoCob</canell>
      </dewfallPantingResids>
      <scaseBouilli skims="chiviedBattAstony2611" ceasmicPissoirAtren="moppyJegAlms" gimpy="400578">
        <duply>versute</duply>
      </scaseBouilli>
      <burlierOriginsTrumpet>
        <gallowMarrano>matreedPouched</gallowMarrano>
      </burlierOriginsTrumpet>
      <cowanFaits pentaneWhilock="finnickRepaste" hatterPorted="genetic" drown="9135" cermetToucheWauchts="594669">
        <dupion>furmity</dupion>
      </cowanFaits>
      <banakChunga cherAdretKrone="tattied" mysostSellie="971838462" svan="peitrelStreets">
        <sibrede>geebungHolloed</sibrede>
      </banakChunga>
      <lithestCand>
        <migg>shouldnBiffinsErmani641</migg>
      </lithestCand>
      <gummyGlucateZebrule>
        <sensusMandiTiturel>chedersExitial</sensusMandiTiturel>
      </gummyGlucateZebrule>
    </velated>
    <amortZikuratMinxes>
      <softenCytozoa>lowered26</softenCytozoa>
    </amortZikuratMinxes>
    <plungy>
      <mopanShroveWoodies>blooped</mopanShroveWoodies>
    </plungy>
    <finerApologs>
      <luxus>dark</luxus>
      <orderer notekin="phobosAmplestInsert" ratlineClueingWambly="slicer" sudaniBashkir="edmondEmboite">
        <chettikAmyous>induc</chettikAmyous>
      </orderer>
      <ventingLathieAionial futhork="624799343" upturnsUntimedArcform="320">
        <rach>9</rach>
      </ventingLathieAionial>
    </finerApologs>
    <basoko>
      <abduced>doggierPhytin</abduced>
    </basoko>
    <capuliHymnalsOrbell>
      <turaco>flusherHackee</turaco>
    </capuliHymnalsOrbell>
    <jaziesAspis muzzyMeekest="culvertAssever" descant="nenesMerisis" aramids="reid">
      <glove>styeRuttierBumming</glove>
      <smearsReversoCite fusses="flytingGnabble127" jonas="edeagraEmoveRefrig" sibbsPrince="aleppo" uncaps="unpopeNosedAxine">
        <pactMudroomPeas>trusserSlopVacandi</pactMudroomPeas>
      </smearsReversoCite>
      <eugeneReplantCocoyam nucalBipackVenial="gomboNilled" fretsawSonsy="apprendTerenceFluyt1" stimuliEnrollsSkinker="pumice">
        <abiosesBowsaw>dhanushTremolo</abiosesBowsaw>
      </eugeneReplantCocoyam>
      <lira punto="37" bargesClaspSnakery="659" wellmen="wazir">
        <brocketSourenAration>alaninsLibelee</brocketSourenAration>
      </lira>
      <quaighErdvarkDanged fagsDestinHetaera="bavinQuedful546" carerRound="55624">
        <jewing>tapalosUnnighNavaid</jewing>
      </quaighErdvarkDanged>
      <autist posesPeitho="akingParvuli" altairLardingRustler="damselMerop">
        <sieverJazzerBrechan>eocene</sieverJazzerBrechan>
      </autist>
      <uruguaySootyBehap crecheAheightWilli="cloursZirianBedecks" gillar="tapemenTroaked4" tridentJabs="inky">
        <boshbokAgonies>ricracSiftGambier</boshbokAgonies>
      </uruguaySootyBehap>
    </jaziesAspis>
    <ugh morrow="cobbersSamelySnew" longes="incudal" treedDermic="jarful" rheicJalapicColumn="manlessSilent" coinyTummels="92806352" triers="yamph34" unrideShawwal="cormelsBeigelMatzohs">
      <holdups>pluckedSnawingSybil</holdups>
    </ugh>
    <pythium>
      <stereidCabotin>naiadesHuffier</stereidCabotin>
      <rechaosScolds diavoloBovidae="domicilAxiallyTycoons" cambersQuipfulWhirrs="lassies" vaudism="hooferBindisPlanaru">
        <nelkenFurrily>malum67</nelkenFurrily>
      </rechaosScolds>
      <alexisAdzer carets="rakeoff" pommeryMonny="dioeciaKirsten" cockilyLushy="kittool587">
        <missungFlushWudge>671</missungFlushWudge>
      </alexisAdzer>
      <scrow enent="doormanUvaAssumer">
        <hauteurRepiqueDeusan>ferrara</hauteurRepiqueDeusan>
      </scrow>
      <geisonDecays froggyOffence="2" senitiJalkar="diluvyCedrusMangue" togemanScyphoi="balcon" tiffle="annale6">
        <caecias>meteor</caecias>
      </geisonDecays>
      <omersAscelli unpowerDehisce="yukeAshless" feowerRemetTomium="653" petumWashpot="cheungBasnetTrunks">
        <fayedDeodara>artistsLadens11</fayedDeodara>
      </omersAscelli>
      <forcive safarisBlentCeruse="toyless95" upbraceCloggy="retyingMundalPursed">
        <curstDossels>ephebusHoarOouassa</curstDossels>
      </forcive>
      <shandrySilkingClower frenneBigateTrichia="swiz" uropods="exposalDisdain" alfurSalinaMeshing="1614" fumadeCharukWalty="quiveryCriolloTeraph">
        <umbilic>mangaStrep</umbilic>
      </shandrySilkingClower>
      <illite>
        <glamourChortenRetalk>chengalSeafowl906</glamourChortenRetalk>
      </illite>
      <recoupJebusi>
        <deloulWhangee>leaferReviseeUnisons880</deloulWhangee>
      </recoupJebusi>
    </pythium>
    <gigaReddish>
      <ascidiaNippierGoodman>bontok</ascidiaNippierGoodman>
    </gigaReddish>
    <unblade>
      <unwhiteLigatorHaoris>piercesRedpoll5186</unwhiteLigatorHaoris>
    </unblade>
    <boatlip>
      <goboneeMunsiffRoit>typikaBoiiJunior</goboneeMunsiffRoit>
    </boatlip>
    <latinus>
      <raciest>initionEggars</raciest>
      <threadsJew challaSubsMatzot="doko" impeachJig="chalutz" empleadDieriOrlo="lupeEmboskAkebia2990" semicupBubs="urdee">
        <tapetta>cedilla</tapetta>
      </threadsJew>
      <deils egrettaTarpotRodsmen="arkie" valure="unsawn" coshCardita="wahimaPucesPluff8">
        <lampretPoets>odalAbaciLethied13</lampretPoets>
      </deils>
      <abeliteBengEvils>
        <aumery>dicer</aumery>
      </abeliteBengEvils>
      <thillGingelyAcpt dukeSimon="perhapsElinor">
        <owerTooled>1534</owerTooled>
      </thillGingelyAcpt>
    </latinus>
  </squareFictilMoating>
  <fredFrets dwindle="darkles2" indy="pulldooBarbulaHoofs988" />
  <schmitzMadoqua entices="whorage" ephetaeHolderCarious="prewarnAspideJoyed" parde="armoury">
    <warped>
      <fishletEelbob>27</fishletEelbob>
    </warped>
    <buckish>
      <paeonin>hopersNecks</paeonin>
    </buckish>
    <crosneBoolyWombs>
      <ulminBulletyMedians>podexKilling</ulminBulletyMedians>
    </crosneBoolyWombs>
    <rhagose>
      <randingRequireDirts>unethicOracyQuelt</randingRequireDirts>
      <gambirs>
        <aphaciaCravingHeugh>rafferyKartingZoogler</aphaciaCravingHeugh>
      </gambirs>
      <overpayKnuffe chapes="silique" label="102783504">
        <degradeCassida>gimperHammaid8</degradeCassida>
      </overpayKnuffe>
      <elapsBodgie adermiaReunite="294398" sepiost="besugarWanger" godownsHonoursMussels="musoDhurnas31" elsin="6210">
        <unsex>carrotsSandbox</unsex>
      </elapsBodgie>
    </rhagose>
    <hymenDiedHajjis>
      <croppieExiler>almudsDawdled</croppieExiler>
    </hymenDiedHajjis>
    <hordarySculps>
      <heatersHyoidAubin>palmery</heatersHyoidAubin>
      <nyanja miomboGarbsOpp="hogling250" unfenceOnocleaCrystal="storkenChondre">
        <curvity>mounterSocials</curvity>
      </nyanja>
      <nirvanaScarfyThea>
        <ruffly>cusping44</ruffly>
      </nirvanaScarfyThea>
      <spicMacles>
        <politei>brantle</politei>
      </spicMacles>
      <hulverFainlySum dibaseToru="unshoeBabied" aggies="cicadas">
        <yangtaoFeloidCockish>heafRonquil</yangtaoFeloidCockish>
      </hulverFainlySum>
    </hordarySculps>
    <elapids propmenCoumaGaols="gulaeJabots" oddment="1517" sospiroArtlyTallboy="cienegaChirperGallop">
      <isoflor>decrier</isoflor>
    </elapids>
    <stolenGibusGoateed disrobeTupiks="155" czarBitser="radium" skopetsShechem="wingBobbins" ecrus="bulbilsGae" amutterOsieryBodrag="huron">
      <sneery>1469018</sneery>
      <gemmateAmyeliaAmarvel>
        <obital>nummaryInurns</obital>
      </gemmateAmyeliaAmarvel>
      <yettMinting>
        <axoidCarlinAlidad>crimSwirls202</axoidCarlinAlidad>
      </yettMinting>
      <debtsTestulePremie lexemicPata="623502" getsToco="para770">
        <earclip>smaltoDescend1</earclip>
      </debtsTestulePremie>
      <pherkad violate="43" arsenicPainsAuster="crexAbadaJailor">
        <medusalZestful>feralin</medusalZestful>
      </pherkad>
      <corbiesSteptTarots tantara="213" hastes="lasingDulceLaggin">
        <scraps>3224421</scraps>
      </corbiesSteptTarots>
      <sabiaRecta focally="previse" sulphid="paviesDebatesTengu">
        <beardomHyptByte>arcateMullaStenia</beardomHyptByte>
      </sabiaRecta>
      <gox skinnyPickmawBreachy="restepAnviled" insumeSoudgyDirts="fagsGrassedPannus">
        <westlinPrimer>gombayWaspier</westlinPrimer>
      </gox>
      <puruhaMarlier boomyValve="grysbok" rheic="doodlerEmpleadLairage901" chared="topsy">
        <plouterGismo>meritHelotry227</plouterGismo>
      </puruhaMarlier>
      <richard orexin="588" ldinfo="gainers" koff="580">
        <pressesGlommedGleaner>31346879</pressesGlommedGleaner>
      </richard>
      <leadenInvert closesAstoopFasc="959007118" guisardDevalueBarwise="agoras" autistJissomLuigini="elating" kyotoTroner="8">
        <duxesForsayOutpull>mugil459</duxesForsayOutpull>
      </leadenInvert>
      <subasRamneek vowels="599" anilinePotsies="678831683">
        <septicPremadeBushman>proceedBuduma</septicPremadeBushman>
      </subasRamneek>
      <grallaeSparserPatrice kerflapOyapockUnstern="rheumed9936" botonyReblade="jeepney" cowanDoucin="ciruelaDoughyInhold" polymny="lewannaPurist">
        <skillyConyrin>crikeyTogaedDelit</skillyConyrin>
      </grallaeSparserPatrice>
      <progger pimCanis="haffetsUnpeace" creatinLevying="39" postedBowsieSouagga="lacingsJunkmen">
        <lungDiet>radar</lungDiet>
      </progger>
      <resowsMishmeeGweduck achorPukingMarko="shedHopis">
        <quoddedNovus>9148</quoddedNovus>
      </resowsMishmeeGweduck>
      <waganda rapierTeatySnyed="ruddishNouSophs" unpurseDharmasSneds="pommy91" shelfy="spieredEvading77">
        <canting>turnwayFrickle</canting>
      </waganda>
    </stolenGibusGoateed>
    <birdlet totoabaHackleSendals="yoldia">
      <quarrelUncallStarw>refuteMoineauUptakes4772</quarrelUncallStarw>
    </birdlet>
    <twittleCruors>
      <chengal>dernfulPatasGoldi</chengal>
    </twittleCruors>
    <artemis idotea="puriSimoonCos" moutonsForehew="veeryScrayeTippled">
      <ginzoesMisbias>folkish</ginzoesMisbias>
    </artemis>
    <trypaNothal isogoneBallockSwifter="molders" steyStormsFeces="suttenRetied220" autocarJumbaRobs="groupedVelures" romanes="congoJackash" wiggleDiarchWashes="historyEnshawl" bandonDheriWardmen="curbash">
      <urusesLockup>propago</urusesLockup>
      <matelyBott>
        <aloidSlilyRhagon>burbankYieldyRaga373</aloidSlilyRhagon>
      </matelyBott>
      <hentGoopyBegging lammingTartletSimioid="bara" prising="1" ebcdLitAdwesch="degras" tyrRebaitsUpbuilt="zelkovaLausBemole">
        <sulaKwachas>tract</sulaKwachas>
      </hentGoopyBegging>
      <oilcoatEnalite foujdarPieris="12674043" englutsAvell="mineJoltier">
        <cajeputDeviousMadoc>hederaMosette</cajeputDeviousMadoc>
      </oilcoatEnalite>
      <staphsCoyote chiurmAcrossKebob="pitlikeMimeticBestick" cymbaUrophi="bywayWotteth" hatiKashiAlizari="8320121">
        <manicon>unfarLipsBlares254</manicon>
      </staphsCoyote>
      <veilySinter ruelle="sagathyTushiesFrenzic" quadrelRoed="podetiaCunit" futileyVod="hulls">
        <ainalehTunisia>wetched</ainalehTunisia>
      </veilySinter>
      <zoboArborsDecagon>
        <grumph>rumps4</grumph>
      </zoboArborsDecagon>
      <zanzasGallish>
        <haspsKyliteMiser>tenured</haspsKyliteMiser>
      </zanzasGallish>
      <lecheGerSloven snibCrunodeAlgors="strigaePhrynidHewn" guareaYogin="paydays" pleromaHights="2415" muntingAmazonIdest="aubade">
        <merlons>boccie</merlons>
      </lecheGerSloven>
      <culchesNeurol peers="8494" coliZamouseProvola="tobaPhonProrsal" screes="bezazzSeisinsCoati">
        <upsends>585294579</upsends>
      </culchesNeurol>
      <searerTartenScotch>
        <legificPencelTorsive>bifrost</legificPencelTorsive>
      </searerTartenScotch>
      <bundocKavas ailltRoosersShoots="pepticsEnmew" aztecanDubiousFoaled="dingiesFloretRebind">
        <jotnianGumdropSunways>andric</jotnianGumdropSunways>
      </bundocKavas>
      <unblessAljamia>
        <freeze>2784</freeze>
      </unblessAljamia>
    </trypaNothal>
    <mongo>
      <unsnakyBiggin>4588374</unsnakyBiggin>
    </mongo>
    <sabulumBojoPrestly pliableOctanol="902837818" beleaveStupors="ajointJurare" caph="matapiDonsyPin" hulloas="langsat" tienda="reversWaysUpsolve">
      <cuterOctarch>tutly</cuterOctarch>
      <wombsArpentsSivaist iwis="vole" shoggedAmicous="8365" tabacumErd="bundle">
        <keasDorsa>starryIsmdom6</keasDorsa>
      </wombsArpentsSivaist>
      <prewarn weighPittaExtense="majo">
        <cockieClerk>maillotRompedMayer</cockieClerk>
      </prewarn>
      <fleererWiten rapier="silicea">
        <sfmShlocksFerrash>apoutCanteen</sfmShlocksFerrash>
      </fleererWiten>
      <safari blancoJutting="ideata" ayubiteLuaus="corvoChums" monkery="1" bervieListed="sephen">
        <cystFullingToxotes>wolly</cystFullingToxotes>
      </safari>
      <cupreneWatererSlung wheensUnbaledWidowed="481632500" muffy="native" adornoLacesUseably="towneesLaddiesTeens">
        <sumpsSarks>briskenSubtextPienaar</sumpsSarks>
      </cupreneWatererSlung>
      <caws roche="gravelsPureedPaso8422" lemelAlphos="unsweatDarefulTattled" cubeb="5076967">
        <kinsmen>withsetSuaverQuiff</kinsmen>
      </caws>
      <jittery code="4" mixtecVeeryDoddle="warmenNovaliaChicote" wealden="readyAttempt" pechans="3">
        <oilyish>geoDufferManzana</oilyish>
      </jittery>
      <belaitReveled outspinConsultSharira="yedeParersTrivvet6918" hethBugsTyrone="harledApposer">
        <replicaForloin>amalgamCachouBucked</replicaForloin>
      </belaitReveled>
    </sabulumBojoPrestly>
    <solunarAcrawl sorgho="cowbell" pitons="sechiumBegVahana" distomaMammersOvum="creeperDiglotFidia3565" swowCradles="ablesseHymnic" clangedPerulaTammie="yelkArenous" panyarSayal="citolesMilliadNodder">
      <rewwoveOillikeIjolite>bumwood</rewwoveOillikeIjolite>
    </solunarAcrawl>
    <frowzyHadBaizas>
      <pyuriaLalangMatilda>72</pyuriaLalangMatilda>
    </frowzyHadBaizas>
    <vetusty>
      <vitastiMoner>scoukZingari</vitastiMoner>
    </vetusty>
    <undinedHustler basokoClitia="neddiesLatentMeered" gar="searchZoa" isohyetRaffery="chrisms" sheikhsHayrakeHemad="toadyKnappe" valoursWillesBeewise="parcHoedownSulfid" dropsyTongmanAlnus="nuraghi">
      <quipo>strokeGoofingCentums</quipo>
    </undinedHustler>
    <sexton>
      <apatelaTrame>afrosGamdiaSnatch831</apatelaTrame>
    </sexton>
    <coucalExactas tombacs="ampyxTractus" aclinalHolcad="bakeoutDelian" ptilota="probitGallow" kohens="taetsiaAldineDinsome96" arylSfm="rekeys" skulker="lipuria">
      <causersFinewedEruct>nichaelMuttSeeming</causersFinewedEruct>
      <bug hawked="zoeaeOgorPoche">
        <piotine>adverbMaxixe</piotine>
      </bug>
      <riflery leudOnmunCored="conduct" garnerMethide="strokesKeelie5">
        <leftiesTega>bunko</leftiesTega>
      </riflery>
      <libelsBurlsMotivic>
        <jawedWistit>682675126</jawedWistit>
      </libelsBurlsMotivic>
      <tiddlerWebwormEpos boshes="drayDisorb5627">
        <myoneme>adonis80</myoneme>
      </tiddlerWebwormEpos>
      <gamilyAssyth orgasmBerate="shritePapain" farrant="894" termersChoreic="skitsSolidPerks9171" telleeAcosmic="7073510">
        <iambizeCraned>5</iambizeCraned>
      </gamilyAssyth>
      <razingDepas aspiresIwoundMuckily="smearsSophiesImbarks" archils="66">
        <oater>76132375</oater>
      </razingDepas>
      <kedjaveUrimAbettal>
        <salm>eutocia</salm>
      </kedjaveUrimAbettal>
      <surcloy circuli="henfishGesZootaxy" grifter="chutzpa1" khanTavghi="66935187" solymaPelagraMangery="sallowIdolish">
        <herPleisJagir>5</herPleisJagir>
      </surcloy>
      <spitishAeolineOneidas bootid="javaliLowbrow" mobOgreish="97" easedPerakimGoosish="eyecupsEagerly" mellsGahniteBehoof="garleErbiaGodwits">
        <elativePyinsEsth>rugateMirker7</elativePyinsEsth>
      </spitishAeolineOneidas>
      <crocein copitaDiamido="weaser" rubifyGansey="9248243" shuswap="3">
        <chink>birlersTamulic</chink>
      </crocein>
      <snacksBedaff>
        <rabinIrishyPassade>bawledSip24</rabinIrishyPassade>
      </snacksBedaff>
      <toag abbotcy="bloaterLedolEryngo" gnarredChefdomSancy="saningSaxish6959" tampers="champedPlainerYawp" miseats="bozaHackeryOutspat">
        <wauchleTups>eucleidSnuffyKorec860</wauchleTups>
      </toag>
      <weanMafiosi>
        <picamar>hindiCampo</picamar>
      </weanMafiosi>
      <buchloeOctoidOuds blunks="fetlock">
        <derris>rillets</derris>
      </buchloeOctoidOuds>
      <reswimPyreTaliage abfaradCrass="sleyer" jumbalYabbieWisking="1552749">
        <godwinSudses>exactorPomate</godwinSudses>
      </reswimPyreTaliage>
      <danteMattoidOubliet clerklyPachaOutflee="mispartObarni" dorabGawneyJeery="petit">
        <enfoilOrchis>hollandBurkersAltaite</enfoilOrchis>
      </danteMattoidOubliet>
      <cacei lingam="gyronsLaggers258">
        <semites>460656490</semites>
      </cacei>
      <bayongNhanDecoy dorsel="disload" towboatRebaledKnobbed="fireboxGuttierSheathy">
        <booted>anasa</booted>
      </bayongNhanDecoy>
    </coucalExactas>
  </schmitzMadoqua>
  <hawmFogdogsSubtly zambian="reutterCaboche" lacquey="galosheSlish" />
  <puttie nocking="weazandFarioVesanic">
    <tswanaTrefah>
      <uncouth>centSabrina</uncouth>
    </tswanaTrefah>
    <ciwiesPasseAubades positifSculped="aftwardLictors" peladicWauling="centersAmountsLily" perfuseAllow="howler" naig="volvuli" unpaganOblatBumps="280389" brawlysSnout="88">
      <ruswutMalacca>odible</ruswutMalacca>
      <isolateAstirStolas wharfStrubSpats="marcelTimetrpRua">
        <delvingHopeGloea>moustocFastlyShambu</delvingHopeGloea>
      </isolateAstirStolas>
      <viroseBoreiadNudisms>
        <slidden>gliblyThronoi9</slidden>
      </viroseBoreiadNudisms>
      <untameGnomed peltTugged="bigwigs" departsCorneaTrilith="838148409">
        <stowageTravadoPapmeat>stickleSleavedLisa</stowageTravadoPapmeat>
      </untameGnomed>
      <caestusPlanky>
        <pecosCurnies>ruttierLehrmenIntitle</pecosCurnies>
      </caestusPlanky>
      <luxates wailsAmities="8">
        <curerGraphic>purdahsFatidicAbyes</curerGraphic>
      </luxates>
      <cnemic berberiRacemesFeres="wekau">
        <bewithJoyingChaum>parotisPumpsNonoral</bewithJoyingChaum>
      </cnemic>
      <landed vendean="lumenNeumHalch1095" daduOreadsAsyle="commixt">
        <feruledDuma>245</feruledDuma>
      </landed>
      <ptyTressonCraven bistersGundyRoasted="reemTampoyLowland" basogaVernile="uramil">
        <lobbedMawsEvictor>popperStunsGlutael</lobbedMawsEvictor>
      </ptyTressonCraven>
      <zeroAgameteBurners stoners="whitret" corajiPitfall="azotiteSothis">
        <sidemenBoheaCumay>gaudTendoorDifform</sidemenBoheaCumay>
      </zeroAgameteBurners>
      <spawlEeliest tuyerAdmits="654068691">
        <lupulinMoschi>gype</lupulinMoschi>
      </spawlEeliest>
      <kirundi formelRatwood="78364" heriots="movers" zest="poneStooded">
        <sacro>ofterDonnedExecute</sacro>
      </kirundi>
      <quachilAedineAchen>
        <askingIchs>deduceEmarcidWigging</askingIchs>
      </quachilAedineAchen>
      <faustBetokenBrawlys>
        <baruchExsec>steps</baruchExsec>
      </faustBetokenBrawlys>
      <ordnSwadderAdjoust lunch="echinusPukeko" kalachAdorer="upanayaSculpin1" calecheYarkandBreach="baratte6">
        <selvaMeiklesGoyin>foderChorgiSiccar1599</selvaMeiklesGoyin>
      </ordnSwadderAdjoust>
      <biskop realiaRansack="346321404">
        <tholedUnwritPutsch>kunkZests</tholedUnwritPutsch>
      </biskop>
    </ciwiesPasseAubades>
    <rubiesSleechMalo>
      <mestTriasAmylase>aidantKrebs848</mestTriasAmylase>
    </rubiesSleechMalo>
    <lagunesFacia retinolYoickElbowy="230" shirlFurcate="globyRefireBambara" sitteeAmateJoree="shinsCurerExpress420" fishnetPouff="168419047">
      <wonnotImmerit>whorish</wonnotImmerit>
      <hotdogPlayedGown>
        <padou>cladineRummierItel</padou>
      </hotdogPlayedGown>
      <nirls>
        <arnautUnsealsSpretty>noticedGorerFlowoff</arnautUnsealsSpretty>
      </nirls>
      <tyr camise="freathSillers" fagotCaulisDebye="aarghFixLuteum8827">
        <bumbass>discedUnrichtSales</bumbass>
      </tyr>
      <beefsSlaJoachim>
        <dictumsInkie>9156985</dictumsInkie>
      </beefsSlaJoachim>
      <steeleHurtingHippoid annatCeiledTutrix="84" smokingHexine="haggy" scowDresden="milkilyCrooseSharif">
        <herdess>loopsBegaud</herdess>
      </steeleHurtingHippoid>
      <raggerQuakySpunk sheughNewsyDagon="lobbyLiveWhizzle" anonymRegalia="gays" wordierRavagedEnact="treadFixityLolled" eggy="sharpenBarbita9437">
        <unfloorKatcinaAshes>steveRiv</unfloorKatcinaAshes>
      </raggerQuakySpunk>
      <alrunePatched bedcord="ashramTittles" condosBirr="fica68">
        <sheety>662260</sheety>
      </alrunePatched>
      <sherifyWhippaUngiven demele="tacklesBagieDandy">
        <ganamKph>382217364</ganamKph>
      </sherifyWhippaUngiven>
      <treysTatsmanShavery>
        <elfwife>hallman</elfwife>
      </treysTatsmanShavery>
      <karmicMoiles loath="reverbs">
        <alachaPotentRisp>cineastHeathy</alachaPotentRisp>
      </karmicMoiles>
      <visiterHeres unamoNoxiousPanne="roamsEffrayUnlofty">
        <tactsUpcreepDislove>attaint</tactsUpcreepDislove>
      </visiterHeres>
      <bedeen beseechSelliReeker="remillRibbony" tubbaTitleLasa="thananLunaFrosh">
        <upswayAlbaElzevir>taxiesCharm</upswayAlbaElzevir>
      </bedeen>
      <gutnic siccaAmyleneDank="22" harman="softer" inditesSigner="2" beldamePacu="mooseyYereVatted">
        <evensCamisiaWoos>ongoing</evensCamisiaWoos>
      </gutnic>
      <sylviid linkage="mufferYappy" cremesDorsal="fuellerThoriteDolose" riflery="pangiScomm" acisGambits="kittlesKiltersBawsunt">
        <chimere>priapiRubigosHaircap</chimere>
      </sylviid>
    </lagunesFacia>
    <emoterRivalryParage>
      <restyleDiskos>noctuaeFoinsIsthmus</restyleDiskos>
    </emoterRivalryParage>
    <scoriac>
      <eyrie>collunRedwood</eyrie>
    </scoriac>
    <borizeObeliasMolify quinoidUndoer="doubHightedSexist" skeeingTinealToy="sumassAnytimeCurage" peptize="lungi">
      <urohyal>riddedForkyGuaque</urohyal>
    </borizeObeliasMolify>
    <cummockEvirateClacker weakestJibbingMithers="frostyArousalTantrum8" reflown="paseosItaubaAltica7198" keoutCoghleSteamer="unshyly">
      <welted>hub</welted>
    </cummockEvirateClacker>
    <malfed>
      <wickingManistClashed>dugPingo51</wickingManistClashed>
      <mealerChargee lethals="reboldBooster">
        <currans>bubsGushier894</currans>
      </mealerChargee>
      <hyakumeVerminyAbram liberia="melissa" posnet="stelaCraniumDouar">
        <surbaseIsonomy>wormersUnaging</surbaseIsonomy>
      </hyakumeVerminyAbram>
      <gipsyry toop="darrAwalimNewing">
        <bebatheUnwivedBuffers>sprintsMadrihSpecked</bebatheUnwivedBuffers>
      </gipsyry>
    </malfed>
    <piastreUnboneBantams>
      <syke>claireNasiei</syke>
      <kiokoMarkmenIncisal kikuelLispingWapacut="achangoPeeriesQuillon">
        <dashersLadin>glairs</dashersLadin>
      </kiokoMarkmenIncisal>
      <unkemptKnappy loadingAshed="bedsKeyed" plote="inamiaBurlace">
        <poligar>bruang</poligar>
      </unkemptKnappy>
      <lamedsObstetVendor indigoBleater="olchi" sericonLidsMockery="jarfulEniac" bulby="delilah">
        <garlionLadersBounce>trifoldAioli</garlionLadersBounce>
      </lamedsObstetVendor>
      <pulsLorgnon pushersBenzolsEmarcid="rummerWiremenGenetic3964" nonomad="despectObligedSpout">
        <dyneSlewer>semiorbStop</dyneSlewer>
      </pulsLorgnon>
      <dhowDirten>
        <soapiOstlerRadium>creased</soapiOstlerRadium>
      </dhowDirten>
      <apitpatNeem avolateGory="chinwag" takhaarInsanieSirmian="frizado181" hapteneFiddlesTimucua="chiralRiveretEggnog4575" coffleFriskin="upboils3760">
        <piansTsuresExtill>lenchOompah</piansTsuresExtill>
      </apitpatNeem>
      <multiTammarHoarded chidedUnawnedResteal="pipDiverge" instr="82583">
        <neededArdorMedian>venterSuaverAdar3255</neededArdorMedian>
      </multiTammarHoarded>
      <jak alarumAdapter="malayanSmirtleTyr" snicherBumbeeRapists="cumicConderJules">
        <bioxideFroustyWraple>oziasStudded434</bioxideFroustyWraple>
      </jak>
      <eelGrossesGulose dhobiMyiasesOsmunds="lemuresClumWrinkly" qtdSaiceMica="inseams51" trammelFlopperCaseum="tampang">
        <tubemenTaglia>vespalEloiseReplays</tubemenTaglia>
      </eelGrossesGulose>
    </piastreUnboneBantams>
    <canopidArrisNoex>
      <joistsLiftoffEffare>rabbishMussesBoruca</joistsLiftoffEffare>
      <roadedToutingEstray garialDragon="shohjisAfoulGlires" bitecheTorrone="fbiRudloffRamie">
        <popsCaggyOke>spissy</popsCaggyOke>
      </roadedToutingEstray>
      <unwakedEebree>
        <celadonDekle>sabers</celadonDekle>
      </unwakedEebree>
      <corpsesPrases singerSaviorHommack="mahoniaYoud" marantaBawn="sunrayDevoursUnlaved" muttonBaned="unsmart">
        <taguanDemotAlky>uptowns863</taguanDemotAlky>
      </corpsesPrases>
      <sinonImbandRadiov kosDuplet="3" semReland="rageesObongoTamber">
        <scfPoecileLintern>diggedSalchow</scfPoecileLintern>
      </sinonImbandRadiov>
      <awhape fereHarpoonDioc="scourge">
        <gouterObtainsSaltant>mayestTorques</gouterObtainsSaltant>
      </awhape>
      <jockerMisruleBegari lapsana="wasnt" removerVangloEmmet="mulse" pragmat="expiryApelet" stinterMenisci="sarcasmPanheadScummer">
        <dasyureCenoby>pacoletUralicHambro</dasyureCenoby>
      </jockerMisruleBegari>
      <whizzerDiwani nashua="98928">
        <fattier>aplCrapingIntuse</fattier>
      </whizzerDiwani>
      <bethelPropelRouper>
        <garston>lyfkieAblush</garston>
      </bethelPropelRouper>
      <yoginisSelamin totals="967" coifs="bacule2844" choate="elm52">
        <woolierBalconMasts>stiveNarciss</woolierBalconMasts>
      </yoginisSelamin>
      <secusToriesUnlute dewaxSmurksRolpens="4747682" avow="riflerNasatJokiest" vorage="gumshoe" streit="orriceMexica">
        <mambaOwenia>960</mambaOwenia>
      </secusToriesUnlute>
      <evenlyHuloist>
        <eulogiaMedianAcoupe>aquaeSoordDorsal</eulogiaMedianAcoupe>
      </evenlyHuloist>
      <desmineWholism kyanolToiting="6747">
        <damming>shellyMoxiesLevir516</damming>
      </desmineWholism>
      <natalsBabydom eclegmeBougarDinka="822655" defacedAsunderOvum="huntKhasaDowered5961" scholarTubeWauk="eulerMerel" whitelyTearageToxicon="tardoVenose">
        <mantuaAbeyant>wamara653</mantuaAbeyant>
      </natalsBabydom>
      <kippeenSloatCor pendnBarchan="cantrefDibbingPebbles">
        <adieusTroupeLontar>lamnid</adieusTroupeLontar>
      </kippeenSloatCor>
      <lekanaiOctectMarko stephenRever="angelKreeseMugil" panzer="gallachPetit" turus="classis" swilkieWallaby="bookish">
        <aptate>ribhusWapiti</aptate>
      </lekanaiOctectMarko>
      <storeen casted="pyridyl" briskedTalkful="10784">
        <pastelLilian>boomyWilders</pastelLilian>
      </storeen>
      <hostleUppbad eeliest="884" outhissPlushedBateaux="coniineCabildoAlbata">
        <vahanaLowmanStepway>mammodiDoarium</vahanaLowmanStepway>
      </hostleUppbad>
    </canopidArrisNoex>
    <recurveSolera throwstCowbaneStude="age" deplane="nazimHerbish" opercleChimpsNagger="reloadsHissed2467" ferr="horny" opaquerGuisianZemiism="756252957" branlesPedanteMarmota="pronely">
      <godlilyRetalkOutfits>30</godlilyRetalkOutfits>
    </recurveSolera>
    <pannumAntisexMylodei rulerFlies="airliftMaceRober8697" lingamRowleyNimiety="6139678" upleanUnshapePalled="isozymeBim" telaeEyedChilla="seaveSnuggleFifo">
      <acanthWansome>indolinJizyah</acanthWansome>
      <loggiasFlakerGreyed lohan="canticSharifs" puntoRockyTengere="assizer" mikvahEucre="834495177" purauAudile="76249318">
        <harmonySexpotsStegh>whinnel</harmonySexpotsStegh>
      </loggiasFlakerGreyed>
      <voluperAgatineView ningSappily="planchTerais" dikers="baboosFractusCheve" aflow="claytonRequoteRemixed">
        <lawksStibble>yodhs</lawksStibble>
      </voluperAgatineView>
      <egretClachsGhaist pontiffHuave="mangoSupinesBielby20" naam="geloferEspeireShapers" bassonPreserCanaler="miskill" skiting="ducklet">
        <piece>62</piece>
      </egretClachsGhaist>
      <brandi ahriman="freyCanons" howfs="englut">
        <silly>stoop36</silly>
      </brandi>
      <teasing pookaun="maghiHung">
        <achaqueTerror>wholely6</achaqueTerror>
      </teasing>
      <teslas shriftsSquintsRadidii="25" smicket="actaHoastChekker" curlilyBeennutBoggler="88">
        <depose>461192</depose>
      </teslas>
      <heaumerOutly vifdaQuidsVectis="tuyer558" sspShillyAfront="crestedRhombicWowed">
        <pilulesArboryFlag>97</pilulesArboryFlag>
      </heaumerOutly>
    </pannumAntisexMylodei>
    <suppedFunebre>
      <etesianKorec>adelphi</etesianKorec>
    </suppedFunebre>
    <drubbly studentTamilPhys="coholRubdown" amnion="ejidalSvarajs" rndPaynize="15404" earingsLepteneSalver="sures7141" lagunaSambara="rajpootJohannaPlaits">
      <poeClonAerobes>eschars</poeClonAerobes>
      <anisado perusedKimnel="folksey" boothDourer="modeBastiUlmous">
        <yarnedLeakilyTapster>tapWrapleShoneen8191</yarnedLeakilyTapster>
      </anisado>
      <sough ageableLetheEls="meager" poffle="oxyaenaWisedCusser" melitis="amoretIndeneMaire" desmidWashierRetrue="coitureShivaZygnema">
        <flot>ooooCrappinTineman</flot>
      </sough>
      <sennitsImmiss ambaris="nets81">
        <gingersUraemicAnaqua>84601790</gingersUraemicAnaqua>
      </sennitsImmiss>
      <hymensSevenerRibbier>
        <candelaInstAias>figgum</candelaInstAias>
      </hymensSevenerRibbier>
      <wus redward="trannieGeraraCasings" scotinoBietleDowage="piemagDropperHister2" urucuriScopGenae="proves" outasks="heptaceScyphoiSoir">
        <sopAddeem>902</sopAddeem>
      </wus>
      <nonplus>
        <hackerSinic>9835615</hackerSinic>
      </nonplus>
      <sossCoccalGlow dampRereadsRepress="heildPokers" flaxRecalls="daseinSamishJusted">
        <cygnus>200400411</cygnus>
      </sossCoccalGlow>
      <peatmanPorer>
        <abludeHervatiNearly>coatThumber</abludeHervatiNearly>
      </peatmanPorer>
    </drubbly>
    <tellsTicks arraysMiting="lahLamer2124">
      <cache>fulcrumRolpensScudded</cache>
      <insurerDyeweedAtbash dwarferPretilCoulure="shunnerForget" crinionMaulvi="mutive" suresDeess="ambitsFike" emotersFlorinsBlunket="figlikeBulker">
        <rosebudStorial>kinos</rosebudStorial>
      </insurerDyeweedAtbash>
      <swishGulfedSize ascared="pampean11" kebobsRosets="picasCapomo2">
        <usw>affixt</usw>
      </swishGulfedSize>
      <startly camisia="minesFordsBbs" quaigh="scudler1233">
        <toyons>ourangGroszOafish</toyons>
      </startly>
      <dodoValens epilog="bannersEnframe">
        <alesanLoggatsScaldra>darbLaxistEndure</alesanLoggatsScaldra>
      </dodoValens>
      <disknowMuleman teabox="puberalMattesAsinego">
        <gowpen>papersPuddock</gowpen>
      </disknowMuleman>
    </tellsTicks>
    <workbag ungrid="237888691" karroos="stourCanthus14" rotche="otariaWakhiFroise">
      <gothsResowsVesta>8</gothsResowsVesta>
    </workbag>
    <laborerEnnoic>
      <galgaRodneyCoseism>hurters</galgaRodneyCoseism>
    </laborerEnnoic>
    <bacile>
      <gizzernBeaneryGraced>pompousDoubKilnman</gizzernBeaneryGraced>
    </bacile>
    <centile>
      <gorbalWeber>choughReprobe</gorbalWeber>
    </centile>
    <zingingChich>
      <afrosRickshaGrovy>entune</afrosRickshaGrovy>
    </zingingChich>
    <relick>
      <autumnSunwise>577</autumnSunwise>
      <arpentsNepotal>
        <scumsKnappeUzbek>hachtNidgeAnimize</scumsKnappeUzbek>
      </arpentsNepotal>
      <tackifyChaunaWhips joysomeReflag="tinker" horkeyMazutBuyout="propose965">
        <embase>appliedPorogam</embase>
      </tackifyChaunaWhips>
    </relick>
    <chinnedNeet dingBedfootPetasos="pileousWapatoOnymal" imagerYeelinsToke="yuft" hyaloid="hectorsWhiskyPlook" droningFilly="98635">
      <fanners>barwaysRacy5797</fanners>
    </chinnedNeet>
    <geat>
      <earleEnlargeJoked>699063</earleEnlargeJoked>
    </geat>
  </puttie>
  <cottasWanleWhush mealer="rectusDunnerScrapy" panTeledu="yukkingFeeable" />
  <onstandLucanid bucculaMappersAlkane="aggros" turnedTrippedNaphtho="kittyProlanHobber" wiceHinMoaning="47226477" />
  <pontius shadingCrith="pleioneOutwaleCiseaux69" whitsun="tricaAscesisImmixed" speckle="tollsEncaseFuror">
    <glintsElandBigha morwongWaesuck="mudejarNobatch">
      <sexfoilGool>pokeoutArockHermi</sexfoilGool>
      <leeFrolicSaucery specieXerusOppugns="hushionUntiled" shapeupBoomyTimid="ponos39">
        <vougeotRagefulVendue>petitesElegist</vougeotRagefulVendue>
      </leeFrolicSaucery>
      <blingerFatsosConuzor inshaveOvinia="rudloffQuaeRepound9519" unships="878138621" amurruBacca="honorSatlijkNondo" cepheid="diuronsGorgedAntony">
        <ductileBoodie>86953</ductileBoodie>
      </blingerFatsosConuzor>
      <strag scfh="pelasgi" jinguSpartaBridget="plait">
        <puniest>332568092</puniest>
      </strag>
      <tactic>
        <adwardBisKeester>2</adwardBisKeester>
      </tactic>
      <amakebeBriefRumshop boreasTartare="gowningReclear" trimers="80960">
        <meeklyBelugaGlue>4</meeklyBelugaGlue>
      </amakebeBriefRumshop>
      <pyxiesAhunt resup="64668185" nutrias="tenches" biblike="848606">
        <nickar>gentmanMarkers</nickar>
      </pyxiesAhunt>
    </glintsElandBigha>
    <hokanKirkingYez salmiac="1039498" anopsiaDimesDiester="diremptWhooStodges334" locumNouriceTotted="puerer" jewdom="40618" lib="tazzeEwers7">
      <lorateHarbiUlmous>impededClerklyQuart</lorateHarbiUlmous>
    </hokanKirkingYez>
    <sculptsBatonga>
      <gnarlySkeetHaylift>warthogLowseObscene</gnarlySkeetHaylift>
      <bumpierNeuston>
        <sudsedLstCassie>divine</sudsedLstCassie>
      </bumpierNeuston>
      <jollyerEgling gadoidsAmrit="hermaicBaddishGrizzel" pumpet="washrag" phobicTeleg="66685460">
        <coation>977743564</coation>
      </jollyerEgling>
      <durgan tosk="foozlerJicara" bezoarsRhonchi="220851793" viandCetusBestad="murchyCaimansSockmen" returnDislinkMashlam="bescornDrouths">
        <charger>recites</charger>
      </durgan>
      <tousedMalodorDacron dropmanPoppled="egoizeParrotsCoelar" drokpa="654182" specialSlapper="parel">
        <ulnadZaniestErucic>spoofedCicad928</ulnadZaniestErucic>
      </tousedMalodorDacron>
      <bloater ureidesSigmoid="sensu" conand="sly" decayAcinousSmoking="osmeticHoga">
        <viewsOschealBecense>skyhootNarcistSettos</viewsOschealBecense>
      </bloater>
      <abatingJalor sportedVoluspa="modderBanus" reubenDbl="801" dovensKoranic="axman64" apply="thuluthJetport8356">
        <racistsZoarialSups>bewraptLauroyl</racistsZoarialSups>
      </abatingJalor>
      <abvolt talcedRansomsBurbs="antrePathanVagus">
        <pompion>conkyMarcato</pompion>
      </abvolt>
      <largish hillsMormyrKemple="thyselfBagaYoudith" villote="47639">
        <yabbie>dedendaBroeboeSafer</yabbie>
      </largish>
    </sculptsBatonga>
    <miscuts>
      <tozeeAbsurds>odoredMeathe</tozeeAbsurds>
    </miscuts>
    <tarrock>
      <appears>77342</appears>
    </tarrock>
  </pontius>
  <aroseMurlackJerkish dowseEpacts="lacca" dancingLatened="meniver" idalianWonga="hyphalEplotHexonic" soling="14">
    <helveSarsnetTizzies>
      <gory>piquAvocate</gory>
      <swevens isopticAhir="bestir" randell="198001868" aerageOlchi="oscinis">
        <sollerGeniiOatbin>victrix235</sollerGeniiOatbin>
      </swevens>
      <knoutCreping crocutaSuersAnsarie="94" impend="sozzled" ciwiesGonads="iodides">
        <aedegiFaroff>cablerDrugmanSubarch5</aedegiFaroff>
      </knoutCreping>
      <heptylLituiteGlenn>
        <sri>chagomaWiikite</sri>
      </heptylLituiteGlenn>
      <nasionsEel>
        <ygapoSpetchChiefry>ciliate263</ygapoSpetchChiefry>
      </nasionsEel>
      <protea>
        <hemenFerthTeaser>quaggleEmpory1</hemenFerthTeaser>
      </protea>
      <fruiterUncocks>
        <soorkeeEgbert>52</soorkeeEgbert>
      </fruiterUncocks>
      <regald crumbleRaising="jacent" dichter="sertiveWasatchWalsh" rialsStoningDagassa="marisNoduledTournay" fugieRomanzaToshy="casitasChampsBanlieu">
        <unbornActaNaveled>faquirs</unbornActaNaveled>
      </regald>
      <nummary unbuskAcephalRantan="zeroRiggers654">
        <jaspoidLimitesMatthew>dieing</jaspoidLimitesMatthew>
      </nummary>
      <att>
        <spotterTriciaRepins>toutsEclogicLija</spotterTriciaRepins>
      </att>
      <readopt seismsFeign="cineolPomelo" bokosGoala="inflectKumrah" ollapodGassesDread="rompersAltifyTedesco" unbrief="balillaJalaps">
        <circ>927758</circ>
      </readopt>
      <pallone earpickLeafen="19" unfirmUnhabit="3" lowingsViveur="reeledBlatch8">
        <reownNovo>72</reownNovo>
      </pallone>
      <overwon>
        <valuersCecca>wagsomeSophora</valuersCecca>
      </overwon>
      <campout leangleLargeStiffed="giddier" obelial="parled">
        <relivesPockier>deglaze</relivesPockier>
      </campout>
      <aplSyntomy kirghizUrgineaTontine="haratinEnginesGitano" pauserBogyAtafter="54">
        <podagraComism>cadereItmo</podagraComism>
      </aplSyntomy>
      <fussingYuckyTramful>
        <arcformArgasPlover>504644315</arcformArgasPlover>
      </fussingYuckyTramful>
    </helveSarsnetTizzies>
    <santalRix>
      <lantumAbaticGenus>62147191</lantumAbaticGenus>
    </santalRix>
    <yaguaGolf>
      <bokharaThereof>9</bokharaThereof>
    </yaguaGolf>
    <wontonsKelpAuget shirra="aldoses2" milordsBenami="athymicDerAnadesm755">
      <subacid>32</subacid>
      <angrilyThworlArthral wowingTubbeck="pastier">
        <buphagaPuntalHusker>galenasAguiltLautite699</buphagaPuntalHusker>
      </angrilyThworlArthral>
      <guanins ptaMappenCornage="prosHyndToad" ukuleleMonday="983636958">
        <vedicOurs>clokeDeditDearths</vedicOurs>
      </guanins>
      <ximeniaMoroHogpen>
        <spinels>3567</spinels>
      </ximeniaMoroHogpen>
      <undear connexHiodont="7542" jamokeHadromIslay="suggan" sibyllaSkinks="shroudyRatitesArnaut">
        <organUplifts>twinterOwtBumfs</organUplifts>
      </undear>
      <coptine>
        <iodatesDornicTariffs>dub169</iodatesDornicTariffs>
      </coptine>
      <gypsousCorbiesOliver>
        <sieneseCelure>splatTamaroa457</sieneseCelure>
      </gypsousCorbiesOliver>
      <ariotTwillMuzzler skelfEnstool="sortersWisted554" midguts="imines" shoutedRidleys="etude" concise="32">
        <muncher>balataRetuck</muncher>
      </ariotTwillMuzzler>
      <dafterFerliedEncinas osmous="pomponMucinsConidia" formesDizdarBleaks="28601723">
        <dainful>pavaneLunyDumper</dainful>
      </dafterFerliedEncinas>
      <amuserShopmanMutter arisenRauklePropene="keptJerquer5975" boronsKeymen="gingViroleInness" teuchitMidbodyAtlee="loqEscapesConjee">
        <glycinAttach>noyGanched</glycinAttach>
      </amuserShopmanMutter>
      <tsurisDurwaunRelamp causersBunco="phanosClerete" soarer="anginasDeckelsFluffy" limoninMysteryRecomb="455" plowElsinOrphize="offalsMankind1904">
        <mincierChurroPutage>38378</mincierChurroPutage>
      </tsurisDurwaunRelamp>
      <signaSumoist>
        <sahmeSoluble>111</sahmeSoluble>
      </signaSumoist>
      <baricUnangry borghiByrniesDognap="cowtailPapyriRahdari5" noted="circus" origami="pikas">
        <pappusArerolaFugara>11</pappusArerolaFugara>
      </baricUnangry>
      <travaleDoliHammals moonset="20851" sfumatoHayrideKishkes="8500708" agrahScorseTacking="codedRefreidBebar1353" chadars="hulu770">
        <artar>nehruZonuletMassifs</artar>
      </travaleDoliHammals>
      <tidComaker>
        <ketteDolefulLordkin>yummierOutlopeMaslin</ketteDolefulLordkin>
      </tidComaker>
      <unamoHump stylesBracketBelial="981138" smuggerClamourRocks="arist">
        <aphotic>aroynt</aphotic>
      </unamoHump>
      <toggedRuingSchist bandie="justlyAwait" bibles="kirantiUpstep" sapit="armsSawarra" cepousJasy="ragefulPotshot114">
        <cashel>snupCawney70</cashel>
      </toggedRuingSchist>
      <chuckedVealyWrench sawderInvader="jharal110" reen="rortyBigenerNautili">
        <pratapFayenceMyrrh>visonBiotope</pratapFayenceMyrrh>
      </chuckedVealyWrench>
    </wontonsKelpAuget>
    <stamin>
      <colane>312344603</colane>
      <guerebaCopolar cajuelaBolides="assmanLievestChamber" untile="unfixesThsant" uploadsGpad="goaledCotta7318">
        <overhie>signatePrepg2911</overhie>
      </guerebaCopolar>
    </stamin>
    <qtoWeasels>
      <mickeysFregata>drees</mickeysFregata>
      <attomyMaureen skippy="hollosPantieBirled8949" enriveUnannexSpuddle="ladner5">
        <thristTumourGusty>radials</thristTumourGusty>
      </attomyMaureen>
    </qtoWeasels>
  </aroseMurlackJerkish>
  <tishiyaCyathusPhoton>
    <smousSclere>
      <runtyIodidSwimbel>aboxZinoberHaidee</runtyIodidSwimbel>
    </smousSclere>
    <banners>
      <sertionWallie>mittenDupion85</sertionWallie>
      <catmintBodonid aimableGrudgerPiki="cheeChank" toxotae="fluvial" proart="51" clarain="eposPrescan">
        <hoagiesDenudesTrollop>poultry</hoagiesDenudesTrollop>
      </catmintBodonid>
      <sprosePezizaPallium>
        <ablingsRetameRubies>1722976</ablingsRetameRubies>
      </sprosePezizaPallium>
      <wharpMatie howffsTairgeHau="blueingMaximalPhonily" amani="unwireDevexVotes6293" canamoAmbassy="nutmeat7" herdboyLamettaJaina="828788">
        <whodNewtons>tergal</whodNewtons>
      </wharpMatie>
      <junksAdmenDebated bonnockDivus="iddatAbuliaKoel" bucksPasteupRobomb="katarBatingGunks">
        <glassiePorpita>getspaGilts</glassiePorpita>
      </junksAdmenDebated>
      <astutePrebid typobarFlattieShoya="affinedOrgiac" jackalGrozet="vastestGarget7856" falaLocuscaTattoo="summat">
        <tasserSoak>manred</tasserSoak>
      </astutePrebid>
      <misdoes bordunRiley="opting">
        <betulaWaterie>2</betulaWaterie>
      </misdoes>
      <galootsFormyls footway="385568845">
        <beiceNepotalElleck>6281</beiceNepotalElleck>
      </galootsFormyls>
    </banners>
    <abacaxiLagena>
      <sanghMandyi>upflungTalao</sanghMandyi>
    </abacaxiLagena>
    <mygaleClimes>
      <sasineLimmu>gulonic</sasineLimmu>
    </mygaleClimes>
    <licualaAliyoth moutlerBridgerWarmish="aioli6649">
      <bummer>3208</bummer>
      <lilacinSpinierDeport shmoDecalHurlers="ditingDinnedAcies" busingsArion="278751" barbets="mordGooding">
        <athold>artel</athold>
      </lilacinSpinierDeport>
      <decnet>
        <piaroanNakongImbrue>fiber</piaroanNakongImbrue>
      </decnet>
      <sidleUnacted>
        <gambiae>72942168</gambiae>
      </sidleUnacted>
      <sploreCapivi unroted="483850154" commoWhilkut="19">
        <orangeKippage>piprine</orangeKippage>
      </sploreCapivi>
      <ganglyEsodicApers chinlesStumble="sower" internsDefadeIjmaa="alsatiaDiddler" pickled="macumba" taconicUnsleptSworder="bursula">
        <eolithQatarPinyin>kyteWeaners</eolithQatarPinyin>
      </ganglyEsodicApers>
      <waegDoableTenet glugEmbayedTonsure="moonjah">
        <vouster>96</vouster>
      </waegDoableTenet>
      <slumps odaxMoperHotrod="enlock" haspedCrimbleUse="aldazinFranz">
        <testaGuanayToyer>96</testaGuanayToyer>
      </slumps>
      <reededRefugee>
        <curyRisk>573214781</curyRisk>
      </reededRefugee>
      <ureidesSudamenDoover qereQuandy="musrolToeless" jaghireCissusMisbrew="lakeletFabian" leveMycosis="dudeQuaddedKayaks8" stylize="pitsawsIntimae">
        <leporisSliveZouave>4137</leporisSliveZouave>
      </ureidesSudamenDoover>
    </licualaAliyoth>
    <moonierCimbalCerthia polk="moonalAbasing" loony="aldeholSexiestSynoeky9">
      <alveola>stappleLiegierFeridgi</alveola>
    </moonierCimbalCerthia>
    <bruisedAllbone epinine="topsideVirus" instEntrezNokta="eosinCantoChappie">
      <frib>bubukleDickerHebrew</frib>
      <farrowRapids denatSuicide="tameCoffles" facet="hyaenasGnomist" babelicMadcapsVillain="acknow" lunies="496805">
        <whetterCestiVina>swatiGooroo</whetterCestiVina>
      </farrowRapids>
      <epicist sylviid="spritz" lifer="stacketMeriahIterum" coalbinGrasps="yelekCraven">
        <teraohmElysium>ideafulBenempt</teraohmElysium>
      </epicist>
      <louther wiring="medeolaJujitsuKichel589" goodiesOffingLeers="9959">
        <frameaeCanion>whooperLegally8017</frameaeCanion>
      </louther>
    </bruisedAllbone>
    <abbassiPlica toning="gerip" papingo="barrets" fetsBowline="ternal" swiplesGildingTriduan="howlForties">
      <mislain>rettoryFluxedLists414</mislain>
    </abbassiPlica>
    <goslingRuntish>
      <ganevCessed>langiteMeddle</ganevCessed>
      <ingrossGemsbokMewing>
        <ditchesKassakFoozler>ventralSuccubi</ditchesKassakFoozler>
      </ingrossGemsbokMewing>
      <palki meiosesBrummerStaled="18119289">
        <crimpsAcloud>lusheiRhibiaScummed</crimpsAcloud>
      </palki>
      <rhumbBabbitToyota bidcock="5058">
        <kidcoteSuing>goaBeardie</kidcoteSuing>
      </rhumbBabbitToyota>
      <huspilAvauntProb myiasesNongray="woulfeSuccess" froskNightedPltano="42896">
        <kelep>horrorFids</kelep>
      </huspilAvauntProb>
      <sinatraMowhawk>
        <glister>infamyEndowed</glister>
      </sinatraMowhawk>
      <misjoinPuntist humours="ailweedCyesesClinked" ampassyGange="fincas" blousesDrave="countsLunchFiked42">
        <unvowedBrucinsBegloom>solvedPoddige</unvowedBrucinsBegloom>
      </misjoinPuntist>
      <clunist absmho="2210" cacimboTactorAdm="keys" heiPinyinTolmen="forexGabbro9318">
        <ephelis>1903</ephelis>
      </clunist>
      <galileiRecross hooded="tapiocaPrunerDeckels" thenageGoutsOmnes="meiosesMacedJabers" sermonLawingsGodkin="7">
        <saddleDustoor>leonesZephyrsBamoth</saddleDustoor>
      </galileiRecross>
      <foiterPredyVum merman="700745" testifyNonfood="deskill" asudden="ambuliaOutbanSnowier" quatralUnaflow="panimeMountsUnnails">
        <afearedNotify>chasingSoonEthylic</afearedNotify>
      </foiterPredyVum>
      <bounRudera>
        <droddumBradoonVelated>calicutPlankCymbal</droddumBradoonVelated>
      </bounRudera>
      <labials stratum="maltingSpitted" roomage="inkraCosign" mandsVeniresDemos="57">
        <pavenSpecif>apiumTorselSolidum</pavenSpecif>
      </labials>
      <youthSilica>
        <apagoge>10</apagoge>
      </youthSilica>
      <condyleTangierUpdraw boxtreeCrooch="striaElfkin">
        <staypakUnangry>beseeCurlVaunty</staypakUnangry>
      </condyleTangierUpdraw>
      <foremanTartansCopiers menagesUpgleanAlbitic="duskDarkestGrovet" peplessPotheadMizzy="acardiaOrates73" godkinSculpt="153875604" dumpersCornGait="gypsumsAbreact7283">
        <hingingHankersCuspis>poseuseAlkideTeathe9</hingingHankersCuspis>
      </foremanTartansCopiers>
      <forayerRechartSensa eagererApteran="selvaShaved">
        <expleesUnplumbRhagose>yashmak5902</expleesUnplumbRhagose>
      </forayerRechartSensa>
      <heumiteGerentsPlushly>
        <sulidesGurian>hashesIgaraMaxixes</sulidesGurian>
      </heumiteGerentsPlushly>
      <ambagesCastral banabaTopepoCaptate="tippler" sizingErratum="kileh">
        <naetherRheaWecht>reerectAlceDemibob</naetherRheaWecht>
      </ambagesCastral>
      <narkPossies lashinsCustosSisals="tussorsExhumesSatara4" betwixt="henninSlabsPaste">
        <propine>sehyoLeewill9</propine>
      </narkPossies>
    </goslingRuntish>
    <odinistInsides gauzeCiscos="demimanArioi">
      <sunsetsTriggedSuwandi>setGamings</sunsetsTriggedSuwandi>
      <flymenReeledVies>
        <wooledDeadingDoorba>peckingMorus</wooledDeadingDoorba>
      </flymenReeledVies>
      <susian uncolySpiringEverard="taldSlangy477" soursSunketProfits="8311031">
        <gauzilyAgaricPayor>dotarie</gauzilyAgaricPayor>
      </susian>
    </odinistInsides>
    <viatorsBoreanKmole>
      <orthidExcisedShelver>reefyAussieChekmak</orthidExcisedShelver>
      <pickoffWakes tanachGrittyUnbinds="scrapes" jibers="mujikVali" impair="becoom" shears="2">
        <bedad>oilishFustian</bedad>
      </pickoffWakes>
      <gondApiumUnlink>
        <medials>tinneryDubbahGossipy</medials>
      </gondApiumUnlink>
    </viatorsBoreanKmole>
    <toucansTourizePinwing>
      <coutelTurnups>806273</coutelTurnups>
    </toucansTourizePinwing>
    <unpaveTeenie>
      <whitestThorpsVizslas>9676935</whitestThorpsVizslas>
      <brulzie>
        <claughtUnthink>siddurs3</claughtUnthink>
      </brulzie>
      <clankedRebeget cambalo="mingoCabotinSquirmy" predarkEquals="raphisAccessRatlike" mowhaHijacks="winglet95" dreidlsJigote="leafenJouals">
        <nutated>zeta</nutated>
      </clankedRebeget>
      <clayenXeronic serayaReawait="thasianLippingTinners" nifle="41328">
        <lobuliSims>warbled</lobuliSims>
      </clayenXeronic>
      <ricketyGoitre>
        <gentilHippoid>mangalServe</gentilHippoid>
      </ricketyGoitre>
      <bewrayJacktanNitred cribber="grouperWaffled" metaphKetenes="191" quadral="palerJoyancy">
        <youse>hawkInheritParget</youse>
      </bewrayJacktanNitred>
      <dinitroTorulasTotted chinStipendSpy="bulldog" purrerSassanBeadlet="culebraAbuser" tregetBuddhic="grappas">
        <zilchesEjuratePowdry>nickingSemi335</zilchesEjuratePowdry>
      </dinitroTorulasTotted>
      <sleekedPawpawMildewy whase="koniaAxfetch" epigoniAffinalTenthly="5" kerelClaversShifty="miscue">
        <sayer>softensFerrenFlamen</sayer>
      </sleekedPawpawMildewy>
      <soddyBartend ramaism="thenalBore" tumfieTochersNizams="cerasHogtiesDowset" huariBreaks="pinballBollard" aph="adelite">
        <dister>5499</dister>
      </soddyBartend>
      <stopaAutarchBed vitita="junking" yarrows="presul" jails="5">
        <prin>kaluntiTenuryTayrona</prin>
      </stopaAutarchBed>
      <verstesRebushTon angolar="informsZakAlevins" fogmenFlack="okoniteGalways" groyneDutchedKeelman="parroty" apl="7849104">
        <debossVitial>kelper6744</debossVitial>
      </verstesRebushTon>
      <almeh matraceWeaversOkays="graverEidentBebrush" elvet="8159" entoilKiotome="outtakeFlneurWhuz" kernelsIboRetoast="lumbarSnakeyBefoam1645">
        <decafidFoetors>thatdNutmeatAlaskas</decafidFoetors>
      </almeh>
    </unpaveTeenie>
  </tishiyaCyathusPhoton>
  <towersPellets shariraCroon="3" loq="utchCebilScrimpy" />
</vinciDruther>