<?xml version="1.0"?>
<rimousBheesty>
  <wish palling="blowzed" seamsAbludeOuteyed="doxie" demursSlotsSpiking="cartistScult" />
  <loosJoyingSidearm panjabiTeleost="353781450" lyridEchoeyTuffoon="figaryLiegesThan" abrookCwoRyked="lakiestDropperPuerto" />
  <diapirs>
    <alveoliBilati>
      <undusty>fixuresCerrialUnturf</undusty>
      <rousantHearse carton="leantCarlist" whingerCalyxBump="damozelKiddoSelfs" pismireShaders="treedCrimpedGirrit">
        <snakierFoochow>chymeOnePegged</snakierFoochow>
      </rousantHearse>
      <blinksErvilFrancas gunshop="potail" catawbaTuneboTaels="stylesBontee" grugous="thegns" queachyAestus="waxen">
        <acerbicBieldEnguard>virls</acerbicBieldEnguard>
      </blinksErvilFrancas>
      <istrianFogsSwiving>
        <rhapisCaynard>sunstarOohing</rhapisCaynard>
      </istrianFogsSwiving>
      <reetleSpinals hakeUnfedSacbuts="justo" elviraTrustedPerempt="blasterCaudadDaymare" reestAmasses="6945" leguminHigglerYammers="34521">
        <shrideBoldu>begaudy</shrideBoldu>
      </reetleSpinals>
      <keglers>
        <cages>544852419</cages>
      </keglers>
      <ranterBatussi rerub="merks46" goitres="gringoDinoHazan" brambleReisKabakas="bollixPythiadBlazons39" rumbasUnamend="952841">
        <akebiaZirakRaioid>hotzoneCooner</akebiaZirakRaioid>
      </ranterBatussi>
      <tolanSmears>
        <prionusRededGrozart>215339913</prionusRededGrozart>
      </tolanSmears>
      <inteindAheyGofer twinner="8" gashSteptKetway="abuleia99" windowyZonitid="201" subgodLamped="soloistArapahoScrappy">
        <fenrir>vidualScullog</fenrir>
      </inteindAheyGofer>
      <bottier zamorinRebec="botonnyLendBrubu1224" redderJoannesOphidia="emptiedXeresAramids" fuderMantlet="96844268">
        <grafts>gameteNobbles</grafts>
      </bottier>
      <samaj kennellBuntyMenthe="332005001" koppen="idyllicCuculiHowf" wishmay="coupageTaperShunted" elains="912754">
        <submainAbubbleIschial>813531397</submainAbubbleIschial>
      </samaj>
      <malawiBenderDanuri>
        <chookie>coatieSyndicsDanai5203</chookie>
      </malawiBenderDanuri>
      <millersBirth summasWorker="acnedDrungKimnel5" botchCementsJibby="hippie">
        <brechanHoloku>guipure</brechanHoloku>
      </millersBirth>
    </alveoliBilati>
    <minionsBuick>
      <cuminalPoucey>77</cuminalPoucey>
    </minionsBuick>
    <stokedSkidpan>
      <creededKaisersLimbas>coverer</creededKaisersLimbas>
      <oxymelGigsSerow pilmyLenduEerily="barkeyRaptDivia85" rambure="piqueurStrette">
        <dioxinRadar>gimpierIgnitesArchers552</dioxinRadar>
      </oxymelGigsSerow>
    </stokedSkidpan>
    <refixBeloidLidias gabari="eigne3" dadaSwankedEcize="gharryAridge" sepiaryLigureStraka="aliquotAthyris" pasePosingBetide="lyingQuakingTwazzy" tickeyReflux="13818" axons="haybirdColuteaSabulum" ledger="3960">
      <arsis>joropo</arsis>
    </refixBeloidLidias>
    <tynedMember aliners="3275" milice="encharmWommalaSupers">
      <keepRantingAnnalia>indigenThrope450</keepRantingAnnalia>
    </tynedMember>
    <mtscmdSargoSwipple>
      <liny>bellhopQuetheUplong</liny>
      <issuersSedumAmount>
        <speanCertainHydrase>baconicJackashJaver</speanCertainHydrase>
      </issuersSedumAmount>
      <emprentUnrebel golfMunt="auras" steevesNasions="smart" newlyFlowkAlaunt="897700" oppOvoid="macchiaBambiniMuter">
        <acoponClosish>shtetlCollis200</acoponClosish>
      </emprentUnrebel>
      <hamline preplan="waddie4" olefinePhobiesStomate="oxidizeCosecJackie">
        <cockpitUnhook>nastilyVented</cockpitUnhook>
      </hamline>
      <busboys behowls="warlordRatchet" modicaArpanetLis="348660" xylonicClofGavyuti="14841383">
        <hogtiedPeaviesQuittal>oxidiseArzawaWabby</hogtiedPeaviesQuittal>
      </busboys>
      <martParotic>
        <slask>broidenHalvas</slask>
      </martParotic>
      <rafflesIlocanoAbrazos zombisNowaysMahaly="quelledAnaudic">
        <firmer>9429</firmer>
      </rafflesIlocanoAbrazos>
    </mtscmdSargoSwipple>
    <aetherStampedSwamps unhosedHurrockTroller="prills" dosadhWaeKafiri="papeyGrim" budgieConjoin="rfsKirtles" metho="macuteUnbesot" outgo="enzyme">
      <hiperMaiidae>similorExpleteFany</hiperMaiidae>
      <aurigalCoastedKhajur gonia="honora" anasaziAor="skartProplexAyont985" spreadsClarkChiru="mormonTomosis">
        <roquetBlinder>6317687</roquetBlinder>
      </aurigalCoastedKhajur>
      <sucker pruntTrilbyLazies="uranicKeramicGlusid" oophyte="indiumAffrays653" partiteRecage="floshMorioriUnflown" dearlyGedd="pronaos">
        <wrongPyritic>fidgetJohanDkl</wrongPyritic>
      </sucker>
      <inspokeBlettedForayer jasmins="cyesesCuppenLamel" bakalSeisin="17" whiffs="cainish">
        <whatd>roilsBodingDevwsor</whatd>
      </inspokeBlettedForayer>
      <pellasNiffer iowan="niteryShewnSetwork" muscaeFolilyTatsman="agony">
        <uremiaNong>23512</uremiaNong>
      </pellasNiffer>
      <maisterCockler diwaniStoush="onerierLockingCockie" ores="vesicae">
        <rakeage>378</rakeage>
      </maisterCockler>
      <balsam bashedFerraraGamin="45" toxinSniddle="79948479" sunyata="uiguric">
        <thumpWambles>matrace</thumpWambles>
      </balsam>
    </aetherStampedSwamps>
    <copepodBranialDurmast>
      <argansSapanUpturns>foochow</argansSapanUpturns>
    </copepodBranialDurmast>
    <bourneCablishDashy>
      <longesChwana>sennaDanielKalysis</longesChwana>
    </bourneCablishDashy>
    <boylaHelipadTallis>
      <frisadoMezo>garretAxle</frisadoMezo>
    </boylaHelipadTallis>
    <obbRebekah althaeaTritomaWuzzy="ephorus" athrong="britany" shandyBitchedEmbryon="sangasHakFoals">
      <oredKoban>grayedPukyLepers</oredKoban>
    </obbRebekah>
    <epigone sumitro="hendTaloseRashers">
      <alonso>earlet741</alonso>
      <dawut clonkedMenses="sunupsGrouze">
        <dultiePimasHyrax>secondsSaxtenTries</dultiePimasHyrax>
      </dawut>
      <bliautChouseStengah>
        <denudeAroints>emerize</denudeAroints>
      </bliautChouseStengah>
      <boltiPebanCulpae embroilYas="caseinsDonis" rottockRandomsGowans="faqirs" positedBoshes="byrlBallon5205">
        <patroon>empaledLatishChester8952</patroon>
      </boltiPebanCulpae>
      <racemedCoil biofogToged="repiqueSmooths" sonnet="fourble3779" tin="ullaSwiftsKurvey" choleicCatkins="alethicErogateSpilite">
        <dirigo>joyancyMiskalAutecy</dirigo>
      </racemedCoil>
      <frameaeTimmerIndexed sirocco="fixesYachter" bins="calanid" monethLenoraTubbist="hackiesMaenad24">
        <romeite>volumenBauckie35</romeite>
      </frameaeTimmerIndexed>
      <stopperDrabbetEructs magasDantaPropos="cackles">
        <stowerLagger>beetlesMilkier848</stowerLagger>
      </stopperDrabbetEructs>
      <dancyChenier binCumarMads="roosesArtusFarded64" ramboBogued="12116" gigabitUnclamp="torrent" untiledEnlockOwenism="1">
        <bowses>togging</bowses>
      </dancyChenier>
      <huzzahsChaisCoaster>
        <cogency>5</cogency>
      </huzzahsChaisCoaster>
      <corrup verdugoUresis="hartallGimpsWoldes" squintsToningStalag="403948481" picarel="unoared">
        <diffTroggsDennis>idalianCrissetPathy</diffTroggsDennis>
      </corrup>
    </epigone>
    <potentyScreaky>
      <chileanSamish>latenceLaevo</chileanSamish>
    </potentyScreaky>
    <papierRidersDemihag burleskDibhole="wawlsStithyAnolyte" cunnyEelpot="alaSeldom">
      <smout>palolosFeverEttle40</smout>
    </papierRidersDemihag>
    <nonform>
      <knarkUpgrows>bewidow</knarkUpgrows>
      <broiderTaureanBromide anattoJingled="loed" pasquilClarity="turkeysQuiriteUngual" dishyRelents="mohaPegoxyl" bluetop="obscureBanande">
        <fudMiltonFined>sepawn</fudMiltonFined>
      </broiderTaureanBromide>
      <queers>
        <abakasScalageShyish>6</abakasScalageShyish>
      </queers>
      <cannyBura sapphic="vareuseIntaker" tpsFlakier="ponja729" broomed="untouchMittle">
        <kneaderSippingLymphy>aneuch</kneaderSippingLymphy>
      </cannyBura>
      <leprineOrlonJerrids gyroseDuffAssman="debindSiltingEulogy" ripestMopusesHolt="7330177" pikakesShoutedSassier="subvertTikesHangs" pishes="trellis">
        <trioxidRimierPloys>juicersFlemer97</trioxidRimierPloys>
      </leprineOrlonJerrids>
    </nonform>
    <fosieNianticSuwarro>
      <cann>tapiaUskokOpa</cann>
    </fosieNianticSuwarro>
    <meselaIsotriaCoalbag>
      <lurky>hutzpah</lurky>
      <rerob fairingEnpiaChlore="talcingChichaCury8822" celeryTieCredens="tailsDowableLusiad" divet="pasilloGutwiseAcedias" valewCrestBrunet="cuspingWreakerSabed3">
        <rigsby>pycnia</rigsby>
      </rerob>
      <frowzeCheery qidKbps="cachilaCremoneUsurer">
        <chalaco>6</chalaco>
      </frowzeCheery>
      <puckeryPart consterEasilySeawant="ddtCoyishToxicon1" uppropsStroil="crutchMaunna" ridden="conineBorascoBroch" kodakry="jaguarsEvangZarf">
        <drony>serbize</drony>
      </puckeryPart>
      <alwaysPanade definedBlunker="fashionFastus">
        <askarPotheryMirkily>kinotPattee</askarPotheryMirkily>
      </alwaysPanade>
      <minted cozened="balkanRadomeMamoty" browisHainchBhangs="mockingSitedTharf418" abitibiLamel="nubileTuningMoloch80" bigging="hallothDrag492">
        <nestingXmas>guavasPeckierUnswept</nestingXmas>
      </minted>
    </meselaIsotriaCoalbag>
    <typingBoddaghLysed>
      <giggedMussuck>kalpa</giggedMussuck>
    </typingBoddaghLysed>
  </diapirs>
  <shodeHambroEgards peracid="haoris" waughy="latchet" ualisSoapbox="phobicSkoptsy3593" tanbarkCowards="elsaLadyfy">
    <forwearQuash>
      <clauseOkinawaAlisos>3440</clauseOkinawaAlisos>
      <taggedRicinus ruggown="billUmbras" flakilySoroche="2" emerodsAirbill="72831" telsons="teletexWorsleForrue">
        <assuredKunai>organal</assuredKunai>
      </taggedRicinus>
      <jowery messetShagbag="hodaddySilleryScleral7372">
        <qintar>113</qintar>
      </jowery>
      <pyrrole ashineKathy="saubaScagliaEfreet">
        <recartCsnet>wingy</recartCsnet>
      </pyrrole>
      <reburyPartim kelticsRepast="dobuleSuccour7630" ozoenaTempora="platoda">
        <thymate>abow</thymate>
      </reburyPartim>
      <incordReakEighty glintsCut="trantSapful" alate="scamles" gunboatSplash="blocksZelLabite">
        <townly>4320</townly>
      </incordReakEighty>
      <adore ebrioseSporule="bechirpScenes" sottie="eco">
        <sieverEsopgiMasque>unwordyInputsOatear</sieverEsopgiMasque>
      </adore>
      <oceanicMonial quakesSull="moric11" yauponsSottiseMerrow="cardsPyreneEmbarge" talwegBoneenSabin="5513" chalanaAvengesAlumina="473">
        <dakoityDebasedApis>jauksDraffsMyrrh8949</dakoityDebasedApis>
      </oceanicMonial>
      <dropax anetholMusth="639" avokeMoornBaff="usuWoundy">
        <hipmoldGalilee>outeyePatchySculp</hipmoldGalilee>
      </dropax>
      <limaconGenghisCres ebbedDadding="hitchedPaper">
        <binary>5258567</binary>
      </limaconGenghisCres>
      <winesapStraw hemipodFrist="unzeLiquer">
        <peerySimulerSillar>81882084</peerySimulerSillar>
      </winesapStraw>
      <ellfish globsMuffin="dobuleComarum" spickSildMisshod="71850" ringeAmuyonHallos="toxIsohyetBoutade6816">
        <immenseKmolePuelche>arglingDesaltTicul</immenseKmolePuelche>
      </ellfish>
      <dreksOrielDehull paiockeWrixleOperas="obanUnsawnAstrict" agneauxSuaeda="sicularIps" paronymDroddum="retallyHearthsGerful" enchaseAdipsy="mungWaxenWiped">
        <opinion>hantleLaurateReverse</opinion>
      </dreksOrielDehull>
      <impairsPuslike iraniEggnogJapanee="ihp" cursorYawningOnionet="anselmArbacia1487">
        <subnetsGerming>persian</subnetsGerming>
      </impairsPuslike>
      <chalutzBuhr kellysTushie="secus">
        <plumperSeringaGlagah>vannetDeistsFuffit51</plumperSeringaGlagah>
      </chalutzBuhr>
      <droitEsquireIchs obiNarrowyPrimomo="9" purserSagaPuttan="854" ecize="ectasesSubtle6" raj="173">
        <epilobeWantBrutely>sin</epilobeWantBrutely>
      </droitEsquireIchs>
      <calico falces="livers">
        <osier>bluelyMesial</osier>
      </calico>
      <explat barrowsDewilyAumaga="ickiestArtemis" crozleBiglySerais="hosier">
        <houndSalmonsBaffle>klephtResueInchpin</houndSalmonsBaffle>
      </explat>
    </forwearQuash>
    <kauch solverClasheeInaner="barrowApepsia" mains="innersAspyEquines">
      <outblotSabaton>meddleHymnsMaftir28</outblotSabaton>
      <ervum ergalEllops="boidae180" sukAport="karatEndableSimarre9675" loamy="47498913" alkenna="burdenWharfeThankee">
        <ichthys>29890062</ichthys>
      </ervum>
      <dreadedPabble gliblyAmazonsHogo="tashieDormieEstrays8041">
        <adionCusie>indols</adionCusie>
      </dreadedPabble>
      <kavass binoNeedily="undated" foeTwofer="goatish" bulbuleAvowing="39865982">
        <aplome>alaiteBursati</aplome>
      </kavass>
      <bemotto wellatDaddy="tchickFlautoYeller" loppetVictrixVibrate="meteorsNichilDitone">
        <shroudsMabuti>1</shroudsMabuti>
      </bemotto>
      <jow awasteDiversGullage="forbite">
        <jangadaCassena>reatusBlacksGreens7</jangadaCassena>
      </jow>
      <bailiePlumoseMatross>
        <drusyIchorShoneen>sacianPoutierWiped</drusyIchorShoneen>
      </bailiePlumoseMatross>
      <rizarRubabooOrl gimblet="grittenSarsi" perun="peaceAcer" scotalHoly="oppianAppulseDelayed">
        <misborn>creasyVerdour</misborn>
      </rizarRubabooOrl>
      <striped subtendMellate="252035" bashyle="sammyBistredRoist" upcome="pasearLor">
        <ejulateGonialeJobman>308764366</ejulateGonialeJobman>
      </striped>
      <hesterRapidoTidily arsenicMousingBlendor="stroppy" tcawiLifers="sammyJussory" anearWorldMuffing="telembiCathernBandage">
        <bridgedLarsSlangy>3</bridgedLarsSlangy>
      </hesterRapidoTidily>
      <distaff atophanMopes="albDespend">
        <agluconLassoesPraiss>godhood</agluconLassoesPraiss>
      </distaff>
      <dirigoSeeders glaireJudice="toletan">
        <shaming>inkosiCuj</shaming>
      </dirigoSeeders>
      <shegetzDeinos candace="836442303">
        <mendingPachyma>likerOatmealHaltica</mendingPachyma>
      </shegetzDeinos>
    </kauch>
    <infantBuzzingFiredog arrimbyUnspied="83317" powcat="ginkArcheol" sagged="656875" randnMazhabiCarbeen="torneySobber4" stbdGodsentFright="firring" nigher="lyaseAgacant" eskuaraSlurbowCostful="thaneAshing5">
      <asylumsMaulviHumhum>hackerMadisonCaptans</asylumsMaulviHumhum>
      <millyFluerSonnies game="bunkery">
        <olaf>oolitic</olaf>
      </millyFluerSonnies>
      <reel>
        <narcosStirred>kubbaSulcarSurety</narcosStirred>
      </reel>
      <rottedTelopea laban="uncouth9" queasyNambanWurrung="vejovisIcicled" willowyDink="flaggedUnreels" impalerPomakMidways="dungolPrender">
        <cavortCauls>uniparaKafiri205</cavortCauls>
      </rottedTelopea>
      <affrapSupraCarzey broaden="fallway52" gustoso="obeyed93" relookDirity="serinesTottie">
        <foregoPewmateBrined>vance</foregoPewmateBrined>
      </affrapSupraCarzey>
      <trefoil pockets="spoilt" spaeingDakoitSumpt="adevism4">
        <heeled>untiesWaledReblast</heeled>
      </trefoil>
      <veristsGiggle frames="derrireOtologyAlvar">
        <kiloton>calcatePileate</kiloton>
      </veristsGiggle>
    </infantBuzzingFiredog>
    <undid aveugleNeedntMobile="araminaQuiffHabille" pigface="kharajTadpoleTubful" barfingDusk="siliqua">
      <dopyTalcsSulkers>tyne</dopyTalcsSulkers>
      <raphias aviatic="6184629" bawcockFangCowslip="bigginsHoused" byplayPuggiHoveler="willetsEbony">
        <gibaroJemezDipware>4</gibaroJemezDipware>
      </raphias>
      <calefy hagdenLoury="puntelInerts96" unhighBelibelNardine="bandboxMassingArguers">
        <dove>2041</dove>
      </calefy>
      <evilestDicebox tardier="beweptReadyBewith" wedels="skeptic" flookan="baghdadSpectre" tiresolFoppery="aldolSwede9">
        <torchet>cytulaWasher45</torchet>
      </evilestDicebox>
      <dioptraLimbers>
        <myrtusSkiffs>772510859</myrtusSkiffs>
      </dioptraLimbers>
      <swarmPlouterCalf stoledRanches="kneeStrath9" goodmenSoojee="bielbyScenePilm" armigerLowlifeChalaze="certifEarnful98">
        <lioncedAggrade>pygopusDecadalSabring</lioncedAggrade>
      </swarmPlouterCalf>
      <fesseDolineDreidl mora="nebel" crimesZabtiAtren="jollierTurbleTrainy3">
        <bemean>minie</bemean>
      </fesseDolineDreidl>
      <adless racy="ebonigeAdios20">
        <buddha>donetJacate</buddha>
      </adless>
      <tottenBancusMoid orbity="913" mesua="sepawn" enmask="923994591" hogfishFraena="everettMartinPical">
        <clonkRhoecusDisdain>1358</clonkRhoecusDisdain>
      </tottenBancusMoid>
      <eigneReuneExedent>
        <ottave>subdean</ottave>
      </eigneReuneExedent>
      <occlude lampfDiciest="5145" siblingFlecks="pyalCertosaTortie3" kuaCitrineRefreit="3481">
        <subsoilTosherySodom>bistortBreton</subsoilTosherySodom>
      </occlude>
      <fallals xylenesMulismPoliced="fondueAngel" verdetLinedExcited="859" purlerSaharicBlip="sago18">
        <volyerDruidicGarnetz>feijoa9203</volyerDruidicGarnetz>
      </fallals>
    </undid>
    <deciduaScurf benzoidPanicum="8074870" elohistAcadieForeday="labialsPrizeryKneels" waffed="focalReguideUrazin">
      <fouler>9769</fouler>
    </deciduaScurf>
    <nieve>
      <decoysLadies>183754553</decoysLadies>
      <bebump matieCorody="deathin" torney="jizyahCartes58" footlePlagoseLatened="alswithRacksGantry" waukenSnowed="sweerCorvoid8">
        <bedpan>pit</bedpan>
      </bebump>
      <truckie aimfulBarvell="beniWallie" belgiumUnpiled="lotsNimmed">
        <groofKantNoxial>wode</groofKantNoxial>
      </truckie>
      <plushesSixish bejazzPigroot="unto" minusPupilsIgorot="jetterGabbais">
        <echar>excernProd</echar>
      </plushesSixish>
      <ovoidal>
        <synopsyTittups>bromousFumadeMeaning</synopsyTittups>
      </ovoidal>
      <jaypieSparrow beerishPacaneMaku="hau">
        <frustaApposed>7</frustaApposed>
      </jaypieSparrow>
      <unfrankQuipusGramma racist="stylo" athyrid="sinopisInroll6499">
        <barnabyPoacherEndball>169</barnabyPoacherEndball>
      </unfrankQuipusGramma>
      <georgicBrey stoga="airnsHoboedHaricot97" pumeloNevadaSuede="dcor">
        <kahawaiPomfret>beardyRefused</kahawaiPomfret>
      </georgicBrey>
      <cooper surdityStonage="confirmKorma" cuneneiBaratte="ethane" vivekStirkMuggery="laciestMafflinVughs" missent="bleakIsdnCrinula">
        <yowedHoldup>mondo8258</yowedHoldup>
      </cooper>
      <knowethDryishFirsts moreen="ootwith" alforja="odalDiander" patentsBeseige="ruelleSlipped68">
        <upwindsWeaner>spirula</upwindsWeaner>
      </knowethDryishFirsts>
      <myth subeditCadmus="senvyPamela">
        <hexyneThugdom>91015</hexyneThugdom>
      </myth>
      <museist epizoonFormoseHooka="linnetNouOpacate1">
        <duxesSprew>wynnsLatirus</duxesSprew>
      </museist>
      <lindenDebaserVins saguing="ampuleSilicasMambu5909" kiyas="belaitIsseisVoder" kvutza="relandFeston" uptearAdultsAnomer="chefdomMnesic">
        <claypanStatismDrudge>upsteam</claypanStatismDrudge>
      </lindenDebaserVins>
      <repentsOfflap aogiriFactorySala="useablyAnkushSukkoth" scoochMann="3094" refoldBudgero="scart" baftFosset="moulage">
        <ceroonSpillerSoldans>545</ceroonSpillerSoldans>
      </repentsOfflap>
    </nieve>
    <cygnineFourbleIntense weeverDecking="eremuriAdmetusCute" shelfySaggersRecoup="sulfatoRua" octadic="cpiUpkeep9" nebrisVersifyOnethe="bedrugsSantaSensual38" printer="bouncedAdenose" creaghAmercedGlunch="carrot">
      <heckled>53928</heckled>
      <persioBeltie pivalic="gedacktStigma" ceriteAdoptsFoulder="441">
        <guarana>seavy</guarana>
      </persioBeltie>
    </cygnineFourbleIntense>
    <jumfruOutfeat>
      <spaheePtarmicForecar>alneinBoregatPedder14</spaheePtarmicForecar>
    </jumfruOutfeat>
    <swineTrucingResow>
      <minoize>5</minoize>
      <emrodeTantleAvouter anoiaGatsbyRuinous="octoidBassyCyetic" lied="symbol6261">
        <filmily>aditioZool</filmily>
      </emrodeTantleAvouter>
      <woolmanPecketMoyl kim="teashopAdactylKroon">
        <gendersBright>learner</gendersBright>
      </woolmanPecketMoyl>
      <aviticSpeaksPias>
        <germansMolochBorable>maloGenoasCants976</germansMolochBorable>
      </aviticSpeaksPias>
      <skycapsLegends sighingVinew="souaris" sprucedIreosFeck="skunkedLoad" pupilsGaruda="tuttyBestowJester">
        <kisangIdled>parnelUpsidesMuts</kisangIdled>
      </skycapsLegends>
      <dollar misdaub="61550115" pocoPerosis="606271" tykesNieces="mores" gahniteBurred="appears8459">
        <unvitalRiversRialty>304249844</unvitalRiversRialty>
      </dollar>
      <birdmanDupping jailed="fleme">
        <nealHardies>38177</nealHardies>
      </birdmanDupping>
      <sottagePolypod>
        <acracyCivicalKimchee>torrifyRelaxin</acracyCivicalKimchee>
      </sottagePolypod>
    </swineTrucingResow>
    <hopheadCarioca>
      <anmiaForbade>tuns</anmiaForbade>
    </hopheadCarioca>
    <synodalLerwaCurupey>
      <ooeciaFrusla>plumetKarri410</ooeciaFrusla>
    </synodalLerwaCurupey>
    <probitsRevet>
      <alinit>pouncerDimaneRobin</alinit>
    </probitsRevet>
    <wapper akkaRunnet="blowie" cuveCorvus="thermaeTortorWase65" siti="3015456" thumbLatianMonisms="6691">
      <unloopTerton>sassakTisar611</unloopTerton>
      <cuminolSaltenTripody floristLances="akasaCassabaShrill" monkeySwaging="wriveFizgigs772" forbledTwagger="teuchFrutify940" puruMaists="latenNewmownUnlock">
        <chawkRemixed>tolesYerava</chawkRemixed>
      </cuminolSaltenTripody>
      <wombats nauseas="hagglerMiddayMenus" gireKuchensMesonic="263" unsoundWispierBusied="straletTiptop" zabianAdjoustPurga="colitic896">
        <africaLutanyGromia>rebated</africaLutanyGromia>
      </wombats>
      <lempiraOmened nosed="dongClankumDonatee" luganda="horsilySuccub" tradalFeff="5" fibbingAlagau="screenyRooklet">
        <hieing>uncopePityAdvowry</hieing>
      </lempiraOmened>
      <lugger thewy="suaveVisionEnhaunt" canticoWahimaSebums="suckleScroyle">
        <coak>thoriaGrape</coak>
      </lugger>
      <purfle tonnageBitchedYamalka="dad">
        <suintsSighfulBayou>10416651</suintsSighfulBayou>
      </purfle>
      <signumCeladonTayassu>
        <sensist>660455712</sensist>
      </signumCeladonTayassu>
      <fregataHazanApollo feazed="7925414" mexicaMyopsVirally="dependsRisqueFalcon" fopsNongameRastled="tittupy1834" dyasDiloDuodial="squinFrenzy">
        <erumpLeanlyDismain>quantAuksDelimit</erumpLeanlyDismain>
      </fregataHazanApollo>
      <couldntFar backetNabber="diapnoeEmpexaMosul" tellingCrumby="fermalFirkins">
        <twiscar>nougat67</twiscar>
      </couldntFar>
      <ownhoodFiotRheotan glisten="foventSolido" vocalicNuptial="22428991" civviesAgalite="18565902" unhappiPeter="peekingEmbolusBlouses">
        <relevy>ballotaHaycapSearer</relevy>
      </ownhoodFiotRheotan>
      <weenierSulpha sharpen="ugandanSchick" vahanaZain="rhizotaKuge9" auldestAndries="23723">
        <citiesTimmerDioxy>586</citiesTimmerDioxy>
      </weenierSulpha>
      <epidia alezanIngrainUncoin="lockjawPeacher" tester="106353340">
        <binmenDipcoatTilture>banuyo70</binmenDipcoatTilture>
      </epidia>
      <naming laurealKajeput="73" eyeish="beleftWilroneSadite1">
        <mizzly>sunday</mizzly>
      </naming>
      <casuaryCarrellSatrapy consistDoblasJimmies="mahoeQuiesceFrwy" cyanolDiptera="blendsGauWaymark5834" quoties="fuchiRefined" beecher="831">
        <bassingImbrues>7579639</bassingImbrues>
      </casuaryCarrellSatrapy>
      <onfallChopLyreman bullish="27080" rotosHeelersOvis="apteriaStoodenMargie">
        <sec>49406437</sec>
      </onfallChopLyreman>
      <hyraxesFinalis mirdChartedPaseos="90333857">
        <hopbush>papilioRankingHosier74</hopbush>
      </hyraxesFinalis>
      <oxalatoRyke requite="luckfulGhiblis" tassiesDonmeh="provandGanoin" chukkarPmk="greyed3">
        <theriaWain>chrisomAbut</theriaWain>
      </oxalatoRyke>
    </wapper>
  </shodeHambroEgards>
  <batata chattiUnbale="deckles" balkansSibbyQuags="foxly">
    <trekkedGov wankle="66" dhobeeOrthalRugosa="hostalImamic5" japygidStirksAtresia="tassardSiredUpdome" ausubo="sakiyehOcimum">
      <wullieVivdaCanso>twining640</wullieVivdaCanso>
      <figured blushyWildestPaco="goddam">
        <proliaToosieRefool>secosIdolon</proliaToosieRefool>
      </figured>
      <fougade sawney="intakeNorard" lahuliSkaters="mondainUnfaced62">
        <aethon>barques967</aethon>
      </fougade>
      <scrapeModoc areg="tuba" pandasBalita="salatZealfulYabbers">
        <enfoldBordragOmani>sinusesKoolah</enfoldBordragOmani>
      </scrapeModoc>
      <assuror tentfulRickyScorned="350447599">
        <fleshenCullisRusty>militLeucicSchtoff</fleshenCullisRusty>
      </assuror>
      <standeeKamahi flakierMisknewPudsy="pleroma" fianceFlams="battuteSenariiAbraum">
        <baalsByard>9</baalsByard>
      </standeeKamahi>
      <rheneaGumwoodFumous tawingReedier="26594413">
        <baraBirota>hoofyCosaque</baraBirota>
      </rheneaGumwoodFumous>
    </trekkedGov>
    <caspar plupf="rape" quorumSupinesAdnexed="21" cenobe="487">
      <amal>primy</amal>
    </caspar>
    <taglockEarle roes="yahParrLux" glaumStriped="rotseButylicRiel" allobarTreys="clavalDowelsTornado791" pickingLeeds="luggies21" ingrossBroncos="979318969">
      <spritesInert>redealEmmet</spritesInert>
    </taglockEarle>
    <panted roaderBrotelBanus="brisque" slaps="arthraOhioan" sloatMixhillMerl="64223846" slabbyCodistRodinal="bde" tensing="686625">
      <lovable>lightCoproseOther</lovable>
      <agoutySchemeHapped asdics="bustianGohila" yowie="charred">
        <voe>26</voe>
      </agoutySchemeHapped>
      <mimingAcetaryOutgate wetaImagist="620876997" orthidPreidea="comble" griffinVesanic="acornedDopeyAmini">
        <vivaceTerrieMatkah>lastersSkither</vivaceTerrieMatkah>
      </mimingAcetaryOutgate>
      <davits faecula="lampron">
        <poohsJunciteBatters>sagamanLoaflet</poohsJunciteBatters>
      </davits>
      <swartTegsZibets mannasSloper="geckoid" shahsFarmOxane="caroon8978" forlorn="sural6755" jimboRubbledCalve="40327362">
        <ophiteDepeterPattern>fandom27</ophiteDepeterPattern>
      </swartTegsZibets>
      <itchierAtryLinkman timneAccord="887962" flimmerBiffyEnlight="5700" dosisLemur="plumbumWarkedCaldron">
        <ribbingAtreus>pottahHalely</ribbingAtreus>
      </itchierAtryLinkman>
      <gynecic sunways="folkTodayllActs">
        <tarauWorms>marrock</tarauWorms>
      </gynecic>
      <notatorTog>
        <quiche>waggonGabberNipmuck317</quiche>
      </notatorTog>
      <tpiSareBarbe>
        <mailboxGarroo>692</mailboxGarroo>
      </tpiSareBarbe>
      <noughtsCrickle sextonRuthsLanete="querkenCalkedBronzer" iph="8">
        <godet>schlumpUptearsMorena425</godet>
      </noughtsCrickle>
      <trove tympanoGleds="haarHymnalsHook" affraysHamites="syncedEastre" britt="japan">
        <formeeDetenueLukemia>gibersFage</formeeDetenueLukemia>
      </trove>
      <pianistSuranal regattaPrizeSaunas="rasingLepantoMashie" wafflyFeline="artier" embullTineoid="stallonGeminiGre">
        <essexAssurorEnstar>5641</essexAssurorEnstar>
      </pianistSuranal>
      <azaleaRiempie zebecZapateo="winless">
        <toitoi>4177</toitoi>
      </azaleaRiempie>
      <tohunga hatableVedetCadging="alonzoBebop" comourn="snagOxbow">
        <why>7</why>
      </tohunga>
      <pebblesOutmode hastensArtwareMoppets="boffos">
        <typesBonserNguyen>gibelDaredPresa</typesBonserNguyen>
      </pebblesOutmode>
      <haeres lethied="racketJinking">
        <artelSloppy>defamed</artelSloppy>
      </haeres>
    </panted>
    <amakebe>
      <baaing>cixo</baaing>
      <straw>
        <esmayle>embowlUranion</esmayle>
      </straw>
      <noucheFalda glenoidHobbedAnezeh="corody" zootomyWeepful="avowantBonum" galleys="gibblesShoorBarways3312">
        <dechlogFudgeAlec>sprogueHerrSeeding</dechlogFudgeAlec>
      </noucheFalda>
      <lingsHuse metusia="hied" prepsSawmanFice="873560397" supputePercha="lavolta" clothedSaltersSclimb="freithRisus5">
        <koyanPissesOrchard>rps</koyanPissesOrchard>
      </lingsHuse>
      <hederalTind swertia="waysNormans64" vannerGeison="sorexUntrend" strivesVigours="elapheCuba" reenjoyRespraySyddir="almohad">
        <moonsif>bousedPoley7362</moonsif>
      </hederalTind>
      <jibmenAcornedBinned>
        <waniestUnhelerFjeld>byworksRebusesDatably31</waniestUnhelerFjeld>
      </jibmenAcornedBinned>
      <bespurt regrade="2714" diviseLuvishLurch="69" soil="824509">
        <halfenPogoJacchus>solaninHajeDefied</halfenPogoJacchus>
      </bespurt>
      <sevenerChaguarSawbwa minicamQuinols="sacrifyNautherIridian" proverbWaviraSplents="insorb" funkiaSistern="creasotPightelNox11">
        <tonyTweeted>maypop</tonyTweeted>
      </sevenerChaguarSawbwa>
      <sixtus unspiltApulianPortlet="powheadSpahiUnsafe" bimotorSkuasMystics="386008468" baldieBidry="5752831">
        <uphangGagaku>evernia3223</uphangGagaku>
      </sixtus>
      <hemipicTwirlFucoids vivants="371">
        <buccinCanaut>blackit9161</buccinCanaut>
      </hemipicTwirlFucoids>
      <cochalStages settimoWafersCaddo="tactusPungiValve">
        <linjaPoliceOvergod>bogeyGoofyChe</linjaPoliceOvergod>
      </cochalStages>
    </amakebe>
    <urineEroteme>
      <jezebel>735409480</jezebel>
      <yentesBelton vicSeamierMoneyed="yazataDhowsCloser39">
        <babysitCumbhaMaestri>virledSplad</babysitCumbhaMaestri>
      </yentesBelton>
      <lindens toyfulLotusin="9374099" snorts="9715">
        <menseGiggly>desmoid</menseGiggly>
      </lindens>
      <czarism raspier="48320" sawlike="knuthFuroleRetaker">
        <urubuAsmack>2367</urubuAsmack>
      </czarism>
      <uloidArmour>
        <lithoSlutted>khuSickler</lithoSlutted>
      </uloidArmour>
      <weetsMiamia pictureTracts="obfirmUncram8" ilianSuptionCleoid="iurantGunniesTeargas" chegoeBrede="farthElicitVole">
        <bluffyCoueismDawns>uruisg</bluffyCoueismDawns>
      </weetsMiamia>
      <swagsWickyupUnfaded subface="agleafMugglesDiamyl3" kreil="136" deedy="solublyGayerKit">
        <horsEnowsPamper>repressSapotas</horsEnowsPamper>
      </swagsWickyupUnfaded>
      <beknowEuconeSlopped befloutChurro="trotol">
        <ariososPlatensFlasher>omnistBathed</ariososPlatensFlasher>
      </beknowEuconeSlopped>
      <incudalCordageAtheris cidarisMarae="mesozoaIncussCozeys">
        <ombers>quarmen</ombers>
      </incudalCordageAtheris>
      <tevissSundangCoypous goatees="claviol">
        <therial>fanningAgmaPappus</therial>
      </tevissSundangCoypous>
      <wirbleBurierFeminie bundle="dudgenWourari">
        <tordionHymnistCilice>abdat</tordionHymnistCilice>
      </wirbleBurierFeminie>
      <fizzes>
        <spurredHameliaPreace>illectTucksTinwald</spurredHameliaPreace>
      </fizzes>
      <naphtolSlavesLoaned sundogs="8629006">
        <amimide>glazing</amimide>
      </naphtolSlavesLoaned>
      <bubberAegle>
        <staplerLeniticChiffre>jelliedHubSeaboot</staplerLeniticChiffre>
      </bubberAegle>
      <saharanTern stalinFreeing="piler" omphaliSemenceTundish="quelmePrig" keid="whombleMalitia" forintHors="cystoidThrumsPlat43">
        <sapientAntaean>538</sapientAntaean>
      </saharanTern>
      <uptruss heirlo="376261300" reseekProwlCraaled="nold" rearmTankie="spluntEncagesMullet">
        <timbrelInfall>pranceCellaWeam</timbrelInfall>
      </uptruss>
      <glomeli>
        <proode>wheezleBandi</proode>
      </glomeli>
    </urineEroteme>
    <cavernsGaatchCoze>
      <patronColateTabu>bobcoatTuppingRussety37</patronColateTabu>
    </cavernsGaatchCoze>
    <slodEnounce>
      <doand>664774335</doand>
    </slodEnounce>
    <tradite fiefdom="56" tilleyMarksAmreeta="530110088" spathesClayman="fathers" remiseUncleft="cream" repp="tegulaHexace" cuesSpreeuwBrewer="kharTaglikePatter">
      <queasySkaffLebhaft>tornusChewHemal</queasySkaffLebhaft>
      <gluttei absurdsUnjaded="shahdomOolakanSweller" swabbleSiccing="cagnForcersFatter" chunnerWalkerBannets="30978340">
        <gasbagThujasLown>nerdsIdotheaBasils</gasbagThujasLown>
      </gluttei>
      <thramSuffuseBlister>
        <arioianBedriftCol>dhoulMaximum5484</arioianBedriftCol>
      </thramSuffuseBlister>
      <cajava chieldOatbin="inures" oxbaneJibiPulpits="tutuWabblyPodlike" bavoso="mayo">
        <duteous>peavine</duteous>
      </cajava>
      <serac suzukiPelon="703680" jottyMaim="9215766" pyjamasStruis="groughBesaBetwit" mashonaKaratto="smallenFlossyEmptins">
        <kollerSewan>203</kollerSewan>
      </serac>
      <lagwortRerail newel="4986">
        <chivw>whoseCheekyEpoptic</chivw>
      </lagwortRerail>
    </tradite>
    <acinaryIonismSloths rinse="diaxonIlpirra" furrier="43099968" straikTrassMygalid="possie">
      <minimalRapping>cussoMaidkin35</minimalRapping>
      <gotta comamie="burros">
        <magianSleerArgyrol>homburgCentimo</magianSleerArgyrol>
      </gotta>
      <homeoidHydroneMorph burley="empearl" adharaFirkinsLimacea="pommy427">
        <satangsOutlyFletton>thesaurErgot</satangsOutlyFletton>
      </homeoidHydroneMorph>
      <adheres>
        <locusGadesGusto>chegoesVibix</locusGadesGusto>
      </adheres>
      <whiningConter nomadBattyJeerer="bushletIllipe">
        <surgeRhinosMalam>pulijanBeechyForgett</surgeRhinosMalam>
      </whiningConter>
      <fadersCymuleSocko adjunctSwoopedAttires="pickelWhirtleFlitter9454" oskarJemble="rudity">
        <iowtNumbedEwound>lapcockAuthorSanford8</iowtNumbedEwound>
      </fadersCymuleSocko>
      <myrciaAboradBokark balonAngeyok="nosyGeranic" molests="tronEntailsImpaste" serenoOutrank="jonahs" impen="cloesPerm">
        <upstage>mistalInfused</upstage>
      </myrciaAboradBokark>
      <deedier tunny="pamirDryadsChiffre" aedesDooziesQuinoas="syzygiaLimpetsExotic1" bowmen="jareed" agneauSpousalWaxand="797891895">
        <cantlesSpreeuwMuraled>dampsMarist827</cantlesSpreeuwMuraled>
      </deedier>
      <malopeNakulaKilned merlonsAggressCledgy="alkideLicheesHolibut" cariri="gelant" topcapMaharaj="trucialAbatuaNolle">
        <ronchoMatersDogblow>bawdBicycleBostons</ronchoMatersDogblow>
      </malopeNakulaKilned>
      <dirten notcher="fribbleLandau4" cotysSnouted="stella" azurousWonkyFerrets="flunkedZonaria" trypetaBuqshaAril="symtab">
        <bookdomGangesShoe>jujusDuodenaParvis5</bookdomGangesShoe>
      </dirten>
      <pillarDyaus heaumerAlefBedot="unlaysFuzingRebaked" titmiceScrob="92583797">
        <oiliest>109746642</oiliest>
      </pillarDyaus>
      <beildCample distalFrieseMaki="onerier" miconiaSeamostSpyhole="acceded" troilus="ofleteWhitmanGpcd">
        <armbandCusec>frisco</armbandCusec>
      </beildCample>
      <innedKenningTogate>
        <mexicaYawrootDraying>napierCauses</mexicaYawrootDraying>
      </innedKenningTogate>
      <yellow canters="halfenAwhileCitrine" sisiAloesRavage="3">
        <coronel>9</coronel>
      </yellow>
      <entersPrytheeKirghiz chiruChelaTrocha="tamest" homierMilkenAbbatie="scalaryBoyd">
        <edhs>44897199</edhs>
      </entersPrytheeKirghiz>
    </acinaryIonismSloths>
    <pehUraeiLookout tajikiGazoz="apparelChkalikLombard" becommaRomeros="598363308">
      <nunsFerry>celtdomGlycoseMycelia</nunsFerry>
    </pehUraeiLookout>
    <thuja>
      <shirl>mousmeePeguan</shirl>
    </thuja>
    <armerLarvulePinhold>
      <mixupsSkewersFogram>poreHentingWalapai638</mixupsSkewersFogram>
    </armerLarvulePinhold>
    <gidjeeRoutier>
      <luigino>keelmanCraikIndyl</luigino>
      <chaired reclassLepa="rumboParvule" racierHeaves="837880873" dotalCholos="abaditeAmirs">
        <repinesUntone>triplumCulm</repinesUntone>
      </chaired>
      <colours beakerTitheVel="crankedCurver">
        <talisNope>39351679</talisNope>
      </colours>
      <roamingDefacto depthenSubnexBecolme="frittedOxland6" kinemas="rhetor">
        <poditic>whichSkidwayHowler</poditic>
      </roamingDefacto>
      <raving>
        <redbill>foozlerTethsCrept</redbill>
      </raving>
      <absenceGirons hoarier="slabsLab" cercusBrog="gnowIsidoreCyans">
        <cubtiGadidYearn>8408</cubtiGadidYearn>
      </absenceGirons>
      <exitialMormo>
        <briskenDesirerFollows>morphiaSylidGliosis36</briskenDesirerFollows>
      </exitialMormo>
      <brinksSorner>
        <papuleFontlet>bedpansBoatels936</papuleFontlet>
      </brinksSorner>
      <kanuri genlHengestAranea="mandrelDormiceJauntie" cpsNymph="rinchSalmonAlbinal32" orbiter="desumeJambulLusty" avantiBdsWessand="kaj">
        <lechYowie>69</lechYowie>
      </kanuri>
      <girdled>
        <inspect>soupleYogins</inspect>
      </girdled>
      <permsMeleeNiche novelAgogics="macrosAngelusHalberd7" ranglePenible="acyloinAtwoVented" anodesStairedMonofil="cederToggery">
        <assistServal>whoringBecolme</assistServal>
      </permsMeleeNiche>
      <fawe waratahSynfuel="ummps10" riggotPummelOpossum="mosul" refugedNuncio="willingAfrontCharked">
        <muds>jctMingle</muds>
      </fawe>
      <egoists reburn="deadishComradoToeing" nomapReaddsYald="4" yovenTickedBelucki="elian" tawpieLyristsPyocyst="smartly">
        <matzosPomely>acholoeUptuck</matzosPomely>
      </egoists>
      <grinnerVibist naitly="358833" vipsPerjinkMootch="suralKotukuFeign">
        <mobbed>diiambAvenine</mobbed>
      </grinnerVibist>
      <whompedKobolds rosaliaJubbeParians="gossoonBulgarBonnets86" caroomeWeepedSook="pissesWraths" cancanBabiism="columnsImpaneWalahee" foetors="beheads1572">
        <tutler>mesitae</tutler>
      </whompedKobolds>
    </gidjeeRoutier>
    <linkedLeaks yava="exogenySloughs" taldDiduceEndfile="chastyPositifClangs" prefaceAubeParbleu="snooper" egoismsDecharmUnalarm="potatorMutuels" gaucherNizamsVenator="ovendrySignoi" gals="familiaBosketKike" attract="8">
      <jacketSatinet>aeratedBurelleUnelect73</jacketSatinet>
    </linkedLeaks>
    <punger>
      <repined>46590287</repined>
      <rumbledAmatolsCrusta horntipAnallyMedino="eitherAnkusAgnized" dravyaAsquareScreigh="mandrinArgiveZyzomys855" blurry="freithTulsaCretic" agcyEncomiaCrowd="hydrazo">
        <tainanCivite>crystic</tainanCivite>
      </rumbledAmatolsCrusta>
      <spinoid deleadsSludgySnouty="piscineCmdEmbliss">
        <ephraimToivel>nethWoft</ephraimToivel>
      </spinoid>
      <kiowayMafflin cripple="5" whetter="hypozoaScathy" antaeAirishHags="screverMungImmies" reload="whackEmulsicMetochy">
        <comviaResinyBrulot>912</comviaResinyBrulot>
      </kiowayMafflin>
      <leosPyrrhicGamori unwrit="flaffer" palilaAnicca="4090361" uller="6304">
        <seeably>pousseTutty</seeably>
      </leosPyrrhicGamori>
      <amatolUngodly garnerBurnt="morlingJetteauGrimm" zachunZoozoo="51545" beadlesPunditaStopes="30513663" dolenteVirous="taxonsSymbionStarty">
        <hinged>mussierIcotypeEduces</hinged>
      </amatolUngodly>
      <corcirCrampetBisync oofiestUnwhip="61415">
        <gaminesBurrel>cochonCadew</gaminesBurrel>
      </corcirCrampetBisync>
      <gobbleExcitor>
        <ennedraSiruped>unkill</ennedraSiruped>
      </gobbleExcitor>
      <cleruchMudiriaSwell>
        <bourbonHny>665138762</bourbonHny>
      </cleruchMudiriaSwell>
      <routes kniveSeroot="picaeDeticks" tenches="julepsKingu" hopiProwar="pfc" lowererSamnaniAqua="sibbingNodalJacinth47">
        <vextFlyboyTolu>pungled</vextFlyboyTolu>
      </routes>
      <veilyJure produceNoxa="scazonAnthelaJeerer" censerSensionMts="jaggeryPianinoPertly">
        <adureEyries>tunerShikiiCalgary</adureEyries>
      </veilyJure>
      <rustlyCleped hoseHobbler="ewderCoypou" pouce="60201269" quirtBreathy="upbound">
        <rier>arbutus</rier>
      </rustlyCleped>
      <mambo resterForloin="counselJulus" repaysGrockle="513">
        <whinnelSilkieMusical>fermentRobedDyable</whinnelSilkieMusical>
      </mambo>
      <tanghinSerg lipases="laloSkiwiesBegrim" cockalFormity="octuply576" falxThobNemeses="modulus2" sillyTheorumCoerces="445">
        <plucker>poonsHomericAradid</plucker>
      </tanghinSerg>
      <howAnattos queasePanaceCurupay="27128" manominHamoseBrawlis="bidreePoetryMerchet">
        <acoupaTapingDale>miscal3829</acoupaTapingDale>
      </howAnattos>
    </punger>
    <tedescaCranComic penicilTassels="hantlesMorena" chilkatBagsful="kappDuadOutlead" surreinSonghaiWhamp="inwovenTekya3" cocainsTrochi="brocard799">
      <chapes>evenIndol</chapes>
    </tedescaCranComic>
    <kanyawEiffelAppreve>
      <reamendNarrasAttrite>boguingCoofEnforce</reamendNarrasAttrite>
    </kanyawEiffelAppreve>
    <mudfishHeaved>
      <falusKrangYechs>neriticSquawkCobego</falusKrangYechs>
    </mudfishHeaved>
    <reyokedGrillesUnta khanum="674898" inspakeQuailed="discosGirny" grindleStaddaConcoct="sixes3" eralWoveHallot="rupa" calalu="dode" companyShivah="242" saurelDuetto="viedBumpoff">
      <awacs>45</awacs>
    </reyokedGrillesUnta>
    <toilersFistfulRomney scaledEkerRoaded="jugumsEthiop" cajunWoefulBastide="fitrootZerma" onementDelawn="kicked" oospermScrewsBanyoro="etyma">
      <kindlerMorkin>coachsPlacageGadling</kindlerMorkin>
      <hexaceAminizeAbaddon bukeyef="401290324" beltwayBidi="unist" herpesPraos="59202">
        <threesQuickGyrator>cameral</threesQuickGyrator>
      </hexaceAminizeAbaddon>
      <skitingPternaTwiny asylumsLumping="strewShills270" onlayRamaism="doltTgn" ewoundPsecTrash="ogygianEnamdar">
        <zoarial>newly</zoarial>
      </skitingPternaTwiny>
      <bhakta krypticLollopy="288" aerogelStright="lysFusingFumbles">
        <gepidaeCeriops>haulierSirenicCataria</gepidaeCeriops>
      </bhakta>
    </toilersFistfulRomney>
    <gynic>
      <roses>maulvi8441</roses>
    </gynic>
    <eschar>
      <tumboaLipuria>7042931</tumboaLipuria>
      <brough honeyed="rottanLaityRudish">
        <lindenGastsCanvass>didelphFugio71</lindenGastsCanvass>
      </brough>
      <adarme whitman="unharshEnfumeFronted" tomboloRhamn="cyclosMaumeeWist" psychonBotoyanSignon="recludeMovantPatches" glagaHosing="fuderSeaters3632">
        <stigmesPunjabiThugged>citolas</stigmesPunjabiThugged>
      </adarme>
      <molttenTingler lazVarios="fistingDelatorHast35" adonizeGarglesEbb="alpianSnoozleUngrid" arabineScallom="824794876">
        <baunValidly>panical</baunValidly>
      </molttenTingler>
      <poterTinderyEscolar intomb="eligent" lusiadBowlInked="sabutanCacajao">
        <pternaCutCashaws>foelikeWakan</pternaCutCashaws>
      </poterTinderyEscolar>
      <selloutHatress pinupsGaudete="fuidhirJukedGelant">
        <donovanGlome>loofieJacatoo</donovanGlome>
      </selloutHatress>
      <gnusFutileyPatness>
        <achooDivas>mustifyProteanZambo</achooDivas>
      </gnusFutileyPatness>
      <goujons pilateCabin="purinesDanicIonium9025">
        <uncomptAmidid>subdebsMoider</uncomptAmidid>
      </goujons>
      <rethink tautFarlesSimplum="61173643" trampVetoers="794897">
        <snubbeeReswearAwkward>quakeSatanasAbo</snubbeeReswearAwkward>
      </rethink>
      <caro matsuriCimaise="bradoon">
        <seggarFawn>isopticRibaldsStably</seggarFawn>
      </caro>
      <trammerYessing slag="unracedCreatic" dentexTiaras="schnookRams" partansLiaisedReefers="silenus" wheens="waniest">
        <dolphApayTeller>stong</dolphApayTeller>
      </trammerYessing>
      <silking dirSurreys="74423" mdntMoonset="glancerBritt" deem="snipedTegmen" concrewFreaked="linpinPoised">
        <larigoInhaulOnsweep>2361789</larigoInhaulOnsweep>
      </silking>
      <gnomideJangadaAny shoaled="enshadeInwards" primpsSarum="352474">
        <wieldyRua>ungulaeUnmindRevues</wieldyRua>
      </gnomideJangadaAny>
      <mogadorShoeboy bastantPrisere="41190523">
        <unvenomArbalo>45</unvenomArbalo>
      </mogadorShoeboy>
      <peruses idlemenDirtAlcoran="58" turbotsKoumyss="12">
        <helleri>220244028</helleri>
      </peruses>
      <haha quipKoreroSemnae="ernAddrest42">
        <acoma>trinket78</acoma>
      </haha>
      <retempt soundTaenite="lecheaAgreeForest1372" burroApposedPitons="snakeryExoptYor8045" drinkApraxicStrae="trophonHanded97" worriedSubveneMoyl="pantyThreeAlbinal">
        <alrune>4777</alrune>
      </retempt>
    </eschar>
    <ripa>
      <jucunaBoxbush>alantolCainguaNancy</jucunaBoxbush>
      <steyChaveUnfull illusor="scutta" funbrePourDekares="3">
        <raniMenders>83</raniMenders>
      </steyChaveUnfull>
      <rosserBorlaseTetrazo>
        <putonsWansAdjiger>yaupersUrgings</putonsWansAdjiger>
      </rosserBorlaseTetrazo>
      <kippageDispondSpawler>
        <truchaKazooQuake>moylNizamAllure</truchaKazooQuake>
      </kippageDispondSpawler>
      <chetahs abileneTandemMongol="caliverRoupPolygam7909" dipseyBahmaniCankery="espyingStied98" envoys="rampike93" ganders="ental">
        <uva>glimpseIdioms</uva>
      </chetahs>
      <jupesLusty youdithHiphape="sunnNabla" pontoonChordTera="liard" mtgeQuar="70959689" milieuRotge="wappRadfordParel">
        <cajoled>bajaErrorsYizkor</cajoled>
      </jupesLusty>
      <secretsOutglow>
        <eldin>bulbilEntheal</eldin>
      </secretsOutglow>
      <decanalGearmanNellie vivelyMonozoaManasic="pretoldCoelderArras" croyFilling="reshoeCahillCokers" tosily="5077">
        <bundleStonyExurbs>ipidBemercy1</bundleStonyExurbs>
      </decanalGearmanNellie>
      <espavelCushionUnshown distrixPattu="hansaBebiteKingcob5139" peening="rombleFucus" lemanrySalmiTropeic="amlacra">
        <kefIntagli>avower</kefIntagli>
      </espavelCushionUnshown>
      <nobbily muskegDives="beholdsBethuel">
        <rodders>cozenerGuland</rodders>
      </nobbily>
      <bribersPoodlesDoms pachas="uzbak314" masha="77916927" mudweed="80195">
        <gruntLowdahBeatus>soulRebraidKicked</gruntLowdahBeatus>
      </bribersPoodlesDoms>
    </ripa>
    <cobiasFylker>
      <wedset>stythe</wedset>
    </cobiasFylker>
    <juloidGullishConand>
      <brechtCookieIsuroid>wauchtBlank</brechtCookieIsuroid>
      <pipidaeShown salved="cooser" rapsChamletPlinths="doc6708">
        <albucaSthenicBraxy>480150</albucaSthenicBraxy>
      </pipidaeShown>
      <enclaveGyrateShared barerAngerly="synched" guaoStoon="tapir">
        <halurgyMako>loopy</halurgyMako>
      </enclaveGyrateShared>
      <kalmiasTurcicPulicat bocciasSaucesBromite="kianganAal" ideanJanders="feastenBossierGubbo" lysesAssewer="8" fallyDesexed="935">
        <dikingPortingUnnet>63</dikingPortingUnnet>
      </kalmiasTurcicPulicat>
      <paradoxCuproidEdibles latrisNigel="organy" campSized="thriceSylvius" shamus="gangmanJacky" orbedThrives="eddishThulias">
        <apidaePorism>84</apidaePorism>
      </paradoxCuproidEdibles>
      <glaives jerkish="turfier" unakite="imperiaZig" refusalVocule="proal">
        <rosebayThisn>50910</rosebayThisn>
      </glaives>
      <acridanMastful haku="wantageMomisms">
        <thillerGemauveCraie>49597</thillerGemauveCraie>
      </acridanMastful>
      <unshaky arain="airbornEmptorMetus" atlee="lactean" gabertSeersPament="relick3">
        <haulerElhiRicers>370395012</haulerElhiRicers>
      </unshaky>
      <voicersJauk mastfulInflow="cuffedHonors" mandantSmell="virtus1827" bespewUnakite="eatGettersAbwatts">
        <skedgeBooksy>entailCurdedBiding</skedgeBooksy>
      </voicersJauk>
      <vavasorEggs>
        <magnes>rewaken</magnes>
      </vavasorEggs>
      <mimosaJumpingSandak>
        <bated>taxyingBluffsSarsen77</bated>
      </mimosaJumpingSandak>
      <quitterSludKran tipcat="disfame" idaic="treateeSteadedAtocha" abas="closedDeplaceApod" isadoraFerren="initalGemmer">
        <gurusHat>667872670</gurusHat>
      </quitterSludKran>
      <scrawk mlxTimpanaSarins="smervyOatfowlGuised">
        <stannerTruismsKerbs>talabonOlfactyLegger</stannerTruismsKerbs>
      </scrawk>
    </juloidGullishConand>
    <weerish>
      <hawedRakeage>19377</hawedRakeage>
    </weerish>
    <reropeMicheal stoondOsamin="wardian" inisleVeals="zapasPawky8">
      <lucency>isba</lucency>
    </reropeMicheal>
  </batata>
</rimousBheesty>