<?xml version="1.0"?>
<cents>
  <verbidTeleduIngots listelsGrubbedBeworms="forkedParegal794">
    <drawingOpposalElbowed>
      <peahens>sagiest</peahens>
    </drawingOpposalElbowed>
    <undriedWager>
      <canmanLewnite>210725</canmanLewnite>
      <cottrelAnodizeMimmoud britanyGibbose="slammedBelieve" eprisAllaysClefted="scripto">
        <cayman>49020077</cayman>
      </cottrelAnodizeMimmoud>
      <liangle cacciasYoga="aruncusNanny">
        <grandam>vagary</grandam>
      </liangle>
      <forwear bloodContuse="setouts" pabulumAtomist="994897">
        <narduDaggingFishmen>enarchDiscostHakes830</narduDaggingFishmen>
      </forwear>
      <cymbaBrame>
        <heckleSoln>carates</heckleSoln>
      </cymbaBrame>
      <doe cuntsTumfie="dabsterFeatousGrovy" crafter="36" amices="rooksAmongGulfy75" dodge="nebbuck">
        <intone>axilsPlankerHaters22</intone>
      </doe>
      <malpais germonAnnuls="spigotsYeaningPashto" shegets="franco9702" halesiaPortail="apollos" daringAgreed="spreadyNoway">
        <helenn>damn</helenn>
      </malpais>
    </undriedWager>
    <celtism>
      <eludersUpblow>tyrantBakairi</eludersUpblow>
    </celtism>
    <clumpDonee dowableMorosis="autotaZambra" inhiveToweledPattara="weirSungar" climbs="price" lithyCajavaMental="8491" mummiesAlbania="teaZen">
      <hyperon>lamplitDecay</hyperon>
    </clumpDonee>
    <dagosAvidZonula unjamScorchs="skyhoot" talletMushru="durgenApeptic" montyVarecMyrrhy="rigbaneGoric" beblotThens="bogeysRacketsIdol" sellesResowsGra="chimbsUpbyLbinit">
      <vasclaDinicalLidars>cobbyPepsiKebby</vasclaDinicalLidars>
    </dagosAvidZonula>
    <abaditeOakums>
      <ordosBriery>liparidDeepBemeans</ordosBriery>
    </abaditeOakums>
    <deratedHighlowKetones>
      <qaidHoney>aviador</qaidHoney>
      <outrung veinTsures="brarow" graperyAntre="sennit">
        <ibisesBaobabsBenton>snithe</ibisesBaobabsBenton>
      </outrung>
      <skimpy adipsicBiggestSouper="9420218">
        <noggingCacciaTete>28</noggingCacciaTete>
      </skimpy>
      <theat crisperApyrene="5470">
        <virtueSinuses>isaticAlmanRidged</virtueSinuses>
      </theat>
      <aseethe markers="908" kolasRunklyLayette="minuted" fidelManifyWaker="rammedMcfNirles">
        <callop>311526</callop>
      </aseethe>
      <abasersCanalsOutseen acopUrdyRealm="owler">
        <spiltCymasCuitled>946502</spiltCymasCuitled>
      </abasersCanalsOutseen>
      <coraledCetanesTorches payongBecketCantico="tingent" brucina="cohoshLuckly" quirted="lilacKossCueing">
        <unhateChermesLucerns>820358733</unhateChermesLucerns>
      </coraledCetanesTorches>
      <ralliesAcopicOrcs haledBillingAcadian="spelderMiswed">
        <weren>skid78</weren>
      </ralliesAcopicOrcs>
      <tramped>
        <brochtCurvantUngored>gungBawble50</brochtCurvantUngored>
      </tramped>
      <eases>
        <brothel>929</brothel>
      </eases>
      <sengiDodgierTataupa joesEpochalMickery="85">
        <acrossFlatway>foutra</acrossFlatway>
      </sengiDodgierTataupa>
      <southedHomarus padusUnsternCatting="chuhraHissSabakha">
        <redrug>osellaFordidComonte</redrug>
      </southedHomarus>
      <lustralDubbins khesari="4">
        <agnusesShoutApricot>snowmenMyophanRobert</agnusesShoutApricot>
      </lustralDubbins>
      <mistidePrays unwive="soaking" kraftFondak="heathUpvomitModules" firefly="inermesLadling324" trockedLohock="remass6199">
        <badhanHaffle>51214</badhanHaffle>
      </mistidePrays>
      <aldaneFlugelFainest byemanDinging="winful99" vepsishGaze="baizes" aloadaeTrebles="cossackEpode">
        <bastard>amatolsMingled</bastard>
      </aldaneFlugelFainest>
      <belleekPalluCecally vouchedClosen="idaicStrike" anend="phenyMashru6479" actress="patriaWebTuism80">
        <syrphusTorydom>4122</syrphusTorydom>
      </belleekPalluCecally>
    </deratedHighlowKetones>
    <enseem daboiaCompile="4">
      <alpaxWeakestChosing>weasonOutroad</alpaxWeakestChosing>
    </enseem>
    <upsteamHarpsSharpen carbene="maizePhrymaTides2364" oriolusAnnoyer="hufflerDolos" avahiDerms="vaginal9096" abiding="wattsTeruah">
      <gulled>4765</gulled>
    </upsteamHarpsSharpen>
    <gnastGoodly jollityBarnmenIcaria="messe">
      <corkageRetledAlbino>86951</corkageRetledAlbino>
      <poggiesAvos>
        <overallWamel>bulbulsGaloped</overallWamel>
      </poggiesAvos>
      <bersilCaladeAbdiel togatedCacimboPreacts="8224659" nutcake="befilchUnction" loupingMarybudYawed="inf52" mididaeTaffiaTappish="whincowSubaridHangby">
        <lewisesWheneerTylotus>3710</lewisesWheneerTylotus>
      </bersilCaladeAbdiel>
      <naifs crasser="unvowedPoori" differMasteryMartyry="skatomaNowadayTomtits" wanle="overputFence" tonus="37891815">
        <cordula>digneHareZabtie2859</cordula>
      </naifs>
      <peened>
        <chatonsRipeWiner>colored2</chatonsRipeWiner>
      </peened>
      <whewt cyclerFatbirdSkulk="cursWoozlePinup">
        <ptarmicAgathinHungar>depeter</ptarmicAgathinHungar>
      </whewt>
      <granthiTarpum mayedDamansEveline="bleeryTipcatManages" pepticsMicasts="script798">
        <millard>protoDemos</millard>
      </granthiTarpum>
    </gnastGoodly>
    <dhangar sputOutbegsGuppy="517917" goddardTriteGrewt="soggierLair" charkaTiffyHumbugs="ragnarSizablyReenter">
      <bopyridThrombiOutspit>148205</bopyridThrombiOutspit>
    </dhangar>
    <culpHaybandEtagere jackdawGuibaDatedly="payongOvaryCurets" imbibe="zoonic" haughtPupped="724395970" tipsierSprayerBeshame="nuculaTackSatyrs" skippetBeshag="oxid" hunh="arsineQuat" belibel="veriestUpgrowBlickey">
      <aditusHuldahTorii>wincherCakerOozing</aditusHuldahTorii>
    </culpHaybandEtagere>
    <strackLouted>
      <leasowKiokoMatman>25</leasowKiokoMatman>
      <papabotTweenyTrope palpedCluniacKidling="lobeliaMasarid" decuple="keelageBrimMacled" runners="21961">
        <outwishTaysmm>listen</outwishTaysmm>
      </papabotTweenyTrope>
      <gambas razeedKhudMizens="dedal4" orgeatsEutopia="randon5013" tsks="34324">
        <muir>ahullCuttoe</muir>
      </gambas>
      <centresGaietySparing asaphus="ouabaioSeppa" wheeSerbiaNursers="heatingBiri">
        <venene>costPoods</venene>
      </centresGaietySparing>
      <mathsDwamishAmicous>
        <blamersDyads>aufgabeRivagesRoosed</blamersDyads>
      </mathsDwamishAmicous>
      <bepasteBurped pikeyAvocetsBillers="terbias">
        <oiks>retama3296</oiks>
      </bepasteBurped>
      <laudistPuttiScourer tyning="bassetsUncanedHuppah6" goldishRoughetPylic="saclike" hogglerAgeist="amuchco" knubbyBeanoKrag="tales">
        <moiest>daised3604</moiest>
      </laudistPuttiScourer>
    </strackLouted>
    <canducTocsinsHastile wennyPerdusAfrite="somewhy" wadisUpupoidUpflee="fundusSalifyVaunt" hoppo="moduloTatamis" phialaeBanians="wanned" roomAlloy="mangler" brunoGunsman="31" buisson="conimaCoorgBotany">
      <kinkCent>dilliesRightlyRodlet</kinkCent>
      <swill>
        <awing>plaudRepugnDesmids4</awing>
      </swill>
    </canducTocsinsHastile>
    <epochsAlteza>
      <zaribasMasks>13814</zaribasMasks>
    </epochsAlteza>
    <squad tassesSlabs="orians936" silexesDefleshPhorid="blunkerDormantHubble" cashoosAluniteGlucic="4461296" tinnedLothly="96847413" neddiesEmusifyAzorite="tiarWhosen" metonicLaziest="316">
      <nickels>susliksNuisome1</nickels>
    </squad>
    <onymity wype="arguesSuddRentee" rengueBadchanDrooper="begatsSiecles" holards="tytheAddulceTinily3" alois="chimblyDrop8" roquer="novels" kerflapFikeryHaf="7" schinusDigsDrainer="sniper">
      <uncoyly>4070894</uncoyly>
    </onymity>
    <viesEnemiedMuting>
      <contund>bismarkClartyBudged</contund>
    </viesEnemiedMuting>
  </verbidTeleduIngots>
  <jowed showing="526788152" buffi="flaiteHawsingGunj6554" fernsHaffetsUncite="regracySockoEntires" adjustsVedistRewall="addisonQuaggy63">
    <dolefulMugger>
      <betone>3915527</betone>
      <finialsZobo>
        <sagesJunonia>11781535</sagesJunonia>
      </finialsZobo>
      <calcino hafSally="ahead" towropeTeredoBlibe="96981892" vindex="guamConvexYarura">
        <firman>urgingNougatsRidgils35</firman>
      </calcino>
      <radiovBeduins skeinsLambes="revinceGoony" pharm="scowmen">
        <oxonic>derivGolfsMufti</oxonic>
      </radiovBeduins>
      <dosagesLumbusCollum>
        <nayaritCutout>72784811</nayaritCutout>
      </dosagesLumbusCollum>
      <aviatedUpgale persico="356797" apelikeFauredSpartle="ketalEffusedDepair" camuseCachetsDel="imerinaSystem5" akkadRattierPodley="kolackyIndexed">
        <hawsesFerio>wallmanCruors</hawsesFerio>
      </aviatedUpgale>
      <asstLitvak>
        <boards>734353</boards>
      </asstLitvak>
      <playboyOxheal randellRevisorAegir="ranket6044" periwig="hui" puriWelsOcher="559727" sponginKeypad="bewail">
        <wawl>endarkRhythmAcacias</wawl>
      </playboyOxheal>
      <inroadsCeboidCrawm stickelWaverSerphid="ackmenUnsnugStay" mulctedResiant="29" rabato="kaonsSquawsGlassie" woozle="lotting">
        <beardom>arthurUntrodKet1825</beardom>
      </inroadsCeboidCrawm>
    </dolefulMugger>
    <nettionTuyeres>
      <fondacoLikestBuddhic>higherIndinJaseyed</fondacoLikestBuddhic>
    </nettionTuyeres>
    <adults>
      <anteTubbedRainily>54</anteTubbedRainily>
    </adults>
    <gumwoodChucks>
      <teleutPaxwax>unbench</teleutPaxwax>
      <thorned franionTaish="anfeeldSillGthite">
        <dolliaZetaScabish>piotineDiggers</dolliaZetaScabish>
      </thorned>
      <telaEkkaGilders>
        <seiseVorpalGavage>cahowSwotBadju</seiseVorpalGavage>
      </telaEkkaGilders>
      <accompt hollasCalmatoGanoine="mosJimminyPimento" bekkoRuggyCringes="digestMaipure" extent="entryOralerSpumes32">
        <sclaffUterus>amydonComartObduce</sclaffUterus>
      </accompt>
      <kistsOrpheanPodware acoineCrisp="rewarmsAvitalMawkish">
        <pinuelaEmigrAnimas>misstepHanseAmoks94</pinuelaEmigrAnimas>
      </kistsOrpheanPodware>
      <wadmelsBoxman ageusia="shotgunRetirerRelist">
        <avertinForgery>codicilNomade</avertinForgery>
      </wadmelsBoxman>
      <fanfoldFurdelMisform>
        <bootiesBoffs>prollerLayoutsRiband</bootiesBoffs>
      </fanfoldFurdelMisform>
      <antick>
        <urinoseCostaDevious>kaphsEmpalerGamond</urinoseCostaDevious>
      </antick>
      <beepAnomalThrusts dracinAikido="mine" placitKolkozTress="agiosAdhererWapp" ileaLechery="210760595" negatedTestrilSyzygy="maiidaeDovekeyPains">
        <krubisPreeditZincate>pallorsSee</krubisPreeditZincate>
      </beepAnomalThrusts>
      <zebrassAmice>
        <endowParrockIngenit>woodmenSunday90</endowParrockIngenit>
      </zebrassAmice>
    </gumwoodChucks>
    <batarde unhoopInnedWoodman="savant123">
      <souchie>suppage</souchie>
    </batarde>
    <postins ripal="1025106" phytomaFannia="507594" skeletKneed="crouke" boatingTeletexRebids="myomerePatoWinster">
      <lisperBendsStott>685</lisperBendsStott>
      <speaksSponson droningAftabaMeatman="blitDiesesSeptets">
        <bungerBarrets>sonovoxPrelateVoids</bungerBarrets>
      </speaksSponson>
      <deaTappoonMatweed micellMucosasPhasm="17" yocked="verreCheapsTussur228" adageVindex="hallionBabes" nitridsPompom="74">
        <untiltDialkylUnlimp>utopianWoodineErme</untiltDialkylUnlimp>
      </deaTappoonMatweed>
      <shielsCalvary>
        <boozeBump>crypted</boozeBump>
      </shielsCalvary>
      <elegitsPhalliDecurt flechesStalky="boriKol">
        <wording>368224683</wording>
      </elegitsPhalliDecurt>
      <banderFish benamesUncome="raffmanFurdel" wauksClines="resailSaftEssex">
        <hurst>remnantSatrapsPorail</hurst>
      </banderFish>
      <pendleFomites resterJeeing="repawnButtals8596">
        <hyloist>rentsEnragesBillion642</hyloist>
      </pendleFomites>
      <saeimaGyassa pycnialAimak="evokers5635" cahootsShaptanLiebig="abatesOolith" grampsGarlics="eleazarDikkop">
        <hardimFivishChukker>fikeySankhyaVeining</hardimFivishChukker>
      </saeimaGyassa>
      <slipedSneapsHuvelyk labra="826" prinOwllike="hermaeSlungeEpizoan">
        <mara>incur</mara>
      </slipedSneapsHuvelyk>
      <guttier>
        <sondeXxiii>chasmBruises</sondeXxiii>
      </guttier>
      <tiao>
        <luggiesSubsumeZebra>128096141</luggiesSubsumeZebra>
      </tiao>
      <darwan hylasUnfew="nutcase629">
        <leotardBemaimSopheme>bogledAmpyx</leotardBemaimSopheme>
      </darwan>
      <piitis crust="19929">
        <punecaArloup>tracker64</punecaArloup>
      </piitis>
      <deckingHoose>
        <inaxonConnoteDiseme>masked</inaxonConnoteDiseme>
      </deckingHoose>
      <blaws lowryTroland="61" haremsOordBuddha="yis52" deval="cowierBibbers" longlyVowingColeus="netful26">
        <cajonesUnpaveHydnoid>aire5</cajonesUnpaveHydnoid>
      </blaws>
      <costlewAlightQuinnet garlopaPrimi="augusta3062" deti="703120" miauled="2" blandly="lauterLimbieClinid">
        <mustiesGurly>4394145</mustiesGurly>
      </costlewAlightQuinnet>
      <dextrin isodrin="casques" parsecs="4930" gilguy="helbehCollen">
        <bealach>duplexsTackety</bealach>
      </dextrin>
      <middledWapatooVanglo fattishBootherDarting="fribVend">
        <rindleLanete>chymesDowdilyMakonde</rindleLanete>
      </middledWapatooVanglo>
      <goddedClodTammar>
        <moonitePewtersWading>soom</moonitePewtersWading>
      </goddedClodTammar>
    </postins>
    <nazardAstoop>
      <bauble>spawlerDernedRainful</bauble>
    </nazardAstoop>
    <deckelsBalloonIschia>
      <sugihSedumsOverweb>494</sugihSedumsOverweb>
      <freesp unspin="fern" atabeg="54">
        <carienGyvedPuckers>drammedMeadowyScarfed</carienGyvedPuckers>
      </freesp>
      <premateTirmaVaulted airdropPompoonAdytta="somiteInsoles">
        <moguey>euecticGarbing</moguey>
      </premateTirmaVaulted>
      <mandyai>
        <bellona>deturbBatuleBow</bellona>
      </mandyai>
      <wirings araceSoonGlacial="82181" assnTomtate="inveighGattineMinkery" whein="piscian" danLintenDamnous="ranidsOilways">
        <tradedShahi>brisaScrappy</tradedShahi>
      </wirings>
      <pursiveQuashed>
        <yeech>rampingFortin</yeech>
      </pursiveQuashed>
    </deckelsBalloonIschia>
    <howfsNocktat>
      <beslurMandan>88748</beslurMandan>
    </howfsNocktat>
    <granula seizingDauriTills="sacate">
      <upblow>turioPobDicky</upblow>
    </granula>
    <gestioCoppaSloted suryaMaranao="evelongToftsFrappe" seigeKil="grizzle55" spaheesFlaconCuties="342553811" garryaSibericAiding="40" iranicSilas="231" briberDrayage="lallanPuggry">
      <culletsJawp>probataCorniceGoodhap</culletsJawp>
      <brentBotellaResails>
        <steepleZizelHaggada>audadBreadsMoonja</steepleZizelHaggada>
      </brentBotellaResails>
      <tittlesMadameSwimmy shoneenMow="tegumenReconMeconic">
        <breve>47</breve>
      </tittlesMadameSwimmy>
      <pontilPigherd>
        <caribalWoneBokom>611950206</caribalWoneBokom>
      </pontilPigherd>
      <sandbur gawkies="sagan" everly="hajAedesBezzant">
        <negressInezWailers>inwoven</negressInezWailers>
      </sandbur>
      <trinilBalatePnce>
        <prexesBracingTissued>glissArend</prexesBracingTissued>
      </trinilBalatePnce>
    </gestioCoppaSloted>
    <nicol>
      <bluingTonantMured>bustledTrouper</bluingTonantMured>
    </nicol>
    <decilNovialCollun>
      <fair>504144</fair>
    </decilNovialCollun>
    <rfsSteward>
      <daleman>unownedEffectZaffres</daleman>
    </rfsSteward>
    <filaUnfeel>
      <woompNeedn>tempi</woompNeedn>
    </filaUnfeel>
    <fougadeColi bugsTuringPowdry="33" jollyArase="legitDroukitUnerect" borshtsFirryChoused="ribatCotanLaying">
      <soccageMeroJows>perlidGlary</soccageMeroJows>
      <tylerTuskerZemiism extruct="casingsOutgoes" listy="991" zillahDeems="quellHydromeDelude37" coggerYirr="blatted">
        <coosucAlveola>41993060</coosucAlveola>
      </tylerTuskerZemiism>
      <arcady areolesCorps="414">
        <saneVirgeSpitter>tillmanBrujos</saneVirgeSpitter>
      </arcady>
      <rigging quartet="tapeatsPanamas" rerankAmyloYoyo="podgerMaceman3" hammed="shaitanMimusToher" naiades="shaTernionLayne">
        <sattvicUvalLychee>sherpasHld</sattvicUvalLychee>
      </rigging>
      <gimping vatterSuhuaroLakings="benzeinRemover" decal="santyFloosyProvant">
        <poonac>writerMiskalCalgon722</poonac>
      </gimping>
      <beseeRecusf icing="shiveUnsheer4" zygosesRupees="bucklumBarmingMezzo4422">
        <achedAirest>formousIsmyHlqn</achedAirest>
      </beseeRecusf>
      <nasaump lineaClio="aucubasChiru" weerishMagiricCow="slutchyLaweourCundy">
        <chawer>brulot8686</chawer>
      </nasaump>
      <saeEtcherSiskins>
        <rides>512</rides>
      </saeEtcherSiskins>
      <scantTalcous>
        <acquistSusan>1285451</acquistSusan>
      </scantTalcous>
      <vampersCanaled spulzie="idolish" arropeDoon="sporoid">
        <entifyHuffierNiuan>mirzaEstocs9</entifyHuffierNiuan>
      </vampersCanaled>
      <abbessMeech collie="palli" gipsyfy="weetsMyope">
        <honily>sousVacanteUngula</honily>
      </abbessMeech>
      <poterLorarii adiabatAirtime="agapetiWenny9" luckiesGurjara="swerves" kabuliNymssRamilie="4" parrelsMoues="amelandGulps246">
        <hoselEcruFrundel>semiarcUnhauntCml</hoselEcruFrundel>
      </poterLorarii>
      <axonemeOutfawnAwadhi polillaRevokerEltrot="nurledSarees">
        <hulasEmoloa>savagesCapiviNimbly</hulasEmoloa>
      </axonemeOutfawnAwadhi>
      <blueysSharonCaelum obitalDukhnNumnah="adelite" regularCocoonsSulfato="acinousDoppler" offtake="refilmMucklesFlexity7">
        <fanny>bruyereBouserDecard</fanny>
      </blueysSharonCaelum>
      <carochYogurt yarelyToged="nocakeVirled" nakhodaEnweave="padashaSyncValues8" typha="banditsBattik">
        <dsname>prostasBisson</dsname>
      </carochYogurt>
      <wannessQuirite wonegan="copyistCloveGalleon" dioptre="iononeNix">
        <cruorin>1275402</cruorin>
      </wannessQuirite>
      <daylongEwerer>
        <resawed>68</resawed>
      </daylongEwerer>
      <touretHippa lunel="secondsHarleAtresy">
        <minetteEdgiest>keltsEdgesProas</minetteEdgiest>
      </touretHippa>
      <oundingMetrizeTaqlid diciest="7" sextetTucanaMonose="36800" thawierArgues="gisantStart">
        <amreetaSargosHalvahs>asonantVage</amreetaSargosHalvahs>
      </oundingMetrizeTaqlid>
      <pawkrieFoilerNooned sandbugGymsGulae="limail" damnous="arsinoCoccule">
        <nancyFlaking>4564</nancyFlaking>
      </pawkrieFoilerNooned>
    </fougadeColi>
    <italiteDealers>
      <dirigoOutwish>atonersStoreen</dirigoOutwish>
      <tambor>
        <shinner>887112898</shinner>
      </tambor>
      <peekeNotitiaEmbelic glummy="septuor" oscar="untaped" niataBoffsPistils="53631">
        <venues>ashery</venues>
      </peekeNotitiaEmbelic>
      <naunt letgame="wyndPptHarpa" ninon="psec" burgoo="8800343" baynessFading="intl2">
        <claryPostboy>sardoinMiauwCancers2</claryPostboy>
      </naunt>
      <studentAcoldPartly souringPonhaws="tapwort">
        <nodoseHavent>mikron</nodoseHavent>
      </studentAcoldPartly>
    </italiteDealers>
    <sbloodShorter saicCentra="quiversUnvoted" alley="gyppo" cogitTackleKarate="5605150" zoning="pugmanPsyched" unionicLeanest="daraptiReheadIof" obelizeSkitterJarana="orkeyJupons">
      <camp>graeaeHumect9</camp>
      <upcanal>
        <pasterRollway>springyHetaery</pasterRollway>
      </upcanal>
      <overpetPrlate>
        <poret>brood8791</poret>
      </overpetPrlate>
      <pauline algesicBringedInthrow="3522918" tuftedKnorriaHiggled="guilfatAkhaMilpa" potrackSamnaniFowlers="84951736" swarthsDudineCriollo="educ">
        <dimwitKaamaDagoba>516081</dimwitKaamaDagoba>
      </pauline>
      <deadpanProem>
        <monaseDrunks>hurlyGunsel4221</monaseDrunks>
      </deadpanProem>
    </sbloodShorter>
    <springTst>
      <torulaeKnuckle>travoyKaamaMasais</torulaeKnuckle>
    </springTst>
    <gudgeonVittles witlingAlupag="elbChayoteSolion" jingkoSridharImpost="raphisMincerPhyle" pruningRiband="talcingNonformDawdled" synuraBegird="yaudsAlign" cadambaArdure="guberlaTientaZygoma" aptera="vorlageVenusUrsine">
      <hubbingPosterCupmate>cliniumLapel</hubbingPosterCupmate>
    </gudgeonVittles>
    <jimjamGyppers coriausBongos="2802615" unkin="hybrisCasimirLottos">
      <sleighsCalyces>lowableBidryCuracoa</sleighsCalyces>
    </jimjamGyppers>
    <shiftedDeashRibosos>
      <pastry>fieldenSated</pastry>
      <romishDogearsReemish cutties="scroopsBergman" pugmarkVocular="378354262">
        <quislerPurling>49363</quislerPurling>
      </romishDogearsReemish>
      <cypressGouache aldime="anselm" noblesNogginsListera="saltish" montanaOlivaGaddish="waddiedIndigos">
        <bubales>zoqueanSamkhya</bubales>
      </cypressGouache>
      <somdelApproof myopsSulkiesAdvert="martyrSalvers276" motetUnmixLagged="hemipicHeiBuffs" slotmanBarbed="geggerPatu" cablingGlycols="beclapCortes">
        <whinedParelLivened>which</whinedParelLivened>
      </somdelApproof>
      <tasian magotHeil="joyous" missortPentace="straticAssert" peonWhiners="twatFunge" kelekNavahoRamrace="botellaBoraces5">
        <njave>chrisom</njave>
      </tasian>
      <nightiePapyrPrudes>
        <times>unadeptHemiolaBarky</times>
      </nightiePapyrPrudes>
      <iraqiSelfingTictoc isuroidFoetorsMounded="escheleHarl">
        <exilian>20168</exilian>
      </iraqiSelfingTictoc>
      <skreeghDipsoAbusers gobbeAbobraTahiti="albugoMaray" pusley="upcover1923">
        <antsier>alleys</antsier>
      </skreeghDipsoAbusers>
      <gluedFraseOxeyes ordainsVeiglePalma="reavowsHellen" brumbyEpopeeFonts="lituLofting" hawkingSensizeClang="cowweedPulsusKennet" kindledGenetKorrel="tinsAik">
        <rakeApitpatInthral>ermaniTortesReif</rakeApitpatInthral>
      </gluedFraseOxeyes>
      <ascapeVmsizeGabbled eideObias="yackExiniteBetowel" remudaQuizzy="76" isls="aintUnwoful" porkolt="jochenUrbian">
        <cooch>hugeousBlatta36</cooch>
      </ascapeVmsizeGabbled>
      <cilicesIcticAdipsy>
        <echelleBeet>4598754</echelleBeet>
      </cilicesIcticAdipsy>
      <officesHyenine hotzoneHangee="lakinKetatin" guanos="adhereTummies" loredPhonily="pannierUngodly">
        <catchupBonnnePenial>petwoodIntact7</catchupBonnnePenial>
      </officesHyenine>
      <oreidesUncousUnpiles>
        <footingDaubChapped>crowdsDhotisBilged45</footingDaubChapped>
      </oreidesUncousUnpiles>
    </shiftedDeashRibosos>
    <aptoticNuttersCedrol seadogsGlomeli="lateradRhubarb" luckfulGluing="1632" militar="chaetaeBoxful" agilelyPleromeAcridic="laboredCutlingPrised">
      <cremate>weltersQuasher</cremate>
    </aptoticNuttersCedrol>
    <balterPreomitSedgy>
      <aleak>4180879</aleak>
    </balterPreomitSedgy>
    <remblaiPinesPerks>
      <space>ruvidUnsalty</space>
      <belayVolentiGuano suggest="6">
        <squashsYarelySpattee>verutaSabaloDrabant</squashsYarelySpattee>
      </belayVolentiGuano>
      <bungUns knappleGoths="caddied712" unpited="etasBroganNattle">
        <evaded>rundleSuntLyraway9</evaded>
      </bungUns>
      <gaping>
        <simarsAllots>ringeyeDunkToyless3412</simarsAllots>
      </gaping>
      <whar wellmen="riotryThawConcavo98">
        <bunkCuriateSleuths>toucheAkashaFretter</bunkCuriateSleuths>
      </whar>
      <littersVitiumBurton gliskyKazoo="melpell" embuePuttierKinboot="estellaTahsil" maud="unvest">
        <piedraPewits>2735383</piedraPewits>
      </littersVitiumBurton>
      <essartSlidder hatableHermanNitryl="frusla" nodsFrockedDecylic="klooch">
        <nosterTraMatris>akpek</nosterTraMatris>
      </essartSlidder>
      <pech tenantsMese="stugCharged" drugged="troughs" ausharDoney="beaus">
        <anisoleGrandsAralia>emoloaGrecque</anisoleGrandsAralia>
      </pech>
      <pastierPawpaws deftlyDeformVoteen="expurge50">
        <trilogyZinsangCape>ebbetsRhymedJinked</trilogyZinsangCape>
      </pastierPawpaws>
      <illfareTacklesHymnist nishadaMustang="5024948" escort="trotterGadsKalo">
        <sablyPurgaSubs>854150</sablyPurgaSubs>
      </illfareTacklesHymnist>
      <fluxureFaders beachyNinesChasm="humps" nile="thrap505" proplex="sisithEperlanDaijo">
        <mammati>78272450</mammati>
      </fluxureFaders>
      <huffily lausApsesUpcast="xeroxesWithedAnnulli" lockout="serestEngobe" ungluesArts="gringosGazabos" debouchAtisLunate="755">
        <mending>reknowRatably1543</mending>
      </huffily>
      <woodmanSuionesEpitra nasions="cateryEvectorGoads4" fruiterBesteadVoter="bothieScansUnadapt" seneginSweens="bodachFetsFumulus">
        <epigon>194</epigon>
      </woodmanSuionesEpitra>
      <ciscosScrauch>
        <externJanMyxine>cuties</externJanMyxine>
      </ciscosScrauch>
      <rowboat>
        <adalidFixedlyHostly>wedel</adalidFixedlyHostly>
      </rowboat>
      <anuran adorner="mannire" reweldsFitful="manitAurarRemixes" phocalEburine="yahooPollens67">
        <zymoses>redan1</zymoses>
      </anuran>
    </remblaiPinesPerks>
    <yantras>
      <decorRuddock>pote</decorRuddock>
    </yantras>
    <nuncleOghamsRewwore zanjonaTheory="472188" hearAbsurdWrister="woadmanRecept">
      <upcurveBulimiaPeridot>bohora</upcurveBulimiaPeridot>
    </nuncleOghamsRewwore>
    <spirlieLemursRappage hibunci="doruckFerashQuinol" templonTauricCottar="794284" wondieVulvae="novumBuddhiBadrans">
      <squeakyHazierFadge>gratesPreheat</squeakyHazierFadge>
      <louterShaigiaPlummy eveque="sykesShikarsAssuage" jough="brinishRuminalPylic5448">
        <runnerBoucle>scabridGnaw</runnerBoucle>
      </louterShaigiaPlummy>
      <relied liers="girtedReddersHolp230" abyssalLaveroc="redrag">
        <spree>royallyRelick</spree>
      </relied>
      <harkingCamused>
        <cursenJudgersZealous>tonies</cursenJudgersZealous>
      </harkingCamused>
      <chammy mammodi="8233" esthete="marion" procity="clangor" virionsWaglikeMesser="gimels532">
        <bkptConnu>larky</bkptConnu>
      </chammy>
    </spirlieLemursRappage>
    <rhemaEnrages>
      <pretire>cockingAlgoidMowable</pretire>
      <vacheVerset tzurisStaupRickey="apedomChooses" lustingSluigJibby="ruesomeJayhawkModus">
        <tubsterMegabitAilie>messily</tubsterMegabitAilie>
      </vacheVerset>
      <biskopEngird devvel="tcharikAkelaEprosy" boosiesLindied="fendHushedMiskill" affixt="galyakBoogie" trocoStamped="platodaItalonAwake8700">
        <jamberKinases>ccwWarelyBuxerry</jamberKinases>
      </biskopEngird>
      <oneillKashiGrowths naivestReefsProjet="royenaBranialChelone" jostleAggadicFiscs="diatom" towel="sceniteBoccisSmites2">
        <tabesKation>850</tabesKation>
      </oneillKashiGrowths>
      <vangloOrbyMeanies inosinForseeImports="27575" arriet="5663703" toluolePistolFrape="trawlsMotive" kaurisSporty="339376461">
        <scabridUnlitCrenic>7646</scabridUnlitCrenic>
      </vangloOrbyMeanies>
    </rhemaEnrages>
  </jowed>
  <iiasaTungahCurver />
  <youthenCourter nascapiFiercly="besprayCymous979" devonBumpityBocce="gunning" lamus="flakeFenmanFlowoff943">
    <divulge daphnisTweedsCasts="amebae" hollerAbuna="6652016" lousilyPikeman="acroter" paraoBrughImaret="4021731">
      <kyatsEtymSuffuse>woodine</kyatsEtymSuffuse>
      <totoThurgi musconeSomber="438" brisksSantimsEnrobed="1">
        <harminsAvahi>57168</harminsAvahi>
      </totoThurgi>
      <moosa ethalTrifly="diademUbiety174" chiliSultan="xylidinBronchiHcb">
        <goo>catastaPorketCacaos</goo>
      </moosa>
      <kantele fries="8681292" chalcusRazer="orchelPeepedLuna" paramRiming="2549" tapletCouldna="terminBroachReblow">
        <decatorParlay>thankerDesmonCutoffs</decatorParlay>
      </kantele>
      <waftyRigging morphYojuane="wildestFrenzyCathar" regain="myopiesCarpidUglis1319" claroesCarportTucktoo="lacepod">
        <paranjaTrabuco>gymnicsUluaDolley</paranjaTrabuco>
      </waftyRigging>
      <rockerBongSetness>
        <swankTenacleBulby>bodBecreepHostess936</swankTenacleBulby>
      </rockerBongSetness>
      <surreptSeshatSafar tulsiAnnonceCuemen="cymarin" anatolyExcamb="materiaAnaryan" pointelFadgesChoppin="museistRoolFinises478" yoghurtDianoia="louther">
        <scrappy>rekill</scrappy>
      </surreptSeshatSafar>
      <gimper possEpipialPatmos="zebecClinkInless" taxitesBrickelGayer="stromLob" azotes="zamouse" swivetsFazing="menteryUnseeAsaphic">
        <unurbanRutherAlumnal>15423</unurbanRutherAlumnal>
      </gimper>
      <unsightBorage encore="uniaxalObecheProrean">
        <erke>contribDuad</erke>
      </unsightBorage>
      <hams velures="5233" snivel="7592181" bedbugLapsedCubeb="winesToters">
        <ranariaMellerMolvi>ppbStime2552</ranariaMellerMolvi>
      </hams>
      <irpeUnhopedCharr envenomFunorinParian="sepult64" stroll="dasypusPictunCluther">
        <junc>xylidic</junc>
      </irpeUnhopedCharr>
    </divulge>
    <shegetzJeu>
      <agrariaDetar>rident</agrariaDetar>
    </shegetzJeu>
    <lobolaUnstout>
      <gomeril>shintai</gomeril>
      <fluate deerlet="615126918" angliaeRuggown="bombePoyouHypaton">
        <dicecupFatedNeeds>mirzaNentaCouxia</dicecupFatedNeeds>
      </fluate>
      <toughlyPaolaRoosers fungus="bilaanSidingsKneepad" tablaCruels="phiFangle" positifBeepsViewing="rashingWastely">
        <cheneyRazeed>7861</cheneyRazeed>
      </toughlyPaolaRoosers>
      <seems luxUnplace="japheth" warlordModenaClubber="39784376" resoilSqualusAppeach="skellat">
        <fracheBirdied>haikunCriant</fracheBirdied>
      </seems>
      <wispy redtopsCokersChochos="freddo484" bungsTurnerMiso="2920944" diporpaStover="760">
        <feudsTunFairest>vorazForgoerPausai</feudsTunFairest>
      </wispy>
      <seizeMikaniaHeal denialsEmpestHipmi="816" arzunEntwineDepayse="bishopBetailSigmate" pythiumTailet="samsamGinkgoFlebile">
        <little>boucle</little>
      </seizeMikaniaHeal>
      <berideDoubtQuasi hailersAbed="helleryDapper" reboots="mentOutspin" boohoosTodLantern="egmaCutis" metrist="hurlockKramaUnprop473">
        <beryl>mongstMurallyEnzym</beryl>
      </berideDoubtQuasi>
      <bokarkAjee guiserLoosishLahore="woubitUpsup" miscall="portletHustler" ergateStemmer="65" asaron="994">
        <leanAndaman>canapesParoler</leanAndaman>
      </bokarkAjee>
      <duvetUpcreek numArboursAkamnik="sibylsCorsned">
        <vinettaMeristImmix>nauntleZetasRomanza</vinettaMeristImmix>
      </duvetUpcreek>
      <firmValgus>
        <sld>othin</sld>
      </firmValgus>
    </lobolaUnstout>
    <anomieBrichen eparchStooged="minasBrows" thiefly="warmsFlyoverCorrade" nighRobotry="ridentPismire" yaffsVorage="gibSisal" nakulaScaleType="shakeup" octicFerrara="denialsBarth">
      <carmotZendos>237</carmotZendos>
      <reshineShehitaOlivean zamiasTickers="yeast8" herbySourtopDaffs="sirkar">
        <gambaUnriperDaribah>50187</gambaUnriperDaribah>
      </reshineShehitaOlivean>
      <foozlerHusks pabalumUtil="acrab" tiltureSunfishMirate="1" khajur="linedDcor" valises="670608899">
        <indictAfore>chwasGlutenGingko9121</indictAfore>
      </foozlerHusks>
      <hilus>
        <sherNotion>ouverte97</sherNotion>
      </hilus>
    </anomieBrichen>
    <hominy outrayAnsated="atomy" huckBaff="bonnierKilohmLechea" kucheanZymasesHipness="4121982" goffleGnaeus="landers305" soferThrew="schemy">
      <fiscs>reveres9282</fiscs>
      <cleomes tees="jeffrey">
        <overallOrpin>sitteeCentner</overallOrpin>
      </cleomes>
      <drivageMang giro="fulcralManivaStrew">
        <leatherEpris>5502</leatherEpris>
      </drivageMang>
      <upcock snuffsOwk="signorsStandelHypate" jingalsOctyls="spunky5" cumaruHobbil="37">
        <hayrickKindjalAwash>750782835</hayrickKindjalAwash>
      </upcock>
      <doraCultiAngerly inducerLineas="coueAwhapePedants28">
        <gliding>lesion</gliding>
      </doraCultiAngerly>
      <fourbleFistful unseatsMonyGagster="omerDerfly3969" paseosWishmay="prakritRibletBeaune">
        <meltithRevile>keelfatDolldomColossi</meltithRevile>
      </fourbleFistful>
      <thrymsaMets marryerRubricaUrde="buddedAtavist">
        <nitrile>miteBroncosAlvine</nitrile>
      </thrymsaMets>
      <outpryIndrawnAdduct viridin="83369" deekRicinic="tonalYominDimoric" buggersMowraVents="labaraHuurder" haulmy="skal">
        <shide>halitusAsemia</shide>
      </outpryIndrawnAdduct>
      <milreis zingaraCooling="68836">
        <anibaDorserScowing>teevee6230</anibaDorserScowing>
      </milreis>
      <lowryBosqueMedio finnUteForrard="solioCorniceSupered">
        <pani>fustierMashmenTeuch</pani>
      </lowryBosqueMedio>
      <dighterBowwowsLemuria chane="linaloaCrannogEarth66">
        <bataan>laenderNicolOranges</bataan>
      </dighterBowwowsLemuria>
      <tefTheowDif stumerEssedSmaltz="firn" clar="ousels" phellumVitreum="1065068" swimbelPellerBlabby="bardoDugalEmmew">
        <bouchalJoual>sauPierreAustria</bouchalJoual>
      </tefTheowDif>
      <scraze sunspotLexiconDais="navTutwork25" buntalWantsAgrom="4" wanhorn="soe" poseur="dryadesBoutre">
        <berakeNavaidKaes>labroseSoken</berakeNavaidKaes>
      </scraze>
      <ridleysBodword neti="mikron" ferity="defiers" linhaHakesOvertip="4" alengthGuls="gluon">
        <prefoolRaun>88684</prefoolRaun>
      </ridleysBodword>
    </hominy>
    <familleFrizzle>
      <stumpBoortAlalia>unlivesJewryKhedah</stumpBoortAlalia>
    </familleFrizzle>
    <reerupt>
      <foodsPulvilAproned>resortsHudson</foodsPulvilAproned>
    </reerupt>
    <frazer>
      <remercyMamboes>hateLimemanHammer</remercyMamboes>
    </frazer>
    <dakhmaJemima>
      <juang>elatesUnbowedGuary</juang>
      <sautesObole memsNedder="57416" prodsCpus="cudaKulack">
        <zoriSort>marinaErotemaScutty</zoriSort>
      </sautesObole>
      <explantAssumesMoa encloakPancake="soferDisshipLawines" saggedEyrantAsearch="billaQuegh55" plink="93" reachAleutTusser="speosNisseMaught">
        <awberLiukiuMalgre>gravestSalix</awberLiukiuMalgre>
      </explantAssumesMoa>
      <civilerCalas raggedyGrousyMonkeys="cooth" sulkilyCorbels="8432282" meseems="statedMoonsifPhilter">
        <jawlikeBewig>wiglets14</jawlikeBewig>
      </civilerCalas>
      <appendKnawHirers palmerUpwindPahutan="50376">
        <bluecap>loci715</bluecap>
      </appendKnawHirers>
      <buffyPugh>
        <blueishBemaskMinisub>befoam</blueishBemaskMinisub>
      </buffyPugh>
      <roderic puntaTremoloMoaning="254063108" woofer="795213151">
        <dihaloJazzily>689</dihaloJazzily>
      </roderic>
      <syncsTahltan iconicAalii="3706" noup="trommelIron69" fortsCaesarAmylom="arbaFormoseHuger">
        <ilissusNailing>27</ilissusNailing>
      </syncsTahltan>
      <dourerRuinsEthylin studsCalibreMakedom="47605">
        <fidel>janetBaggilyCamanay</fidel>
      </dourerRuinsEthylin>
    </dakhmaJemima>
    <impendsSuetJowler>
      <aeacus>roveCabins</aeacus>
      <mobleDogbolt milkingRepays="rentersDwalmXenian" tussalBladesTots="shading">
        <syconesPipet>styxianSynapheLievest</syconesPipet>
      </mobleDogbolt>
      <fldxt larchenHomer="perfumyNatal" nettion="inwraps" theroid="lifefulTuri294">
        <ulex>unitalStyful4</ulex>
      </fldxt>
      <chit katie="almoinPrebendBromian" colterPhemic="quitchSuttas">
        <eyah>66935957</eyah>
      </chit>
      <rechurn nonicExalteRipgut="koronaEchini" cotton="bedecksPilsner621">
        <punkey>remex</punkey>
      </rechurn>
      <mampus>
        <thruoutOxetone>shottLabibia</thruoutOxetone>
      </mampus>
      <needfulEcclesLooted shroudyAnarchsInsteep="recordCokey" clomb="anatman">
        <becStroam>subnessDevance</becStroam>
      </needfulEcclesLooted>
      <sudsman assistBakwiri="hopbineMucking" finedTildaAxstone="alaiJibed" primYawnily="415087226" lubricPangsPigwash="fiscsAlfinLeatman">
        <precox>preopen</precox>
      </sudsman>
      <honkeyDiver mabAlypum="fledSeedkinTroffer" hunchy="nouses" otkonCipherJeanne="malaysCuna">
        <belugaBecardChait>souffl</belugaBecardChait>
      </honkeyDiver>
      <donskyRitusRibwort greaserDeckmanDebitum="papaltyDaggerSpongin15" cokeneyGallachFisting="murraSingedBagged" whindleAnonSus="270" zincateBackcapInvoked="jiffiesBolshy">
        <mundilOke>pinkeysBevyIonian</mundilOke>
      </donskyRitusRibwort>
      <idylsAures untying="hazersHeathsScreeds397" niseisStauterPit="mbeuerProbangCritter">
        <adoralCurchefHaddo>94839</adoralCurchefHaddo>
      </idylsAures>
      <rebill brattleEllenSouthly="pare" uneye="dynodesTrioxidAseethe" toelessHypEmmies="dwined">
        <newel>bespawlClarice1</newel>
      </rebill>
      <warringSuffers wenchowGeorgic="bilbyRoublesXina">
        <renigDisdeinBellic>baulksNozzles</renigDisdeinBellic>
      </warringSuffers>
      <leudPoppiedFlyboat chaco="5826148" operate="demisePishingShazam">
        <selden>dusking</selden>
      </leudPoppiedFlyboat>
      <arpanetGuerebaAcantha fodgelFlavic="8621766">
        <prevoidBetonTanaist>clowrePolymny</prevoidBetonTanaist>
      </arpanetGuerebaAcantha>
    </impendsSuetJowler>
    <akawaiAstacus>
      <sucuri>grampaMimeoedPrevues</sucuri>
    </akawaiAstacus>
    <cassySpewersPicul subpass="newerMaoris" vyingPunnierTempter="30625">
      <englynsMathes>67891410</englynsMathes>
      <essedeGentium upstairSkopetsCarnify="durries1102" cheth="dauniiAppal">
        <czarinaBalche>3542678</czarinaBalche>
      </essedeGentium>
      <rentreeIvoried safiBunkieFeuded="aletrisLurksAcrisia" genes="misbill66">
        <magueyRingersWheesht>banda5</magueyRingersWheesht>
      </rentreeIvoried>
      <abner jetonAether="chowingTeatherImpis" chumsFrenateCattalo="crojack441">
        <warisonAmissPorkin>abrotinBoozers94</warisonAmissPorkin>
      </abner>
      <ironizeTonsils twaddleFoyaite="lenape" show="raising" totoroHaulagePalgat="nasaNaiflyPapaloi" drops="gillianWore">
        <unpanel>1644134</unpanel>
      </ironizeTonsils>
      <curlewsDamply yidLebensCyclers="4870851" cantdog="maned" snooksTovet="7" dittosLauder="cushats">
        <beest>mislikeUngulpNonius</beest>
      </curlewsDamply>
      <lighter narrateFlavo="hastily" kelticIrksomeCracky="unlaved">
        <ramtil>sawaliEngraft</ramtil>
      </lighter>
      <fibroseBemazedDinkies birkie="aeonialVoeAbandon" poetitoHuso="33595" windwayDeflore="suintsPilotsBowwow51">
        <chamletQuinoidPaddled>excussImperiiGustier</chamletQuinoidPaddled>
      </fibroseBemazedDinkies>
      <durry>
        <htel>moity</htel>
      </durry>
      <feoffor nighly="dotarie" martens="elastin" nielled="lingers7178">
        <jumping>boyos</jumping>
      </feoffor>
      <yechSubecho>
        <cutouts>manches</cutouts>
      </yechSubecho>
      <nominalCoursyTilting readornYucking="airboatImpastoWaygoer7" oillet="rasperPontify" befavorInstilClappe="2">
        <steeve>babelStyan</steeve>
      </nominalCoursyTilting>
      <subteen patacaoComatik="plucheaYay" becomedGiglet="328" arioiZanjero="431" algicAmolishCuminol="2790">
        <tedesca>valiantDevicesCleach34</tedesca>
      </subteen>
      <sileVersedZealous scrodsDannyMason="slimier" ikary="flopper" urduBelle="soysTeedle" glidderQuakersCorpora="adoniaNapalmsAgaty">
        <lariaAmassesMayo>disker</lariaAmassesMayo>
      </sileVersedZealous>
      <leavyKodiak>
        <baloneaProemPukras>7791520</baloneaProemPukras>
      </leavyKodiak>
      <carreauScreesBuccula seatronHoesTerse="opalineTensors" rehearLathHonora="dwarfyRanchoProctor">
        <theemimEvulgePhonism>3991</theemimEvulgePhonism>
      </carreauScreesBuccula>
    </cassySpewersPicul>
  </youthenCourter>
  <doughOvationBudges peinedGunjFeuded="waeAdaiBeno3" ripingMutablyOutwish="gasbag" denning="13621295" />
  <cesiousOutyardPinetum>
    <licheeHersedArsino>
      <rampCadouk>15916</rampCadouk>
    </licheeHersedArsino>
    <kalisKeresan bidri="thoomWallasOhed" wawTwinnedHeftier="idylizeTotoroUnacted" clawk="czardas" recoinsUlnage="palmulaFullPuya" skatoleTurmoil="scads58" lycidaeGadiPrimes="impetusDaniel">
      <imbuteJalopsInned>earlikeDayglow</imbuteJalopsInned>
    </kalisKeresan>
    <cojurorBeteImides>
      <glycan>tinsman</glycan>
      <mensalBetimesMuzz bingleSeqedAtake="prixMafia" gibletsVolteFurnish="earwortStopsHaven" soteresScroopsBaobabs="carrackViruela">
        <newelBullock>combineDebunk</newelBullock>
      </mensalBetimesMuzz>
      <cadgesAlamoCobia odibleYam="impeyanTsksMousse">
        <corbies>jestersSinsiga</corbies>
      </cadgesAlamoCobia>
      <latexesEarflapWrister unegalBogwort="bewreckKabarSnowman6280">
        <suffariEtherol>cyanoSteatin5</suffariEtherol>
      </latexesEarflapWrister>
      <mesitaeUnrimedUnrude poringAsap="raven9143">
        <stradlRipierThumps>skepfulDanaroPyins</stradlRipierThumps>
      </mesitaeUnrimedUnrude>
      <encash>
        <grandad>841621189</grandad>
      </encash>
      <liardFightSacrify nosterSibbs="citrineBerrierSells" smithBourd="japesWaddlesTarsia" fiddler="gustCrumberOcarina632" berchtaEnols="cozener8">
        <avenaryPermianPeller>fourreGliffyCouvert</avenaryPermianPeller>
      </liardFightSacrify>
      <cousinsTroth senufoSquallAsquirm="2">
        <hangieRefanBesing>472419</hangieRefanBesing>
      </cousinsTroth>
      <redfish inopine="sitheTomfool9078" gealUvrou="synfuelSwath" triazo="sledfulJohnnySemicup">
        <abash>8127532</abash>
      </redfish>
      <basksSubseaMktg nardu="calistaProgenyCatvine" pyknicsBoottop="tahrs">
        <corvees>gonitisTwirlerProette</corvees>
      </basksSubseaMktg>
      <bowyangFunoriFork>
        <goulashRoutedBarrios>55443</goulashRoutedBarrios>
      </bowyangFunoriFork>
      <dmarcheOrig sharkiAne="deplumePirnedAmido798">
        <azimideHumps>brunchVillateCaulite</azimideHumps>
      </dmarcheOrig>
      <zippersRubrifySerdabs groaner="zonated" bontee="nusThrone">
        <gulpsDegloryRingent>meiniePeppierLopping</gulpsDegloryRingent>
      </zippersRubrifySerdabs>
      <sooloosHubberPsiloi>
        <preveneAmeHumhum>507806</preveneAmeHumhum>
      </sooloosHubberPsiloi>
      <ensued punicinDarnsHimward="doomsProselyAuresca">
        <auditApodemaFilite>goddingTrilabeMuscats449</auditApodemaFilite>
      </ensued>
      <hated daun="golfedDebug" moter="furphyParidae" unovertUnbraze="bhistieYarest" clewingSethicDiscamp="curryOpp8">
        <minasIsthmic>rocoloNeogaea406</minasIsthmic>
      </hated>
      <nacry airwiseUnvoiceYagers="pardyMellowsNuzzle614" back="1" rusty="8">
        <spleetTaur>tattles266</spleetTaur>
      </nacry>
      <monerOccult wittolsGestionMuscles="gawkers8253" guavaWaspyTahar="nejdi92">
        <walkist>956831</walkist>
      </monerOccult>
    </cojurorBeteImides>
    <bogartVetustForcene paauwDucats="emuls" brawRector="roninThank" maills="coucheeCarlin" twinklyBundy="huitainSmoutCoeliac196">
      <medial>1</medial>
    </bogartVetustForcene>
    <unducal>
      <naphtolThistle>gosmoreUnsort</naphtolThistle>
    </unducal>
    <reassayHaremsWrought>
      <mammeysUndid>foinedSwinery</mammeysUndid>
      <unhatEncoresAnima anilicUnorder="tuners62" arentCliteToccata="swedeTribadyOpaqued" tildesChrismaBergall="49690" medMolarWallop="10">
        <refontBoudinHisses>stret69</refontBoudinHisses>
      </unhatEncoresAnima>
      <removeGrowsCairns shimperBlitesRessala="536480972">
        <besideEpauletRax>alneinLunelObserve</besideEpauletRax>
      </removeGrowsCairns>
      <becurlBizonesKajawah cortileKatieTruths="primesSacksBkpr">
        <nangka>amuckShortlyOutbulk</nangka>
      </becurlBizonesKajawah>
      <topple fattyChagomaGraham="command">
        <envaultEccl>dolabra</envaultEccl>
      </topple>
      <powterCoabode borisEnif="pooftahGiustoBebled" bittingRomauntBecrust="unfearyByron" ioniumsCohoba="osazone3">
        <tessaraStuditeUhlans>humour</tessaraStuditeUhlans>
      </powterCoabode>
      <panicle sleysWanker="whatzitIambic" nodded="77625184" otarianPshavSylva="narduPorretBrays" ranKaver="kohlsVelledaVeining37">
        <yuksTait>detruss</yuksTait>
      </panicle>
      <mutualsApteriaGushing hooved="gospoda" senhoraLecythiFilippi="patacheMalambo" radiateMaris="spungeInklingGonzalo2420">
        <flinger>anglerPoutsBandeng</flinger>
      </mutualsApteriaGushing>
      <potboyBlasArca goyTirma="uraeusRaggil" terebraPoonac="senegaGamari" arabianLiefer="encharm">
        <greyDecoded>wide3</greyDecoded>
      </potboyBlasArca>
      <cachetsGoozleNimmed konak="6766836" hikerDaribahLinneon="stent">
        <yearockJadedly>69437130</yearockJadedly>
      </cachetsGoozleNimmed>
      <noup neckletDecousu="thammuzFilmset" limineNonly="5422558" currachAulete="weepful27" sasanEmicantYirrs="syrian">
        <quellioUpcloseBecarve>59</quellioUpcloseBecarve>
      </noup>
      <grater ratalsTritelyAbbate="stoolAbbacyNit">
        <mac>7</mac>
      </grater>
      <flounce parecyUnclubNozzles="slawPionedDeodand" megasseIterumAbscise="mucor" arilMutterEnid="8" sowanTriplet="wickupChomper">
        <steekJibed>beearnBurmiteSterics75</steekJibed>
      </flounce>
      <tarrabaLacking>
        <greyTwindleFlavour>731</greyTwindleFlavour>
      </tarrabaLacking>
      <mirfakWhiskyJeffie rullockBawds="frothsMattoidAgraffe" coluberDegenerJowlop="ramark" canariVirion="anosmicSwiftPutts3534" combureGorbitDuntle="kakanQuangos759">
        <levance>letchyBalabos</levance>
      </mirfakWhiskyJeffie>
      <bummleAugenCure ordinarRedcapsClerkly="quasheeRenown">
        <kariteTetryls>redfishCassare</kariteTetryls>
      </bummleAugenCure>
      <lins>
        <snoopSlicePropria>epigne</snoopSlicePropria>
      </lins>
      <eurasiaPathwayCunni envErrsynBrinish="patesSobolesSerpent825" brodieAdipsicMoresco="zebrineGulches" algistTumoral="tearage7226">
        <waunsKittleAmbier>waheheAllylic</waunsKittleAmbier>
      </eurasiaPathwayCunni>
      <batwaSeguedRemix paved="perkinZambac703" enrageJaygeesHopis="berceauSmatterHavenet">
        <finoTench>hunting</finoTench>
      </batwaSeguedRemix>
      <jatobaCeloms snaste="morsurePiousPfund">
        <vocesHeiringGambia>redeye</vocesHeiringGambia>
      </jatobaCeloms>
    </reassayHaremsWrought>
    <duddieVanityMini deodars="finely" oillikeHyaenasColoss="667079" unweelBozine="curvesStroilLumme" faceman="2628" levechePutchuk="tercetsAcantha1745">
      <soudgyCauseySungha>spartRetry</soudgyCauseySungha>
      <eegrass carajoSeral="deuxNullingFair11" voyeuseLottos="jubate" subnet="4694" dittosItczeOxanate="fraikCombite75">
        <pryCotland>raggedy754</pryCotland>
      </eegrass>
      <bistiSpinor spaverAmyrootBol="washoutHastiveRepour" drave="zonicHushfulAnnuler" klom="loams47" rifling="spitishSuitingHalloo">
        <reifSafeEbon>refrain669</reifSafeEbon>
      </bistiSpinor>
      <polder empasmaDikdik="wanterPokieOtalgia" feckAdapa="deejaysTell" redbugsIodismDenied="lethyAlwiteTalabon" sorchinTittieDibbers="raddled">
        <presoldLucific>umbels</presoldLucific>
      </polder>
      <bouchonBetimeOrgal dutiesLambersSwaggy="runningMorus" oudsLawsBrawled="netopAncoral" orogenyBessera="cuecas">
        <saplessActFayumic>2324</saplessActFayumic>
      </bouchonBetimeOrgal>
      <outlast kytes="asses" lockboxKeltieBefist="29012" orfgildKintarWaipiro="rawkyRecover">
        <rewaveIriticEnsues>graterConeen</rewaveIriticEnsues>
      </outlast>
      <rikkAdipateMesnage stefan="56">
        <veronalOrrowAreole>romble</veronalOrrowAreole>
      </rikkAdipateMesnage>
      <raband mesore="towheadOchtHund" hummers="redodid" carmelaHearsePlied="424499">
        <acceptsDomesBodily>72519871</acceptsDomesBodily>
      </raband>
      <tahonaPeddles>
        <tumbakAdvents>953517026</tumbakAdvents>
      </tahonaPeddles>
      <withenBunnellOpsy>
        <giocoso>5596</giocoso>
      </withenBunnellOpsy>
      <siddhiBeakfulRepatch mochila="6" zemniYucking="crumble" stovingCharros="497464582">
        <ananterAmoursWares>kasbeke9224</ananterAmoursWares>
      </siddhiBeakfulRepatch>
      <wlityTerreno>
        <banandeMedrick>caperedPimperyCeltic</banandeMedrick>
      </wlityTerreno>
      <tayirTntMohur hallboyDarnelMach="weeny7" compts="7" monardaMatteryNaif="opsy" panfulsMardi="ninthsHonkZyzomys539">
        <thriftHemad>287</thriftHemad>
      </tayirTntMohur>
      <katik lunularCobnutsBalkar="asap" bothrosGlaizieObiisms="prasineHottle" glander="coreSpurted">
        <belayerProtyle>8869</belayerProtyle>
      </katik>
      <coupBobbie levanaSwingleVolubly="5136" cholersTraitsScute="20933785" linage="earlikePuttier">
        <ashrafInglut>9368</ashrafInglut>
      </coupBobbie>
      <veenaHurlockUnc matchetBuffy="jebusPlutealAlcmene" skaithyReshowAllis="7597327" orfray="1722">
        <slobsBelindaChoreas>glial</slobsBelindaChoreas>
      </veenaHurlockUnc>
      <encodeSucksHilted zonicKibeiBertrum="spondeeTourist" thriceWeismBooboo="thiefly">
        <poulpe>sertule</poulpe>
      </encodeSucksHilted>
    </duddieVanityMini>
    <percaseYgerneIntrant>
      <baltUnlinedUpstep>inhell</baltUnlinedUpstep>
      <modderRailed upturnEwesGlyster="scrumClunistAtis">
        <debuts>cele</debuts>
      </modderRailed>
      <unrigs viraginTirlMaidy="footmanIglesiaIdolish" jugularSadistLocrian="whuther" juts="mated">
        <devas>malarMullersSharps</devas>
      </unrigs>
      <foeishSkulker ladakhiAloose="ganevsSlimish3">
        <murgavi>120</murgavi>
      </foeishSkulker>
      <livyers fulaBabua="ladhoodAlkanalHernias" pichWispily="wickape">
        <romanicJowerUnwrung>9025</romanicJowerUnwrung>
      </livyers>
      <reclaimSewedKibbutz curls="croceinChurl" mangueKendyr="worstAburst" exedraeConchieRicer="escorts">
        <mulloidPapists>scholaeAvys</mulloidPapists>
      </reclaimSewedKibbutz>
      <timarriSunbakeRebeck curcumaWhinedMatelot="242881163" scarman="2467529">
        <gaugingRebind>1</gaugingRebind>
      </timarriSunbakeRebeck>
      <yuman bespakeFacondeWambly="moxa302" foreseeGlazesTingent="1005">
        <exact>seaterLusting</exact>
      </yuman>
      <duskily kyriale="ponteeGemmery">
        <spasmWapJianyun>pawkyNitid</spasmWapJianyun>
      </duskily>
      <diglotUncoked betaineTaxwise="tifter" slakinPyal="jolty1">
        <zealBerriAdduct>4525</zealBerriAdduct>
      </diglotUncoked>
      <line invited="marletScalfeKlip" mauser="flit89" teetherSpangly="nihilMimedPalette9789" sawmont="268209032">
        <jaycees>ossal</jaycees>
      </line>
      <ortalidReargueResume>
        <aromataLambast>ratbiteWulliwa</aromataLambast>
      </ortalidReargueResume>
      <rhombos ruskinBaccae="comals" kilimStonifyGroused="20192" jawpBodachSparked="ottoRedeal" balladsHavage="saltiesPestify">
        <geyliesLaron>queerlyMites</geyliesLaron>
      </rhombos>
      <triazo cushatsGoldang="anteactBidens419">
        <ceticFist>unpark</ceticFist>
      </triazo>
      <sheepVirgosNormed>
        <elampZakkeu>moidoreDaytaleMeaw</elampZakkeu>
      </sheepVirgosNormed>
      <trampedHiper lungeesTamablyConred="recooksSnugs2" tottingTonsilAmazed="ylemsSpitish" sumachAnoia="becapDecalog" scapula="434">
        <lanific>thomite</lanific>
      </trampedHiper>
      <campman spadone="powan">
        <gapStichoiUnstuff>974</gapStichoiUnstuff>
      </campman>
    </percaseYgerneIntrant>
    <against>
      <jochTrochil>embody</jochTrochil>
      <phytonShaikhi>
        <fliesFizgigGrumose>mangiSpulzieDuster8</fliesFizgigGrumose>
      </phytonShaikhi>
    </against>
    <helleneNonhero>
      <wreathBonnockOwenian>sanjay2</wreathBonnockOwenian>
    </helleneNonhero>
    <rubifyPouce>
      <timorQuest>93410827</timorQuest>
    </rubifyPouce>
    <siryanUnipods>
      <farfelsOchery>obtestsBucksaw</farfelsOchery>
    </siryanUnipods>
    <divellDiking>
      <lacey>emblazeHestern828</lacey>
      <cymous onticLyricsEffigy="therianCliona" leadinAjaja="50" aliofarOpposal="farcingClaimsMurex" tumbekiUtible="hyenaNogs">
        <latro>oestrinPaced</latro>
      </cymous>
      <rammishCoecum>
        <floutArthaCrib>1494</floutArthaCrib>
      </rammishCoecum>
    </divellDiking>
    <pikesShutoffPisaca>
      <bow>shuntedWilletDagaba</bow>
    </pikesShutoffPisaca>
    <mecca enosistSudsersHaw="90943942" prasoidVexil="dabGenevan" umbrage="widbinPursers">
      <minks>60438448</minks>
    </mecca>
    <growMattWelsh>
      <binomenArake>socht</binomenArake>
      <dolsBotargoTheriac godkin="pascual" desemerFlandan="unsashAgrest5" misleadEnemata="ednaBilayerKiddy7" tripackHoboingPps="smuisty7720">
        <duello>fissate</duello>
      </dolsBotargoTheriac>
      <bigfootDirties risqueeScopingServing="dappingDunnishPolygon86" cooksTuglike="senso" boolian="passirEnureGadaba" sandbugAzotateKob="toonSkatolsUnpiped">
        <rollock>owelty</rollock>
      </bigfootDirties>
      <enwheelHumbugsTaskit navew="cuspedUnfaintChoya">
        <posableTrovesEquiv>pikHelvedLer</posableTrovesEquiv>
      </enwheelHumbugsTaskit>
      <kreeseSpindlySokulk quoddedOranteNocturn="gapingEupepsy" teguimaEath="56850">
        <hoiden>37</hoiden>
      </kreeseSpindlySokulk>
      <joachimLeashed dominoAry="phonedCiphony7295">
        <gratisEgality>8</gratisEgality>
      </joachimLeashed>
      <cadeauSellDevoirs>
        <bedlamChkalikBowtie>creatinStibBruchus</bedlamChkalikBowtie>
      </cadeauSellDevoirs>
      <shoatsAcmiteAnquera layiaDrinks="limasTulasi" befilthGodletDawson="suf989">
        <symtabKaftan>karaganEpoptBecuiba504</symtabKaftan>
      </shoatsAcmiteAnquera>
      <madiCuprose goadDiwans="yawlKolisToothed">
        <manes>barcooAxemen</manes>
      </madiCuprose>
      <hoodieSibbedZany nurseJingoedAviated="demotic37" biggies="schizHackees" obolosTiningCardiod="unwivedWhetted">
        <cracks>bartend</cracks>
      </hoodieSibbedZany>
      <mucket doryBazar="dirtiedWhample" zachunLakersSeisors="sculkerYether" wildedNudism="joysKexy1267">
        <legis>97659741</legis>
      </mucket>
      <stuffySqudgyHikuli soleEmbueTromba="yankees" glypticJudgers="beeish3805">
        <gowkitCheir>cushat</gowkitCheir>
      </stuffySqudgyHikuli>
      <rebredTattersPausai genysPavonia="amara">
        <refired>essangRoseineCuiejo</refired>
      </rebredTattersPausai>
      <tabinetNignye longrunTenacle="27">
        <nodder>estrumsForgers</nodder>
      </tabinetNignye>
    </growMattWelsh>
    <aught>
      <seg>durriesTechily</seg>
      <puertoTailfan debcle="calicoShackoTrier84" lehrsKiltyTerrane="apicadBinds">
        <momzer>alife</momzer>
      </puertoTailfan>
      <hamline gregory="enstoreBegary" paltaWarineNeritjc="7966565" naeviLappula="silybumDrawledLaroid" quilter="trajetWheresSwatted">
        <zaniesAnthraxBeknot>lingle80</zaniesAnthraxBeknot>
      </hamline>
      <balkerCravesGorlin polices="49356391" stoshAmbit="montjoyAstalk93" henryThanahCot="inbent" wrayfulPiggies="kuwaitFyrdOstoses">
        <crenelsSwiping>rereadKhokaFronton6</crenelsSwiping>
      </balkerCravesGorlin>
      <farKareau>
        <lauraLuianLaulau>passingEricius</lauraLuianLaulau>
      </farKareau>
      <lastreWormierAniba excur="unprimeRedarnRefreid" corban="firstCoheir" moors="enfold">
        <rajAscared>kina8706</rajAscared>
      </lastreWormierAniba>
      <ariosiPredarkSlants sopranoFll="nuchaBundt">
        <begrettGwantusInust>fellHeimdalEpithem</begrettGwantusInust>
      </ariosiPredarkSlants>
      <dualinPokierAssumed piccata="contraFugatos7788" staumerCanneryChaw="once" vaagmarTestateZaffirs="carmelaNirisCostrel">
        <commode>syudPlaceShinner</commode>
      </dualinPokierAssumed>
      <trumper plakat="702323" tambur="3664345">
        <beg>3468237</beg>
      </trumper>
      <foe areaeTigerVitriol="anarcho" osmosisRestaurInk="equulei245">
        <valWabbled>62441</valWabbled>
      </foe>
      <lupusesFeruled>
        <budgedInners>muratOutfort</budgedInners>
      </lupusesFeruled>
      <pereira skeinsNeoneds="limuLymphy" chirlWarsawsBobet="stylopsRevereLampate" prawnedTelegn="haitsai" yanktonSibbensRullion="polyTapuyanKymric">
        <blend>axmakerCogitosHotfoot</blend>
      </pereira>
      <sulliesAidesAdvt oaklandTongue="bataraGumlahFuriosa" rumdum="naether" heved="encheerBahut" flummoxAineeGhrush="8758459">
        <nannieUnsiegeJellify>92877499</nannieUnsiegeJellify>
      </sulliesAidesAdvt>
      <myitisTorch>
        <roadsVeganEpipial>nocksInklingReadily</roadsVeganEpipial>
      </myitisTorch>
      <nurledKumiss irgunSammerSunned="perigeeGoad" cckw="rematchDiscumbInaptly" topsmenVicarsOldster="tacket71" ferment="seismsOmalgiaAka">
        <archsee>beluteSuedeModels315</archsee>
      </nurledKumiss>
      <recocks>
        <arsino>mutuary</arsino>
      </recocks>
      <riata daribah="95" shardVanmanAtellan="latFourgonBowet" hyllus="arulo9">
        <buntsGlaiks>tailpinLiarAbrook</buntsGlaiks>
      </riata>
      <sinianIncor erodingSwithinMegara="84">
        <durras>welsiumAlbi</durras>
      </sinianIncor>
    </aught>
    <beliked veadar="tangramBushyTsars91" fashing="mirzaGobet" beothukOutlope="capulet" loaderFitsMeeters="martes" unnoseMonyDompt="469928719" wagogoWese="virousTyphiaPullet6">
      <zootomyAnuryFitness>dino</zootomyAnuryFitness>
      <decades>
        <relyHsuan>gecksHaunch</relyHsuan>
      </decades>
      <thomasaAloofly>
        <serries>stonkGleans6663</serries>
      </thomasaAloofly>
      <jiffleSizablyCaught nitresCanela="fashingOpeningNocht">
        <sturdyPluming>rockeryUsual11</sturdyPluming>
      </jiffleSizablyCaught>
      <canchiMorw fanums="heaped" snobberKhanate="twingedOxazine" pandyNervous="322791">
        <carrs>7</carrs>
      </canchiMorw>
      <icicaCrambo dayfly="nabobs" ibad="minyans">
        <bemoltCalvesDecker>flotageGalidia9175</bemoltCalvesDecker>
      </icicaCrambo>
      <wastrieDon guggledTropConcho="untewedSycosis">
        <onagriRubrify>adytaBoulles</onagriRubrify>
      </wastrieDon>
      <selsDeflateTamise>
        <crapPerillaMosser>9772</crapPerillaMosser>
      </selsDeflateTamise>
    </beliked>
    <dictumGoutilyFluing>
      <liquidsBright>soonishClauber</liquidsBright>
      <ripener cometMethodsAbider="tegment">
        <findyObols>roups</findyObols>
      </ripener>
    </dictumGoutilyFluing>
    <replierAnesisXylan vingtMincierMorcote="unode" recAmulla="mustelaDaybeamAlfin" unslit="lockupBataraErica" vespine="bugbane" unseats="deiseal" niveous="pursuerSiddursCycloid" nitella="64047917">
      <warred>jangles</warred>
    </replierAnesisXylan>
    <toffy senary="appeach" matriceWidowlyBadmash="brimmerAlteza" gulamanCordsKentish="bauleaAirySheaves" bulliesWaniganHewgh="ooecialAysLabba2" refightZinke="smitchFrisbee">
      <uswardsPreenedRecuses>lucrineOvercoyTiller</uswardsPreenedRecuses>
    </toffy>
    <amidolsKalmukUnfoul unbitt="behave" flingerRivenRetests="ethosFinelyScolops" shiksasJon="phaedoCanezou" waggonSewerBritish="6" sutu="gasketMicrons" andorBagieDbms="68">
      <upstaffForbye>6</upstaffForbye>
    </amidolsKalmukUnfoul>
    <fjordsPhossCly>
      <peelAroyntsHairup>foreactDwellKouproh905</peelAroyntsHairup>
    </fjordsPhossCly>
  </cesiousOutyardPinetum>
  <molal clarty="gyrocarByrls">
    <mitanniRecededEnform nasrolTarsiusSixing="dido">
      <mooters>ribaldsSapourEmetine</mooters>
      <parelSuckingWheeped>
        <blazonsPunsHesione>mes</blazonsPunsHesione>
      </parelSuckingWheeped>
      <chelateAbsolve turcian="flail3" puds="nervii" tenail="6">
        <sturte>middlesAldernActin</sturte>
      </chelateAbsolve>
      <ciliaHawked scoredBinnedSkeets="spruerHokeyAdry" heizingSingfoLuller="loxodonEctene2">
        <sagwireNigh>brendan</sagwireNigh>
      </ciliaHawked>
      <lowwoodImburse betise="trojansCatnipsWebbier">
        <tetheryBaseRatty>endasehFarruca</tetheryBaseRatty>
      </lowwoodImburse>
      <araraoPastils endarch="rehonedWhooses8" peopledRowelsSunk="fut">
        <legKnowers>38207</legKnowers>
      </araraoPastils>
      <uratic murthyMisrely="uninkedSposhySyrupy" bigotryGnomed="piteira">
        <minorTaguaAbmhos>disbury</minorTaguaAbmhos>
      </uratic>
      <consign dualizeTropaia="peng522" jipper="mianHelluo" lowlierApatelaMurrs="griph" tarfaUnhairyGasping="76403037">
        <bepearlSilageAbutted>820541197</bepearlSilageAbutted>
      </consign>
      <zoccoUpfoldRezones yodels="cuestas2446" taloseCorrup="sickestPerries" larkier="81" farinaHaveSmutchy="shauriFaugh52">
        <patensVenireFlight>zonedDisrest</patensVenireFlight>
      </zoccoUpfoldRezones>
      <jobarbe>
        <rebidBdle>10405468</rebidBdle>
      </jobarbe>
      <lintyNubsCorozo periaptGleansCumyl="utilityPloimaLadkin" penfoldMomi="putainCalquedJacamin" hushesForints="kareetaAchaqueLygus" instals="mellitaBitternCubital">
        <cruddy>cops</cruddy>
      </lintyNubsCorozo>
      <hybrisArghan faucetDeaconsAmreeta="breciaMelter" opesInshoe="would">
        <makutu>wanhope</makutu>
      </hybrisArghan>
      <nigua pilafsUnwryIsles="faros8278">
        <mussingFauvism>edital</mussingFauvism>
      </nigua>
      <senioryFuidhir cogieLargenAvenine="661">
        <idaeinGuna>6949457</idaeinGuna>
      </senioryFuidhir>
      <bewith>
        <tinningStaning>5963</tinningStaning>
      </bewith>
      <kantenSewster trigamyRichardFlotant="logoCutsYese" girleryOke="serapis">
        <gemotsDeipara>lattenOvertaxCuprate</gemotsDeipara>
      </kantenSewster>
      <rehookGuanaco forsay="overaweMiltyRaffias" kalpak="narcism">
        <logicSpaningBecause>ragtagsCanulaMezzo</logicSpaningBecause>
      </rehookGuanaco>
      <axiferaGonialeSetula relever="samek">
        <giust>ruffeRomps</giust>
      </axiferaGonialeSetula>
    </mitanniRecededEnform>
    <suppers>
      <coanReverbIkary>policesSticken</coanReverbIkary>
    </suppers>
    <tasses>
      <mincer>17612808</mincer>
    </tasses>
    <banter pretzelScissil="feyerKoruna" snyed="putage" glecomaBecursePrimula="aptateTegmentGinn6">
      <boozyVidetur>algHalpace</boozyVidetur>
    </banter>
    <restow>
      <samalMatted>bicetyl</samalMatted>
      <boutonsAnimosoToddled loungedErrhine="axillaSilenicIntrigo" barkenThalian="espouseAruminRenove" autocarVials="189572144">
        <darii>bestingDewata35</darii>
      </boutonsAnimosoToddled>
      <gusto>
        <demoid>aoteaJoyrodeScaul</demoid>
      </gusto>
      <cheetieReshakeCafes foveal="limbier" popeDriftsLastjob="subactBotch4269" buretsScuzzy="tzar">
        <wired>zees5</wired>
      </cheetieReshakeCafes>
      <caisse annoyDustour="tahrsStriae" housageSpeaksPugh="cachazaLockrumPerh" testeesKraitExscind="smitingGadus">
        <filmsetChunam>inkroot</filmsetChunam>
      </caisse>
      <towBehowlBazaars puzzlesGiron="5098">
        <glaizieIntagli>sorageHenriesQuinols</glaizieIntagli>
      </towBehowlBazaars>
      <refall needlerMairsBradawl="gemutiHuke" manges="ppa28">
        <agrotisDozen>355009477</agrotisDozen>
      </refall>
      <saquaroHeehaw>
        <warnoth>gieselEpizoal591</warnoth>
      </saquaroHeehaw>
      <trowDrownd infixes="33952" stentor="46711" doits="roguedRedecay" cairdsSeasickApace="9">
        <ignaro>modiRoverGadded7445</ignaro>
      </trowDrownd>
      <bombo sumachs="belay3" waroriBohorTurks="trilby" mitosesUtu="894961365">
        <pyral>utiSocagerRacer</pyral>
      </bombo>
      <yeelBagaQrs frizer="utriculOrganal" maylikeAirersDeuton="fibersPeltateCapuli">
        <hadntEncheer>gabfestCarefulRues</hadntEncheer>
      </yeelBagaQrs>
      <joutes jake="elanTsun" windily="sorraChopine" missuitRevs="villoseTrilit" isogrivSchuitTrochar="houtingEnticedTrilite743">
        <misluckMunchetCunas>purine</misluckMunchetCunas>
      </joutes>
      <barway marledSpicy="agatesTataupaKamiya" huppah="falafelProverWetchet">
        <olitoryLeakilyPizazz>chases</olitoryLeakilyPizazz>
      </barway>
      <rentageEmuleZoilus aliculaThermosRytina="2" ectaticSchnellPantoon="suasive">
        <bultOsmols>prestsEthnosHygeia</bultOsmols>
      </rentageEmuleZoilus>
      <bavinOvated>
        <lateensHexone>puddledKeelAgreer249</lateensHexone>
      </bavinOvated>
      <whappedRoughlyGulist wrafJoyantMundal="5938070" ani="globoid">
        <cornutoGlum>coueism</cornutoGlum>
      </whappedRoughlyGulist>
    </restow>
    <scamlesBeedgedOxphony monster="mirCorbanTreason" scaleneCerned="avert" zeinsCloseup="almadiaGlycideWaddled">
      <funliSteeryNombril>sparkTuftBiune</funliSteeryNombril>
      <proteaMosque egaliteUnseen="wlench1071" conygerSofta="sassingBanjoSuriga" pinlessTapiaBetons="haleGps">
        <compare>perperaOglerAquavit39</compare>
      </proteaMosque>
      <flewEcumeneWorse hexanesMtnUnbitt="baraBogtrotHopvine" scalxCavalryEqpt="8475280">
        <coppersDiskedChrobat>funisLevers</coppersDiskedChrobat>
      </flewEcumeneWorse>
      <journeyThalami>
        <jinjiliAtheistIdorgan>podarge1</jinjiliAtheistIdorgan>
      </journeyThalami>
      <puppilySaxon draggedBovoid="dyasterRechal" arterExalterViroses="bawdierAffrontPuree833" mudiriaBetakesLured="496" breckenPyemiaKrubis="lettiga">
        <banyai>surreinEleven</banyai>
      </puppilySaxon>
      <kith astrol="ohio">
        <hearsayArcadiaOncotic>maarsTaheenSangria</hearsayArcadiaOncotic>
      </kith>
      <only obolsBakenIliads="yenisei">
        <segues>triquetChildeSylloge</segues>
      </only>
      <bulterArecain vacaturWhin="chitheHatpinsAtaman" meldingRyked="agnat">
        <adon>danae23</adon>
      </bulterArecain>
      <palster orduresFluid="hitlerBhindi" tzimmesFustieAioli="gougedWorritSnubby" cluniac="masookaToolersJocote" frugginBlowzed="taniaHorsy391">
        <varecOutword>trysailBursas</varecOutword>
      </palster>
      <heatedDelistsTavell ikona="sainedAgawam" galanteAnciensWebelos="upfloatPookBoches" outwing="randWhalerMaltman" bouncesAffixesToftman="nanceWaird7930">
        <admi>draperHerry</admi>
      </heatedDelistsTavell>
      <acctsOulapSeabank mellingBlirtAvanti="smaltoBraying" scouredLongpod="ricciaUnpacedUndoers4798" ailing="derbendMeltithEnlodge" venging="fierceDeiform328">
        <cunny>agyria</cunny>
      </acctsOulapSeabank>
      <jurelsRedosGainset servantUngorge="flankerAndrew" blackitSylingUranus="87504" aglossa="camay891" fermacy="keachBafyotEpaule74">
        <besugar>greyishSleekedJudaize2314</besugar>
      </jurelsRedosGainset>
      <eauxAriderDecline kvass="tannishAnilin" bladderHaw="teredos617">
        <iridNusBobo>besewMegohm</iridNusBobo>
      </eauxAriderDecline>
      <dryer boeoticAnatta="misselsOculistHeteros" swoon="squamae">
        <centsAsaphia>doggierMonosClanger</centsAsaphia>
      </dryer>
      <toluyls>
        <ophis>priapicFlubsAdvance</ophis>
      </toluyls>
      <muumuuEmptinsToprail>
        <dobieReawakeDoblon>challa</dobieReawakeDoblon>
      </muumuuEmptinsToprail>
      <pushing friedCosec="enorn" striperPythiasFadge="2558">
        <cnida>arapahoChickee</cnida>
      </pushing>
      <chokingAbdielBancos tamaroaVespa="cargued14" naiqueArthurTawnies="myonemeMidband260" slopedEconomy="47" jervinMilieu="dehuskJndFcomp">
        <beetledDimmish>zooBostal</beetledDimmish>
      </chokingAbdielBancos>
      <kerwhamSemipro headle="rasse" oniHemline="unkeyedRhoeoNapaean" varasFacund="okinawa">
        <nudistsBarytasUnborne>iguvine</nudistsBarytasUnborne>
      </kerwhamSemipro>
      <soroseVirous blawortYomer="umbertyBirthyArugula" axitesDorper="beblotAdeuismKoiari" almsful="feijoaPimpleAlmoin">
        <spirtedTugsStatohm>alludedWaiwode7034</spirtedTugsStatohm>
      </soroseVirous>
    </scamlesBeedgedOxphony>
    <nong>
      <thee>83736</thee>
    </nong>
  </molal>
  <inhaulAggro lymphs="nodatedJaggierSimular" />
  <edger apnoea="34326754" />
  <puggish valuer="briered" lamerColiForlorn="7157" />
</cents>