<?xml version="1.0"?>
<stanzasGuarri>
  <amentalClamerDisdub>
    <ibidLappers>
      <joseyFedFliffus>bkpt</joseyFedFliffus>
      <slackieObeyerDeliria>
        <kedBalante>upgoRentalSullies</kedBalante>
      </slackieObeyerDeliria>
      <laurelMelis vagusTulareScaped="scoke">
        <milorTrombe>67562381</milorTrombe>
      </laurelMelis>
      <antwerp aflame="70" gibedFlagmen="layoutGrammes" echoeyCotwistRougher="slaker">
        <amende>zachun</amende>
      </antwerp>
    </ibidLappers>
    <tipoffs musterGusher="7766550" nosairi="jutMisdoKithed1" beauingEmceed="virousTiptopVoicing4" resBeamersHalved="770">
      <yellersLipped>bisme</yellersLipped>
    </tipoffs>
    <cromeCoteHurdles>
      <bailliRetemsWafter>aquaticOughtedDogwood</bailliRetemsWafter>
    </cromeCoteHurdles>
    <guimpeJocular howkingDoojaYeggmen="tenoursTweezed" acetlaLidiaUnpawed="aboral" turfs="5344" edentalBoules="oilcups" tarmacBeme="95024072">
      <auneCapcaseBrowis>bedawnCannotAlmuds</auneCapcaseBrowis>
    </guimpeJocular>
    <mandiKopecGuazzo pintleEdgier="redeyeMushersLeskea31" fervent="spratsAsserve" iters="guebucuPicotahHeal" zetaUnites="gooseyAground" traitsVageCluther="350300" pautUgarono="began9773" bravuraUnoilyBudgie="rebiteEwhowHollo">
      <westsAdipyl>waceDownton</westsAdipyl>
    </mandiKopecGuazzo>
    <sanderJinkedLandler>
      <towpathItemize>407390</towpathItemize>
      <zillSeamas>
        <boloman>inculpRenoirSeptics</boloman>
      </zillSeamas>
      <ligateSaxtuba resail="192630556" covingsSliestNuzzles="271007907" ocqueSloperDoyle="laments" layia="beknow243">
        <treatee>bayletAmidid</treatee>
      </ligateSaxtuba>
    </sanderJinkedLandler>
    <bowkerRedders plouked="63149" reachedAutomaOutby="sepioidShackOpah" prelimLullayNotalia="kwartaDenty" boneteCorycia="mascotMerbabyLym" soorawnImpute="redeOverpotSeeped" cloopLav="capucheWhimmy" koraitYaoortRangpur="solfaLionise">
      <astrerOutsell>freyrCellars</astrerOutsell>
      <ververPotrack garlopaMethsLored="useeEgesta" slaskUnclesAuchlet="9">
        <polsJuvenal>munched</polsJuvenal>
      </ververPotrack>
      <knittleIrreal helmage="diddleCharry" tinware="relampSepsinConder" limeadeWarch="dominos" woldyFritNiggler="legistsTomans">
        <glaiketArenoseApertly>chargesRixy</glaiketArenoseApertly>
      </knittleIrreal>
      <arribaUngraveWaxily>
        <orphizeSporidCyans>misleadCausedAlopias</orphizeSporidCyans>
      </arribaUngraveWaxily>
      <jacklegPipping>
        <reauditDuvetyn>isozymeStudys</reauditDuvetyn>
      </jacklegPipping>
      <carbyl inwraptSesquihDhooti="9345952" sweerLincolnTearer="exhorts">
        <teapotPlayockPlanet>1</teapotPlayockPlanet>
      </carbyl>
      <proxSubra mowhayNiggled="petfulVended" jurelHid="adoniteParge" turkeryAerogunThirsty="whamsFalda" quiesceRiservaTangham="larlike">
        <pireneScreichSitu>sandustSpickle</pireneScreichSitu>
      </proxSubra>
      <sisesFunorin korsOboval="parableIncased" lesbianKlowet="uprive" shocks="83727" bottles="torsoRut">
        <chimeraResolesAvenger>siliqua</chimeraResolesAvenger>
      </sisesFunorin>
      <barra pitsawsMoultedBuxomer="niddickTropin" ooidalFrabbitFilets="censerCorpse9" crocko="barons">
        <uncurlsKipage>bariumSchisms</uncurlsKipage>
      </barra>
      <bibelotBode>
        <wantonDeringaGomeisa>depressHumphNotaeal</wantonDeringaGomeisa>
      </bibelotBode>
      <opacateBaraita bruisedJewyAka="hallali" bakieWiryHood="cryptos" ilk="thierry">
        <upboost>touzles</upboost>
      </opacateBaraita>
      <bonnnesPtoses gloggsBindweb="gump">
        <feasesDiwans>pistons</feasesDiwans>
      </bonnnesPtoses>
      <moolet>
        <handledDisponeStimuli>apneasAveraPerlite</handledDisponeStimuli>
      </moolet>
      <jerez nippy="dhotisMudflow" direct="nappierGlassenPollet" enhauntMucificVeinal="7936174" retiredSubvola="540917473">
        <spooledOurari>7777</spooledOurari>
      </jerez>
      <illyricIsopodaSicily leaveBenzolsSlicks="restowBemeansZolaism7" habetVanadicFices="gorbBolivarScolder73" kabakaCragganPawnie="wiggen" djebelsCowslipDrouth="kebbockChinela">
        <recheerVivaxUnrow>cockleJibberBartree</recheerVivaxUnrow>
      </illyricIsopodaSicily>
      <bristolTosh alamodeYecch="177" doodledLeagueMelinis="pumpingInburstBiblist" progger="568499782" avensesErgasiaGrenier="snouty">
        <ingotPrado>75</ingotPrado>
      </bristolTosh>
      <mossfulRecueilLurid idletyLumen="imbuiaZiggerAnteri663">
        <peltishRedpoll>splurtZaramo</peltishRedpoll>
      </mossfulRecueilLurid>
    </bowkerRedders>
    <presesBemoleCyprid>
      <snorkerPrasoidJew>chakariAlture156</snorkerPrasoidJew>
    </presesBemoleCyprid>
    <evetide alowe="asteep" oveningStrawenCronies="suintsElapoidEdenize8" pockyHabenarAvocado="skimosSugan4951">
      <slushy>larksStoup</slushy>
      <atwite>
        <fordealTackedAnlia>zumatic</fordealTackedAnlia>
      </atwite>
      <cnicusDewaxAcnodal titled="dineticJitneur" gauric="flusherSpritty">
        <icacoKarreeLaveers>holourPattOldest</icacoKarreeLaveers>
      </cnicusDewaxAcnodal>
      <erucicTouDewaxed aludelAerifySwadder="kirnsFelid709" wagesEngler="gurkLiftingGula30" stolasApiolin="hydrids" hawknutGassitPortail="grint9801">
        <cuteysOgee>vicky32</cuteysOgee>
      </erucicTouDewaxed>
      <alamireEnowsCarbone levyneRentalsMirza="priers" wyes="9606" sporousPatcherPerh="theeBahur" harpago="leakChicker">
        <sauteExogenyKendir>approofCivisms</sauteExogenyKendir>
      </alamireEnowsCarbone>
      <epeus needily="opesHopers" boyarsRede="cans" prankedSemih="numberTwire">
        <quail>kalmukEmmettThumby</quail>
      </epeus>
      <shragSemic>
        <cathariMinuetsKerch>77</cathariMinuetsKerch>
      </shragSemic>
      <hebrewsCareens odin="staledOzonizePisay" mummickFisetinTigella="slowrie316">
        <panfuls>snarlsKyaungCoaxes</panfuls>
      </hebrewsCareens>
      <larnyxEupad>
        <yogee>876340</yogee>
      </larnyxEupad>
      <cyaniteGnawn exalteeDeicticPica="gitanoDicecup" bondedShendsDendron="crineMult" solandBeeveSpinule="squatty">
        <unmixCanardAnalgen>umbelHyingEndnote</unmixCanardAnalgen>
      </cyaniteGnawn>
      <refuteUnepicFasting ariana="daphniPropose" hewghCars="redearTentureUsurper">
        <twaitLamb>4</twaitLamb>
      </refuteUnepicFasting>
    </evetide>
    <tektite>
      <relaceCiterGrenat>hoarish8717</relaceCiterGrenat>
      <esdTreadedGosh anoeticLunaryPlusia="gervaisHaorisAlleles" marblerCopita="filicinPsi" fliersMalines="1">
        <tystieJokierCervix>vised</tystieJokierCervix>
      </esdTreadedGosh>
      <frothed speechCissies="zimmisExilian" herbySucceedCumular="965" slavedSamkara="unpaledGleamsSouls" albumenNaiasExude="dungariBlindly">
        <maunderPickmawTuliac>placedPooled353</maunderPickmawTuliac>
      </frothed>
      <hidPlashesAgio celsiaMellowy="6325673" mucaroAlmous="pompomsTosher197" noologyAnarch="haffatNaja" pahi="uncanedKinins">
        <faeroeBaumeSootied>debaseVowel</faeroeBaumeSootied>
      </hidPlashesAgio>
      <browis jayantLoosen="786555" metingWealdenPoseuse="tumoursBasaliaBuffbar">
        <snappe>gregalBulboseDekkos</snappe>
      </browis>
      <hillmanNobby smurrFpsIsogyre="attachCritKos">
        <daidledLoathesPontee>brakesAblatesLauroyl</daidledLoathesPontee>
      </hillmanNobby>
      <darts pithed="205" snurp="escudo" sox="nonsyncMaclura" soxhletLeguan="sneckerFabrile">
        <mercerRigidChegoes>crispin8</mercerRigidChegoes>
      </darts>
      <rinksBeretFerison assewerBoggleRecado="998449">
        <pitsawSchizoFusain>176266634</pitsawSchizoFusain>
      </rinksBeretFerison>
      <aftersHaec>
        <heptace>3</heptace>
      </aftersHaec>
      <jokerScalt trinary="byrrus" pinnockAltersMopani="tipree" musmon="broganRubatoKiblah" fusibleBonkFossick="preface236">
        <winbrowBrusureHeaten>dudaim</winbrowBrusureHeaten>
      </jokerScalt>
      <voluper duddleKolkozEcoles="57405">
        <guilfatPodsolsPickles>cooptedGownlet</guilfatPodsolsPickles>
      </voluper>
      <accostsVote circarLinguaCymol="pupiledBleezy">
        <prinksLiters>lasqueExacted</prinksLiters>
      </accostsVote>
      <puniestZamenisSocages pipagesRegrateStorier="5957" galyacs="durziOnymousJab" lyristLuket="inceptsRin" beclip="nutatedStaning">
        <redlegAsarumHyphal>tyke7</redlegAsarumHyphal>
      </puniestZamenisSocages>
      <stalk>
        <guimpesCoggly>affixedCowpockCavish</guimpesCoggly>
      </stalk>
      <slopingBuds fraisesComplin="usenetFacingPaters" oustedShiers="misbiasDoubles">
        <japhethBrique>90667833</japhethBrique>
      </slopingBuds>
    </tektite>
    <laptopNeglige>
      <anilicBiformCathars>maranon</anilicBiformCathars>
    </laptopNeglige>
    <heaperCerci>
      <lynSkeg>salineSubahs</lynSkeg>
      <kumisAbusesSunways gamesHolders="11">
        <foilStrowMadia>162568959</foilStrowMadia>
      </kumisAbusesSunways>
      <futhorcPartlet>
        <knopiteAphotic>robalosLorien</knopiteAphotic>
      </futhorcPartlet>
      <satis daphne="bosquet">
        <forbidBriseSonoric>hotspurSade</forbidBriseSonoric>
      </satis>
      <continOviformRallery sfumatoDressed="rebuild" cinclisHealer="behoveBathyal" kneeTabuingInduce="ripost">
        <arsacid>mourns8251</arsacid>
      </continOviformRallery>
    </heaperCerci>
    <juamaveTopiaDozzle haycap="kishkaShipman" esnecyJavahai="treater">
      <voidGemlike>sine</voidGemlike>
    </juamaveTopiaDozzle>
    <trijets>
      <fidelis>caceVedism</fidelis>
    </trijets>
    <horaeEggcups>
      <wuzzled>vistasPelter</wuzzled>
    </horaeEggcups>
    <flaser>
      <abash>fullyTaurini</abash>
      <sartainCutlassTubfish pickaxeRegillBesiege="36" cheviedGurryVaunce="nopalryFuseauPreppy" cellistGloeaAbib="sockingSpearedLacey4" rewokenFerio="bozoGreeks1">
        <wongara>36953</wongara>
      </sartainCutlassTubfish>
      <blackyPicketsLammer yeniseiFirst="459802">
        <cathead>decriesPrius</cathead>
      </blackyPicketsLammer>
      <curetteSelion waagCatsos="alkyds57" nubianRhema="caminoAbating">
        <bestuurRollick>unyoungBelaceSat</bestuurRollick>
      </curetteSelion>
      <mislayRubbing barmingPargeTagged="copingMuffledOfferee" viral="neogene">
        <cockeye>mahoes2</cockeye>
      </mislayRubbing>
      <looneryManhunt>
        <farmed>mughoBendays</farmed>
      </looneryManhunt>
    </flaser>
    <guesserSlanter>
      <sirple>proport</sirple>
      <redders swamyOhmage="pavisse" loricaeKiaugh="entelamShederAbiders" maltingTituli="atumble">
        <pawnSpokedPeyotl>laminaeTawpiSoccers</pawnSpokedPeyotl>
      </redders>
      <uts>
        <ectiris>steveYouthCoala</ectiris>
      </uts>
      <termino iononesElemi="4" gavyutiWimbrelNelken="brinedEnatant" drugs="eleuin4904">
        <hailes>unrued</hailes>
      </termino>
      <outboreSagaie>
        <dactyls>grasps</dactyls>
      </outboreSagaie>
      <ganodus hymenal="uniterEgghot" congoDiswereToads="86281" chukkasWaywode="curchyHacekBelles">
        <bindisAumous>unwoofCarianPouches</bindisAumous>
      </ganodus>
      <tuglikeBact blains="phrenol" codlineArsono="furnitColzasHastive">
        <eluding>dumplerUntrust</eluding>
      </tuglikeBact>
      <semitaeArabismNiggler tennis="tasianCracky" echardMouseryVealed="noechoSiwanOphism61" subito="1688800" siris="ellAddeem">
        <rohillaSibylicCrunch>bespedPeguan</rohillaSibylicCrunch>
      </semitaeArabismNiggler>
    </guesserSlanter>
    <ripestRebold>
      <buicksSquads>lasting</buicksSquads>
    </ripestRebold>
    <having ophitesNoncomsRetrude="726683" alloted="naturaeDammaraDesuete5" giarraOtelloPyrexia="shiksesPlantad">
      <bookReckAddice>descureJackman</bookReckAddice>
    </having>
    <ptinoidYamel>
      <eebreeOsmosesCupping>westing484</eebreeOsmosesCupping>
      <methoFundal>
        <nonsaleWarrauDice>peeweepRedearPeroxyl</nonsaleWarrauDice>
      </methoFundal>
      <eparchyComradoReplevy surra="brrrBremeJamber" stokesPerneaIrone="makari">
        <erudit>soldan</erudit>
      </eparchyComradoReplevy>
      <exonSeptole mioses="grinny" kilnedLizaSalp="ceratinYearful" bimanalCrusado="primacy">
        <tightlyKyrios>klicket</tightlyKyrios>
      </exonSeptole>
      <aerogunEssays infulaeZootomy="shaper" carteZincide="3153" snubbedShifterYatters="3">
        <corbelsTigre>veruled</corbelsTigre>
      </aerogunEssays>
      <critter ammonal="dyausRelataZihar" swiwet="danaro" enclogNorimon="chagan">
        <tail>10539086</tail>
      </critter>
      <ansa>
        <unhouseCoils>502</unhouseCoils>
      </ansa>
      <travado pinningWamefu="stummerZek375" umeTiara="rotates" humbuzzCopyistRefix="dalethBrocardHilt">
        <induismAssesPrimero>7872301</induismAssesPrimero>
      </travado>
    </ptinoidYamel>
  </amentalClamerDisdub>
  <consume />
  <triaminOrnatePlectre stilbumCakey="darshanSlouchyMunch" shackleRefeign="hangtagTenacle" ursine="yowtTaqlid" />
</stanzasGuarri>