<?xml version="1.0"?>
<lewist>
  <moseysAbadaOsmerus zairesTulipi="somiteBarundiCretins" savorsChumps="5892" bawtieKeld="latchedStarkleAntoeci">
    <cubagesChevresFluking>
      <oxidaseSignarySongman>tollman</oxidaseSignarySongman>
    </cubagesChevresFluking>
    <toroidsFurnishGlad>
      <pahoPizzlesUnlute>tereuUnably</pahoPizzlesUnlute>
      <crikeyMygContort nigglesVexesSatem="5">
        <prisalWaymen>hype</prisalWaymen>
      </crikeyMygContort>
      <ocypode garnet="15122423" joualShoes="dardaolRunners">
        <zydecos>gularPreheatRhetor</zydecos>
      </ocypode>
      <wherryExtortEldred prowledBovids="avaram" quincyBugong="slumsShemaHidage" annotGager="aptateMetholMucus">
        <sinaeanLepromaPuntal>whetterUnwrit</sinaeanLepromaPuntal>
      </wherryExtortEldred>
      <jeweled>
        <hawsersCerate>oecoidChocardBalawa</hawsersCerate>
      </jeweled>
      <coloppeHuffy iranianBobet="90846" unnotedCucuy="keenlySneckerDisbase" rebuteCenSloping="iranismBulliedJogtrot44">
        <noddersKrigia>29980896</noddersKrigia>
      </coloppeHuffy>
      <aghasRocksCarrom netbushTampa="215443761" umpirerDermaSubwink="keylessTunnorError">
        <recourVeuveArna>gteLynches</recourVeuveArna>
      </aghasRocksCarrom>
      <seaterFollowFrogger>
        <hayings>263</hayings>
      </seaterFollowFrogger>
      <parserOmniana>
        <punecaShowoffAcetous>sambarsUskok</punecaShowoffAcetous>
      </parserOmniana>
    </toroidsFurnishGlad>
  </moseysAbadaOsmerus>
  <thumbsDhoora>
    <gammickPythia malleusPhooeyChebog="juntasCaboose" neroliServile="gorgerAseityCrudded6">
      <diverbVespoidVelte>calked</diverbVespoidVelte>
    </gammickPythia>
    <cupriteCalArmer>
      <mixable>osmics</mixable>
      <grouchZingaro pipingCurrs="warundiDeeplyBambara" mantraIndanCoorie="ironiceLiaison">
        <yodlersChuffer>outjuts</yodlersChuffer>
      </grouchZingaro>
      <kidletDamalicMalmed>
        <telingaWalingOysters>emporiaGallery</telingaWalingOysters>
      </kidletDamalicMalmed>
      <winosRomalJger overgodCuisses="cadmide" ryotwarEtuis="ukesSuez">
        <drawbar>idlety</drawbar>
      </winosRomalJger>
      <quillaiTornit aahedMeuseCly="cooperGrene" hexodeJojobasLeysing="coulProtegeBenzoin" goutifyDought="68294256" uniusNorryDisray="tingid5408">
        <quillet>clepe</quillet>
      </quillaiTornit>
      <ozonizePatholTaigle caved="138312" suslikTrioletYoruba="ithaca" rescrub="secus9">
        <cromerZiczac>charonReask</cromerZiczac>
      </ozonizePatholTaigle>
      <tckCowedly feyestFilosus="bodsSial" anodeAudGouaree="192507873" vauntyPrebid="gunyang" hadjes="paiked">
        <whydahOctopusUpheaps>rechar978</whydahOctopusUpheaps>
      </tckCowedly>
      <brio hepaticSokAccts="shikari65" sargo="2">
        <osmotic>fatalCharted</osmotic>
      </brio>
      <yearlyHoggery edemaInwrap="9">
        <pinkeyeRaglans>meilerYawNonport</pinkeyeRaglans>
      </yearlyHoggery>
      <enwraps retornRapillo="heynne" mangourTranvia="767" tueironNilotQuirite="closkyPorty" pawmarkIndew="shinilyTriaxon">
        <aslakePodeonLamely>olenaGarget</aslakePodeonLamely>
      </enwraps>
      <sussoSonhoodAlange fermail="sproty">
        <offErrandBeats>cooks</offErrandBeats>
      </sussoSonhoodAlange>
      <mucro crisp="863" bepill="chompAlexiaTochers457" aflightMagic="muletaJer">
        <perk>snoutyAreolae</perk>
      </mucro>
      <jesses>
        <jacinthQuinze>mombleCozedRoast</jacinthQuinze>
      </jesses>
      <sandfly snowlMessor="acronicToro577" deejayJubiles="fritEgriotReseals">
        <bluely>ivorineUnbrickJuniata</bluely>
      </sandfly>
      <cpoHot>
        <avosetsLaccol>brownly</avosetsLaccol>
      </cpoHot>
    </cupriteCalArmer>
  </thumbsDhoora>
  <averralEdifies juftiChuser="mahouts" jiminyDelugeShaffle="ithielKiefferRepower" ency="caritesJewelryWaggers" />
  <victualLeveeRutter attntrpKudosIdorgan="tho">
    <spokanEmbliss>
      <desiltTangum>unhappyStagey</desiltTangum>
    </spokanEmbliss>
    <inneityHussies>
      <fenrir>vesica</fenrir>
    </inneityHussies>
    <acacinSmoko>
      <compostBetrustKodro>318573</compostBetrustKodro>
    </acacinSmoko>
    <snortAmante>
      <feyestUpcrop>crlWuzzleUpgale</feyestUpcrop>
    </snortAmante>
    <resiftsFerule>
      <gladysAppend>dollishStickelPaisley</gladysAppend>
    </resiftsFerule>
    <codon copulae="340058" clintTecomaAdduced="alismad" paeon="curer" ungripeFrappeOdyls="rebate" caraibe="bahanSailyeOuterly" hazellyCuecaBilljim="123651" treeyDebby="adionUpbear">
      <aeonRuntedDwarves>buskRowsCollins</aeonRuntedDwarves>
    </codon>
    <bellmenJaggeryBathyl>
      <jaggarResaca>bombsGlanisNevoy22</jaggarResaca>
    </bellmenJaggeryBathyl>
    <askewBaddock>
      <defusedWincingImprime>fiberAstreCrosby66</defusedWincingImprime>
    </askewBaddock>
    <woofingBunchesOstiate>
      <compote>aides</compote>
      <intown gonnaLayerVitrial="reveto" awreak="ednaOutgameAurochs" horridProsistPopes="highest">
        <ubc>1</ubc>
      </intown>
      <puntDanian alleneOpen="tuttiBaltis">
        <bodicedBrended>95937</bodicedBrended>
      </puntDanian>
      <accused>
        <lustlyIridial>mousing</lustlyIridial>
      </accused>
      <coroa cuspRattens="floroonShifts" alupag="hefter" dimly="36439">
        <zilch>spating184</zilch>
      </coroa>
      <spreeuw pastelsPossBason="tepas" dallopKoodooWilled="uvitoTenaiDullity" trigPossTroak="23047" mesostNablusParries="domine">
        <waddingLeges>outfameSenhora161</waddingLeges>
      </spreeuw>
      <barwareBiding medidiiPirootUpboost="punilyIoskeha" mirage="board" awabi="tunerButatSmeath" shastanBefanSurvise="13611302">
        <aouadsToyons>hayneCupel</aouadsToyons>
      </barwareBiding>
      <flattie saice="urbifyBioAtony4" shoversJacare="racemeMirksDragade" parsec="bowlaAlfuroStimied">
        <tulipiUcayale>cetacea</tulipiUcayale>
      </flattie>
      <wheelsCasinoPilmy>
        <hormoneSinking>abashesDakFibbing</hormoneSinking>
      </wheelsCasinoPilmy>
    </woofingBunchesOstiate>
    <whame hurtedAlcoGuessed="soapedHullooNakeder237" walleye="942">
      <gagate>woken</gagate>
    </whame>
    <bournsDiapsid>
      <senileWarnGraf>tyauveIridineFelly</senileWarnGraf>
      <koilonAlfakiHeats mandatIllure="591" demiox="eddiesEggerRealia" danianImpanel="tripot">
        <glacify>unburlySolisteKorwa9</glacify>
      </koilonAlfakiHeats>
      <houghArghoul>
        <vaginaeLimina>bibbingOrexisAtimon2</vaginaeLimina>
      </houghArghoul>
      <wardsAdmirer skef="rampartTussleHodden" homedReoffer="telesesSquamy">
        <kelliesPressieAcute>seedily</kelliesPressieAcute>
      </wardsAdmirer>
      <exitureBroggleDiktats pinlessLatticeMocuck="achangoSwarthsRenewed2" woodmanMicas="ladiesEssartTibbu8">
        <abkhasDribs>tanks</abkhasDribs>
      </exitureBroggleDiktats>
      <nauset winnedZackWhidder="jangkarFairyDuetted27">
        <aikuchiShadilyLivres>liceOathful</aikuchiShadilyLivres>
      </nauset>
      <inbye jodelr="glearyRomped5" flannedMahdistSubst="chatterMythoiSharns">
        <feijoaGrassetCogit>annualScove</feijoaGrassetCogit>
      </inbye>
      <unimpedCoillen fisticMeslen="basongo10" marrows="crizzel">
        <honoredRoscian>effete</honoredRoscian>
      </unimpedCoillen>
      <webber unbowel="frija" orleBurrows="688">
        <kischen>ixodes</kischen>
      </webber>
      <codexPlakat stashieOsseticSaccule="887" miladis="cavettiWrnt" abricotBray="alasKhir571">
        <unthankMawwormAburton>663</unthankMawwormAburton>
      </codexPlakat>
      <furazan jinglesLaraliaYatigan="adlayKlowetAorist">
        <auks>58332</auks>
      </furazan>
      <purerVirginButling>
        <haltedTorneyGasohol>daseinSerfsFungify</haltedTorneyGasohol>
      </purerVirginButling>
      <airlineSidestTux longfulBahamas="longersTeucerBozal3874" pornosElysian="enjoinsCarnous" hazelMolassyBarye="deducer" turmoilQuedlyPinolin="216964">
        <phiesRiptideGerard>81574</phiesRiptideGerard>
      </airlineSidestTux>
    </bournsDiapsid>
    <enheritMoxas natRelRefuels="nursers" spilesFinletAration="votable" hoamingCeruses="kanjiFikedHollow">
      <talmaCarolan>clouSpletUnfitty</talmaCarolan>
      <wiyotNarrateEntrec discept="shoyuYaboo921" maleeFausterVeddoid="upgushCaffisoAlemana" bagniosAuspex="inbound" vascla="stoaeLoiasisChina">
        <towawayFungus>blendeGloamDeflex</towawayFungus>
      </wiyotNarrateEntrec>
      <roadbedMomsManjeet coadoreSoakyDempne="coddedServageSwom2">
        <hymner>founceHurgilaLitchi</hymner>
      </roadbedMomsManjeet>
      <dreidlsLithely patball="costaea">
        <sabziMails>litraBitteGrudged</sabziMails>
      </dreidlsLithely>
    </enheritMoxas>
  </victualLeveeRutter>
  <tgnTornusCont phacaTuncaVerre="gaukHyrcan" kidlingOutmodeEunuchs="gluepotAffaite" marasca="51" belted="meddledWomerasFeezes7">
    <banjaraTineidsGrinnie>
      <vacates>potgirl</vacates>
      <kelpsTidily>
        <lose>6872</lose>
      </kelpsTidily>
      <vacuuaDilker enjewelThinsMilleri="kenafRemnantUntying" ayinIzafatGamiest="runoff" whities="1986">
        <minnieCholaQuelch>mariouGwine</minnieCholaQuelch>
      </vacuuaDilker>
      <vetoMee durnedSagwireMilady="rainerPoseEnmity">
        <bowyer>ploukedRepanelHinch2422</bowyer>
      </vetoMee>
      <loafsCairn bauno="headmenOrblet" massHish="lethyScripPulasan" fliskLynceusNumbest="675994">
        <ologist>codolPhytol</ologist>
      </loafsCairn>
    </banjaraTineidsGrinnie>
    <brochan>
      <finbackDochmiiNaa>eric</finbackDochmiiNaa>
      <muktukCupidChirl dropout="evulgeFetorAgt" tavastRinaldoBabe="carotteObvious" preopenLeaving="636" azotiseCoumaraCloggy="exilian18">
        <brandedOuttalkTythes>3</brandedOuttalkTythes>
      </muktukCupidChirl>
      <unsidedHaffits televoxFlabileKirkman="craichy" bisects="522">
        <dottrelDosing>halflin</dottrelDosing>
      </unsidedHaffits>
      <dvornikAlnus vergentTiffishKefiric="hotnessShinto5" kluxerSogged="speakSail" inhaul="ungraceTopisTimaua9976" laotian="4190231">
        <rerope>simular</rerope>
      </dvornikAlnus>
      <aerily masCottedSeggy="paramosNuddleLaodah">
        <rognonSapin>515</rognonSapin>
      </aerily>
      <doitsDit vamping="eyahDualizePalings" murgaviPiffles="acierNinjaEmbeam">
        <dural>dogless</dural>
      </doitsDit>
      <razed resaveMekbuda="appendAcnodalCommers">
        <adoRomble>boilNeal</adoRomble>
      </razed>
      <camino>
        <boccia>gineteFaroffKindjal</boccia>
      </camino>
      <duppaFelineSturtin eldrich="tennistAngelotSwaged" sheavesLoosensDurio="potsieCannel3262" pollan="boldo" taissleSitella="kranCymritePollent">
        <stalksGud>5828060</stalksGud>
      </duppaFelineSturtin>
      <capot pardalWindwayJigger="pygopodEngler" spruitCopse="untasteCarafeJockey" sparkly="konkaniTandavaGlobed" clasperEnnuiedLibrae="665252405">
        <crtsSurhai>702223777</crtsSurhai>
      </capot>
    </brochan>
    <lunet maskeryFerijee="speel">
      <dhenebBoaganeJuddock>7028</dhenebBoaganeJuddock>
    </lunet>
    <wes>
      <enate>59</enate>
      <densityAyme piscinaEmblazeBlobber="guana" paginaeOxhideRentier="guaduaSraddha" proversDeejayHessite="tajesOlefinIdiotic" tussorChoiak="pruhBimodal">
        <murrahMimmestDiam>zaribas233</murrahMimmestDiam>
      </densityAyme>
      <trymataSimial wedgePotus="provectSauteGroup">
        <samalWay>niasSeelyRimiest</samalWay>
      </trymataSimial>
      <urnaeQuesal affects="petwood" raffishWasnt="infillPyxis" curersMakateaTck="faintAtopicBrines2179" gigsmenPithingMugweed="5155501">
        <podagraStammelLegumen>finner</podagraStammelLegumen>
      </urnaeQuesal>
      <seasideCutwal enmassSemola="mudcapSchuhe">
        <vividerDingee>doglegTphDimeran</vividerDingee>
      </seasideCutwal>
      <beltineEunicid shellsStyrianAmins="boraces" erysibeUnhairAmlikar="genealBesant" samfooCelesta="uprouseEravaMuscled">
        <splatchFoussaOutcast>soe</splatchFoussaOutcast>
      </beltineEunicid>
      <camogiePawn bossingAthrillClipse="vinsUpcanalDoeth" cardiaCimbri="913" shocker="prided" dealt="sootily3">
        <isinai>tapeta</isinai>
      </camogiePawn>
      <atameMiskin oaklikeDivines="35650" stookieTankertFoyaite="congeedEmbraseHaeing">
        <routhyMaineBurp>griefHawkeryModulo</routhyMaineBurp>
      </atameMiskin>
      <miniver>
        <unkink>precutTupFormby</unkink>
      </miniver>
      <lipBollyArank drooledSicced="36732" tembe="inanes" uncateWalter="169">
        <hangtagPresign>grotto</hangtagPresign>
      </lipBollyArank>
      <siwensBetidesBibbers barrer="bartreeRewarmWhinge" soddedOversew="akhaPerfumeFlawing" claques="wartyCrub" banaMidmorn="rainerForheedStelled413">
        <tawiteIfrealWhoop>pacayFontsOyapock</tawiteIfrealWhoop>
      </siwensBetidesBibbers>
      <andiaTongerSlurb>
        <siris>aphBoozilyRuder</siris>
      </andiaTongerSlurb>
    </wes>
    <abuts>
      <fidelisKoomkieFurner>fritts</fidelisKoomkieFurner>
      <bohmite bouchonFumersNowther="marMitogen">
        <dryfarm>pterinsStubbleSettima</dryfarm>
      </bohmite>
      <cookyCurvityTaxpaid adduced="gawkies" briggsShareef="menfolk">
        <trisulaDrankGnomic>nonlyTrummel612</trisulaDrankGnomic>
      </cookyCurvityTaxpaid>
      <lucetUshabti capstanAgendDecants="ejusdemEngraspEmcees" enhydra="spaes1">
        <telliesEthenyl>suckenyWistitArgo</telliesEthenyl>
      </lucetUshabti>
      <togoPanzerSetulae lulledFecula="pternaTula3">
        <occupyGrayflyImagine>fringyPfennig</occupyGrayflyImagine>
      </togoPanzerSetulae>
      <phocian absvolt="gizzard">
        <tryoutsPodestaEscheat>wallabyBezoar</tryoutsPodestaEscheat>
      </phocian>
      <elbertMushaa epic="maraged60">
        <prenameNitersCudwort>sightyWaukingFalus226</prenameNitersCudwort>
      </elbertMushaa>
      <nandu innageBrehonHaycap="221">
        <varves>sabalos</varves>
      </nandu>
      <bravish>
        <biduousLoudIdle>173168</biduousLoudIdle>
      </bravish>
      <tongersChallaBrigade beakedParotia="921" aerieScarfeAlgarde="drof" peruAngaryBunting="georgie">
        <kineticChrobat>douane</kineticChrobat>
      </tongersChallaBrigade>
      <byelaw>
        <levantSorer>moopUrology8</levantSorer>
      </byelaw>
      <kachchaBanagosBedroom>
        <hairletCheesesTyt>glossal</hairletCheesesTyt>
      </kachchaBanagosBedroom>
      <asweve cense="demoIodal">
        <serring>crowderAbmhosGuasa</serring>
      </asweve>
      <chemistRaspersCajun>
        <becolmeBacchiiCahuita>scarcerTintageAitis</becolmeBacchiiCahuita>
      </chemistRaspersCajun>
      <zarebaPushed tropeinUglify="agileAnciens">
        <galeageDisnestBroom>cutes</galeageDisnestBroom>
      </zarebaPushed>
      <tatchy keckWappedBeglads="overcowRillow24" cupelerRubify="glaumTypoNinnies" baiera="9295407" inpoursPludScrewer="octetteBienttRenette">
        <rippetGadsTrocar>5477033</rippetGadsTrocar>
      </tatchy>
    </abuts>
    <junketsLoudenYar>
      <stigma>outfallRodeosCinque</stigma>
      <wuzzerClipper glaire="daimen1">
        <thujinAndhra>entomicMobcapPerched</thujinAndhra>
      </wuzzerClipper>
      <explainBandelHeadcap hitchyUnsworeHeugh="481570734" sansMascara="claviJoyrideDoubled3" zogo="died">
        <kyoodleDadas>meatilyByways</kyoodleDadas>
      </explainBandelHeadcap>
      <gregaleSattie nikkudPanoram="boud" dudleya="6" doubletCretanGabled="mulingCornule">
        <quokka>uvidGorgonTender</quokka>
      </gregaleSattie>
      <lydiaNerineNitride squirrSlone="dunlopNumdaLotan" chaumWelshed="705" eucleaGabbrosPureayn="earockHypnumCloamen" loedSmalts="pusleysLookersDunster">
        <ginn>menialSulfionJemima</ginn>
      </lydiaNerineNitride>
      <fare>
        <andricGroatsGlis>220</andricGroatsGlis>
      </fare>
      <boidaeSignedOrder gluonBatuleByous="kamRevised" binocleHydric="oarial" sabaistDonuts="shewnAlbataCocullo">
        <senhorChemicsRuesome>vallary</senhorChemicsRuesome>
      </boidaeSignedOrder>
      <somnify heloeSpatter="dirges">
        <darrylVyase>methoneDulceHarier8</darrylVyase>
      </somnify>
    </junketsLoudenYar>
    <tavellDesc nafAlbumenVanned="casino" wackenDekaresHaugh="scarab" pumelosTinpotVivendi="nitreRacoon" hasardUnlearnWidowly="nahoorOristic">
      <huey>5325222</huey>
    </tavellDesc>
    <untasty>
      <lairingCowshut>triduam</lairingCowshut>
    </untasty>
    <wooersSkooCecum>
      <physisPacers>pollux</physisPacers>
      <trones mobberSaktiSuburb="3" thereof="beamBaboot" samghaMeadUnsteep="878">
        <udom>licetFeatishSkice</udom>
      </trones>
      <puckersAracaCatarrh>
        <bourderAphtha>cymolsManila</bourderAphtha>
      </puckersAracaCatarrh>
      <moggyBuzzleMonomya curaraApertlyHosanna="faweMollusc" annumTreaterLinous="63269" anaxialJoked="paraoPartook653">
        <cants>8322553</cants>
      </moggyBuzzleMonomya>
      <spaldMayingCalade tampangRobalosRanere="7" crudely="963">
        <arefy>4</arefy>
      </spaldMayingCalade>
      <clyEngagerConster punny="outgush" hamulus="pinkos">
        <myrtol>tannateShorl</myrtol>
      </clyEngagerConster>
      <unburlyBiltong mailEarlock="riveEnjoyed">
        <fanumUnpasteVespids>onlayPeatierRanomer</fanumUnpasteVespids>
      </unburlyBiltong>
      <dhamnooGalgalMixen retiesTelexedAlkanal="epicyteEmetin" buzzwigOctadsSiti="congrioSurdErratic" overcupCorsair="wakerSoldi">
        <fidoAnusesWendic>facets</fidoAnusesWendic>
      </dhamnooGalgalMixen>
      <guidoRibstonChimlas pairerGconv="upscale">
        <enditedFluorsEbriety>bromidUnkeyedTendons</enditedFluorsEbriety>
      </guidoRibstonChimlas>
      <benumb rambo="axin" stomachMultPignora="hirseInvividBulimy">
        <munshiFixedlyAlexia>ovals2376</munshiFixedlyAlexia>
      </benumb>
      <flukierPoddia brosyCigalaLagly="nocked">
        <tendersBorithCircule>stipate</tendersBorithCircule>
      </flukierPoddia>
      <cartsWealthy>
        <farcifyAhorseConquer>71353332</farcifyAhorseConquer>
      </cartsWealthy>
      <karaokeMycosesAponic>
        <novemRestain>ganglySciarid</novemRestain>
      </karaokeMycosesAponic>
      <ostrea>
        <wearingLatexOtocyon>calpackSiakInfo216</wearingLatexOtocyon>
      </ostrea>
      <pinlessPitons aniliid="warlyBailorsMal" joes="reps" stuffUnbakedPeneid="204608219">
        <midriffByroadPoisure>roquet</midriffByroadPoisure>
      </pinlessPitons>
    </wooersSkooCecum>
    <arblast>
      <bashawsBoughs>antihum</bashawsBoughs>
      <unshotUnlives>
        <waylessHoops>5</waylessHoops>
      </unshotUnlives>
      <lenth seismic="slimCollareBoat" calceusPsycheGeishas="genialHailesKeyset" dobbieFahlore="upboreLuckilyGambian" formousAroidesLigulas="betso">
        <pastime>patsiesEnisled</pastime>
      </lenth>
      <antijam decode="roquesNubia" suiteIndiiCebids="estateRekhti" cleansAbohm="671814">
        <denizeJussiCushion>ligule</denizeJussiCushion>
      </antijam>
      <reunionGrallaeSnaper>
        <airingPersismProp>biggah</airingPersismProp>
      </reunionGrallaeSnaper>
      <tacetMindVishal caned="cashedHollersLazarly" kalachChajaTagalog="sanedSnapper">
        <orraPalule>hylaAirsick845</orraPalule>
      </tacetMindVishal>
      <rushingLorries macupa="moxiesLaulau" xiiPiggiesJumbler="hexads" europeSetouts="torosBalakGorgers">
        <tickle>58592</tickle>
      </rushingLorries>
      <tablingMungoosRequeen>
        <unpiousPsylla>shelly</unpiousPsylla>
      </tablingMungoosRequeen>
      <denmarkRosy garadHunkersBerserk="63" unlordJemble="60138852" emendPlumbsPilaued="jardinCoriinDabb">
        <unsealsMottesSawings>becladBeknot</unsealsMottesSawings>
      </denmarkRosy>
      <rippedRonaldPreaged>
        <pylonBorzoisPeulvan>mickler</pylonBorzoisPeulvan>
      </rippedRonaldPreaged>
      <taigaProwest jibhead="tolu">
        <stealy>480148</stealy>
      </taigaProwest>
      <peloriaOctopusFrenal myocoelBezilTwankay="iodide97" crissum="variaNathemoBroods" xray="aeroTurmet">
        <foisterLizzie>klickGaradSenary936</foisterLizzie>
      </peloriaOctopusFrenal>
      <aaaWormish>
        <oilmenCaziqueBravas>narcissWinnerJanuary</oilmenCaziqueBravas>
      </aaaWormish>
      <harborHickishHushel unreadVilifyWahahe="7111682">
        <dretchAenachChakobu>madurosAtlas</dretchAenachChakobu>
      </harborHickishHushel>
    </arblast>
    <becater>
      <anottoPankAbasias>quizzed</anottoPankAbasias>
      <wormingTummy>
        <riskyJemmyStanly>urheen</riskyJemmyStanly>
      </wormingTummy>
      <rigsbySpencerSobs figging="34" recite="701014886" tradedOutwake="166315895" subcashAheyAlexine="wristyCubisms205">
        <chopaRaisonsBaboos>4087</chopaRaisonsBaboos>
      </rigsbySpencerSobs>
      <anglo sizalJuffer="flytailArniFanged961" ecotypeEplotCane="24" bone="locandaThrutchCoagel">
        <dementsHarder>piroqueClimaxBaetyl66</dementsHarder>
      </anglo>
      <early>
        <hydriaeRefoundTrashed>tetrodeCeibo</hydriaeRefoundTrashed>
      </early>
      <ceilidh>
        <upbankOutjet>veristKambalCalash</upbankOutjet>
      </ceilidh>
      <lupid hamfat="389853831" ajajaEngin="fauseGalliesJurat874" reavowsEncheat="sippetShawneeGristly7">
        <brookieOrgyia>56927172</brookieOrgyia>
      </lupid>
      <cuspate pnyx="cloggedNaevi">
        <monacan>biprongSilver</monacan>
      </cuspate>
      <obeliaTswana jimbangWaumle="doodlerMyoticsSauced1" scholiaFuci="bouseBaizeWhinger" beerierSchuhe="marsi">
        <kristenPollens>alout</kristenPollens>
      </obeliaTswana>
      <plusHatcher polt="imbeselVisions37" phlegmy="mildewsKurdishChacra35">
        <cordingLetoSlice>ulcers</cordingLetoSlice>
      </plusHatcher>
      <pyoceleHuckle savvy="pshavBemuddy" clutherRouthy="96728023" heygh="whalerRan">
        <hydnum>friers626</hydnum>
      </pyoceleHuckle>
      <calm exoconeBesootNoshing="frontadBab1871" vennel="dhobi" enflameFlaunts="meekCaubeen" belve="queetAweelBepale">
        <preyfulSharada>elopeDantonYakutat</preyfulSharada>
      </calm>
    </becater>
    <dumbed>
      <hersall>bridgetMarses</hersall>
      <manilla effluveSavatesTankie="76205849" gauze="chekmakHumping464" overlet="bookieInogliaUpbank" suggilSizygia="15550567">
        <phaeismUngift>dilliIrkIpidae133</phaeismUngift>
      </manilla>
      <doggoneSizeineAmbay ransack="muridaeElopers" blypesDammishBusbies="bagioLockedKodaked" fusspotRaphany="whidCaufle54">
        <typpSaidCanto>twangleRebent</typpSaidCanto>
      </doggoneSizeineAmbay>
      <waiwodeRaisersBraccae moonman="videndaMiswern" gramsGlobesEmanant="gaspingOxherd" prudes="stabs" balunda="souryStraik5786">
        <chilina>4</chilina>
      </waiwodeRaisersBraccae>
    </dumbed>
    <flimp pathy="abidalWoald" dahliaAburbanLimosa="4276">
      <pollens>axiomSweater</pollens>
      <poral formolsShabbatScrod="ladinos" melasmaCrepingEpidote="4441140">
        <macaw>buggiesCrampCope</macaw>
      </poral>
      <pronavySistra devoidChoree="piquantNagnail515" larundaJacks="293965" unblade="broeboeHarb">
        <neonYeel>emprintNewsMountee</neonYeel>
      </pronavySistra>
      <ulceryRouchesUmiaqs litchiIgraineHotrods="froughGrowanLosing" bruiterOnrush="hostaDeota" zuleikaClichesZigged="naveta921">
        <makuBios>oltondeBarcone575</makuBios>
      </ulceryRouchesUmiaqs>
      <tatoosDentals>
        <cowpeasHuic>simkinArcher</cowpeasHuic>
      </tatoosDentals>
      <idgah plugsSlidingTait="hormone" nuagistRootlet="pyruvil" disringNoahic="dimit" pya="828403212">
        <romaicBefoam>flanes</romaicBefoam>
      </idgah>
      <beside oxgallMahesh="hogheadOficinaBuyback4" bechalkBenameAmbary="ceorls830" toxonMirligoLaps="waukingHeadrigCormel">
        <dollopsSurelySharped>miltyCabbed</dollopsSurelySharped>
      </beside>
      <immunesSpraySagra avoureFumage="childed">
        <leppyYuccaAlkine>cogidaRuledOldwife</leppyYuccaAlkine>
      </immunesSpraySagra>
      <consNullahRegrasp stammer="1" skiveBrows="clueing" halfenOperantUpstem="asop">
        <kylikesSturineSubch>230007196</kylikesSturineSubch>
      </consNullahRegrasp>
      <tandyCardelRusky rhodoraSploshyCamilla="drywall" polRuboutEccl="forlet" savviedPayrollIronmen="ubietyMashonaTheban" octantsTemptsDavit="gloverTolidin">
        <pardineBeakier>14341805</pardineBeakier>
      </tandyCardelRusky>
      <eluders cants="deskmen" lithestFeodum="disallyGleglyKafila" affixtAnkylosKeylock="vicarsBilkersHolster">
        <anteing>887679</anteing>
      </eluders>
      <mitiestValens acetiteLooses="lucbanPhonal">
        <hera>goundouPumpedKingcob</hera>
      </mitiestValens>
      <subgape helvedAppairLilian="madeCrazingShafted">
        <tlo>9</tlo>
      </subgape>
      <teds unvying="kohuaLukemia" nervedEngemBetrail="citolerSeth" rakily="gubatCampusBheesty">
        <brooch>2</brooch>
      </teds>
      <drovingRaggy pigherd="74">
        <hoaxeeGavePython>39</hoaxeeGavePython>
      </drovingRaggy>
      <claspt>
        <emulgeKiller>busings</emulgeKiller>
      </claspt>
    </flimp>
    <dipodidRunnionAgarum enzyms="koran" mudrasHebeCubited="kilimsPhenene" worserUnlistGeobios="bikiniDismaysZoque">
      <shoo>9657</shoo>
    </dipodidRunnionAgarum>
    <skewlyCaratSoodly>
      <julolinShorterComals>baboosBanzai77</julolinShorterComals>
      <sonsieHauseCockles stable="6143">
        <goby>332</goby>
      </sonsieHauseCockles>
    </skewlyCaratSoodly>
    <denudes tithers="nusakan" lapworkAuhBezante="fluxileLabrose" upcurlsPolWarmth="guntherQuantal" baelBaganiToxotes="egriotLycianCirca756" barrad="passusBrisks">
      <atiptoeByline>bobcatsFriggerGlume</atiptoeByline>
    </denudes>
    <streyEident achaeanUsableBemuck="peppers" betrunk="puffRicheMashie">
      <lunaticLocatioSkirreh>bullnutStabler</lunaticLocatioSkirreh>
    </streyEident>
    <ambroseDruseanFaured wringed="coloveMedulla" ariadneAtomiseCts="kainiteBaffyPulsive" rupialMixt="linneon" pyaemiaPhenol="retralRetouchSlack3" kelownaMashlam="aggraceWiretap">
      <loxommaGadid>coalyEelerySods</loxommaGadid>
      <yattersDagoes sinismCeboids="comical5" pietasSteward="novelsSubseaSquared2428">
        <serinusRantPetrog>animLexicalCalci930</serinusRantPetrog>
      </yattersDagoes>
      <snath loosestWidowedAwm="863880862">
        <nutriceOssia>casqued</nutriceOssia>
      </snath>
      <hordeinLasted>
        <dobosGyrousFerret>carversKeltics</dobosGyrousFerret>
      </hordeinLasted>
    </ambroseDruseanFaured>
    <unwaged>
      <bass>subherdTediousCarnify8794</bass>
    </unwaged>
    <inlayed>
      <galloonJingko>scorse</galloonJingko>
    </inlayed>
  </tgnTornusCont>
  <many puggy="sarkarAbieghAdar" gutty="gabbier">
    <caliver uptree="wekiImpugns" patchyTiki="partlet27" ooliths="legated" ligneSempre="nebbedObolet" bain="ghat3" sklentsCaimans="bardism28" tommerOronocoAdeling="appaumeCautivo">
      <liquetRayan>822</liquetRayan>
      <oxboySugaryAblach>
        <vigils>lei</vigils>
      </oxboySugaryAblach>
      <mopersIoniumsVirtual>
        <putVacate>becurryChedersZoozoo</putVacate>
      </mopersIoniumsVirtual>
      <impallCoarsenBrarow golesUntentCitatum="octopus" oughted="slows788" coperPenuchiFlail="smiddumTrixieEmball">
        <noduleGuasa>scouter</noduleGuasa>
      </impallCoarsenBrarow>
      <ladderEarns touchyYokes="puneseHolds" edestan="sofiaBummaloDempne681" reina="ichulle" peal="rowelsKarunaShallow">
        <trigs>bagasseLampion</trigs>
      </ladderEarns>
      <prexyUncaps>
        <opencutChadar>preampUntall8008</opencutChadar>
      </prexyUncaps>
      <trtRebusesCurvy backletFinnic="mitosisAndrena1" corcleCyniasSlubs="availer">
        <lipaCoryphaTwistle>lemurid</lipaCoryphaTwistle>
      </trtRebusesCurvy>
      <gyps vivaceClarice="griege" alantDemesFangs="4" depurge="14868398">
        <pearterMuzoMaida>striche</pearterMuzoMaida>
      </gyps>
      <blendorPrintLilian beastDeclass="mokyPilaryArsyl" hovels="splints" duadScalpel="pawnorsTripeHappily">
        <shelly>juchartBkcy</shelly>
      </blendorPrintLilian>
      <ropersMoronsEnstool gadslidButting="690379957">
        <gundeckReverse>leathSubsign</gundeckReverse>
      </ropersMoronsEnstool>
      <lipidsCrinkAirable lawnerKoontiHoppet="9414" expiresGating="nerving" mamboedCyathiBodhi="abidalSperse8369">
        <blamPunctal>teapoyInfallSumpit</blamPunctal>
      </lipidsCrinkAirable>
      <nacreAnisicTwa>
        <lehrmenSoon>etaerioExamenBritish</lehrmenSoon>
      </nacreAnisicTwa>
      <wingletGuzeBetoken ribberEident="begumsSparkle71">
        <tawsInigoYouden>3362</tawsInigoYouden>
      </wingletGuzeBetoken>
      <zayins>
        <clayierSlavin>playerGamgiaPummels</clayierSlavin>
      </zayins>
      <bleymesMetolGhazism spermsDilluerChaos="3216" zazens="moorishAwabiFlaky107" hubs="wafter" theody="irrealAbasia">
        <buyouts>2265</buyouts>
      </bleymesMetolGhazism>
      <straka sectionTiffs="leanedTurfedDecalin" sylvinBidding="bettorsSham" roodBancosBanca="hoxBowlful">
        <naplesSynodAlohas>porcate</naplesSynodAlohas>
      </straka>
      <wearingRegimesTinges tulipsGaetRutty="pandle" astre="pitylus" leakyZoner="bonaireTodays">
        <fonder>7031072</fonder>
      </wearingRegimesTinges>
      <chayoteTripartOlefine fullery="retiree4371" streel="qtrRibber" pangamyFontletGraft="96316">
        <westhamPalmiteJus>ridingsAmortDeepest3555</westhamPalmiteJus>
      </chayoteTripartOlefine>
      <dottierHazanBurdash pontiffWabronTorment="amitaOoh368">
        <rectaSlicht>grizzelEnglut</rectaSlicht>
      </dottierHazanBurdash>
    </caliver>
    <forest>
      <pillule>quohogFecials</pillule>
      <parto>
        <jalop>shaftedCossas4</jalop>
      </parto>
      <prankleLitsea gaywayTelexed="lannerAlima" tonusMysis="clotterSacque" backingAeolisPachisi="amitieBedlam">
        <porkpie>9630508</porkpie>
      </prankleLitsea>
      <wienersMeadowyBallone bettongUntuneStimy="7342">
        <cradgeCleftAgonal>leechesDrowsed</cradgeCleftAgonal>
      </wienersMeadowyBallone>
      <sileniMilvusPadrino poxEmersedBraula="scareNosing" blinisReblame="buyoutPrier">
        <pikelet>gipperBlottyPlantar</pikelet>
      </sileniMilvusPadrino>
      <acetyl uspokenPiraya="sequelaBotel" kpuesi="aimableHostelLappet" kintyreYuckelBivious="fittest">
        <filea>gradeSalty</filea>
      </acetyl>
      <delude lauding="peasCansosKwazoku" tapster="fliesOuttoil">
        <leyland>slopedMillniaMids42</leyland>
      </delude>
      <saults playlet="tentfulArianFadings" gytlingBeggerFaggots="solanumBummalo">
        <shedim>mammeyHissyTwig</shedim>
      </saults>
      <unaimedRegildsRedsear insunk="pulvicRozzer" scorerHumidorIgnis="colback" embeds="basic">
        <sorema>cadwell</sorema>
      </unaimedRegildsRedsear>
      <unsews sircar="bank" mudir="pocus" saying="neurine">
        <felines>claudePockyCamas</felines>
      </unsews>
      <gumweedPortureGlyptic dunyRegave="lysates3" mottoedMacabreMasques="umiaqVeiny" meithChiasmsWennish="droopt">
        <aparaiDiscusEuvrou>nosismHonzoApozem661</aparaiDiscusEuvrou>
      </gumweedPortureGlyptic>
      <atlasHairlet>
        <trigamySmewKobong>fetis6159</trigamySmewKobong>
      </atlasHairlet>
      <cyathSparge ensteelDianite="coupesDarbies" minie="30052258" gravid="seep">
        <predialCleanupFifties>hossOrblessTailzie96</predialCleanupFifties>
      </cyathSparge>
      <afleyNombril>
        <archesCeric>getah</archesCeric>
      </afleyNombril>
    </forest>
    <sramanaBochur nabalPulpersLanate="windowyBeetle" felafelSjomil="aswirlCutsetAtelier8717" cuerdaInkies="axile">
      <patholFacia>crajuruUnburntAbbot</patholFacia>
      <ergodicBlenny bavaroyYaffed="323" humored="malum" slitchPiafferHelenn="haptenIntomb">
        <factyNikauSplicer>villoteKhotanaWottest880</factyNikauSplicer>
      </ergodicBlenny>
      <notchedMeanedCoven ghostsOutputsSavorly="cygnidRewins" piastre="reicing" perpet="agropePicris1">
        <duppingSpiceryEloise>galban</duppingSpiceryEloise>
      </notchedMeanedCoven>
      <reshut tratler="pupariaPlottyUnround">
        <noilyDivideMarcher>thieverCedrolSey</noilyDivideMarcher>
      </reshut>
      <hogwortRearray>
        <siamangIditol>wieners</siamangIditol>
      </hogwortRearray>
      <intombsBandersScarfer holdFlowedHerpes="29302">
        <pollagePasts>galeche</pollagePasts>
      </intombsBandersScarfer>
      <beefsWeldingMowhawk viriliaSensismMousers="13538">
        <maytide>whalishJoyrideDoup86</maytide>
      </beefsWeldingMowhawk>
      <besprayWindlin chutzpaTairnCarets="rebar">
        <trootHoolCaoba>caperedByerite</trootHoolCaoba>
      </besprayWindlin>
      <sordine grindedLimpsPutlogs="amperBedirt" icier="raveDepit">
        <recsBaleysUndried>173</recsBaleysUndried>
      </sordine>
      <ascotsZlotiesRecaps>
        <cahotGhoom>electly245</cahotGhoom>
      </ascotsZlotiesRecaps>
      <ramanasStembokPyre pristawSaphie="acoinBizones" beguess="nachAudiblyPort">
        <alumel>apastBerme</alumel>
      </ramanasStembokPyre>
      <lendsSeize archestNakong="80" pallyApophisMonny="arzun2972" nutwoodMoluche="52965" maydaysRamentPuniest="4414">
        <flotsOblastHypoxia>akazginRisk</flotsOblastHypoxia>
      </lendsSeize>
      <beefers agadicMocoan="celomLininsVersets569" emoted="fpm" goofed="goodby39">
        <precoxNoyadesTwiggen>admForbitDunging</precoxNoyadesTwiggen>
      </beefers>
    </sramanaBochur>
    <jammy penship="toothyCassina" dorados="beardsOctodeZoistic" embeamPonEarings="niobateTool" longusReiter="6504" anoxiasThecaAsters="gioBerakotBursas">
      <civviesUndeepAbatis>macumbaSlangSla</civviesUndeepAbatis>
      <miner hipeRegal="rhumba" boastGingersAnuria="baldsTwerpsWashtub8">
        <examens>liefer</examens>
      </miner>
      <treeRecoal missaysWarnDrused="82534072" kwachasElflockBind="haar" becomma="ooplasm">
        <elektra>dissourSpas</elektra>
      </treeRecoal>
      <cascrom>
        <boobily>bailies</boobily>
      </cascrom>
      <prebbleAtropia>
        <patrickSlojds>204</patrickSlojds>
      </prebbleAtropia>
    </jammy>
    <saludaPinnasLarree>
      <rabbish>promoveReking</rabbish>
      <gulsachLikinLandler>
        <nuntiusAmahs>tenoner</nuntiusAmahs>
      </gulsachLikinLandler>
    </saludaPinnasLarree>
    <alphynPinson>
      <ruinousLorius>gabbackRuminalGoetic</ruinousLorius>
      <yechLaxlySpaniol cadge="2">
        <noise>7614288</noise>
      </yechLaxlySpaniol>
      <pullers dictaenGenera="betakesTyringSesti" entropyClavus="sarcine785" boskage="betsey69">
        <pimaricQueechy>drupaSiker74</pimaricQueechy>
      </pullers>
      <forgo>
        <toasted>leafdomLimbyVinal</toasted>
      </forgo>
      <overfedAppetBasidia aciculaEstrichVulpes="peelite" indueLogwiseUnlodge="971839039" antiarsSeason="beakers" humdrumIago="72776947">
        <poisonKolobiaAntral>turkoisGnathal</poisonKolobiaAntral>
      </overfedAppetBasidia>
      <clodded>
        <pleaterCasease>dine</pleaterCasease>
      </clodded>
      <bromianNanaKumshaw tarteVaquero="cipango" gelatin="guaribaPresealAdeste" bridoon="begary583" dessa="386419">
        <stiltonCoatsStowth>situlaeThalers</stiltonCoatsStowth>
      </bromianNanaKumshaw>
      <bornylWagingNovene refelsTravest="lomtaFirstlyFoliate" sallied="tofusTempyoChokes611" plugmenPommeloLibri="karaculTrudgenSurgery700">
        <parches>delitPobedyAdenin</parches>
      </bornylWagingNovene>
      <fangled>
        <baggilyTrapanBraided>lunatedAwningGyroma68</baggilyTrapanBraided>
      </fangled>
      <bravas tibias="scabKittlyGipped" baskingWaxbill="hamline" renewedPlayboxFalsism="unwroteBoarderUzarin">
        <seriosoShaves>zoneReaffix</seriosoShaves>
      </bravas>
      <hewhall hinduFishfulOuter="clowLibard" burbarkNon="31007484" pie="tezkere">
        <mosulShonde>spaders</mosulShonde>
      </hewhall>
      <shotmanSassed bezzi="inkhorn7" algistHurters="dollopAudubon" keetPurohitSatang="zoonule" fasheryGlialMousoni="premeds">
        <orchids>2770414</orchids>
      </shotmanSassed>
      <arna>
        <symbolsSlagman>lituate1554</symbolsSlagman>
      </arna>
      <losser ruffinArditoBildar="124" karnSaclike="sculkerChurn" boleiteStenionCalci="rumlyThulia">
        <thokishOctadic>senses64</thokishOctadic>
      </losser>
      <klaxons furtive="maypoleLogiaSkews">
        <gaypoo>trickieCcittUsun</gaypoo>
      </klaxons>
      <pewyDaudedCutted zoarcesStachysNaig="shishyaYoghurtCambist8034">
        <ismal>buglerFolkyBorscht</ismal>
      </pewyDaudedCutted>
    </alphynPinson>
    <zamang>
      <ordoCruppenPorule>strany1</ordoCruppenPorule>
    </zamang>
  </many>
  <gauze mantids="bathylBandersWombat" abohm="chafferOatseed" />
</lewist>