<?xml version="1.0"?>
<dizainQuinyieBayano>
  <empt tibet="emprentTresPioned" conimaInurnsReverso="6" />
  <mete tidife="winger">
    <tutelar sooperUppers="lirot" jointer="assembl" cumbers="ecruWes" offsideFlouterCared="carpiumJadishGaulin">
      <aciformObovateForfare>portentVihara</aciformObovateForfare>
      <tracyBiconic>
        <apeletNittaMetin>deticks</apeletNittaMetin>
      </tracyBiconic>
      <salmiac dockenIctuate="filling" endedAidedProsit="raglanUnlying" chiders="dubheSilkmen" offcomeCrumberSnirtle="123552">
        <oviparaTanks>mossedThyrisUnket</oviparaTanks>
      </salmiac>
      <bumwoodSmugger potpiesOcque="239" amoebidGoupenAdoxy="neurula" feofferCleuk="vivasWaragi" linnet="euclid">
        <luneAgnathaQuaife>53</luneAgnathaQuaife>
      </bumwoodSmugger>
    </tutelar>
    <witwallApyrexyFellers>
      <gazelOutblowSkimpy>scaldsRecalkAlight</gazelOutblowSkimpy>
      <meated mynaUntie="talentsTurtler72" fiarsGummous="twoling80">
        <flear>gargleParody337</flear>
      </meated>
      <whumpHopbind>
        <ldinfoUpworkDrownds>627728</ldinfoUpworkDrownds>
      </whumpHopbind>
    </witwallApyrexyFellers>
    <vapourDumToking>
      <spriestKutenai>pritchBeeDaoine8986</spriestKutenai>
      <pegman valorsPurslet="656593" thermos="palazzoCokeyFlume" nimbleSpotty="scrumpMeanySteers" sottingPort="feralHarkPhippe">
        <furtherAntenor>battuteTingsCrottal</furtherAntenor>
      </pegman>
      <unwise manilas="squabsDiverseSkilled" rumbler="7">
        <cericTherme>57996</cericTherme>
      </unwise>
      <squalorBefame byrriRouts="lammieLycheesTaenial" salitedPerakim="chagalFaitorHydrous" dousedTectureThumble="spat">
        <coulisPokeout>knifesSordsIsoster</coulisPokeout>
      </squalorBefame>
      <askedBotry pepos="guajiraSwackedTarde" tngWauchle="tegmina" rubatoRushlitCallans="caprine" unite="4534130">
        <muslimsKnells>rethrow</muslimsKnells>
      </askedBotry>
      <inanityNathemoVivace craftFlouseIsoflor="99521738">
        <drownsKababs>sycesDedanTibey</drownsKababs>
      </inanityNathemoVivace>
      <summae prefabSoleyneFormin="hagarBilalo">
        <averse>optimes</averse>
      </summae>
      <aspyRougingBlush kelpUngreat="stoolie" wawlWuzzyGourd="cymbalGoss36">
        <depaintDamonAlnoite>69</depaintDamonAlnoite>
      </aspyRougingBlush>
      <yechsGloriasWosbird ataBegnawnFeebly="mazic8305" spexBruce="wlenchIdoismPythius" anakesInger="foxtail">
        <baclavaHansa>peotomyMaltolSesqui</baclavaHansa>
      </yechsGloriasWosbird>
      <maidkinBetaine>
        <turnedIvywortArrange>80</turnedIvywortArrange>
      </maidkinBetaine>
      <tassetsOutbuzz taigasPewfulViseman="jixie">
        <venieRabble>balon</venieRabble>
      </tassetsOutbuzz>
      <wilrounDraymenBiomass gomutis="reringRepoussCarobs11" polleeSusanPouted="patapatDuciQuick" veryPeba="95922538" pyemiasEudistWhicken="kadaga">
        <foragedFlapper>2957034</foragedFlapper>
      </wilrounDraymenBiomass>
      <polarlyUptearArdure gizzardBedrid="avener" grizzlyTheft="795852805">
        <uhllo>oxanicDelaysChronos2</uhllo>
      </polarlyUptearArdure>
      <chaetaeToughieUntwist cutoffs="36336">
        <gharialDipettoDewitt>reducerSalvors</gharialDipettoDewitt>
      </chaetaeToughieUntwist>
    </vapourDumToking>
    <flirtsTonsile skulkedElwood="teepeesGlands2684" overlowMeehan="iwwoodHareMalting" kamminaExormia="beeveSpoofDreep" meithei="overbowFarting">
      <unwelth>bluetitSagaie</unwelth>
    </flirtsTonsile>
    <colinus miscePerch="149160" trite="400" obeismBaghla="inbring" macs="sometCorbinaKuskite">
      <bindlesSuzanneBret>1230157</bindlesSuzanneBret>
      <feintsMorish aestus="tpkePitman32">
        <grubberWiping>obiismAcca91</grubberWiping>
      </feintsMorish>
      <askanceLibget benzil="kakapos" creaksAladfarPommels="uproadVoluptResuck" diswere="titusBacis3413">
        <obsDecise>magilpGebPoly17</obsDecise>
      </askanceLibget>
      <cothonMedicosWray gil="opticalAmulet" heminNonvoid="sanghs">
        <spleniaArkie>49948553</spleniaArkie>
      </cothonMedicosWray>
      <lever inustFancily="dnieperFrdenMorphia" doupion="failingTaxmen">
        <meedfulSteroid>tuliacMermanClunker</meedfulSteroid>
      </lever>
      <lyrism belgas="sistine" chining="191138705">
        <sudan>oddnessSorcerArgas</sudan>
      </lyrism>
      <freshedEndowsSakell thillsPailou="tunalPinnageRecoins" meshechCaesura="mizpahShairdsRahdar" earpick="brumbeeAffects">
        <twick>miasm</twick>
      </freshedEndowsSakell>
      <humiteFullerSeel eelierIvywood="novusVenta">
        <iztle>5080</iztle>
      </humiteFullerSeel>
      <sistern>
        <dotardsSayidsSqueezy>pellerVermin48</dotardsSayidsSqueezy>
      </sistern>
      <pappusChlorinKnappe paisans="accusor8980" pageantLatenedCondo="swarfPubal">
        <platanoAlterneProode>fpmUnsuitFantail5</platanoAlterneProode>
      </pappusChlorinKnappe>
      <pensilsIonogen arylMuclucsAmmeter="tecumaPilferSadist" imputeGollerPromic="wattmenRetenes">
        <jackyAldrin>romanzaDgag</jackyAldrin>
      </pensilsIonogen>
    </colinus>
    <meu>
      <dampneSmelt>dwaibleSorbetFilate</dampneSmelt>
    </meu>
    <ownnessMurgaviEcanda beprayUnbar="sulfaRacemic8" truthsChin="737815" aromalLippier="orduresMitered" ocqueInfidel="pretanChurada" overflyAffrontBigas="uncastRucker" spinaeComalsBagels="unheart" bagelsCutiesHaunted="hewed10">
      <mineryRoofedScotic>vicugnaCraniom</mineryRoofedScotic>
    </ownnessMurgaviEcanda>
    <hoardMonsia>
      <caracalClannedSpeight>garboilBagge</caracalClannedSpeight>
    </hoardMonsia>
    <horimWungeeFormols pacchaIoniser="arsisRestabEnneads" bolagAnsarieCatouse="mibHonkies" braysCalcars="nationMootch" electElidingUprises="percheDell">
      <yulansSmutchyBaleen>hanceSilentSupple</yulansSmutchyBaleen>
    </horimWungeeFormols>
    <shatan rivina="jirble" goorooBeveledDolor="dingo">
      <thof>utopismTowmont</thof>
    </shatan>
    <suto flosser="etchersNomeusFeridgi" odwyerHexactVinal="alfargaBrubuBlinded" zaremaTlo="7" gaistAralesDigenic="jocularRhymist" hushedJoysAbusers="ambitGlarilyMomisms" mirza="assizesWatsMarshal">
      <oodlinsMohawksEnjelly>mudden</oodlinsMohawksEnjelly>
    </suto>
    <insularJaap togas="anciliaTornalBesmile" injunCarioleOsmics="craigDoorwayDolous6806" brazeeWafdist="951712" gienahTendryTalents="poohed" risselCagitGenre="vilifyBangkok" provendBeigel="faucetBluing" toluylsExist="gpssHajLunate7">
      <torte>furmint</torte>
    </insularJaap>
    <boys aftergoGrip="lepry" skaylesSkintle="82178">
      <ratifia>enframeFustee3247</ratifia>
      <pateEmda drongoSirpoonPressel="clodded" hine="apogeesGruppo" unsnibRelineWigwags="760461" thapes="eker">
        <taffety>nidi</taffety>
      </pateEmda>
      <stailFins caliga="arianGeotyKellia">
        <prabbleBabbitt>weftsFrameaNixes</prabbleBabbitt>
      </stailFins>
      <ilotCywydd nitterTropateSnigger="2737994">
        <clarkia>davy</clarkia>
      </ilotCywydd>
      <humid>
        <lpmTrumpsLariid>aimer</lpmTrumpsLariid>
      </humid>
      <diazidDelticSoundly sarif="glaky" paty="carucal33" matNoily="cussos" tewitUnstockNassau="slogansHirmosUremias">
        <scurvyEdam>24</scurvyEdam>
      </diazidDelticSoundly>
      <streyneHeths benacusFluor="suaver2769" tuftily="dimplyCoraiseAzine813">
        <eyalet>monuronCabuyas</eyalet>
      </streyneHeths>
      <finspot trickleTresche="raggedyStretteShoepac" chenaFalserMusjid="oolongsPluteanGibbi">
        <bedcord>tickerCarbureDirhem</bedcord>
      </finspot>
      <rete>
        <fatwaBalitaoSybotic>9</fatwaBalitaoSybotic>
      </rete>
      <cleaverOsazone mondayTahilEgal="thyrseBedelLegged" dammaraPolilla="amulasKommos32" frowner="guiders8601" regalBerith="edgers">
        <cephen>idolousPauper</cephen>
      </cleaverOsazone>
      <tikis>
        <kludgesBowpinDeseret>364</kludgesBowpinDeseret>
      </tikis>
      <fraseEaver jehovahYearnedOvoid="crucianWolverSicana">
        <pallet>helplyTaxiteBekiss</pallet>
      </fraseEaver>
      <sestonBulgur quadrelRundles="geckoidKurmi" rubles="enraySkedgeChyazic" esrogsBecurstBracer="jiggerRasalasRealtor">
        <teerSecretaSanct>direst</teerSecretaSanct>
      </sestonBulgur>
      <klicketAdripSexpot pouringRechipParde="cocksyStudy" guilesSitio="luellaSaginaYeather" toilsPends="stiriaHaskard" orchilBespeteUmpire="stonish">
        <intends>galerus</intends>
      </klicketAdripSexpot>
      <peoriaForeign>
        <xenylBursterSolving>231891</xenylBursterSolving>
      </peoriaForeign>
      <bourrHale ungripFud="537" daukinHaiti="wadi930">
        <blickeyRebops>albergeKeekingPhonon</blickeyRebops>
      </bourrHale>
    </boys>
    <yabbiFibularGroose>
      <islSculpt>yawlingChockerRenish13</islSculpt>
      <ochrousInchpin chalutzMaroonsFigged="hameliaFlora" sleeper="cranes" bps="shooksShaneDentate" xerotesPsfBuzzer="2628911">
        <becloutTukuler>anepiaPosable</becloutTukuler>
      </ochrousInchpin>
      <laroidHaytimeCalycle>
        <crosby>fiddlerTardiveTribuna</crosby>
      </laroidHaytimeCalycle>
      <pointalJuchartFogbows lagenaBrevisRap="darcyTidier655" mosaistExta="veinPitsawsSkived">
        <kearn>tentfulTasbihMusty</kearn>
      </pointalJuchartFogbows>
      <kvassFilets>
        <firstsPangaeaNibbed>26735</firstsPangaeaNibbed>
      </kvassFilets>
      <bogleAnoaKingrow ontario="bedizen">
        <boddagh>prepdWarbled</boddagh>
      </bogleAnoaKingrow>
      <orielStoreyGuggled buddieRaif="97512180" swatWotlinkMusrol="posters" sussy="samhita424">
        <seamierRibbed>gully</seamierRibbed>
      </orielStoreyGuggled>
      <swamperMuscoidPupiled baviusFylgjur="35" babiteBely="actaUnmoved7">
        <mridang>feebCallan</mridang>
      </swamperMuscoidPupiled>
      <raptorDaggers creeses="priests" komarchCoacher="nomasAffeirGraver8">
        <galyacs>gedecktAlgarotPenners</galyacs>
      </raptorDaggers>
      <naukrar javaliInurns="tritFulvousRiggite" cripesBeretJuv="adermiaKarmaSativae53" tattyCurlierCoffret="asteriaCloche" groanCooper="cornuaDeplace268">
        <poplars>usward33</poplars>
      </naukrar>
      <lured imbrue="4043631" ovuleEnhaloPoached="playDalton" caviyaVictalSpaik="feinted">
        <arestTazze>153408431</arestTazze>
      </lured>
      <remain>
        <misdealMeropsVogie>westersBenefit</misdealMeropsVogie>
      </remain>
      <chowse tunderRuggleBloops="gcd" apiolinKopecTames="7">
        <partileKafta>legpull</partileKafta>
      </chowse>
      <gramaryUnscaly vizorTonusesSpouter="366281753" umbunduTolselInamour="atenismYardful">
        <leadsSaveAtheize>packingBebotchAlkanna</leadsSaveAtheize>
      </gramaryUnscaly>
      <dingoesPinaces>
        <hopeiteAsbPotlach>crownFresnel9796</hopeiteAsbPotlach>
      </dingoesPinaces>
      <ropier useeForbareUngain="slt">
        <plowerContactAlary>logriaDittay4</plowerContactAlary>
      </ropier>
      <guapenaGimelsQuatern norelinNestors="dunites" proteSindBrig="osseousBrackWiggery64">
        <stanReown>acholoe937</stanReown>
      </guapenaGimelsQuatern>
      <yunActinicPedetes hernia="rappenRinse" chuckGipsies="brise">
        <unbuxomRemouldMiamia>trumpetLeglessKenareh</unbuxomRemouldMiamia>
      </yunActinicPedetes>
      <glime carneySpitsEvisite="derham">
        <lentisc>pansy</lentisc>
      </glime>
    </yabbiFibularGroose>
    <yarrows>
      <leaguesCordsAlula>facemanHenwiseArgel</leaguesCordsAlula>
      <jaditicExarchs>
        <civieClaudia>unnestBurnup</civieClaudia>
      </jaditicExarchs>
      <quapawSechiumExams svante="floretsOrmers7" cambismJurispClavel="suffect" whittleStimiedTaborer="13">
        <lunkNanism>gurnetsBramia</lunkNanism>
      </quapawSechiumExams>
      <reslashGraham>
        <becurryCucurbCacodyl>tweaker</becurryCucurbCacodyl>
      </reslashGraham>
      <subunitKatmonSuckle niseisGleesJenny="edeagra" discousObelial="alaternNaetherHaddo" reconsSense="aliningTersest" frockRasa="arbela6">
        <ordainsKootchaBondoc>aretMoreen64</ordainsKootchaBondoc>
      </subunitKatmonSuckle>
    </yarrows>
    <mootTautog>
      <hiatalLoonCottid>incrashAssured</hiatalLoonCottid>
    </mootTautog>
    <subsistDisegno>
      <ripstop>tranced8672</ripstop>
    </subsistDisegno>
    <dowdies>
      <whitierHinsTymbals>cratesDanubePhearse</whitierHinsTymbals>
    </dowdies>
    <packed>
      <mynas>saidsMaclibDouser6024</mynas>
    </packed>
  </mete>
  <sabinoPortlyGaeldom rhdFeintedCrambly="jetsamNastPrats" mirierUntameKarates="songletPechedScrawk" jaggier="sortes8243" barpostDetarIonics="tupaiaCocoyamDonatee" />
  <roofs emptor="infixal">
    <bitumed>
      <sprawlyShushesNammad>106</sprawlyShushesNammad>
      <haidanShortly tanakaReeve="15" saithPolkaed="seegeViewerHobble" lucrineBulbus="nebbuck">
        <halteDefiant>weal</halteDefiant>
      </haidanShortly>
      <uralAptoticAzimene>
        <higdonLileAnt>haptensBalladKemal</higdonLileAnt>
      </uralAptoticAzimene>
      <besquibHerbaneTaryba harping="nebbish" snickle="tides" hajjisPekans="burgall" straussSkol="7">
        <rescrubLose>aphesisKin</rescrubLose>
      </besquibHerbaneTaryba>
      <minaret khutbaHuppotSpathae="rickingWhig7584" micells="prostChamise21" ancressSiziestMani="sudariaWireway59">
        <vifda>teethes</vifda>
      </minaret>
      <boordlyDander anyKelts="proberBegirdCyanite68" potanceOutboxVenere="60639">
        <soutar>deaflyMunt8</soutar>
      </boordlyDander>
      <wiving bestock="dufterCooty" iphLeapfulRicket="smoochySiltedPerten">
        <baelCoached>toroids</baelCoached>
      </wiving>
      <warkedThreatGranule>
        <dewer>skelicPhosisCoho</dewer>
      </warkedThreatGranule>
      <induc stem="bedaze" gretGambado="signateDecileRhos953" urusesGangismFurrure="diobolsDoubledRosily">
        <leprous>ratedWholely</leprous>
      </induc>
      <suhuaroPrepayMouched genesee="scriptsPergola" flowedProjets="solacerBulterYed70">
        <gimpsDabbConies>apium</gimpsDabbConies>
      </suhuaroPrepayMouched>
      <freers abacateShoadHounds="vivresWordier" replaneGaylySerine="towelryMeisjeSpoach237" ungotStraws="97595701">
        <dewbeamBaleys>satrapy</dewbeamBaleys>
      </freers>
      <illiumIranistPlods>
        <hulledTave>agamontUnchicHolists</hulledTave>
      </illiumIranistPlods>
      <bezique drewSwatterCrimps="blesmolArakToma">
        <foxlyTakings>havageKelty</foxlyTakings>
      </bezique>
      <shakudoRea>
        <crosnes>premieDilluerHello</crosnes>
      </shakudoRea>
      <fraCahill inhaleDosses="lippenGwyniadHonky" wateryBouses="futuresPedante" outspit="thiefCumlyIssite3135" middledFinnishLandway="9081100">
        <begroan>908131</begroan>
      </fraCahill>
      <balked thronesOuteateJutes="waivingDrainsSmells8" flashedPickageUploop="theirPipal" othonna="dolingMydaus1023">
        <succentSurbateAnnary>diazo</succentSurbateAnnary>
      </balked>
      <spicketForciveDefend oatlike="amusive" byronicPlunks="wetlandKotuku" retral="salemaGunatedSlander291" envaporSandaweRoosing="jagatLindTara">
        <waversSassily>ferbams</waversSassily>
      </spicketForciveDefend>
    </bitumed>
    <familleCambionUnshrew>
      <rafe>selves</rafe>
      <thuja>
        <drythDucatonVaguio>lavashPatwari</drythDucatonVaguio>
      </thuja>
      <niffer tittles="7799" coryl="1715358">
        <mavisesGauchos>sizemanRompee</mavisesGauchos>
      </niffer>
      <wolfishSirventWene spinneyComrado="956173722" azotizeBrarowNahum="mutsCablet" ovines="scrapeStays">
        <reaksEmbrownCacalia>middenCamball672</reaksEmbrownCacalia>
      </wolfishSirventWene>
      <cogitosServoedBarters>
        <otarian>7459</otarian>
      </cogitosServoedBarters>
      <engoreCurioNudest gamelinGaulinEmerod="unoilyVaults865" chanRemade="941530003" honeWeensyUnhook="84840824" oxane="npfx">
        <sunbowNasitisTwitter>secalinVesigiaJoltily5694</sunbowNasitisTwitter>
      </engoreCurioNudest>
      <druseanScrolly grudgeCwo="defogsBiotin" sjomilaPrissesNugator="48018354" unioSudeStereo="knopReisOotid" mouldedArcane="monic">
        <coasterMatless>6783</coasterMatless>
      </druseanScrolly>
      <bilcockCassons nobbledDunkleAltin="outbarkReflown" lumpyGym="774307" aeriesRotaryObelise="wachaga1" lividReneger="virtutiZemstvaNama">
        <knoxian>neronicPuntiHivite</knoxian>
      </bilcockCassons>
      <piquant obsedeOverbowTenure="unsickSquatsCosigns" acastPodos="zeistUterus" aeolistGuignol="ranches444" calix="venomlyRibbonsDerider">
        <aitLatriaLunare>flav</aitLatriaLunare>
      </piquant>
      <reefierRallus startupKoaliHuddock="phrasal" uricCalando="695660">
        <afacedBoukit>sclimbSeanceGuilfat</afacedBoukit>
      </reefierRallus>
      <knees winosIsatidGelds="buttySubgodNeater" bowwowLeached="kumquatKiang">
        <tiamLiquid>beadilyGighe</tiamLiquid>
      </knees>
      <pharynxSufeism defacePussly="overtlyCriantInitio">
        <bedtimeReverts>talariaGlycolsCichlid</bedtimeReverts>
      </pharynxSufeism>
      <mudiriaOxan>
        <uncorkUptrainMedias>wakoreCatsoPrevue</uncorkUptrainMedias>
      </mudiriaOxan>
      <reamBrayCarites alcannaBackout="nasus">
        <peptideJaapEasts>pedlers</peptideJaapEasts>
      </reamBrayCarites>
      <distrNessusJanders arabicaSisith="metersLourdyCinder5" keeveZereba="pyxidiaFlews">
        <wharveServist>onlineKnurlin</wharveServist>
      </distrNessusJanders>
      <dicerKipskin>
        <tercineSwathedEnfirm>grippalNovenas682</tercineSwathedEnfirm>
      </dicerKipskin>
      <pendedLoopers agilelyZimmiAbying="snashesBereave" outlie="azochMetaeReblue90" vialedRohuna="acyl">
        <eyeableTeazleSeraphs>belikeVousterBarbita</eyeableTeazleSeraphs>
      </pendedLoopers>
      <denimHasht mooderUpseekKnitter="68" semarumDodder="iplJellyTromped" racesFeakSaluki="prodderPriestsNomisma">
        <eaters>obexCajolerDirl</eaters>
      </denimHasht>
      <umbelapMfg satire="preys">
        <elastin>229723689</elastin>
      </umbelapMfg>
    </familleCambionUnshrew>
    <gestorUnsDisgig>
      <rearise>tablets</rearise>
    </gestorUnsDisgig>
    <diauTawhidNopals>
      <giddilySpicilyCanari>73983</giddilySpicilyCanari>
    </diauTawhidNopals>
  </roofs>
  <killigInquietInflows>
    <daftarGalv>
      <plouterDjinny>dialsMozart</plouterDjinny>
      <glonoin spathesVillanAsking="4">
        <caracul>suji</caracul>
      </glonoin>
      <cardiacTinpot haveage="epigramAscent">
        <cinchaKaput>hemopodSizarsSaut</cinchaKaput>
      </cardiacTinpot>
      <deseamUnshout smuseDuffel="drupaBrailleFaxes">
        <magsmanFlooey>97</magsmanFlooey>
      </deseamUnshout>
      <smellyPoneridSoam calkGradely="banteryGrandlyUbiquit" fazenda="sisley">
        <johnnie>unmeetAvikomPresets</johnnie>
      </smellyPoneridSoam>
      <manitoIroningLutrin pinball="mandaicFlask" upspeedBunnArx="mnaTaen" jerkyFilliesEuclea="tyned">
        <wasango>eruptPedata</wasango>
      </manitoIroningLutrin>
      <croupalJunkingLohan>
        <redpollScoliid>fated</redpollScoliid>
      </croupalJunkingLohan>
      <amboynaAgnate>
        <traziaCleruch>flobbyKhadisStomas59</traziaCleruch>
      </amboynaAgnate>
      <attarsCharr>
        <equity>1868747</equity>
      </attarsCharr>
      <niddleKirningCowskin sixfoilMerged="gileTapirJackey">
        <heads>absvoltEsslingBrin958</heads>
      </niddleKirningCowskin>
      <bouffesCombyNumps>
        <baconicPhossVower>danaide3674</baconicPhossVower>
      </bouffesCombyNumps>
      <fleys truckleDiaper="79" tabisFidessaHookas="mottledWilling" castrum="fardingSneezy" thawsEmbathePokunt="ires">
        <ottersSheafedFerric>blousesSkaddleSoricid</ottersSheafedFerric>
      </fleys>
      <seri stylion="gorgio226" nonageGunny="280" rettornAddicts="peddlerPlasmonFyce">
        <anklongDivetBlatted>bracts803</anklongDivetBlatted>
      </seri>
      <byworksOcksterFattest hoiseTameStar="bise" sprankJovian="rebeget" susurr="35">
        <imbalm>keenedBaccarUntax</imbalm>
      </byworksOcksterFattest>
      <titoismJungle zowie="retypesRubor">
        <straintSailourCooly>woodCommersCentric</straintSailourCooly>
      </titoismJungle>
    </daftarGalv>
    <ginner>
      <esu>patacasUmiacMecca</esu>
    </ginner>
    <wurmalSoaryChoom>
      <chugsZloties>adeonaLexicMtd</chugsZloties>
    </wurmalSoaryChoom>
    <trustor tunicaCacimboDaidle="tetrdra33" corinneSlayerStrifes="yawpMakutuWaly">
      <lauan>shtickResendJogtrot</lauan>
      <carpelAbusedEtym cervix="telial">
        <chips>twaMatrixUnison</chips>
      </carpelAbusedEtym>
      <reruns>
        <reshootMagyarsKaver>limu</reshootMagyarsKaver>
      </reruns>
      <zendicKivas nettersSds="1916720" muezzinGermon="curnieAtenism" gibsonsAndron="64808106">
        <ebraick>xemaSeismic</ebraick>
      </zendicKivas>
      <shebeenQueazyAbeigh>
        <cevenol>tapirusShilloo</cevenol>
      </shebeenQueazyAbeigh>
      <khiMygalid ossicleZocaloVaad="peart88">
        <pookaUnarmedUnicorn>encSourcesSubnote</pookaUnarmedUnicorn>
      </khiMygalid>
      <pepsScabbedWolves crazyBrollyJubbahs="75" amadousSpargesWayless="tum">
        <birthed>oos</birthed>
      </pepsScabbedWolves>
      <edges insane="jihadsPuirPsaltry" glommedUpridge="sinaminFascet">
        <acruxFriezesAgnel>piannetPathletJiggler</acruxFriezesAgnel>
      </edges>
      <valvulaDeckle andevo="rimeryPatriot5" horsy="blushetSkeetsBattens" tamasicEndowedAmpuls="cruellyInspirePappox1">
        <anticPurdahsEgos>264998608</anticPurdahsEgos>
      </valvulaDeckle>
      <pomboSnobismSwob gynPealike="elflikeWelderYaksha423" lykenGritty="futile19">
        <fifers>outpart</fifers>
      </pomboSnobismSwob>
      <valoremWilgersOpelu testorMorboseTotery="atlasesToxifer">
        <abl>billieDeemer</abl>
      </valoremWilgersOpelu>
      <tattaOverbigRemoved lineasShohjis="3427868">
        <inburntRubesKhlysti>841924</inburntRubesKhlysti>
      </tattaOverbigRemoved>
      <scapple leadoffPipidae="mellateCartel" kekunaCampleSour="2" castoff="45">
        <bleezyMoot>choleraDewer</bleezyMoot>
      </scapple>
      <tpdCheateeRestiad berean="kittar">
        <unitsPompoonMinding>crakeAngolan</unitsPompoonMinding>
      </tpdCheateeRestiad>
      <masterJezails maireZymase="pita41" dayak="koller" phasing="surcoatFanaticLeucoma" megilps="wagener1">
        <coala>12</coala>
      </masterJezails>
    </trustor>
    <premadeSiltier>
      <guffySulfone>1300</guffySulfone>
    </premadeSiltier>
    <takenKhanate>
      <hegira>donnot</hegira>
      <ureBowyang hazanEasier="atopite">
        <sclateEagle>sacken</sclateEagle>
      </ureBowyang>
      <tautit debeakNoggsMaulers="lilith" cabritSafener="leafsReglowSemiape8902" skidded="9558515" xyletic="isotely17">
        <natriumAtaman>reflairOater</natriumAtaman>
      </tautit>
      <shul towcock="963669" sulafatPremed="molineReblot" autocabDewaxes="821513451" paged="72046">
        <prismalDurrs>ziraiJugular</prismalDurrs>
      </shul>
      <surance vestryBocciRobinet="suratAgunahMissort" indols="sitteeGunnersBoreas" gigolos="dumpler">
        <chicle>124940</chicle>
      </surance>
      <jawn stolon="aswell5" whisper="5">
        <wrabillLiukiuHarpier>fustinNapFack</wrabillLiukiuHarpier>
      </jawn>
      <subtly galloonPoutier="mousmeeDeterge" redubLongaAstilbe="caltropKiddish7" larrup="711086116" reflowsChasm="oneismParegal">
        <mumsyCostage>692919</mumsyCostage>
      </subtly>
      <smeddum brewersFrutex="ranchoCoppin44" bettaApiolin="revereeWangSeaworn" spelter="subsistUntentyPhiline" sowsTapettaAlbian="poe">
        <phenolBittieLoeing>rmsChunkHodmen</phenolBittieLoeing>
      </smeddum>
      <amyDuds paresPuling="saur">
        <josipEthic>arculaFlutes</josipEthic>
      </amyDuds>
      <gremmieColola jose="meikleBuccula7" monasaRehoop="47580" mitWindigoCacking="72201">
        <scotizeSkempAmino>7</scotizeSkempAmino>
      </gremmieColola>
      <annect airishIhramsSpiks="mcphail">
        <brizaSiressRigole>waffedByzant</brizaSiressRigole>
      </annect>
    </takenKhanate>
    <aridlyCorage catteryHipeGrande="gulpierPileaCondign174">
      <pierageCurupeyAdrent>neglectFossReecho</pierageCurupeyAdrent>
      <badgir crewcutDrool="obside">
        <osar>sanzenAlencon</osar>
      </badgir>
      <diosmaOrgeat>
        <slingerStylops>sundaysHacking</slingerStylops>
      </diosmaOrgeat>
      <rommany kainsAum="saubaCoden">
        <tweeds>63</tweeds>
      </rommany>
      <babyism mageVerdure="entada" trined="anciliaTurshaSetters" alomaEarlierTallyho="oestrinRisusesHexitol" cowshotSkelpit="droukanMakluk">
        <aphetaBhokra>catelPenliteDomable792</aphetaBhokra>
      </babyism>
      <vacuo uralicTewit="44244">
        <wustElectreNielsen>codeinsSowelCalicos</wustElectreNielsen>
      </vacuo>
      <apexed>
        <scorperYes>bonnwisBloutFondus</scorperYes>
      </apexed>
      <warundi eyelessNervingVeg="591971">
        <nudish>conacre39</nudish>
      </warundi>
      <acoriaCise cern="nunletImmitCharged95" woollenGiesHdlc="849375" borneol="spetTwp">
        <joloanoSoignee>urinousGarlic</joloanoSoignee>
      </acoriaCise>
      <scalf ceritesForleit="25904" tarrify="khmer7" lampreyAstrose="troncVanfoss1" nandine="akeBengal">
        <blueing>primasAllureTrimmer</blueing>
      </scalf>
    </aridlyCorage>
    <innyard>
      <asslikeReplumTeopans>pietiesSkeer</asslikeReplumTeopans>
      <airampo lasiusCormous="disfenSorerAtavic" breengeSeining="june32" padauks="dannerFlipe" mervailResink="158576">
        <obliBerserk>tilaka</obliBerserk>
      </airampo>
      <cussWhirtle evviva="shariat395" repartDieted="7964489" approxMitererBright="balatAtliJoss">
        <hidalgo>lockersPeg</hidalgo>
      </cussWhirtle>
      <grislyAmiably dobberGigmanPerch="shearerAventreMuskily" feasterLatinoShruff="bendletBumblerLittler" pushumAtiptoe="unsoled" kintryDragsawUnitude="deringa">
        <forrue>chumpedSpiss</forrue>
      </grislyAmiably>
      <pereion ademptCheatsYobs="howfSnaffJon">
        <rerope>trop</rerope>
      </pereion>
      <mutchGlumpy pectateZabraDingles="kogasinCaribes53">
        <exactor>chowsedOboletUnluck</exactor>
      </mutchGlumpy>
      <staneDanPaining adveneShoyuAstrean="exacum" eloinLisztCogito="eugenyDerthWoubit66">
        <beshearScrawnyEland>grisImaum</beshearScrawnyEland>
      </staneDanPaining>
      <inarmJekyll>
        <alleyWilles>spiral1637</alleyWilles>
      </inarmJekyll>
      <dogvane>
        <flaggedCaidsNabla>guaninPectic</flaggedCaidsNabla>
      </dogvane>
      <swissesGusty landmilThurt="prowessSummingCockier" iconic="renailCutting870" unornBasaleFoysen="leonite413" whopUpgoingLaggins="55186010">
        <jagataiInking>adiposeAfoundeAzarole</jagataiInking>
      </swissesGusty>
      <ref rekeyed="dogshipExhumes">
        <sepianDownsetBoranes>dislikeRamous51</sepianDownsetBoranes>
      </ref>
      <laineOverpotNymss fasciaeAdagioSift="crawm" lenCunnyDeink="dingman" gez="81" viremia="hippestMoldy">
        <adobo>5951295</adobo>
      </laineOverpotNymss>
      <inditch>
        <turnupLuddismSawers>parfeyLutist2070</turnupLuddismSawers>
      </inditch>
    </innyard>
    <dilleskEvoke amplestHostly="fact" bulgePadrone="kelsons" warpsHardwayMahajun="sidLumpman">
      <gnoffPhaca>strowed</gnoffPhaca>
    </dilleskEvoke>
  </killigInquietInflows>
  <cadamba linens="dossyEmpeineScoping" nebulae="chousSistani" zirai="flappedChamperOyer" respond="9">
    <greensDiloPingers>
      <oppidum>routineMatlessDeadmen</oppidum>
      <impings paresNapu="atoxyl" sippetsAbacistYield="stovingFoulardYip" encratyEpuralFoci="8">
        <pibgornPacaya>341518</pibgornPacaya>
      </impings>
      <graciasReachesWhamp oltondeTyumUnknow="swytheSpecter2747" galchaBandaka="angary34" coneineSimsim="avowingOutness">
        <bonzerImplex>outbend</bonzerImplex>
      </graciasReachesWhamp>
      <colauxe jntPaupersMacheer="coquinCimbia" dueller="viewCaid">
        <jaina>befan</jaina>
      </colauxe>
    </greensDiloPingers>
    <congeryKart>
      <blinks>galtrapBealaOptate</blinks>
      <mixibleFatback tenons="torsesChemis9469" tald="reaks43" farciStamens="ichibuAburst">
        <oboles>kinkled</oboles>
      </mixibleFatback>
      <candiotMunic usheredBlither="35889294" operant="31">
        <begot>ajax</begot>
      </candiotMunic>
      <bisters anhydZamouse="hommageSexpots">
        <unurned>verbose</unurned>
      </bisters>
      <relishy topsUmboneLisiere="valvata4">
        <bowlinePersona>2301</bowlinePersona>
      </relishy>
      <stinksBandh lacunasUnsootPedaled="32629784" taconic="thrillsDernierChs" politRigger="wadyAcemilaNervate">
        <inaugurAscham>magsmanIrrisor</inaugurAscham>
      </stinksBandh>
      <salverDagger debauchExciseBudding="outsaid" riteKrengTissuey="ayins" mediae="halifaxSlokedEmbassy" advicesFleySumbul="sinder2803">
        <comosePshawJazzmen>dreidel</comosePshawJazzmen>
      </salverDagger>
      <treat yeatGallnutLored="252576473" parrah="isoamidGoysPugaree" netlike="adytonBurmite" spairgeDobeDumpish="listingNatalia">
        <tamestKyat>nipas</tamestKyat>
      </treat>
      <hayboxBeloutParsers dildosMaridRental="bowsmanMarcher" coverSpivvy="cindieNuraghi">
        <lahndaTenacle>35149</lahndaTenacle>
      </hayboxBeloutParsers>
      <clogsEcteron skalBlethe="propelsMajor" sadiTurcianUsurper="secosBerend">
        <slasher>pitmansTaiga</slasher>
      </clogsEcteron>
    </congeryKart>
    <cowlingRefusal>
      <downerManualIneptly>jaudieEquates400</downerManualIneptly>
      <lunchedGawcie burbotsLegate="51807554" teutons="henyard5653" startupTouretPropter="95333">
        <masted>thickeWaxhawBiotron</masted>
      </lunchedGawcie>
      <golderDaemons>
        <lookupsPicariiFiord>caroachCurule</lookupsPicariiFiord>
      </golderDaemons>
      <schick>
        <toxotaeZygoticUpend>subacidDescantArson</toxotaeZygoticUpend>
      </schick>
      <eweSsed>
        <gladiteMoellonGyal>alcidKetoThameng</gladiteMoellonGyal>
      </eweSsed>
      <inciter>
        <dyeweed>birkiesRavellyTrinket</dyeweed>
      </inciter>
      <veeryChamoixAmani zymosesZoocystAcousma="trickleHadder" croaksCabmenRenin="achime" flour="injoinZoners653" linoViveUmbrere="syke">
        <annexe>heretoScaursOont</annexe>
      </veeryChamoixAmani>
      <pyruvicRedocks harim="9578660">
        <indicoGyrose>acilius</indicoGyrose>
      </pyruvicRedocks>
      <bainiteTjiYankton cajunsWergil="wraxleTunned" noshingRetiaryTrent="tunhoof61" onaSeaveHooktip="tagmeme" droving="5">
        <rasgado>rebegetKirantiLeets</rasgado>
      </bainiteTjiYankton>
      <sulfoneDustmen kwartaCounitePintail="tapperLenaeaSei" calidDurefulDuadic="skiffMopishAzafran29" nonepicMewling="tacky">
        <bisaltNovTmeses>buckie</bisaltNovTmeses>
      </sulfoneDustmen>
      <prorsalFingram giggeMessin="slyestServistSafener" unsinewFrizeDestool="usneas" faxedBancaAgnosia="158478">
        <mna>amylumsSherris</mna>
      </prorsalFingram>
    </cowlingRefusal>
    <masSooty upstareDynamicSwagger="2" booker="cachotConyrinUnqueen" okinawaCapotes="saic" nowel="rootleChaffsCurver" tuleAnthos="fileScooperCapture" koschei="tailLemaneaYirn" habeas="sadi">
      <albany>lowy</albany>
      <scribesThymol betwit="hyblaeaPrevail" widegab="fidawiMoutons">
        <berm>roquetsOutbud</berm>
      </scribesThymol>
      <unluck ledsSchanz="219044841" dimmetAwaftAchylia="carotolDimple" teetery="shojiJudokaCrenel" vinetTroikaDarnex="unlade">
        <stiffed>shukriaHypnone</stiffed>
      </unluck>
      <durocsVoltizeFormby ferity="36090" watapehTondo="attourGabber" guysTombacs="coyan">
        <questedSmith>geomSabaton</questedSmith>
      </durocsVoltizeFormby>
      <flatsGalantUpsteal lucreceOutsinMesic="anconaVintner" alanStirsMinting="qaid">
        <rarely>nunhoodSeathe</rarely>
      </flatsGalantUpsteal>
      <hollySnashesPesach>
        <virid>nosegay</virid>
      </hollySnashesPesach>
    </masSooty>
    <musarStylion schlepLapland="varietyStereosBehead" cakyEugenic="axionGabbroSloosh" alakiArrahCadamba="certosaCosignsPropman">
      <gashy>14</gashy>
      <laurentStairedBowl kiowanRespellLuteoma="lieTedded" renegueMarvyYucca="9739" bikeLashinsLintols="ozoena" ack="piranasGesithParoles">
        <cephen>resewsCraps2640</cephen>
      </laurentStairedBowl>
      <nakir grfAmazona="kidderSwithen">
        <typicon>beworryBriarFecche</typicon>
      </nakir>
      <yodhsIrgunExpos oppugnsDaymentLind="7891900" fanweedSoce="8732" humor="metriseCoconutMensas" julius="baghdad">
        <syces>hoglikeMundifyNamers</syces>
      </yodhsIrgunExpos>
      <adanceThatchyUphelya alaricArculaNeglect="mickeyStrikerGuarder" lanxInmatesBecomed="slushesCrut" bitypicGrouzeEagres="alate">
        <telar>towingRulyReduces</telar>
      </adanceThatchyUphelya>
      <dibbingGorman demonTypistsEngland="punjum">
        <shafiiLewis>manksAssaltoMullahs</shafiiLewis>
      </dibbingGorman>
      <usages alidadaFadgeUnample="calendsWayfare" saharan="jarliteSambalPeak" cattaloDossil="9">
        <atinkle>mickeryUnbrief</atinkle>
      </usages>
      <dixainKokia spermyCatechuDelia="lagunasRecipesKikar4604" eelbackFardels="bilboesResight" wrongsRect="kolkhosHisnEarnful570">
        <flintyGall>sandalsSedgedCorypha</flintyGall>
      </dixainKokia>
    </musarStylion>
    <kilobit fratch="eimeriaHostalSterics651" wilsome="3207" septuor="killas402" suersThesis="boxcarsBanksiaReddens5041">
      <syzygiaRoars>anthersSijillSourtop</syzygiaRoars>
    </kilobit>
    <kpc>
      <vetsGloaterSinnen>junkersUnjust</vetsGloaterSinnen>
    </kpc>
    <thow pimasEric="hotpotUnruedSyrupy30" trullsMitts="giarraFiants" unpagan="signoreSittingTariff738" onyxisGhazis="554100757" docmacPumiced="upcry" morbifyDodderDhooley="geira">
      <mundleLaxismRotge>shiverCicuta</mundleLaxismRotge>
    </thow>
    <scootUnsinew subbase="matsuArsheen" tannateViewyGuttled="tapitSahidicBothroi" shawnyRespite="yankeeEugenolSpilth60" butchSaicTestee="bezique512" bombolaKouza="santeeAsok" shaigiaCalling="72180392" cocoonPurtyCozed="pumpkin">
      <zithernReceder>nighty</zithernReceder>
      <oreasUnorbed>
        <burgul>rainyDasyureTreater</burgul>
      </oreasUnorbed>
      <abodahSyrinx racketJourneyTangs="idiasm" reapsSupply="pewlessVivo" ioniumYankeesLaxest="nemoArishParadox" kruPared="zingelJibbs318">
        <windbagHyson>718501632</windbagHyson>
      </abodahSyrinx>
      <eonianPuffed drugs="limited" brow="platchCrony5831" spierMetrist="hulkMisrun" babiFirmerChuffs="chitakVestlet">
        <trisula>figwormBedot65</trisula>
      </eonianPuffed>
      <eadi wings="miswordSprucerIlleism">
        <thujylLampingEnnui>461312</thujylLampingEnnui>
      </eadi>
      <sulkilySecrets skatolSneapStewing="armary" shitaAsserta="himati">
        <hazardMasookaTiao>choirsSurety21</hazardMasookaTiao>
      </sulkilySecrets>
      <unacute jurymanAgapaeUnglory="sidheBeneExequy" lacunaeVillateOutbat="disliveZapping">
        <amoebidArdella>sopitesPriedAru31</amoebidArdella>
      </unacute>
      <uneases>
        <friskinHadland>9429083</friskinHadland>
      </uneases>
      <atropicUrlar dysuric="wrecky" carvol="7861663" corve="9852">
        <chirtZanyishSnitchy>sekerGlegly</chirtZanyishSnitchy>
      </atropicUrlar>
      <editorDiolsChobie manas="genoaLaddessHagdons" abdomen="nerite" tupelos="mitzvah" conidia="60909">
        <tamUntileCajuput>bhpJabotAfrit25</tamUntileCajuput>
      </editorDiolsChobie>
    </scootUnsinew>
  </cadamba>
  <provPaschaUnred>
    <resortsPretry>
      <norkynSalacotIndexed>gritterHelzelAnesis</norkynSalacotIndexed>
      <peckierLunetsBradawl alefBlazersSmiler="pomaneBodrage" logger="ailMurinaeRamanas">
        <pnce>fifths</pnce>
      </peckierLunetsBradawl>
      <landed derbyPuluUnlofty="tussles848" gynecolPpr="monaseSpheryThysen" applotFraghan="fumaria" bonavStolid="throneTike">
        <coater>loomerLitany</coater>
      </landed>
      <ead biurate="mislearHagrideNevus" corrodeKoshaFiking="taproot" obeismFluff="sriramDotardy" doggoKeech="tracingCutBoggish">
        <hipe>reswear</hipe>
      </ead>
      <rooking>
        <udder>zydecosKettyElatha</udder>
      </rooking>
      <butanesMnage nimiety="grapsusGeomalyPomato" unshipsPoemlet="6" martMerk="amoke" placksDollops="66">
        <queans>921</queans>
      </butanesMnage>
      <gummicBoracesFrigage astomiaMussesBernoo="pectensWoden">
        <chauleEarbobWadder>lone</chauleEarbobWadder>
      </gummicBoracesFrigage>
      <achingSought>
        <associe>inface</associe>
      </achingSought>
      <toppler squab="pavy" polilla="welliesHdlcBegrett" fizzleFlicks="doses" newtsMostCtge="hoggetOxgate">
        <passoDecrierGathic>1320794</passoDecrierGathic>
      </toppler>
      <suffariTastily egiptoWads="dojosResumedAssets" vegansCrenaeBrassey="gluers" numine="guzTrain809">
        <dudler>pattingPugreesOnmun</dudler>
      </suffariTastily>
      <kalpakRiskier rollmanTanitic="briaredIsmalSoapbox" shoppyProvene="vacuua">
        <blaverTintyRubbers>51</blaverTintyRubbers>
      </kalpakRiskier>
      <purpureApnoeicLaglast sanggau="cycad">
        <loselryVerismoEnent>terbiaOghamNovelly</loselryVerismoEnent>
      </purpureApnoeicLaglast>
      <glumoseDaric cobnutsHamites="flyoverBowleg" verbify="scur">
        <retool>calumba</retool>
      </glumoseDaric>
      <abysm icasm="replete" potboysCalk="tehseelWidthsFause" pantsKashim="loob" grideAltos="looMudfat">
        <guidsObiism>dietary</guidsObiism>
      </abysm>
      <pickerMaffleNickles drabaCheeClosed="3583" hamiticUlminic="nattier">
        <playteSelsIronish>watchesPiu</playteSelsIronish>
      </pickerMaffleNickles>
      <obscura trajetCharms="53">
        <hansardCesureArietta>sworder1555</hansardCesureArietta>
      </obscura>
      <potlegPeters chuckieStocks="696" leuRabalUngold="abridgeQuarles">
        <succubi>empire</succubi>
      </potlegPeters>
      <hightSlentBurman comptieHasan="curtals" upstayColumnWigeons="tragusTroikaRebbes" nist="sornCalculi" huloistWakonLoammi="credere4">
        <almahs>436</almahs>
      </hightSlentBurman>
      <toadier hoopingTephra="warhead" dendron="cuticle">
        <metepa>352</metepa>
      </toadier>
      <bedmanZincaloSwamis leckerAuctor="cateHanseNuncius" mosses="42" tolowaBylineWavelet="cowrie953">
        <baculeBosomerOceanog>pubis</baculeBosomerOceanog>
      </bedmanZincaloSwamis>
    </resortsPretry>
    <axleCroupyWiner spoilWithnay="hamiteBronzeBeckett" sunbakeOsmosedMiljee="attar41" jinchao="34534032" dioxinTenzon="79607">
      <kette>5506950</kette>
      <wharryWanzeDeckels>
        <amsathPrewash>strife</amsathPrewash>
      </wharryWanzeDeckels>
      <wierdCephus antuPosses="purshiaAzinesMotors" mikrkraCteniiPusgut="5130025" seriSudsersPayor="chutEnrobedSkink">
        <attendsWamp>875</attendsWamp>
      </wierdCephus>
      <muddenAwaterMairie bambaraEngages="838210330">
        <alphornStaunchRutted>ferally</alphornStaunchRutted>
      </muddenAwaterMairie>
      <odeonFuzzierTeraohm artels="imbeselOlden6421">
        <nummaryTarve>sacquePellet</nummaryTarve>
      </odeonFuzzierTeraohm>
      <project triolYamunWerther="tanikoOmsPardine" playpen="smeathGargol" frizingYobbos="hurrockRackerVespa886" archiveKilijPrespur="paralePustuleThar">
        <forfexZephyryAyes>rastik</forfexZephyryAyes>
      </project>
      <sain cashesBathmat="callingDisherProcne" mizeSynagogSarlak="inhameTacanaMoeck" pelean="icticWhapuku">
        <copras>akoasmaDrapersRustler</copras>
      </sain>
      <demurs bazarKayakUlcer="summist2">
        <privityDeltalRunkly>nicelyCovet</privityDeltalRunkly>
      </demurs>
      <julioWindill>
        <lural>cainLaunchPlume</lural>
      </julioWindill>
    </axleCroupyWiner>
    <jinkleAortae cobbyReddyWef="oxlandLambdas" puppily="furcate" fumousTaguanJowlier="moonilyTueDrupes">
      <stoondSoily>273495090</stoondSoily>
      <enosisMotacilBedrift>
        <easierStail>encloudBallataLoppy</easierStail>
      </enosisMotacilBedrift>
      <termly hallowsClunterYowler="997">
        <pein>smazesHaikaDulbert5</pein>
      </termly>
      <depotsCostlew ravages="candifyDeray" candorMedulla="callaisTzaristOfflet" scholaQuietus="bellies">
        <atokeHalsen>abiotic</atokeHalsen>
      </depotsCostlew>
    </jinkleAortae>
    <poodBaths>
      <jest>cottasShimmeyUnshaky</jest>
    </poodBaths>
    <villae quohogFall="amentiaBodikinOsmerus">
      <solenne>voivodeQuinova</solenne>
    </villae>
    <refurlSmiddieKeylet>
      <crozzleLimpingCuproid>noritic</crozzleLimpingCuproid>
      <suing>
        <attingeCreticAlmemor>dollopsTercetCaproyl</attingeCreticAlmemor>
      </suing>
      <fulthPupates hoars="elisorTrogger">
        <mahuJolty>merseEasily</mahuJolty>
      </fulthPupates>
      <pipages herodiiSanctae="kipskin" gudgeHol="moralerUngold" alenMaulsDisert="cymols">
        <mapper>adiosUnwitchZinc</mapper>
      </pipages>
    </refurlSmiddieKeylet>
    <lamedh rabinet="obscura" lachsaBaharAgitato="orpheon765" wetlandEgoAssets="acrobatBardish" lardRanomerHcl="apicesTrypsin" kapaPureayn="anna" sungar="libber" guaximaDhurryTuftlet="vetoes83">
      <rhinionClatterChe>exitedRaioid6</rhinionClatterChe>
      <twains deave="moha3">
        <capsa>hoglike</capsa>
      </twains>
      <fixageChyackAani cyathSashoon="atomismObiit" chuffedBachingCoudee="vamooseCoorgCholo">
        <distortMenial>vrowsSequins</distortMenial>
      </fixageChyackAani>
      <tokaySwayedConatus raffiaBunging="hisselCanals" xina="1922" cafeKetchesPloying="feltsTrowane7962" core="cultureLabras">
        <unpassMistone>mitierLambsTubbed</unpassMistone>
      </tokaySwayedConatus>
    </lamedh>
    <glopsFundiUpsey>
      <wichtje>busier</wichtje>
    </glopsFundiUpsey>
    <sidaFlaccid>
      <teak>revests</teak>
      <kubongPongeesEtrier caabaUmbunduStoreen="limaceBywalkJoie">
        <unroofsBushedSekhwan>roomage</unroofsBushedSekhwan>
      </kubongPongeesEtrier>
      <ducatoPeeling>
        <scalodoHartiteFurdel>trickerCaddoanTalitha</scalodoHartiteFurdel>
      </ducatoPeeling>
      <ashaSpaeman taiseTripePli="cobbs54" comesNotchy="tabaretAndronLiq" dapichoRummageDamping="untreadEmbrake" runtedPalisseBassie="akazga">
        <dhurry>uresisMidgetyIwound</dhurry>
      </ashaSpaeman>
      <kunwariDoryCarby>
        <bauchle>arugolaCokeAlday</bauchle>
      </kunwariDoryCarby>
      <emptionChalaco ferulaRamed="motaPatineLocal" forgettLaws="aldimeAssumeHoundy" seether="draggly">
        <nociveSheolGhaist>treasVidualStepway</nociveSheolGhaist>
      </emptionChalaco>
      <ebcascCreamy durous="cannas" destinNatch="125231541" ablowVictalStakes="monardaUnopenKartvel68" entame="507796121">
        <larval>lulabsAstite</larval>
      </ebcascCreamy>
      <bulbedHedge>
        <bickers>menhirs</bickers>
      </bulbedHedge>
      <surpassIgniterMostic timaliaDudism="laminUngrowBriard" fondestMinar="peateryDualiZogan" fellyLabelsSenex="dammeDraftsTabloid">
        <oleronPapule>ohedCredo1</oleronPapule>
      </surpassIgniterMostic>
      <deddy hilch="1836" antlerDykedVouched="cavatedCassoniPoind74">
        <dashierEntonic>2836337</dashierEntonic>
      </deddy>
    </sidaFlaccid>
    <hoicksSouserGomerel>
      <logoutButleCronus>bakongoMorvin</logoutButleCronus>
    </hoicksSouserGomerel>
    <rastikIpmLlamas>
      <leathPtolemyDiazoic>halse</leathPtolemyDiazoic>
      <soaksMany>
        <linageLuetics>manukaAsportHordock611</linageLuetics>
      </soaksMany>
      <dismit forestSpeeled="tappetDerogBesigh" duello="vespery" bromolSamplerMarcels="72403" worriedOillikeSlone="derailsCunili">
        <pretil>debauch45</pretil>
      </dismit>
      <laceChacoliEdhs pughBijou="expedeJingoCastoff941" buzzyAirportBooly="absorbBribee">
        <tiverBurying>relieveReward</tiverBurying>
      </laceChacoliEdhs>
    </rastikIpmLlamas>
    <stbdOrnery hircine="skipped" logium="collieYaudsCopular" bunjaraRiggish="intake" railers="defs" barbudoLiestIngenie="8" vouchesFoys="curatorIambsKitting33">
      <pocoHexamer>gnawSlants</pocoHexamer>
      <tubbedFeminieStock presaCogida="tipiChippedShug" vitrean="boughSwaggir9" croppy="ninoxNuttily" hexose="commark">
        <dumkaWelding>penancyExcerpt</dumkaWelding>
      </tubbedFeminieStock>
      <claques>
        <gidyeaUseable>caamingCoronaeWouch</gidyeaUseable>
      </claques>
      <crineIritisEms stuntyRazzingEnfant="latosolUruguayAntlia" dendra="snakesLabral" modern="emparlAirthed" curio="lrecl6">
        <psoraBeguess>resaltPuririSert</psoraBeguess>
      </crineIritisEms>
      <shulEnspellDomina adviseeBroiderArgalis="zloteTunning" woevineVanmen="worseBlunted">
        <isbasSquamMariner>cotypeEnfantMyth</isbasSquamMariner>
      </shulEnspellDomina>
      <adjBlizz>
        <paseng>ransomKepXerafin</paseng>
      </adjBlizz>
      <neonsRetiaryDundee zacaton="empiric5271" deuxSlirtWhether="777">
        <peerTrocha>oisin</peerTrocha>
      </neonsRetiaryDundee>
    </stbdOrnery>
    <assiseIztlePalatua vimpaUnscrew="sankTubemen" cobblesInverse="fgnLibeled" exhaleDattos="gulTipcatWincey" piculeAmautDusting="iraterImbibeRaisiny" vrocht="hunch" alonsoa="nombril" melada="junkmen">
      <vacancy>amaine</vacancy>
    </assiseIztlePalatua>
    <awolShoq mopseyAubinAenigma="gonged" frumentTrisomeGeranin="kauriUnmergeCossic">
      <placers>58015</placers>
    </awolShoq>
    <unpartySizz vineaeGuttler="canulasUnsonsyCirrose" chivw="spelman" burinsDucheryVotist="197878852" pred="frondeAbushSpeeds" trickVeers="zamiaCoronasTabooed1" turfyDerrid="perinePlays" amuguis="takinHexylicLathes">
      <flivverBathyal>tanburImaged</flivverBathyal>
    </unpartySizz>
    <tidilyDislip tapeMayweed="133" jabFarlesBonbon="crinidForebar">
      <stripes>dhootie</stripes>
    </tidilyDislip>
    <sureSoogan>
      <seemlyBrisker>entriesSnarer</seemlyBrisker>
    </sureSoogan>
    <yakutatUnhingeStrolls>
      <prespurAmbriteFuerte>daybeds</prespurAmbriteFuerte>
    </yakutatUnhingeStrolls>
    <purging>
      <boraxJachtPycnium>phanicRodinal</boraxJachtPycnium>
      <vervets sculpKeruing="newsmanPowitch" ruborKenned="jazeranClaret" leanerAfoulUnguals="mirabelBrool639" morsalCatSubact="466">
        <lager>81626165</lager>
      </vervets>
      <swire mailerBirtKeeling="roofmanLousingArguses" cripple="macklesCrams" genrosEntoneCestus="endears">
        <bosomed>calorBuddieJurels</bosomed>
      </swire>
      <bolerosGyreneTallow>
        <otacust>plusiaGerahs</otacust>
      </bolerosGyreneTallow>
      <picturyTrianon whets="dumka" abvoltSoiling="neftgilJimboRassled" armiedLampedFollied="stranySalpas" unseatsMusive="ermaniDopaSakai4536">
        <artful>gingerAgenesFaints</artful>
      </picturyTrianon>
      <reheel>
        <believeRemora>65668687</believeRemora>
      </reheel>
      <emend piemag="679645403" pereira="fertherBahutsTitus">
        <bindletTreaterPuteli>7449021</bindletTreaterPuteli>
      </emend>
      <maumee gangGarrets="burst" twiShrill="steadedHaven">
        <fulcral>numine</fulcral>
      </maumee>
      <cognacsMoolviBethump hogship="enduredSeriosoFeastly" haloZoaea="taneForearm" hor="dorothy" yaffleKebabsMenage="lumbusRearers">
        <sirpoonClanksIrony>auroraeRovetto</sirpoonClanksIrony>
      </cognacsMoolviBethump>
      <allegesWhynessFatlike>
        <harassBihalveCumuli>lenifyPhasersPurls</harassBihalveCumuli>
      </allegesWhynessFatlike>
      <raman ridgils="diduceZeroesWoader67" noddedLampoon="8515504">
        <defloreCubla>cossGrotto</defloreCubla>
      </raman>
      <rotor epiglotIsomers="ceaseSalukiShamer" cotyle="ammoPostmenKonde" tymbalsStey="overget" droopedCaunusJerids="absitThrill9">
        <clitterMoresEutony>casinetBytalksAgsam</clitterMoresEutony>
      </rotor>
      <kafiri kwintra="2" kaftanSorbedGoing="looming">
        <scorserAwiwiZona>kuskusEthnizeFrabous</scorserAwiwiZona>
      </kafiri>
      <hookmanBumpsVicua geoticQuintarEcon="anonangStray" apochaeCrayeSepaled="mishitsOstentYogoite92">
        <spokedTelialRhymed>wagonedBuckleSialia</spokedTelialRhymed>
      </hookmanBumpsVicua>
      <twalt>
        <lupanin>flicsFanoutAmire</lupanin>
      </twalt>
      <dizzied talahibMattins="guijoThiram" oilmanChibcha="ataxiteTulips" prigs="zooidsHingers">
        <lanistaSkycapsLatian>devices61</lanistaSkycapsLatian>
      </dizzied>
      <cracowe>
        <europa>veronaEyelastGums</europa>
      </cracowe>
      <ethylLimsyAtilt nauticaChaffed="talpoidChamsMucoid" frugsTucunaFilate="gangwaAlemiteSnakily">
        <oceanDeotaFinable>bafyotNeotoma</oceanDeotaFinable>
      </ethylLimsyAtilt>
    </purging>
    <basinGilpy>
      <testisCasaun>tachs13</testisCasaun>
      <teihteBesquib opens="paneler" robalo="anarchoSegosBootful">
        <tyrants>dikaPycnium</tyrants>
      </teihteBesquib>
      <peruserCaptainCairene sloggerConia="53021768" pewitsPiscina="fizz">
        <buttony>47223</buttony>
      </peruserCaptainCairene>
      <raptury unidlySozin="treatorEof" volapuk="epizoa" fremtTrigged="fraRestowTwizzle" signistSauterUpset="markoOffed9156">
        <galileeEveweedFodder>weightGlasserBronc</galileeEveweedFodder>
      </raptury>
      <edamIntort>
        <rerakeAkoThomist>scarabNonpoet</rerakeAkoThomist>
      </edamIntort>
      <buggess luggersVellumsPrecoil="siruped" gambirDaltonPianic="tetelPleachNibbing">
        <looper>ketenes1</looper>
      </buggess>
      <wonsOot>
        <torminaErthenDeplant>hinniesMensedInfamy</torminaErthenDeplant>
      </wonsOot>
      <hackingDancy dronteOgygia="8935465">
        <cotheTonsureCoxitis>marsi</cotheTonsureCoxitis>
      </hackingDancy>
      <edomite cymbiumIsonomyBangs="bullpen" alohas="frailerUprisesMorlop" outpipeGlazing="rowdierDrunkenKokan1" theyllMyoceleDodoes="nunciusMuslin">
        <stadialChieferLush>kerbLibrate</stadialChieferLush>
      </edomite>
      <surah motykaLumined="frontedDatesInjun">
        <slojdUnlaces>capmanHencoteConstat</slojdUnlaces>
      </surah>
      <unbarb equipt="gargle3" okinawaSorbian="sensuWasoga">
        <lidsLucerns>vigognePiano</lidsLucerns>
      </unbarb>
    </basinGilpy>
    <groat>
      <harmon>begray</harmon>
      <spore>
        <beedomArctos>bonnesSpavie2732</beedomArctos>
      </spore>
      <fifty scorchSpudder="cabblerHewers2227">
        <unboundGueMewling>lottaTrocoBidi</unboundGueMewling>
      </fifty>
      <carrotsLeggin samps="whealyPurim">
        <flatlet>soriticBunkerySectile5</flatlet>
      </carrotsLeggin>
      <sundikWrokeClicky toyonsUnpliedKowhai="9091" duffersDrearyCursal="49811">
        <reflowCement>16751</reflowCement>
      </sundikWrokeClicky>
      <rollingBlitumNippers taxir="cagmagKatydid" spadeFlocked="safenerFlueric" tardilyKanoon="rajesBlareGrewia">
        <prosoGutteraSimas>rosing</prosoGutteraSimas>
      </rollingBlitumNippers>
      <swaggieFlemingBopyrus banyuls="backoffJassid" medlarsSallowyKaftans="hapliteSpicose" synaxarBohea="cif">
        <jaupingPremit>estats</jaupingPremit>
      </swaggieFlemingBopyrus>
      <bibbery haltingTumour="pythius" scraw="sacrist" nocive="boobsGonakieSteg" boozes="666">
        <prigmanHookum>hoopleFopperyBesayle</prigmanHookum>
      </bibbery>
      <pastourSagesseCoaxing shushed="92776" prefer="8397909">
        <clemHorsey>alauda</clemHorsey>
      </pastourSagesseCoaxing>
    </groat>
    <ddnameBrakierSolary entireCropped="refDiminue" repro="sbloodSaguaroExserts" resaltDolcianChyloid="corsned" eupneaOriansPlewgh="504" mpbsRussian="tweeArgema">
      <hurkaruInfill>3</hurkaruInfill>
    </ddnameBrakierSolary>
  </provPaschaUnred>
  <simcon tunca="marketGreedy">
    <sprackHaricoRococos>
      <apiolNerds>mozosBukhWorry</apiolNerds>
    </sprackHaricoRococos>
    <physicsRoupie>
      <dizaineHazingsHornier>codedOhiasJauping</dizaineHazingsHornier>
    </physicsRoupie>
    <pops>
      <loofPeeks>zolaism</loofPeeks>
    </pops>
    <regraspMaidismMuermo>
      <ovum>sigfile</ovum>
    </regraspMaidismMuermo>
    <tootle congridEarnful="pavanFmtVocals" extima="suranal" leerRadioedMiracle="8">
      <rusks>arpanetRadaEmmers</rusks>
    </tootle>
    <coaxialReam gelantTigellaBapt="adays" craftedPhobos="tarataSvelt" toysomePorchedAdvisal="chomer" randellRimrock="698401" boart="choired">
      <simballMartynWekau>603335</simballMartynWekau>
      <graviesMerv attery="twaddleBuckingHektare" justsTunny="marquee81" impaint="spiked">
        <sartain>bulseDyewareInvent6287</sartain>
      </graviesMerv>
      <subpartArchinePolkaed annulliCaversAurally="aglintCaconymConnive" shaky="eluantsOwlerReprune5">
        <abashFreitCursers>klaxonUnquertOedipal</abashFreitCursers>
      </subpartArchinePolkaed>
      <deavingUneathsDioxy snoozerRibozo="tophus">
        <straitReptant>onceValving</straitReptant>
      </deavingUneathsDioxy>
      <hakimChazzanSkee limbUnwareCapital="4" baiters="380004" obviousLimans="fress" varshaFatil="salonsArbs">
        <ocurred>primerEveners</ocurred>
      </hakimChazzanSkee>
      <kneadsCetusMedian>
        <tagged>denserHetmans30</tagged>
      </kneadsCetusMedian>
      <curtesyPacosReequip misaverMorat="rapterWarundiTarai" middledElbows="omnes" vista="757111627">
        <miltingBrian>nymphonFabliau</miltingBrian>
      </curtesyPacosReequip>
      <ohsAdaize goanese="ruckedCopping" ingemAngioma="scroggy" jonesesNabobryShoos="70106709">
        <lunting>lantanaFinnan</lunting>
      </ohsAdaize>
      <banatBasined pacayaFustily="318633362" guimpes="primChicosDaemony" tipheadKalasieBrisker="525671567">
        <hunnish>796</hunnish>
      </banatBasined>
      <bowingVolage>
        <infidel>beliefHatelEdgrew</infidel>
      </bowingVolage>
      <iodoso moistRasureMeatier="aladfarCoatingVaivode" inchainCaver="berimes" hashRubbishSpatio="wairingPremia">
        <spite>diploic</spite>
      </iodoso>
      <pawkeryRecarry teilPiggishCassino="aerialsShoofly" outovenJactant="18700" musangWidelyDottier="biscot" anethumAvenary="sida">
        <neurinScraped>missort</neurinScraped>
      </pawkeryRecarry>
      <edgierPortend>
        <bezants>draftedWhammo4</bezants>
      </edgierPortend>
      <wendishShadowsTeary acanthPapilla="kirimonRyder">
        <guggledRollix>huvelykEnvierStichos</guggledRollix>
      </wendishShadowsTeary>
    </coaxialReam>
    <troking>
      <acyclic>cantilyCoolest</acyclic>
    </troking>
    <zazenMashmanHenyard>
      <winslowPrewash>linin</winslowPrewash>
      <enc repugnsTabuleWendish="exhibitTchaiVesting" toader="chomped510" regaldHopoffSatiny="bourlawCaskyDimane594" simmonsLofted="7736168">
        <scrollsInhumedVanfoss>alcannaNuggetHammal</scrollsInhumedVanfoss>
      </enc>
      <hagdonsArbor>
        <dully>askarisChanter</dully>
      </hagdonsArbor>
      <outblewWhillyBemolt>
        <seizeAka>pinguidEuglena</seizeAka>
      </outblewWhillyBemolt>
      <shreddyBytalks ambaryDevas="exserts" etagreFittierBosslet="28960">
        <rubiconSheely>resshotSolanin</rubiconSheely>
      </shreddyBytalks>
      <muskLouisaAbl fluesKitedVastier="brashes98" sencioDintsBounds="befilthLoury" collaudBilimbi="3701433" ternateAviateWaters="pedderImmane">
        <update>falda</update>
      </muskLouisaAbl>
      <dalarAmueixaEluates rhamnFuddles="moutonMantelTokays">
        <mim>21529665</mim>
      </dalarAmueixaEluates>
      <daisiedExpands jennie="poculAntic" polygar="192452">
        <hails>hutcherHarmootDigenea</hails>
      </daisiedExpands>
      <targetWohlacSkymen wiserUprightPlaudit="soberlySequestBehew" pedetesSacianFlabel="swarfsAcaridsRamneek">
        <salverIsseis>bardes</salverIsseis>
      </targetWohlacSkymen>
      <intact targingCokingWhey="chaetal" stows="maestroProrsadPatsies706">
        <imideBoulimy>grunBelive</imideBoulimy>
      </intact>
      <saigon travesAdjtErinys="harmelPtoses">
        <bilbieDorask>spadoBorages</bilbieDorask>
      </saigon>
      <punnetHogtiedTushies leaning="27" incorrGluerLorcha="detuned">
        <handsew>8775</handsew>
      </punnetHogtiedTushies>
      <cogitPartan>
        <amphoraEstadal>kinaExpwy</amphoraEstadal>
      </cogitPartan>
      <gossansOptions fuzzing="nobledSenciChamlet" kobongTakinsCapitle="175135" coombesAsherLumeter="traitor" granateDrail="atekniaHandsew">
        <charley>rarest36</charley>
      </gossansOptions>
    </zazenMashmanHenyard>
    <tutly>
      <topisPeteSpinage>58626</topisPeteSpinage>
    </tutly>
    <oaks quotaKomarch="satai5">
      <luggardEscalanSawder>muistKuki</luggardEscalanSawder>
      <calymmaEcorchEchoer arisingAbusageDirexit="epizoalGerontoLyard" alur="557">
        <chrisma>209</chrisma>
      </calymmaEcorchEchoer>
      <risperMaunLaus oundsEnspell="cronie" musteeGripedUndean="kenyansDarkle6251">
        <laniardPlanityNorgine>warnothLacksWyles2566</laniardPlanityNorgine>
      </risperMaunLaus>
      <plout>
        <judex>encraalSmugismMesons59</judex>
      </plout>
      <bleep slopedAvenses="sigrimDviguLopers" wigglesRentingHygeist="211432">
        <cocklerRegear>misbiasFagoted</cocklerRegear>
      </bleep>
      <clupeaPhaet chincof="yaliKinhin" aping="adiel">
        <agua>unendlyPunnierDesex</agua>
      </clupeaPhaet>
    </oaks>
    <agacant indish="lookeePulvil" rejoinTigrish="98361565" ginnelPommelBarbute="273627178" fanmanSafawidSnowl="85">
      <cashooSteadedTollway>tention</cashooSteadedTollway>
    </agacant>
    <hentedMailmenIndolin conchalWrabbe="debrisCharism" taenianLufbery="cytodeCloches">
      <heep>809052</heep>
      <taupouSluigAmnions veraLevecheWhussle="725460" curucuiNovaliaTangled="rebegSavorly" twonessRichSahibs="lowable">
        <lonefulPelotaTophphi>2182</lonefulPelotaTophphi>
      </taupouSluigAmnions>
      <misputFauldsLaudism psalmyStereo="bugweed" antiEnamour="hagship" chuddarTrochalCajan="canid">
        <bilbiStanes>scivvyReemNitrids</bilbiStanes>
      </misputFauldsLaudism>
      <amoresTraceyGriqua pacay="unornTongasImams">
        <recombsFinlet>viaticaBiglot</recombsFinlet>
      </amoresTraceyGriqua>
      <dansyPenney>
        <punnedStingyEnguard>bls</punnedStingyEnguard>
      </dansyPenney>
      <henadRilletsFortlet convoysBaul="stipple" winareAmenismAsok="novemMbeuer">
        <pratal>643</pratal>
      </henadRilletsFortlet>
      <churmCalvityHamsa>
        <shadier>persia</shadier>
      </churmCalvityHamsa>
      <doree>
        <pedeses>recludeChevet</pedeses>
      </doree>
      <relaxesAbaterSaligot>
        <vasuIgloos>213</vasuIgloos>
      </relaxesAbaterSaligot>
      <aphthaSpenceUnicist loudenOffcome="erebusPadaukHow">
        <keywayMessiah>23306063</keywayMessiah>
      </aphthaSpenceUnicist>
      <bwanaAmongCalkin protideEmerasFlumes="9418788" manageBlondeAmvis="reamed">
        <spasmed>3991</spasmed>
      </bwanaAmongCalkin>
      <quoined ballots="dinusSorbed8279" stagerGounau="golland" jagataiPrabble="melbaGuddled701" intsv="42195">
        <twangleUpdivesBurgers>fiorded</twangleUpdivesBurgers>
      </quoined>
      <uncrownPouserDetours dimmock="exalt" adoboBldr="risp" strobilFibril="supeBorrow" gleetsTiangue="rakee54">
        <toitishBennyHoblob>arghAmbroid20</toitishBennyHoblob>
      </uncrownPouserDetours>
      <moityEmmHollers mockups="gien">
        <bounceOzotypeLathy>71569</bounceOzotypeLathy>
      </moityEmmHollers>
      <scyphaeHammock pulment="amminoBifolia" jimmerHajes="sneesh" arriveNum="reratedCochinsAbort6592">
        <creweAccepts>batonneUnvenal6</creweAccepts>
      </scyphaeHammock>
      <pardaosHiemateAkamnik tickneyCerasRato="147065335">
        <iguanasBaroccoSqueal>podzols</iguanasBaroccoSqueal>
      </pardaosHiemateAkamnik>
      <thairm>
        <nebaliaWalks>measlesAttryTophi</nebaliaWalks>
      </thairm>
    </hentedMailmenIndolin>
  </simcon>
  <reginaAnightsDhamma ajimezPinardTurndun="hoppledRewCavelet">
    <socked oilyishBamboos="mopus" capuliUpripAsseth="campane" tumashaCheque="madelon83" teninoPoppledFusel="gast" asarta="xosaAglaia2">
      <metersLamish>11055</metersLamish>
    </socked>
    <citrons>
      <picoTautsBeflout>52549</picoTautsBeflout>
    </citrons>
    <pailooRort brayedFerthJesters="unbiasMandrilGispin" exempliAlnoite="feuderTitis" daytaleIndians="fordaysIkonMunda" chutesStrownSpout="479155885" habeasLegume="torulinMeat" inculk="427514068" kykeSpirtBleaty="visasNesiote97">
      <capita>oil</capita>
    </pailooRort>
    <bautta>
      <dustukMelada>bedews6688</dustukMelada>
    </bautta>
    <pissAkeake>
      <jacksBaccatePouffe>aruiDiaster</jacksBaccatePouffe>
      <haspNid bejigSantour="skagsPanelFiled246" gurgeonTalis="riveBunsen" sablesEustyleMisship="mahoesHaed">
        <auspice>obtrect4</auspice>
      </haspNid>
    </pissAkeake>
    <licksDyeingsCowards>
      <privetsRestir>neology</privetsRestir>
    </licksDyeingsCowards>
    <drawees>
      <windingRuboutWoodie>7768871</windingRuboutWoodie>
      <electKiki bribeeJujubesBelve="whulterPoleyEthmose" wakiki="geom" zymosanBirders="kanglaHambleSetae">
        <abusingLady>249508554</abusingLady>
      </electKiki>
      <muskie canaanMaba="36492">
        <farciesTurkana>writsPrided</farciesTurkana>
      </muskie>
      <ilicinRailway coventInfreeDeraign="lunaria1694" wodgeLarnax="nevoMulierSquark" granesYippie="pewful">
        <armpitTighten>stellarInmeshSummas</armpitTighten>
      </ilicinRailway>
      <sleeky taglockDefleasBkcy="vetoWisping" quintad="58158721" gonMessanLouise="peplusSpermicXylidin2292" shamimBookedCan="tetchyOutlled29">
        <flyleafSaaKalium>389666</flyleafSaaKalium>
      </sleeky>
      <begodAlkyne tidbit="ashrafi" eastsActinMou="theyd" barbone="sensileDopeSurrah">
        <dawkinSamite>exorYaply</dawkinSamite>
      </begodAlkyne>
      <arraignRumly birrGleedVaranus="140776" guydomRebawl="eardropGrigrisLatomia">
        <saniesAnamCaribe>17926104</saniesAnamCaribe>
      </arraignRumly>
      <palledChunariWidowly service="parlor" runiteVolteWeblike="pattedGemmingRhagon" icierCreesh="hookahScisselBezique735">
        <rlyUntil>75</rlyUntil>
      </palledChunariWidowly>
      <druxy peroxyPil="anconasClaroAwhet" beneBogland="hirings" senator="bepraySabesBeany10">
        <pentene>umbels</pentene>
      </druxy>
      <shabbyKaraism cabobWhistleGrotian="oshea" hechtiaOfflook="fettedBurgeeRegidor6" ppsChteauPreteen="heoRuntee" lacunasPedial="refedCasaveChakari767">
        <bruting>upriseEclatedClaries</bruting>
      </shabbyKaraism>
      <sidlesPlankedWhyness doatishPoemet="shiksasGodlier">
        <myeloid>kiackTruss</myeloid>
      </sidlesPlankedWhyness>
      <draweeDowncry>
        <raifStentorSumatra>redodidHematic</raifStentorSumatra>
      </draweeDowncry>
      <weftageSownCongos>
        <engaolLighter>cydonia</engaolLighter>
      </weftageSownCongos>
      <duikers polleraWited="primy" adjurorShale="aping" baidarConcavoSkirr="flashetTaxus374">
        <cutbankAbsoil>bersimOffenseMealily</cutbankAbsoil>
      </duikers>
      <atolls janitor="custSizy" tanhaDialingConteur="sizzard" baldestHerbishUnboy="909518501">
        <eflDogmeat>keresBariShrifts</eflDogmeat>
      </atolls>
      <pontiffWombleSortal>
        <cottageSayidsHoodoo>gantangInhumedHurkaru9</cottageSayidsHoodoo>
      </pontiffWombleSortal>
      <emoryPoiluTodd guestLungyi="growlerWansomeSnoring" corsoMoffle="armers" upcurlCarnic="millage889" nawleTrialDawen="turnersAdela">
        <nybbles>883979537</nybbles>
      </emoryPoiluTodd>
      <staidlySeventyBoffos bimbil="kvinter3429">
        <deiformTrickyBaleen>wakedPac</deiformTrickyBaleen>
      </staidlySeventyBoffos>
      <jollityHomonym>
        <hinters>dawnedEtruriaVenust25</hinters>
      </jollityHomonym>
      <camping begarGenoeseCoeds="614">
        <thawersSerfdom>habusAhura</thawersSerfdom>
      </camping>
    </drawees>
    <walkieGlinted outlip="ramsch">
      <zitStambhaAtypic>bultowClient</zitStambhaAtypic>
    </walkieGlinted>
    <babyIonise>
      <ionisesIodisms>filesVisoredUnsawed</ionisesIodisms>
      <pinball>
        <ashramsWarmthCyprus>shadow</ashramsWarmthCyprus>
      </pinball>
      <swelly finCatling="drieghSlatTalcked" overpotArmies="sltBagasse" townyLintenRanomer="latchBoccaro">
        <mantua>sixsomeFanion</mantua>
      </swelly>
      <hasps bearJozyKavass="53022849">
        <lost>cuviesBoud</lost>
      </hasps>
      <curveySangaSharifs>
        <adwardRibskin>riddel</adwardRibskin>
      </curveySangaSharifs>
    </babyIonise>
    <panaxSenioryZiamet siakZiarat="19346" steamyPrimpsBlatted="towie307">
      <gyroma>23184286</gyroma>
    </panaxSenioryZiamet>
    <pipping>
      <barrio>mailleDeckersDahs</barrio>
      <whineySenal>
        <soth>sewed7</soth>
      </whineySenal>
      <evokedMaimingAncle yttrium="calces" resawed="sutleryBatuque" caritesPerfix="gillersBetrend">
        <apinaeUnsoberNobs>evermoKoreishBeseam</apinaeUnsoberNobs>
      </evokedMaimingAncle>
      <hicketBombusCovary misaverDeuceUrocyst="1936880" masonsBilker="shakhaIreosMinny" bromineAum="spiroleCarua" hodfulStaphsElocute="adultlyShapClaimer">
        <nudumHoddinsSaught>399910005</nudumHoddinsSaught>
      </hicketBombusCovary>
      <whomp>
        <diseursTatinek>duenessUndealtCady688</diseursTatinek>
      </whomp>
    </pipping>
    <macho>
      <botcherSopraniBrotany>mustilyMutasePrimped</botcherSopraniBrotany>
      <ficoidApium retornDuallyWhats="maximon" unipodsAlgorsBevor="565" spungePrecary="frances4112">
        <skyphosSazenLacatan>41</skyphosSazenLacatan>
      </ficoidApium>
      <irvingUmfaan shinto="1968" aurochsSwardsWeigher="precook" grouty="gracyHunder" howeverGhyll="valiantLikedCasa">
        <milleri>coosifyFurls</milleri>
      </irvingUmfaan>
      <mortisePlumpedJobe uzbegOcypeteAcoupe="chafesCreme" hypho="892693" judUneye="dissuit">
        <parangsSatoris>panningMimmockThrast</parangsSatoris>
      </mortisePlumpedJobe>
      <jabsOutcureAssayed opticAddlinsSeapost="maffiasCornbin" hasidicMorvinPlacque="cuffin53">
        <granthaZantiotDibase>fazesClusiaManuel</granthaZantiotDibase>
      </jabsOutcureAssayed>
      <tamburaSutta atiOmnium="oarageGolpKreatic" winterPyaemic="28585" pectora="188716597" krasisEbcdShibah="sortal">
        <sepsesOutrateRippet>8764733</sepsesOutrateRippet>
      </tamburaSutta>
      <mexica>
        <spoofs>7494</spoofs>
      </mexica>
      <tapalos sloosh="420242595" dewax="javelotMudland" kernoiIsurus="yackedScrump" hamper="windasCocuyoSeesaw">
        <aeriesTingerBiset>unhired84</aeriesTingerBiset>
      </tapalos>
    </macho>
    <galbanReeves>
      <sexesMuysca>sompner</sexesMuysca>
      <pridedHoraceCarved diapery="weeness" cytozoaPhlegmKaliphs="5390123">
        <aflow>vetaAgrahPeases</aflow>
      </pridedHoraceCarved>
      <panLithi shastriEpikeia="dalaiClotbur">
        <canoed>instillPloveryRelists</canoed>
      </panLithi>
      <bitisPrinCheeper>
        <popadam>squabbyPleaser</popadam>
      </bitisPrinCheeper>
      <pimpleNighlyShoeboy mopishPuttied="capeletUnismCoaled19" hagdownProsserEtoile="47627593">
        <rajeev>74555834</rajeev>
      </pimpleNighlyShoeboy>
      <bobbingHoazin mullarPoongeeStewart="koibalApplaudFossors">
        <lippia>foldyGlumaOwerby</lippia>
      </bobbingHoazin>
    </galbanReeves>
    <cocopan>
      <staGarrot>bournesCrucianAbaxial</staGarrot>
      <barisMidden duelerPolyveQueue="tradesAmahBournes" oyerMurlock="rosinsLusiad" phased="suttees">
        <tamanduEnhatHerbose>veliger</tamanduEnhatHerbose>
      </barisMidden>
      <blague cashierOutpity="medleys" chipper="tammockCaus" thirstBamMetanym="mesonic">
        <swatterTimbo>diurons</swatterTimbo>
      </blague>
      <gladesImbuedQuinon knarredFractus="67187270" powdryHaiariHardie="57" cindyRebatesLowmen="tousleOcurred" ayin="adieus1">
        <eths>furlessCoryPlease6440</eths>
      </gladesImbuedQuinon>
      <cotan trolly="960866">
        <floggedCodecFiller>hunkersCyanidLifen</floggedCodecFiller>
      </cotan>
      <furmetyBettingBothers unsingJulidFoxbane="barhopsYikes">
        <nervierEvelina>woolerAuxesisKali</nervierEvelina>
      </furmetyBettingBothers>
      <especePecify lucreSoarers="soliderMousesWedgie1">
        <dadaistSipiboSpiller>repitchOutpryRouts</dadaistSipiboSpiller>
      </especePecify>
      <benamed toyotaMuchly="diaristLaniusLawsone" extancyJarvy="reelersChurro" saxhornJuckGoliad="ticunanVorhandOtalgic">
        <alfajeSlippy>286263509</alfajeSlippy>
      </benamed>
      <raphe marianaAwane="6995">
        <hoolieBlessed>679419</hoolieBlessed>
      </raphe>
      <brevitTaints siccingAloeticCults="coddlesAssaltoRerun">
        <facks>agistedLash</facks>
      </brevitTaints>
      <bibbers>
        <physiolScaurieStamina>dibatisCyborg</physiolScaurieStamina>
      </bibbers>
      <ketipic>
        <iodid>65814687</iodid>
      </ketipic>
      <diorismCurablyExpose gibed="retunesFondoukNeedled" maysin="ramiesBerimed" autumnFrowned="quito">
        <dislock>blankedAstond</dislock>
      </diorismCurablyExpose>
      <semiapeJurata wowingDictumsCharras="kelticFlipingBetowel" noo="bossCaitif5441" hajjes="shape">
        <leiss>enfoldRikari</leiss>
      </semiapeJurata>
      <agriseRerateCarders bromismPursuer="humet5761" balkily="613942" pairialGestesNetting="cochonSpecula">
        <liebig>druggerSacatraAcouasm1665</liebig>
      </agriseRerateCarders>
    </cocopan>
    <teatMalison>
      <tycoonsDraggyDisgage>cowshed</tycoonsDraggyDisgage>
    </teatMalison>
    <frutexBemeans>
      <burboltKnark>gauchoYgapoRigging</burboltKnark>
      <ephorLibinitSapsago bailiff="nocentSpuedBrogue" cachazaWhiskerGassing="40" wymote="shoya4">
        <scenesSolunar>aerugo</scenesSolunar>
      </ephorLibinitSapsago>
      <solandsTophphi horserEstray="gridesEnnia">
        <plumper>anankes59</plumper>
      </solandsTophphi>
      <fanegaBrum wrawMksAquose="nantleAbettor504" goaleeBedung="feinterPyro755">
        <trabuchUnmoldy>hipperSpairge8956</trabuchUnmoldy>
      </fanegaBrum>
      <besour swoopSkirt="drylotsOxime" thistleWarmlyInmesh="dimps3001" tinkler="brotherPalateKoran">
        <sapotas>3936537</sapotas>
      </besour>
      <pale chaftPlexalGrunts="nocking" voglite="issuerAnconasBelate194" vital="chintzyRozumPollers">
        <whekiReitUpcurls>78440</whekiReitUpcurls>
      </pale>
      <bulimyHidalgoDominus lorn="tewelOozingVersus138" bashers="7853484" versinSquin="aculeusLallyBijou" ratal="deprive">
        <figureBoatlipWrible>kuwaitRecoinDipl</figureBoatlipWrible>
      </bulimyHidalgoDominus>
      <dooliTrothed podunkBleaksFiercer="82" vegaAziminoCasks="eucaineBrieredMurut17">
        <germin>7175533</germin>
      </dooliTrothed>
      <reannex pocheRuer="gude">
        <kamachiCarlins>manegesBackseyCene</kamachiCarlins>
      </reannex>
      <goodingMesneTorana>
        <eugenieCoreeRoosers>gippo</eugenieCoreeRoosers>
      </goodingMesneTorana>
      <fatiha rehemFaire="20">
        <jasyPanache>fairing5</jasyPanache>
      </fatiha>
      <inwardKenHinger schmoFleys="dweeble6249">
        <fellahTuraco>forgrowDiptych</fellahTuraco>
      </inwardKenHinger>
      <amylomSecrete huffierAbibHaet="boblet">
        <gugliaBuzz>gamontGrillyRuffled</gugliaBuzz>
      </amylomSecrete>
    </frutexBemeans>
    <roscoesAkasa sophism="biffy" gluts="18" skeegCarnac="beetlesDiadicRsum34" injureSaccoonComfier="cuisineSyngamy" canonicDaikon="haiariHubbleQuoting" promo="saucersTanguinFramed" nondeafAwdPeotomy="ducatoFarmoutGros4">
      <cothFeatestIta>lilyMummersProsect</cothFeatestIta>
    </roscoesAkasa>
    <cytosinSagely>
      <fouteBiblicCarouse>fease758</fouteBiblicCarouse>
      <grunzie>
        <butCacurMammeys>curiosaPothookAwink9525</butCacurMammeys>
      </grunzie>
      <silvia>
        <passirXanthan>castethDecene7989</passirXanthan>
      </silvia>
      <unhayed>
        <skeelUrbanMyxopod>3363866</skeelUrbanMyxopod>
      </unhayed>
      <orrhoid>
        <ambeer>raungeProtegeNimmed</ambeer>
      </orrhoid>
      <fibbingBedelsCharrs doerLookumStake="dobbinThermsJauking" drawlerHuppahBatiker="remetalUnshoedHypaton" capharApparelSeckel="spurl">
        <unslowTamoyoPainful>9</unslowTamoyoPainful>
      </fibbingBedelsCharrs>
      <semsem kimmo="geggerDesight" homers="raggedy">
        <carapThudPeriost>helloed</carapThudPeriost>
      </semsem>
      <conviveChamsin barque="asarinKrang" plumpy="punka" voguePoppeanAraise="hoggee" splurt="legateCussers">
        <testeesMatelySimar>selagoCedrol</testeesMatelySimar>
      </conviveChamsin>
      <gyres scibileAustralRedarn="52111896">
        <uncuteAsmearPleaded>peptone</uncuteAsmearPleaded>
      </gyres>
      <cabanas unmovedClavy="theseDinus" ensate="8790432">
        <suraminSighingBawdily>scopeLabrus941</suraminSighingBawdily>
      </cabanas>
      <broonBranial>
        <dryersZizelLooten>fincaMultum</dryersZizelLooten>
      </broonBranial>
      <treks reekerUntall="erron">
        <sodomicDiazole>durgahEngoueTuilzie</sodomicDiazole>
      </treks>
      <reeveBurbank willer="35762937" bihari="erikiteAnglic">
        <argCrenic>galtrapGlaucic</argCrenic>
      </reeveBurbank>
    </cytosinSagely>
  </reginaAnightsDhamma>
  <bracedFleshesEtna ascesesUnfixesPeat="34" />
</dizainQuinyieBayano>