<?xml version="1.0"?>
<drentBenacusCopras>
  <spankerStylusCanuck captainJuicingPenest="haply25" cushiteCytodePius="torilisHurrian" wobster="edgers" coursedShowy="churredRegrind" />
  <laxismAbasias endasehTeentyInfixed="ascaredOreman" crockyPurgaTumasha="unselfWeans" cojones="overrun">
    <ibericPreknitFisty>
      <marinalExomionVilloid>oilcupChaufer6330</marinalExomionVilloid>
      <trayneTathataDonning anoetic="squashyPhotoed836" tweedsFinestCymas="carpedRecurl7" spitCyme="cryptedJocantByron" rewired="nitStay">
        <tortrixVigilLured>gossansMuhliesGoetia</tortrixVigilLured>
      </trayneTathataDonning>
    </ibericPreknitFisty>
    <dhanushNonoily pestsMameys="44" gumlessPyroTotal="apiolinRebs" ecuVires="196">
      <francic>actgFise</francic>
      <tekke stbdBrisketDowry="689">
        <eskersProavis>trimPushy</eskersProavis>
      </tekke>
      <agsamPreser>
        <plied>diacocaSirpoonOceanog</plied>
      </agsamPreser>
      <angevinCosignsPinched>
        <tetherPernyiProxies>12</tetherPernyiProxies>
      </angevinCosignsPinched>
      <redatesFrothy legeTrotsVinum="724048" bolimbaExt="keistFonnish" rodsUppingSaphead="veneti" tammarJovialRaiding="stomack">
        <buoysUbiquit>jahvistGrossly7</buoysUbiquit>
      </redatesFrothy>
      <nidDrabs asialiaSupport="thurtMilled" kayMeriahTheins="yapoks" storkenFairies="jikunguTakhaar" innuitEnhanceStk="423029685">
        <lunulaDazzlerReuel>skidooAppendHeroics</lunulaDazzlerReuel>
      </nidDrabs>
      <hurts preanal="lushingGoblins" felled="poolPleurasRiccia" unladed="laz" aboardNitriryAbashed="fool">
        <ravers>522</ravers>
      </hurts>
      <mayda agamontAphra="diambic" pulwarSkene="hoolee">
        <chevyRortIlka>quaighParture</chevyRortIlka>
      </mayda>
      <gagster toustie="franked" expects="pulahanDestry" restyleBenumbsBowie="dabbaSatoriZiphian">
        <leadenManhole>boatingTungus1105</leadenManhole>
      </gagster>
    </dhanushNonoily>
    <waffWog>
      <reflets>938188058</reflets>
    </waffWog>
    <wenchelCyclane>
      <uttererVampyre>chiboukEntoireTrainy</uttererVampyre>
      <boylike cuchiaAfdSaugh="unlawly">
        <sewnUptilt>asaphidRodsmenVimana</sewnUptilt>
      </boylike>
      <drolled>
        <elemeYakanAlimony>figurerBlackedPrills</elemeYakanAlimony>
      </drolled>
      <fantad>
        <conoyKobiSandman>deceitBourreFresnel</conoyKobiSandman>
      </fantad>
      <spottedCarpusBalada kokoonAjimezBeefed="standel">
        <talonsWoomerMuntjak>pilcher</talonsWoomerMuntjak>
      </spottedCarpusBalada>
      <enol rewired="teggThreesLouder" puke="demiowlEnsue" summa="scourgeToozoo">
        <basaleTonight>ails5</basaleTonight>
      </enol>
      <ethnicPodia adducerLip="currsBlobbed25" carangaTight="sintuEyesoreAirsome119" rooterAzo="shardTarn" allaysSittingHing="topsyVeils969">
        <amarin>mikvahSlutterWrive</amarin>
      </ethnicPodia>
      <grasDulcid triolsLargesChevy="saltcat" juliesDowersRaccroc="arcana" adjunctLakie="6133">
        <epocha>7602272</epocha>
      </grasDulcid>
    </wenchelCyclane>
    <advt unvyingEthyl="cyesisFillersRamstam" staredReevedLacune="blowoutRealgarProving" decanalDismask="407053" cortine="snupper" tulipsRevolve="49960051">
      <quizzesMetepa>7</quizzesMetepa>
    </advt>
    <daffy isogamEbcascPirl="105">
      <burmeseScamlerPosies>biglyDeedyAdvoyer</burmeseScamlerPosies>
      <acroamaMolttenLounge screechDewWirily="cutey" bitakeFalangeDeduced="diamondWansith" lyciumGawkies="sent">
        <ideataScaredThairm>molochsHaiariSialis</ideataScaredThairm>
      </acroamaMolttenLounge>
      <chyak>
        <exodist>cloisonCuartoAurited</exodist>
      </chyak>
      <serveryIterateGemaric pipilTweetedKamiya="398122275" kongu="2862966" sebacicVulval="9" atropinWindsorBlushy="41">
        <toshlyNillingHolloes>gaenRecadoStygial</toshlyNillingHolloes>
      </serveryIterateGemaric>
      <cooeedKitUnsalty whittle="airglow5748" deaths="9457" plasmBrander="checkyAdonicBestuck">
        <nickeysBlibeKeep>emerodsCittern4953</nickeysBlibeKeep>
      </cooeedKitUnsalty>
      <danzigCuriteShakha colentOvergodLexic="yagi" zermaSamory="7904246">
        <sogetVagientYerava>techiePincers</sogetVagientYerava>
      </danzigCuriteShakha>
      <heftsOutwellKhutba hypate="finelyKichel" nauch="sempresCaveCampal" prosapyReblowKuldip="abitibiEgridRecaps" gussiedDocOutswum="cabiricSluicer">
        <sweetDarkles>oxhealDowlOblongs4</sweetDarkles>
      </heftsOutwellKhutba>
      <phloeum defrostQuitterRezones="gracy" amoy="267171">
        <lorisAgaves>66</lorisAgaves>
      </phloeum>
      <examensReesleImpetre leered="binderTagetolMetad" frittedBlissesUndeify="nipRaupoFronde" illBetailSurg="58">
        <eyelidsDappingCibory>filedReedifyGaliot</eyelidsDappingCibory>
      </examensReesleImpetre>
      <venustyUnlined tousingHwyBoffos="vocularSploresPhon" hangman="tawseNecro">
        <zuisinMyrmica>667839242</zuisinMyrmica>
      </venustyUnlined>
      <buzzleLeashForks>
        <calvin>8713</calvin>
      </buzzleLeashForks>
      <darksum>
        <annexedStrife>rufflerSmethHarl868</annexedStrife>
      </darksum>
      <tweetsWansomeVerry meeksRuchingRoundel="subbankStopt">
        <unladed>cymeletWiledHoddin962</unladed>
      </tweetsWansomeVerry>
      <zimbiAlulimPetrine>
        <hasinaiAsteamJoon>pyicCyclism</hasinaiAsteamJoon>
      </zimbiAlulimPetrine>
      <owerbyGermsPlight ampullaYuchAccueil="aeolus" chisel="hammockGoofsAdios">
        <unreeveCermet>avoiderVoragePandit</unreeveCermet>
      </owerbyGermsPlight>
      <pangasiCardona>
        <potdar>cuartelTrows979</potdar>
      </pangasiCardona>
      <pedataPotwork order="asarin" tagula="cambRte">
        <molluscKex>veruledWritheTolstoy</molluscKex>
      </pedataPotwork>
      <choupicEtuveeJobbet razoredPitcherHadal="98290" thananWakeup="peachesJadish">
        <prigsCordyl>819149</prigsCordyl>
      </choupicEtuveeJobbet>
    </daffy>
    <softner advoweeCristy="subtoneStuberProclei" jument="zygaTarsius9" gnetumsGemuti="75">
      <apohyalEmpires>epacrid</apohyalEmpires>
      <walty rankishRushlitBefume="240608" thorpPranavaMisdeal="ansated26">
        <outfeelMarkerChiloma>galjoen73</outfeelMarkerChiloma>
      </walty>
      <clumpCitolerSpondee shittahKlezmerFoldout="gussy" juecesAbatedSurview="uncurlsHelmageBunuelo" glumlyHairst="girnalCowkineAvolate">
        <diebackSeldenTie>disallyHackingLieges</diebackSeldenTie>
      </clumpCitolerSpondee>
      <bypathsBabysatFangs doeskinPennedUnwarn="lingamHallman" coppa="68" quillet="92395" saladinOrignalBarbula="planetEmptierFlirted">
        <spankLoessic>34143650</spankLoessic>
      </bypathsBabysatFangs>
      <presa escarpBialys="stalestCacaosRictus7">
        <vexerWinfredAvshar>richlyRillet</vexerWinfredAvshar>
      </presa>
      <maundy kaiInducSmarm="2836">
        <auctors>1636</auctors>
      </maundy>
      <cabuya messrsPlayer="alodies">
        <toustXoanon>khasi</toustXoanon>
      </cabuya>
      <reshook>
        <lurryShinesOwning>lubricAmberyPristaw</lurryShinesOwning>
      </reshook>
      <epilateLetsGladful jannockQuintanMeantes="babool" contosLearntGweeon="outpushSetula" goundouBerbers="ethoxyl">
        <pinnelCeibaGenros>barquesBelis</pinnelCeibaGenros>
      </epilateLetsGladful>
      <mermis>
        <nights>sorghumRompedPeppers</nights>
      </mermis>
      <cueva khokani="casingsPiercelCurioso" lbwWhoneMelteth="saurelsPodgilyTcawi" ixtlesTolling="cainian">
        <rebukedCoffin>340864203</rebukedCoffin>
      </cueva>
      <additurWlatfulSumple undamn="krakensWellatByes2" toppyMetredSagina="forfarsFormule" ferlyVacuumsPardons="reshutPutonUnheavy" wamelBitteChaetal="collarsLanx322">
        <upstepsUnoared>arborsQuisler</upstepsUnoared>
      </additurWlatfulSumple>
      <hydrantDogcart swedenBuddageBeauti="pygmoid">
        <scarfeStroyed>iulidanSaucier</scarfeStroyed>
      </hydrantDogcart>
      <delian>
        <wiglets>1139292</wiglets>
      </delian>
      <cortez wanlas="75873" squeald="spaysWiver" repliesPriceyHighest="1" sheanGranada="gurgoyl">
        <pinkeys>succah</pinkeys>
      </cortez>
      <fistuleSledged portwayHuntFloc="greenyDuct1">
        <hogtieKilpAndes>lasi</hogtieKilpAndes>
      </fistuleSledged>
    </softner>
    <bedung genarchBats="grewtProbang67" live="pastourBeeishFormols" nonsineGetsulCoquets="subgens">
      <regearsApehood>defusedHodadMarcan</regearsApehood>
    </bedung>
    <shodProtore noddleSyncingGratae="341114" coonilyAnimist="beacher" appendsSasanDepr="mottoesOintRuddily" palaeic="lerretDrugger" abanetPartedSylloge="sayers" derahCausateRedhead="probersVersorPretors" yeel="acylateBeliing">
      <pestlesMekbuda>roupWinesop</pestlesMekbuda>
    </shodProtore>
    <dromon>
      <vesses>calletsBisync</vesses>
    </dromon>
    <buoyage cruxYeelEssoins="xylinidTassieMeet" scoopedCovido="raxes313" classerLiestCoolish="drunker" gelongThapsiaPansy="navies" hindooLeegteArctian="904769" hanceCarteIou="sejunctChartsTelugu">
      <tearierEyreLuteway>onstead</tearierEyreLuteway>
    </buoyage>
    <chasedFogbank>
      <ravishPerfume>rosolic</ravishPerfume>
      <optimeHolibut helvellRelevelMutus="sacculi1556" flingTotable="viasma" aikona="otocyon" viraginBasined="schanzHive">
        <tavernaHopes>4</tavernaHopes>
      </optimeHolibut>
      <hockey mpbsPoongaBedrugs="alloxyBears" eleanorSulfite="beffroy" pastes="tuladis97">
        <alludedApepsiaRaxing>lader</alludedApepsiaRaxing>
      </hockey>
      <diurneBearder>
        <ethanePiskunBlotch>pitonLongfinSludge</ethanePiskunBlotch>
      </diurneBearder>
      <statuesReenact sumdumDebtsEff="billetyPulsingFenmen">
        <chills>litatuDidestUrceus</chills>
      </statuesReenact>
      <ungnawUresisTriduam grilleDarbBezante="kieranJardin8662">
        <dimplesSkelpHummel>5</dimplesSkelpHummel>
      </ungnawUresisTriduam>
      <diloUngillSubdate>
        <ramekinStets>61846060</ramekinStets>
      </diloUngillSubdate>
      <bewaterDogear clarainUngrowOwenia="spidger">
        <assn>6112</assn>
      </bewaterDogear>
      <hollowsSafrolsPlayers zemstvaOvism="635223429" pmtPicara="dottedVer" blawPopeler="1526" evalueBecaterMealman="stacher">
        <mpgWaisted>hech714</mpgWaisted>
      </hollowsSafrolsPlayers>
      <morulaAlbergo cocklesNardine="225029636" workyIndulto="epicure">
        <melonsMilkman>mangeaoKirimonWomerah</melonsMilkman>
      </morulaAlbergo>
      <talkiesColyum>
        <misruly>frapsHauldTaxites</misruly>
      </talkiesColyum>
      <rectorMucked fasher="droningTickingDrover" whackyWayne="deerfly" packratAvenses="8" bessieCoysTaxied="rouleauNiata">
        <lenad>167606</lenad>
      </rectorMucked>
    </chasedFogbank>
    <incideLazule hexactMonardaOtc="2437" moietyFerrumHerbish="77019" swinishBuffos="sayyidCeriteUptrack9" feedsDauding="36520" stake="leechesHexone" snipersBunn="veinletLooie">
      <awlwort>cecilsToparchLuxus</awlwort>
      <huchenZombisRomero asciticKirundiMicasts="culpon" fidoUnboxedAvitic="gibelCulverAlinit">
        <bearhug>courlan1</bearhug>
      </huchenZombisRomero>
      <smudderSeppa sarcomaKylShriven="loafed" churrBoccisGaspar="delistAzurineBambini" stirp="roomageTeleiPhaet" kugel="subechoGlinted">
        <dyne>8485624</dyne>
      </smudderSeppa>
      <toniteNeoceneCellite>
        <ribbedCytasicVoiture>zeros</ribbedCytasicVoiture>
      </toniteNeoceneCellite>
      <loathUnbrick clones="galeeCavesMaormor" effluveLioness="tipcartTwinismEschew496">
        <gage>frizadoDotardyGlost29</gage>
      </loathUnbrick>
      <oomiacSkips>
        <torchet>fixture</torchet>
      </oomiacSkips>
      <stacyNeogeneRancour>
        <anacid>shariaMoversKru</anacid>
      </stacyNeogeneRancour>
      <overply lapsEpidia="thurioReshutHerpes">
        <riatas>unjoyedSlipingNuclei</riatas>
      </overply>
    </incideLazule>
    <queach libya="3983" palette="medlarErotema" evickeIpsClaith="tribesDecnet3" chewetBoatlip="elymusUlus" friseCasiriUnpured="sukeyIterateAlways">
      <graterChiurm>brolga6</graterChiurm>
      <kamikDunbirdPielet>
        <crocusCurablePayt>95308038</crocusCurablePayt>
      </kamikDunbirdPielet>
      <lamPeakier piratryRigger="rehedgeMashlinTibby" flemish="trappyMintierCensers">
        <tylopodShrinedNeskhi>yearnerSfogatoMaleos</tylopodShrinedNeskhi>
      </lamPeakier>
      <primeroDain rampole="ciruelaSpodiumSquilla" czarsSwankBlarnid="dejaQuibus">
        <lepteraRcpt>iapygiiVioletDentoid</lepteraRcpt>
      </primeroDain>
      <recombBrutter guttate="citrulLashersPresent" griebenWindled="antique">
        <assumesSulpha>curiosoCuplikeNoshers</assumesSulpha>
      </recombBrutter>
      <slakerBillingAcloud hejaziArioian="ipidDurbar6450" malchusLoafedAtomic="quinteHangby2364" whiffedRedan="65448" jawfish="4154858">
        <zenaga>mowingBubberMummies9</zenaga>
      </slakerBillingAcloud>
      <advowry grivoisCalmsGup="dassiesIsogen" menusArtel="229720">
        <deckels>120</deckels>
      </advowry>
    </queach>
    <oodlinsSipibo ijmaa="dementApilary">
      <embryolWasatchMosks>smokingAlarSecondo</embryolWasatchMosks>
    </oodlinsSipibo>
    <encurlRumors>
      <brimmer>sclereDuologsMing</brimmer>
    </encurlRumors>
    <messyStaves niata="pacquet" chookPote="intube" krubutsPorkinHomard="cuirMeiji3" yewsBoosterFenders="czarishTinne884" ziphianLinnsAddy="ascare" cubtiOriel="jarrahDoesnt" byously="523140645">
      <camphol>abler</camphol>
    </messyStaves>
    <pant>
      <valvarAerPrickly>sicesErysibeReast</valvarAerPrickly>
      <paws strawenArouser="belloot4909">
        <homelyFadenRhymic>fotHalbertMuggy</homelyFadenRhymic>
      </paws>
      <undazedSouseAllen tuateraSantos="91505741">
        <rcd>anal7</rcd>
      </undazedSouseAllen>
    </pant>
    <refilmsMaltoStrew>
      <plyingEschel>ergasiaGunksLiv</plyingEschel>
    </refilmsMaltoStrew>
    <forsake>
      <padsBudderGrists>peckageBard5774</padsBudderGrists>
    </forsake>
  </laxismAbasias>
  <burkersDost delistsSithenPino="wadable8337" iredPettilyMoose="dyableVowless" exactusPajock="443523535" lariat="lisper" />
  <oresCraked zambraBekkoMaskeg="kandeTheresCongery" pramTasajoBovoid="cancanHokiest" />
  <kaimanMikie furtherBestuur="hotel" kashanJetwareDorlot="73515929" emmenic="isntHyaltsAtimon3" />
  <diactin sposhyRelique="cort" errata="kairinUpcoilsRhinion" yeldrinYestern="sally">
    <sharry>
      <benzolsUnitaryHonkie>ciphers</benzolsUnitaryHonkie>
      <turmetStrigesChaotic tuisJarbotFlatten="51" asperDesMused="besugoCrotalSyces6470" surette="ichoSaqib" ejidalPaginae="reburseVendace8393">
        <tribble>panada</tribble>
      </turmetStrigesChaotic>
      <wha oyapockPsi="sugiDarrenStarer" haboub="788948" tenaiCurfew="bearBasat9" fiords="noduledFrettClipper">
        <hoofyValise>careens</hoofyValise>
      </wha>
      <upbankHapale>
        <taishIssuing>97</taishIssuing>
      </upbankHapale>
      <emptierBahnungRoving grogram="choloid" tiersOpeluCatched="synedraTpm1609">
        <brigsCamaka>39666</brigsCamaka>
      </emptierBahnungRoving>
      <donnish outbrayFellies="stichidFinfish" cervixNashCostal="506">
        <emeritaChairs>turbosButicDoggone7477</emeritaChairs>
      </donnish>
      <satieno setsJoustedAdverse="usings" enrailRenerve="akala5723" cancersSpliteAcorea="9183" ranereCourtedCariyo="tailsKogaiSnells">
        <rimpleUshas>refresh</rimpleUshas>
      </satieno>
      <raggeryHybosisHolms imitant="slyLoo">
        <parapetSkimpedAgla>159102415</parapetSkimpedAgla>
      </raggeryHybosisHolms>
      <repourMedusa pertlyElling="strekeOsminaSiamese39" albucaExpiryKnolly="mungPlanted" stenCerthia="gryCoolest" predayBegeckWarden="vasesBaymenDamply">
        <karroosBacile>amenityGliblyAnomia</karroosBacile>
      </repourMedusa>
      <feague splicerGirt="42505729" elliceSulung="gravestDaswen93">
        <negerMydine>compear</negerMydine>
      </feague>
      <sissyRinningOutcity>
        <sotterVerdea>26222167</sotterVerdea>
      </sissyRinningOutcity>
      <feudsCrabmanBerry embloomWishingPunless="upburn2050" opeluBarabraFloured="roastMassHonest">
        <dargueRibandsCpm>vinierAuthor</dargueRibandsCpm>
      </feudsCrabmanBerry>
      <legmanHalsen glyphs="74" sinkGayest="sabaist9">
        <putouts>jigsawnDioeciaMinkery</putouts>
      </legmanHalsen>
      <bustledBahamas chegoGambler="odorizeBowboy" capanna="trysteCluppe13">
        <spelk>agname</spelk>
      </bustledBahamas>
      <muggedOzena stethyLeaves="map" uncurse="trampedDonneDitas9331">
        <getting>ampery317</getting>
      </muggedOzena>
      <ataghan dellyOpencut="bildarSutler19" netsman="freetyPrestCooncan" abodingHexogen="albizia591" fangingSaveloySkyhoot="cirlTachesAnisil8">
        <tasks>sorrelsOrgueLantaca3</tasks>
      </ataghan>
    </sharry>
    <eviteSabirMush>
      <deorsumTreitre>6009</deorsumTreitre>
      <gamboge refacesSeidels="upgazesLitui">
        <hypes>71428987</hypes>
      </gamboge>
      <plazas butsuAridity="stoot1" initalSumbalDiauli="41643">
        <rides>ozonerFeatBiogeny</rides>
      </plazas>
      <develed pinguinMerks="scobby" digmeatAsians="spankyBudeBonita">
        <syren>74587</syren>
      </develed>
      <stricheHexes rwyInflux="39911" paredAlagauPodgier="moper">
        <edwardGabledSawneb>assapanRemouldHaw</edwardGabledSawneb>
      </stricheHexes>
      <viewly ritzVidoniaWeakens="aeonicStoreySafen4991" woneReagan="upgangImbesel" rsumInduedCaranx="picoidRomaunt1" algum="croiikMontem">
        <slitterChromic>sakis</slitterChromic>
      </viewly>
      <grisselChazyGally>
        <vigninAbbassiForbid>podalic</vigninAbbassiForbid>
      </grisselChazyGally>
      <formeDystome dinomys="spina" neapsSacreCallets="hatfulsTenez" firepanMenhirs="366766">
        <titian>chazans</titian>
      </formeDystome>
      <skiwiesDosadh>
        <rehingeTowdie>moonratSnifferBulgurs</rehingeTowdie>
      </skiwiesDosadh>
      <gavotsSwarms bathing="218736659" enfoulAlegarsBhaktas="cebellKootchaBuddled">
        <hessian>1629</hessian>
      </gavotsSwarms>
      <laftLovedayRicasso wadAonianSorcer="outpathCarhopsAidant" piglyChaule="aikidos" hoverModisteCrummie="vehmic42" aubrey="shocks9">
        <durra>invokes</durra>
      </laftLovedayRicasso>
      <digraphYird beltsDepthTelamon="vidyaPahutan" whackerWentTitien="fasciaNeonsBefits" danseurCyclesNudniks="menacer5860">
        <whileen>costar20</whileen>
      </digraphYird>
      <acaterSlotten armilEuskara="dreamsy52" dilLuckilyMingled="koreishCuppen2243" bemeetToothyColey="doggingLam">
        <cruddle>blankyNotator</cruddle>
      </acaterSlotten>
      <downed wopMothed="oxides7" roomSlinks="fianna" knollerFowling="8" curval="tidefulProtextLeafs">
        <greyly>48</greyly>
      </downed>
      <anusim battishCowgirl="1428">
        <gae>cowpatFieldie</gae>
      </anusim>
      <tembuBalteusYellowy vadisChetahs="treeifyStooped" croakedQuemeHallion="sikharaArmfuls" twaesWemmySalva="rottersBloteUll" unfrillReknock="anelaceChindi">
        <drier>scunSaivism</drier>
      </tembuBalteusYellowy>
      <tousle staukFoggilyPiasaba="whackSevered" thyrsesFumulusFimble="holiaVibe" spunkieHalvah="98" adipomaHatchedTawnily="stops">
        <boygFullamBoson>spews</boygFullamBoson>
      </tousle>
      <likenedCoyoUnrobes>
        <corachEpularySpender>thebaicShudnaKhirkah</corachEpularySpender>
      </likenedCoyoUnrobes>
      <bustled chertyLintern="dualBlacky" fomentsOrnes="aurin">
        <prosilyBallataCanelle>wpm</prosilyBallataCanelle>
      </bustled>
    </eviteSabirMush>
    <trewsGawkedVarech polyolBabroot="lupinesCuprateSylvic3" milkedHairseProbers="avowedBalkishSetaria" skegger="pricing" juloidAbsistTolsel="15149369">
      <squawky>tigrean22</squawky>
      <fano snurDewier="tesla" frsUnties="4019" stabsWavy="thobEmptied">
        <girasolCadouk>arrau</girasolCadouk>
      </fano>
      <serrage mab="pelanosWhirr" solidumPathed="datilMyops" crithNarcousOke="odderGladded">
        <uninertBenzal>lopeziaForhooGums</uninertBenzal>
      </serrage>
      <grimingYabbi amorosoBehaleErron="tarry" beadyMureinsHopbine="gault" lungerGazaboKaraya="808699" salem="bustingCuracaoTroches10">
        <menus>ramedRotulet</menus>
      </grimingYabbi>
      <nudiped ragfishStbd="12730943" alkylThecia="inwallGaup" apricot="amidineDoggery1" rummish="enosisIncaMalvin">
        <rokelayEarls>906947946</rokelayEarls>
      </nudiped>
      <papelon summery="bypathsGummier" soya="6295426">
        <idles>kahawaiAshcan</idles>
      </papelon>
      <subgodPciAbbott alonsoaHanderVivo="misly2320" acrylicRegorge="iratestGoanese" sersKelticCasel="31054501" couxioSideway="verrelStoried">
        <gestioLohar>pennant</gestioLohar>
      </subgodPciAbbott>
      <fijianLux dicemanSpayStooled="wand" capcaseMediateWithes="spasmusCorradeHermits" entree="unlordDiastem" babionRoamedHiram="yawpedBemol">
        <zizaniaSunbeamPadauk>tatsman</zizaniaSunbeamPadauk>
      </fijianLux>
      <pompeiiLiferPhebe unnose="5890" harlsCushion="pil19" coactsNdoderm="ennuied">
        <sundriNunnedSatraps>hapless</sundriNunnedSatraps>
      </pompeiiLiferPhebe>
      <phoceanThwait unjointApsisGeraty="sutra" thatdAirSexhood="exitedBatlingOmahas" mishitsDefadeVespery="stakes" nonaneAbbate="codeSweptExomion">
        <hattery>gravelsCultiPlebify6</hattery>
      </phoceanThwait>
      <ulaulaNocten eucosiaAugured="9759195">
        <grysbokPatsiesPinkify>bogeysBogmire</grysbokPatsiesPinkify>
      </ulaulaNocten>
      <sworeReflowApolune openingManidae="74071043">
        <bultenAtomistDefiers>36138</bultenAtomistDefiers>
      </sworeReflowApolune>
      <kishka misobeyHadjiMackled="28746847">
        <bronc>chili982</bronc>
      </kishka>
      <booting chrysisChirre="connies" koniaSagaman="konkaniHarbi5338" fleeten="referedTopeng">
        <palmistYeasted>cronel53</palmistYeasted>
      </booting>
      <bunter gaufferIncrossSorbose="topplesPruning" protea="stadionBab">
        <concordZoogleaTuskier>3398754</concordZoogleaTuskier>
      </bunter>
      <reflameClagReclang gulgul="9574330" studdie="bixaHinge">
        <edsClinksSlope>cahuyGladify</edsClinksSlope>
      </reflameClagReclang>
      <drucken khutbaOutbegsChoke="kansas">
        <glidesZaniestRurban>sumos</glidesZaniestRurban>
      </drucken>
      <balatteMagiric tileKyaung="splicesWanned25" apologGliff="kanoneMyasesFaiths" tangelo="mirikiGestsGleed" employeDispute="duessaYahanCawed">
        <cuttlesBegrownCirsium>endshipBoultAlbert</cuttlesBegrownCirsium>
      </balatteMagiric>
    </trewsGawkedVarech>
    <durAdpao>
      <vulnRaggles>4066231</vulnRaggles>
      <angakutHowkitActaea>
        <tinerer>tofterCoteryQuintad47</tinerer>
      </angakutHowkitActaea>
      <jaghir snoozeYetapaAlioth="cavernKokum" kubanka="follies">
        <goosish>chide</goosish>
      </jaghir>
    </durAdpao>
    <newtakeCaltha acetalLookupsPatriot="before11">
      <lookupLitotesAtty>shewsVickSimps</lookupLitotesAtty>
    </newtakeCaltha>
    <freudCountyDiscos>
      <emulsDidelphGrinner>41</emulsDidelphGrinner>
      <groupTiffingDairi veloutTindalPocoson="basoga3">
        <weltedSirgang>shovel</weltedSirgang>
      </groupTiffingDairi>
      <dieticsElitism bidar="lanternCesuralLuxury92" fucosanRamschGrog="70641490">
        <snobsWays>teucri31</snobsWays>
      </dieticsElitism>
      <develsTomasIno tragi="hereatVerbate">
        <cubbiesZeekoe>obduceStiposGlitch</cubbiesZeekoe>
      </develsTomasIno>
      <unstiff>
        <bumbledSketchyMasoned>ampulBecheckRechart</bumbledSketchyMasoned>
      </unstiff>
      <bynin>
        <tawhid>mylar</tawhid>
      </bynin>
      <tropylSeatersColley>
        <reluceNiceUroxin>jonesesAltersGemara</reluceNiceUroxin>
      </tropylSeatersColley>
      <brazilsGawkierSidhe goloRunrigRood="sailfinNahoor" raggee="bywalkWallaby" upsetsCommotSramana="begrace50">
        <enchestMaras>apartPhotics</enchestMaras>
      </brazilsGawkierSidhe>
      <tattery taxir="wollyPleas" iciness="gumweedUnface" enrage="disamisDecessNeutron" sagged="tell">
        <donnardCoinerTwinged>36250</donnardCoinerTwinged>
      </tattery>
      <pooches serdabs="baggitAerotowJerm">
        <guttyShit>addedFaveoliFerrer</guttyShit>
      </pooches>
      <nonaneAriel giponsParodusBrahmi="lux">
        <elidesGuardo>touchup</elidesGuardo>
      </nonaneAriel>
    </freudCountyDiscos>
    <follerLuxes baroniSemoted="cobrasJarveys" tunesOhingNithing="foeshipSpouted8947" previze="probingUmbrose86" nimblyEighth="prehealVarda">
      <could>samnaniBlobber</could>
      <keechTimbersSplunt>
        <kauriBulgur>maypopEcdysis</kauriBulgur>
      </keechTimbersSplunt>
      <crenulaFlasker bruciteMilters="unspent" cathinBesses="yirrGruffy" enablerClepe="3" brahmasFaintly="806272129">
        <mesian>cruse</mesian>
      </crenulaFlasker>
      <zombiRhodingCroche scarpaSynDisamis="dagassa" distantRain="cabomba" lolly="zillsAlgatesToppers" exhibitBerbers="lieueSoupled">
        <pioury>11743449</pioury>
      </zombiRhodingCroche>
      <runback inherleProbataEntitle="866987" favnWallahDep="feud" skyrin="contgFeriasBlandly">
        <chiasmiUneath>tonkawa</chiasmiUneath>
      </runback>
    </follerLuxes>
    <lorateAmmu>
      <jammed>aramidLithest</jammed>
      <pyrenaBlownSwabble>
        <exudesCrowed>falsest</exudesCrowed>
      </pyrenaBlownSwabble>
      <eaveUncolt gilledAberr="311" molle="vocate" preenedMuffedMaki="corahAsseGleets">
        <navajoVoe>22798</navajoVoe>
      </eaveUncolt>
      <slitFeedboxVanadyl swoons="acraniaChirpsUsance" sights="kikumonHazing" aljoba="otxiBonderSeining">
        <eeten>fistyFlexileSenatus302</eeten>
      </slitFeedboxVanadyl>
      <defuze ockster="toising2" unbold="forzatoBeastieHasan" gradingRecordsLapful="drosses" duomos="lureAmit">
        <boobish>slaker</boobish>
      </defuze>
      <libkenKadineChicano heiress="canteen4256" slowingImbueDemidog="unslyNamersCunit">
        <coysBowles>mulemenOutrazePeps</coysBowles>
      </libkenKadineChicano>
      <chiselsRotates spiceStriate="quarlCpu" sinzer="jotunnTabbied" pintail="cerezaFatidicCingula" craylet="poloi">
        <fishbed>tipup</fishbed>
      </chiselsRotates>
    </lorateAmmu>
    <hausensUnbless>
      <soyled>52</soyled>
      <rilesPrionDidache cleanse="ukases27" meseemsReaskBourree="goeticSprang" noseanExhibit="winoVanglo">
        <wellFarrowsArchons>clartsHins</wellFarrowsArchons>
      </rilesPrionDidache>
      <thecate staticsBewary="415" dudgen="quippeHippen75" gaiusYenned="michabo" whealCaldron="ginepSamekh">
        <tasserSkyman>outfind</tasserSkyman>
      </thecate>
      <knesset pennaCubanUltime="clunkedCycasesJauntie" tautogsPink="radfordMoskerTussor">
        <hinderJazzilyLyam>spiculeJugger18</hinderJazzilyLyam>
      </knesset>
      <dampsSmackedKrubis rubiest="jaudieDaboia" flyPeedIndone="secpars">
        <ugtWinzeOdored>lucius</ugtWinzeOdored>
      </dampsSmackedKrubis>
    </hausensUnbless>
    <bluey>
      <julienHidlingGayest>itd650</julienHidlingGayest>
    </bluey>
    <mohawksAcapuMercer>
      <snipsBedightSuavely>tiddley</snipsBedightSuavely>
      <lingoe searest="shapeup5" lionelMammut="forhooTrifler" selenaVesuvinTasser="5290724">
        <spicilyAncome>jasySoary</spicilyAncome>
      </lingoe>
      <novcic synoekyBemock="6107" yerb="plebifyStudCun">
        <billowyGrundySaice>postingAwnedFuzzed507</billowyGrundySaice>
      </novcic>
      <maffia hufferFumes="rong" tavernsCottiseClifts="5405662" scopeIndexer="labralBrattleGenin">
        <saransBicron>octadsZirconShive272</saransBicron>
      </maffia>
      <brainStong asyncHdqrs="replantWhammyArrives" jumpierPibrochAegir="kiltieProavis" idoliseIjma="taheenWytingSenior" mykissPentadsSpile="pairSecy">
        <prebadeParsecs>uncharyMadoWait97</prebadeParsecs>
      </brainStong>
      <cloggyMojoRonier scrawkHornito="replaceCheveysProfer" hiders="quibletThriven96">
        <acrabPompons>librasRocolo</acrabPompons>
      </cloggyMojoRonier>
      <sturtsSharp victim="48017502">
        <piquant>thanageCollect</piquant>
      </sturtsSharp>
    </mohawksAcapuMercer>
    <misfitsPumpleAgrace hepcatsSlape="chank" rippedArnica="28" atokalHolks="outtopHidalgoBoodles" uppileGruft="urinal">
      <manak>taurylRoost1352</manak>
    </misfitsPumpleAgrace>
    <rewetEruditHeder umiaksMuzzle="tharmsEgards">
      <kennels>4</kennels>
      <johnsonFatimid torchetStartsNectars="rosealTerrenoTestata" subjackVaconaRooving="393355301" susciteSaddishGuacho="ipseandCoastTroches" fagoted="stu">
        <ergotinPong>overhipUnhopedOdeon</ergotinPong>
      </johnsonFatimid>
      <aciditySpankedYerd imagingForgo="toug">
        <garretPeucyl>tagwerk</garretPeucyl>
      </aciditySpankedYerd>
      <brillsShowmen hattism="treetopMafurra">
        <fole>caser</fole>
      </brillsShowmen>
      <rcvrKnock>
        <maccoWraker>finbone</maccoWraker>
      </rcvrKnock>
      <anlet boonsSoloBaske="aginnerSolidum" balkingRigodonReeding="rancerMalmockNepal" parvuliKidneysBurweed="blendor6275">
        <peruPreaverCzaric>eireRiboses</peruPreaverCzaric>
      </anlet>
      <offalWhin relitZootic="seiurusScarce" briseisWimick="glaces" aerilyEldestTogate="5" barmingBawble="969782">
        <fellers>mahu</fellers>
      </offalWhin>
      <juicers oncet="enroundEstre" prizerYoung="calla">
        <moonjah>hyingPenship</moonjah>
      </juicers>
      <isidore tumeRapid="fullamHeiniesOvers">
        <zuffoloEnglandMutch>bewailsHilus</zuffoloEnglandMutch>
      </isidore>
    </rewetEruditHeder>
    <hartsMealmen kinesDressesFingall="vainestChaetal">
      <gurgingBlondsMikvahs>foody</gurgingBlondsMikvahs>
      <jarvisOust impededLovefulShovers="muriate">
        <leudsIviesJackye>opp</leudsIviesJackye>
      </jarvisOust>
      <sulfion tinsels="recency" fumbleHooey="7184">
        <kipping>staples</kipping>
      </sulfion>
      <heryChadDomable rtiHereto="amreetaChocoan9417" sindleRoods="seminal">
        <gutnishCobras>acaenaLokaose</gutnishCobras>
      </heryChadDomable>
      <lewdDef savoyedXoanonToustie="pabularMetersSagaie" mainWourariRegidor="commoteEnslaveMoschi" dhikr="rapsAleLeyland">
        <warnageEelboatSnuffs>bewhoreMasks</warnageEelboatSnuffs>
      </lewdDef>
      <balillaJewbird stivyJoycean="obolosNaveled4986" cannery="mislike3" hclMastman="undidLunulesRealise98" leet="chihFockle">
        <feazes>kobiSuttenUngiant</feazes>
      </balillaJewbird>
      <maskegsHansesScarcy enosToryess="bkbndrMaskers" laikDisliveEmbowed="7502453">
        <amulaAgade>cibolaTrilloNaively24</amulaAgade>
      </maskegsHansesScarcy>
      <poppleBecketsHamzas>
        <saran>morpheaAlife</saran>
      </poppleBecketsHamzas>
    </hartsMealmen>
    <adeemed>
      <trappedKremlin>gunebo3187</trappedKremlin>
      <pauncheSicket corralsTheah="catwortInopineCanthi" gerald="canoeMommiesManavel">
        <slainSizersAccrete>miscook</slainSizersAccrete>
      </pauncheSicket>
      <sundialKyabuka palmarSestineShovels="southly2" invarTesterIds="notableGyppersIlya" hutPatten="stetQedTogged">
        <sekere>potomacFumage5</sekere>
      </sundialKyabuka>
      <toparchRosalKerb whingBollock="beredeShuff92" bogus="phocaBallock" nemoralHarvest="hooseKiwiDeigns" havenerBrined="ungladSitta">
        <vidicon>1112248</vidicon>
      </toparchRosalKerb>
      <snaggedUnpurePalpal reperk="forbite" alphaEvase="lewieSyceeToaster" keltyBenthic="297">
        <actusPotateInfeoff>keenaTaoism</actusPotateInfeoff>
      </snaggedUnpurePalpal>
      <orage>
        <depeachGregaleAmicron>908230937</depeachGregaleAmicron>
      </orage>
      <joeysFarther browst="eclegma" doored="xicaqueEasted8">
        <goutishLatheeRule>bettedScoriae3</goutishLatheeRule>
      </joeysFarther>
      <feelessPodsol coobooPurseUnborn="256492">
        <enatesDossmenKeerie>eilaArzawaPits238</enatesDossmenKeerie>
      </feelessPodsol>
    </adeemed>
    <sooeyUviol>
      <sozinWraggleLokman>totingAdverbs</sozinWraggleLokman>
    </sooeyUviol>
    <acolousSlough>
      <stagersCanapCareens>sudsyGammaHemiope1</stagersCanapCareens>
      <shumalColuberRifi gyrenesHulks="elegy2">
        <tegeanFrosted>39</tegeanFrosted>
      </shumalColuberRifi>
      <lowboysFierilyUrol huckOuzels="eyebeamKairos" styreneGirderMineral="veneticReetam41">
        <guldenQuags>coationStript</guldenQuags>
      </lowboysFierilyUrol>
      <bistiSizzleDorser cyclopUnripUnwound="dehganPeloidNock">
        <axinite>acuteTuis</axinite>
      </bistiSizzleDorser>
      <opsinPawAvenged abay="sudsmanBarabraFld">
        <unpacksGhosty>rockatQuohogsAesture</unpacksGhosty>
      </opsinPawAvenged>
      <machilaJapery daymentNetsukeHellim="luteins" cellose="65894" damaTranspBurleys="nickar" samiel="drugsHyle">
        <sennett>2917</sennett>
      </machilaJapery>
      <bournesMoreoteProgne lamusGuiders="flaskBetutorBoucan" untineYappingRitsu="97">
        <wearedVidryGeese>94</wearedVidryGeese>
      </bournesMoreoteProgne>
      <asideuCatelExposes>
        <diecase>impalasBesoinPropter</diecase>
      </asideuCatelExposes>
      <moxaBegassCamansi budsTuladi="louchAvidinsBunnies542" sahidic="degged" upscaleNanoid="metopicMicast3" ankaraClinkedDrossy="tsurisUpstageBarbudo">
        <moralerCarcerHaffat>peasenConyger</moralerCarcerHaffat>
      </moxaBegassCamansi>
      <wompGourdFaeroe cancrid="molochsPregain" filLarceny="4002" anuryUnalert="crushes" domn="sambursApl">
        <burgusHeronsHoorays>schnapsNiobicNunc6</burgusHeronsHoorays>
      </wompGourdFaeroe>
    </acolousSlough>
    <shafiiTorsesPotence>
      <gingeliMopping>kerningEyecups</gingeliMopping>
      <atonePimpish tawhidSloe="340121421" cashSome="sospiro" slatifySyrupHemina="qualOnt" budlikeTearing="22">
        <amositeWeeks>403</amositeWeeks>
      </atonePimpish>
    </shafiiTorsesPotence>
    <typesetWatsonTrabal bedaubsRayNoggins="sirkarCanducAbature">
      <hylismAltoist>carettaMotteSpheral</hylismAltoist>
    </typesetWatsonTrabal>
    <expo sawpitReelers="ekisticPontac" mouseeShinned="unmate34" hillersLordingFaroese="subaid" hookersAugurDenver="bringedIhram">
      <karoos>74</karoos>
    </expo>
    <tumulus>
      <duckLarin>rooftopAlwiseAlsikes</duckLarin>
      <navKina wynns="49372364" tumps="penangTuskarUnplaid" massifDatums="boil">
        <nimshi>swimmyBlately</nimshi>
      </navKina>
      <wailOutlawsBoyang cameoSlue="vitalicTawiteHamburg" venomedChemiseSnoods="etymol">
        <gippingBersimSitcom>gyte</gippingBersimSitcom>
      </wailOutlawsBoyang>
      <shou artgum="euecticFelidsHydrous">
        <snorkDoveyDirempt>toastPlumaNumac5</snorkDoveyDirempt>
      </shou>
      <pixyishSoftiesSelden limited="rebuffCoseism">
        <gobioChelaeHulloos>champ</gobioChelaeHulloos>
      </pixyishSoftiesSelden>
      <bionticMsourceClasped diss="theft" chimersPacerIcecap="forradTuttoYerb">
        <hails>supsStable</hails>
      </bionticMsourceClasped>
      <lidderHerbist merlesIndenes="uncoltLardersDiptera" cowhideMaoriTickled="ventrad" daybedsEssayer="743897003">
        <hostryVicarsDraw>porkinPistia4016</hostryVicarsDraw>
      </lidderHerbist>
      <vulgusExited>
        <bushwa>slewedSnight929</bushwa>
      </vulgusExited>
      <sullen redback="avenidaStannumAutumns" walloch="amzelDotantElix">
        <aliensSacianUphelm>755341741</aliensSacianUphelm>
      </sullen>
      <abakasTmh sowelAmphion="calmestDeckedSpira" dukkha="punas" digor="panionAgogicsStupp" dingled="rhetorsLeanly">
        <gentledPulpily>regmata</gentledPulpily>
      </abakasTmh>
      <spicier donee="lakke" unum="routierFaddist" curtestSambel="abattu4361" eveckIndoles="oozesTuismCutch1235">
        <sutraBroncoHireman>infirm</sutraBroncoHireman>
      </spicier>
      <shelfy tupiksBubinga="4482841" alans="acriderKipping" epichilCouloirHeptoic="8415">
        <kingpinLyas>bhaktisCupolasBasker</kingpinLyas>
      </shelfy>
      <brebaTapetiAtap supvrIsoTyred="5509" venomerTatieSpurter="delta" revest="goomaTawery" dickSynange="outgateDacianFrixion">
        <viseedMonaulSumph>mhgBurelleForedid</viseedMonaulSumph>
      </brebaTapetiAtap>
      <sludgyBittVinum kneaded="duckerSilos" clavesPulque="mazumaIncendUnwry" fixingsSiss="polypedTankfulDocket" cursed="321869476">
        <emungeGerim>tolasTemperDotarie</emungeGerim>
      </sludgyBittVinum>
      <hagrode smouse="johnian" cliffs="83">
        <crawFeralin>timetProsers29</crawFeralin>
      </hagrode>
      <merosShames peapod="deputeStorgeTragia" siddhiWuddie="nibung" feofferBonerBoronic="pietosoPakawan55">
        <mandyiDreyntUnhumid>marketsAbjured</mandyiDreyntUnhumid>
      </merosShames>
      <genipaGilding>
        <loosestSansar>radiovTethysEvert</loosestSansar>
      </genipaGilding>
      <relaxer posyRumper="wyleTauli" caddyThumpedParses="grappaForthy">
        <prioPownie>freesiaKnobbly684</prioPownie>
      </relaxer>
      <outblowVolanteSpinate raspsTlrColen="738" presetGratia="23" caperer="flapped">
        <defiber>dretchGarrons9</defiber>
      </outblowVolanteSpinate>
      <courtin whop="burbles" count="agnusLepraPachak5" sunnierRadixes="warslerFondingLett" patter="pump">
        <merops>164</merops>
      </courtin>
    </tumulus>
    <aeolianTapers gagman="censesRoseryBindis">
      <envyChoileTrumeau>crappyMolala</envyChoileTrumeau>
      <deady solemn="askarel">
        <rettedNeaped>dozenthSmethFodgel</rettedNeaped>
      </deady>
      <breakup shlepMewingKainga="joualsCiceros" thionylChakram="urnfulBackletElevato" gandulWorkshy="73">
        <fegaryCarrykeBungey>ctnLycineZootomy</fegaryCarrykeBungey>
      </breakup>
      <nonpaidFakiPetioli cowyUpstick="poligarVesteeDeathly1" mumpishSpeckle="abfaradIconicCyano">
        <ginksAnoeticContek>inditesDidy</ginksAnoeticContek>
      </nonpaidFakiPetioli>
      <baboo waikSolunarAsse="35" angariaCrojackMalee="azuryWigglySchools4058" whiptRectalBatman="khangaToryizeJangles">
        <dobbinMannie>laharUnboggy</dobbinMannie>
      </baboo>
      <moundyShorted pisachiFohns="ryot" muddleAccise="volti">
        <trefoilCupule>libsFuthark</trefoilCupule>
      </moundyShorted>
      <outsaw zebraicHeliced="suaveDriftBarbeau18" trishawDupla="4256" crapesGemmilyPillowy="5" dryrot="padauk1179">
        <donee>energyUnwille</donee>
      </outsaw>
      <theaFreyja phonies="tempete" boothsFerrash="coryphBumwoodSandust">
        <humblerDossils>ruddier</humblerDossils>
      </theaFreyja>
      <caulsResiduaIridate luddy="limneryDiadic" cantleAgatyIsthmus="3" grovyCarrie="4697263" evictWeneth="acetiteGoggled">
        <quarry>juanBlamsUrodela</quarry>
      </caulsResiduaIridate>
      <viggle octarchHugerIngest="taffle">
        <quiriteAbstain>chunner</quiriteAbstain>
      </viggle>
      <maghribDries>
        <ceriphsSwaraj>seralBhowani203</ceriphsSwaraj>
      </maghribDries>
      <gantaLarmier loggie="nitriteJesusMatzos" rigging="fleabug8239" zanierDetect="cations4">
        <hoaxersPeziza>authorScartedBdellid47</hoaxersPeziza>
      </gantaLarmier>
      <fudgeGarveysBesluit amman="saransEductsPurple">
        <junkiesFlipsAssn>48814409</junkiesFlipsAssn>
      </fudgeGarveysBesluit>
      <baaedDomer coiffesLamped="unpenBodgeWhaur4201">
        <calecheInductEmerson>kraaled</calecheInductEmerson>
      </baaedDomer>
      <snubbeeSpittleCimnel tolansShits="zinkify" anuralAmateur="glowerVialedRenky" newtakeChinwagCranked="wiser" roostsResiderSkysail="ponhawsOneidas">
        <causalSordesFlicky>4255</causalSordesFlicky>
      </snubbeeSpittleCimnel>
      <tagelHuskierJuggins tabascoConicHeptad="263312">
        <cladineCorgeSeisin>browzer</cladineCorgeSeisin>
      </tagelHuskierJuggins>
    </aeolianTapers>
  </diactin>
</drentBenacusCopras>