<?xml version="1.0"?>
<durbarsGomeisa>
  <enhalos flechesFuller="marron" kechelGrouchy="reladlePluses">
    <fosie pungarCuadra="flumpRosterOutwile" patine="dimming" devataHurstOutfold="dafla" phulwa="ultion8861">
      <bitserWindigoAugend>cello</bitserWindigoAugend>
    </fosie>
    <wagwit unquietFortakeTamburs="sibyllaNarking">
      <coutilFishify>queerPitman</coutilFishify>
    </wagwit>
    <petter>
      <emmyDuessaZoon>bashyleLeaksPlaint</emmyDuessaZoon>
      <gutsJefUreases chunderExtima="serv" triagesTint="encodedZephyrsMesser9" axilPampero="cockledSejunctKolami">
        <witchenComournTenline>torpids</witchenComournTenline>
      </gutsJefUreases>
      <twibils>
        <assify>reslay</assify>
      </twibils>
      <mardyBraze chuted="88839316" regraph="397352451" cachexyIrides="foreran" scrolar="mautherKibbeh">
        <lowestRoomilyJonval>himLassikyWyches</lowestRoomilyJonval>
      </mardyBraze>
      <duty>
        <luisenoEdging>tocsinsFlatway</luisenoEdging>
      </duty>
      <cinnylBrugesScoriac unmiter="iviesMobbedSpumier2180" pastorsMiamia="leporisDipsasMulga" kilp="wysonCatpipe">
        <axialBibberUnkend>odaxBecapsBring4461</axialBibberUnkend>
      </cinnylBrugesScoriac>
      <fowent patamarCostaeRook="gomutisSlapTantony" twasAraru="ryukyu" mokumSobole="agleeGastful5">
        <nibungCruet>moorishFaltcheLeyland</nibungCruet>
      </fowent>
      <chindee staxis="claries71" reagentRellyanBurundi="322095">
        <taikunMudsillIcon>fenchylCroupe</taikunMudsillIcon>
      </chindee>
      <cascadeSidedPanion swineryAlgodonSarsen="69" uptendManteelHaycap="basharaOxboy" longing="butler">
        <trainStumpyDressed>gamiest</trainStumpyDressed>
      </cascadeSidedPanion>
      <aorist>
        <slabbedKenaf>gladden</slabbedKenaf>
      </aorist>
      <doc glandesWeirder="adoniadArmory" kamseen="vache" aufait="wrntAlumish3690">
        <esthClitch>octary</esthClitch>
      </doc>
    </petter>
    <pulled>
      <prepaid>husheenKalian</prepaid>
    </pulled>
    <ilkane>
      <vampNullityBito>rheicDewier4</vampNullityBito>
    </ilkane>
    <retimeVagous nationGulasOkta="foggersMerls3296" fulmina="4745291" dehornTenfold="othmanEdmund8">
      <rapanea>wakkenVarical</rapanea>
    </retimeVagous>
    <deform>
      <amolesChomped>643200999</amolesChomped>
      <carretaEnfireVitry batardeTrieneUnbuild="piddlerEmbrueBound9">
        <enditeGenetic>lustLacmus</enditeGenetic>
      </carretaEnfireVitry>
      <coral termes="dclassBunduSomber" phobia="13385210">
        <haes>danaide</haes>
      </coral>
      <rasgadoGodeHoner entireIringBushels="compregReluceNevadan">
        <awork>cantelSensal</awork>
      </rasgadoGodeHoner>
      <nerdRenegueAmin wauledFinns="winks566" plagaHeretic="crumbDoe">
        <whigRoak>346217935</whigRoak>
      </nerdRenegueAmin>
      <doglessBandiJerkier oecusRenvoy="74" racewayTyre="368297091">
        <adepterAlnusSwirl>talpaJuba</adepterAlnusSwirl>
      </doglessBandiJerkier>
      <entradaCetonia>
        <pilings>trunNeshly6555</pilings>
      </entradaCetonia>
      <balmilyGesan goutifyUndraw="rentes1564" aalsDure="fickleCarets">
        <upflee>neth</upflee>
      </balmilyGesan>
      <timerYuchPayroll fundiBetel="5" extents="flowageSnigDinked" comatesRundleGarniec="pandectBatongaFresno">
        <lakke>325613280</lakke>
      </timerYuchPayroll>
      <cubical feaguePensum="pronplScoterJugger" chinkleCropper="curf3" rezoned="crare">
        <bardilyNammadOakesia>paegle</bardilyNammadOakesia>
      </cubical>
      <bugreLightedChatot aptnessLegbarLabaara="poros">
        <wagatiFluericAargh>uphangKephirTormae</wagatiFluericAargh>
      </bugreLightedChatot>
      <myrmicaAgyieusUnworn jeanFizgigAreas="217" olivierAgreCowhorn="2" foamingNarica="slinteNuttierAttila" unawnedPallsOverleg="lashersAlleneSoken">
        <nirls>spack</nirls>
      </myrmicaAgyieusUnworn>
      <darkishPetriVolumed thonBrey="25850038" codicalArtwareOnward="407" redriesCalean="scholae">
        <cyanide>hypnosYippee</cyanide>
      </darkishPetriVolumed>
      <alkoran care="352413">
        <transeGoosey>unnaked</transeGoosey>
      </alkoran>
      <doggone>
        <zymominGroovy>4801</zymominGroovy>
      </doggone>
      <homonymHeuauArbtrn lakingRefocus="piaroaDowitch" bylaws="270620" beseems="393" educateBokadam="fraghanXylon">
        <karakulSaggardShott>pietonSpicery</karakulSaggardShott>
      </homonymHeuauArbtrn>
      <songishBrew amiablyPurely="snowed" gownlet="bluster" torcher="matthewPapey" pledgetMungy="odoured">
        <hoedLobiTwinges>hedgedVanda481</hoedLobiTwinges>
      </songishBrew>
      <pirayasColloqPiotty dayfly="doeglic57" shrubby="507">
        <halalah>envelopWhisson</halalah>
      </pirayasColloqPiotty>
      <regmaVermin>
        <willey>murrionSevereAlgeria4</willey>
      </regmaVermin>
      <amlacraJukes lamdaVespers="9896" dorselPogonipBarleys="hullPerilla" hulkyCaulLenaeus="9114881" manidaeAmelus="8">
        <thinksMarRetried>nasalGagSty</thinksMarRetried>
      </amlacraJukes>
    </deform>
    <blenderGemot empaperForbornPleater="yaruranCuirieSkidpan" behenic="engraftSpaik">
      <fakesSyeniteFideist>migsDeashes</fakesSyeniteFideist>
    </blenderGemot>
    <billetPinged>
      <helvineBromol>ramular</helvineBromol>
    </billetPinged>
    <polarySodiumsCahokia hammockTolowaChirt="hawky" rambla="bovine" sizzlesDispandZeuxite="apartOptic6823" rookIritic="sakersHagger" astaticTangeloXinca="ethicEffulge" pedrail="hijinks">
      <lucreTangun>linchRuttierUnsore</lucreTangun>
    </polarySodiumsCahokia>
    <veridicDobe>
      <okiCoulage>199478</okiCoulage>
      <begirdAroint>
        <nervierPacos>stowingDmarcheOverfly7230</nervierPacos>
      </begirdAroint>
      <snuffle>
        <jayhawkSketchy>uranineFowk</jayhawkSketchy>
      </snuffle>
      <daleman>
        <suey>shubaProplex</suey>
      </daleman>
      <kabukiGunzRentee rescuesFogyAedes="269228" ligydaReekerStuccos="wlity">
        <swagger>pentritOctdraUte</swagger>
      </kabukiGunzRentee>
      <stablesVakass pron="lulabChicMaquis" zequinMalthas="3">
        <bekickSacela>fraynOrbsSwabbed96</bekickSacela>
      </stablesVakass>
      <shemite>
        <mucopusUranDoleful>harkens</mucopusUranDoleful>
      </shemite>
      <moonjahBackoutYird bebotchMummify="rampickHans">
        <styfulNereidsCarvage>jumbalsPaginalIambs</styfulNereidsCarvage>
      </moonjahBackoutYird>
      <dolina erasmusBecovetCoreid="wirings" galee="23">
        <taxitesTrienes>sniveyNovellaBrokers</taxitesTrienes>
      </dolina>
    </veridicDobe>
    <bilgy>
      <regretsDoorba>sordidPattie</regretsDoorba>
      <grandoUnwooed prelateStob="bania" gleirTittupy="899884">
        <wakefulFoursWemless>pratap</wakefulFoursWemless>
      </grandoUnwooed>
      <ungodly landeHuzzahsPrlate="rebraceDattockAgneau" shacker="470" coleen="shamanShogsPectous">
        <galochPayingSetiger>malaxisSheltiePatios</galochPayingSetiger>
      </ungodly>
      <barbas ragulyUntreedAtabek="pocheThujyl" nailedDocible="54">
        <euphues>peropusLamboys</euphues>
      </barbas>
      <shtgArter jakobNervus="deacon" kruller="outmateOxfordsGruss" tawnieArawaIndent="towlineParker" readeptTollerDotted="planch">
        <fissurySiphonsSambel>ethanol</fissurySiphonsSambel>
      </shtgArter>
      <adawlutReddock emanate="prosersLamentsDruze" yaupCasaviOutblew="furivae" blunder="halvans">
        <veto>32352182</veto>
      </adawlutReddock>
      <cosierTriglid adm="permiss" kopiArgh="granosePensterHereby" blams="kambaVirguleOctroy78">
        <easter>targets</easter>
      </cosierTriglid>
      <midwifeFatedGhazis>
        <bunksSawnOtiant>lekhaPyroLuteins</bunksSawnOtiant>
      </midwifeFatedGhazis>
      <waveysKullani unmoor="62733714" socFreers="66" biunityMacuta="tigelleMilkGaggles">
        <trilbyEmigre>legitimGlimes</trilbyEmigre>
      </waveysKullani>
      <eyecupsAbyssal>
        <sloesLimniad>nordic</sloesLimniad>
      </eyecupsAbyssal>
      <packmanTelephPipra gimletGardeenZoons="939636110" cheerYenning="portStrawen">
        <gravelUnkirk>almadiaSphegidCrappie</gravelUnkirk>
      </packmanTelephPipra>
      <taberedGoudy>
        <darrellDivider>72631</darrellDivider>
      </taberedGoudy>
      <gobbeBromesGalante payenyGruffyRemark="bilkCallaSnirt75">
        <astrayPhotos>ravensHoldups</astrayPhotos>
      </gobbeBromesGalante>
      <wingersAzulene cogmenDextrad="useableShrinkyCopy" sundangWimble="sumpmanWise" braggat="cazimi" banbury="spire">
        <koloLaicise>7</koloLaicise>
      </wingersAzulene>
      <cabberShove seniory="jarvey" pidanWhutherPshav="thruway" guran="diarize" poudrinInanes="thyrisGurlClaes">
        <refitsHumoralKoklass>suers</refitsHumoralKoklass>
      </cabberShove>
    </bilgy>
    <duarchy unworn="dult" drinkFlix="divisaFideles" iliadsBescour="carbeenLysogenLangca">
      <marrockPertlyOology>ebonsCattieSealant2</marrockPertlyOology>
    </duarchy>
    <reigns kaolineAbomaFannier="sheathy" toxWallahs="illude" unroofHetmans="lobolaObeliacRethank" curlew="proofsBookismLyrics">
      <dauwIdoneal>nevoyRiotousTatuasu5</dauwIdoneal>
      <claggy ficoes="asceticClowns" climbs="runtsChela" fusure="8090444" baste="16556">
        <quamArming>dures</quamArming>
      </claggy>
      <sexton whichBeechy="594" lammy="muggerWordedDorados" eggcupPhrasesSnapy="seragli468">
        <blamedChicles>spikyBarboy</blamedChicles>
      </sexton>
      <outboxFundal stutter="adenaseTuzaLebhaft" ensafeBaalitePurvey="tater8">
        <sunnas>tarpum</sunnas>
      </outboxFundal>
      <obligedFid>
        <bobbedSumpt>9836</bobbedSumpt>
      </obligedFid>
      <zinsangMisdeedDyn boxfulPenileAlloquy="guising">
        <sizeman>excurseIrfan</sizeman>
      </zinsangMisdeedDyn>
      <upwell arced="79" dusteeSeenuSpector="frusta959" xenianExtructOnyxes="dumpersKarvalSlurps">
        <burrhelBogan>roseletRond279</burrhelBogan>
      </upwell>
    </reigns>
    <poppas antisag="solicitHairof" jerez="spulyieMymar5312" grikeHepburnSugat="caves" driversRicinsAfshah="pargetPinballMakah" salatChumble="parcBawdryReblast740">
      <arietid>4</arietid>
      <onwardsGeds logierMessanHole="7307" lobulesSixing="gcdAguamasGershon" talusesRealism="misfondSeminal" mitralLounges="2660299">
        <sapbush>34416</sapbush>
      </onwardsGeds>
      <bimasDoodab felting="couther" moatingHelpers="carneauPhalliUnsely" ungamyTutman="trineBrechanSpecked" silvexUpfeed="invenitWofulFreeing">
        <faultyUndomed>prof</faultyUndomed>
      </bimasDoodab>
    </poppas>
  </enhalos>
  <ghborWeapon pimp="2165" robotryFaired="bruteUrling" unbark="repiqueSpyshipWigging" repawn="elk77">
    <via swagerHissesKnees="tollent">
      <euphuesDrinn>acomiaChee</euphuesDrinn>
      <rongaComplexTalitol>
        <laccicBuirdly>iiiOrthic</laccicBuirdly>
      </rongaComplexTalitol>
      <wopUnhouseBoxings>
        <macaco>gusBeakJambool</macaco>
      </wopUnhouseBoxings>
    </via>
    <tethersOrgiaSafer titZimbiChevvy="lambale" wapacutTumainJesuist="steadyVerdea" pingingAchor="dolesDottyPionic" peteman="remixtRadford" mealsDowveAchill="venlin" caskedJenine="patelYirthsSawneys">
      <videndaQatMurat>74894248</videndaQatMurat>
    </tethersOrgiaSafer>
    <knappyBlennyDipygi photonsStrown="kindjal" pronFringedGladly="yervaFrden" curdlesTewter="lugsail">
      <gleekAsklentEmmove>vetoerStalledCebil</gleekAsklentEmmove>
    </knappyBlennyDipygi>
    <rangleAtheris reawardCuttoosAggro="vocoder" mbiraFixive="stradldLepero" sopitedSolon="modernsYumaMoaning">
      <cassidaWormianMantis>piquetSnooksLibeler</cassidaWormianMantis>
      <diobelyElatineHeized zeuxianSwampyPropyls="vocatRandia" detortToxemic="57028126" isolnOutpomp="81117">
        <nullo>tricing</nullo>
      </diobelyElatineHeized>
      <addyTundun pardieKuttaBeeball="morgay" katmonPuppis="turkify">
        <cauliteKayakerElev>536</cauliteKayakerElev>
      </addyTundun>
      <sucury riyalBushtit="uncouthPingPyemia" begassIjolite="1" aeolidGrapesLyas="9473" darkieRhaRamona="shrink">
        <connyTaffety>paasEditsEtrogim</connyTaffety>
      </sucury>
      <wolfmanLophiidDrailed joutesGaudeteSyndics="riglingOutrede4">
        <chymous>larigotGybeCtf945</chymous>
      </wolfmanLophiidDrailed>
      <muddy scrieve="begladTroopsPiffle4">
        <phonemeCladodeBenison>ampyxes</phonemeCladodeBenison>
      </muddy>
      <propylsProemsPatapat quibbleTushsYade="daricsInchaseMullets" bawrel="babcock">
        <cottaAncile>amusing</cottaAncile>
      </propylsProemsPatapat>
      <relevyZagThiram planks="mirak" glumlyDigramProrsa="unavianUnreelScoon" natale="nidorBilinHootch" suffolkAlodies="toeRumagePaleon">
        <dits>glauber</dits>
      </relevyZagThiram>
    </rangleAtheris>
    <upupaParsons>
      <begroan>rosinedLessens</begroan>
      <utopistGenealTiptops>
        <exhumerWailing>logria</exhumerWailing>
      </utopistGenealTiptops>
      <unwealKell dressedBrujaIncarn="rowable" gonzaloStumpsUsh="tipcatsSayable">
        <fewest>chinese9619</fewest>
      </unwealKell>
      <puncherVoes jnana="engleim">
        <wintleRodsSurged>44528</wintleRodsSurged>
      </puncherVoes>
      <zootomyFanlikeRebrick alnitakImpagesLyncine="558256">
        <creplyTriary>annuaryOmbre</creplyTriary>
      </zootomyFanlikeRebrick>
      <forblowVicusUpdrink tuzla="dowRoadite" enteteWizardMatts="arunta" wrightsZinober="theGotched">
        <warryn>larinaeUskok</warryn>
      </forblowVicusUpdrink>
      <jabbedStander umgangBaukArgot="luteaLeosBirrs61" oldCapelinRewax="guttierItemWordman" starred="pipetsMungey">
        <hernialTythedLeaps>54622</hernialTythedLeaps>
      </jabbedStander>
      <bateteBizetUpbinds playock="7524720" bedrockVaticBooms="nylons" forzatoStartorCannily="49145673" clowreTinosaElec="hilusLulavs1">
        <moyenneOilskinBangash>illicit</moyenneOilskinBangash>
      </bateteBizetUpbinds>
      <ninonsDeseamRight shinesChelpWarpage="losangPadesoy" ramousStraletGonagra="7" paxiubaWhiskeyAcoin="appledOkinawaPun" gallupBridely="crepyTopisJujuist4529">
        <foalsSessionFaro>shelyakCulchesFlyboy</foalsSessionFaro>
      </ninonsDeseamRight>
      <wistfulMala beltirExcides="nichts8624" guayaboUseful="hoya" manuresDirgyGrozart="201695">
        <acnesEndoverRemoras>dekareYarnersToads</acnesEndoverRemoras>
      </wistfulMala>
      <bookdom pimelicBracer="mutates" waft="latitatSuckenKetches725" certifPraised="92">
        <conedFaecesStummer>bummilSubnodeDioxan</conedFaecesStummer>
      </bookdom>
      <pandiesBryce>
        <rivageLowboy>worms182</rivageLowboy>
      </pandiesBryce>
      <sussoNaucrarPintoes foothil="detrectCothurn" chollaAuburns="strig">
        <caimanCardoon>remotedMannyPoddia</caimanCardoon>
      </sussoNaucrarPintoes>
      <piasaba atelesBionics="deraysPremenKussos">
        <addendsFeis>passesCream</addendsFeis>
      </piasaba>
      <splashyOutlierHyaenas vainly="scaumDusio323" owns="holiday">
        <beclangDevoted>gleadAltaredBuhr</beclangDevoted>
      </splashyOutlierHyaenas>
      <swirrerSasani>
        <knurlinHastTeasle>saffronCataloTmesis</knurlinHastTeasle>
      </swirrerSasani>
      <menkib golfTrollolTewhit="4510">
        <revelly>labrose</revelly>
      </menkib>
    </upupaParsons>
    <snight briqueDealt="sportBegladsCellist" guanaseEpacrid="brawlsAmreetaForril" aubrite="7886">
      <talipesGpsSuboval>vodkasHadit555</talipesGpsSuboval>
    </snight>
    <ceryl seminalSaluted="thawers" unvocal="gracedLicitIngulf" rudds="toodleLeers" obeyFahlerzVolant="731" danceCanasta="cive" murreysByrrus="loloFauldCarya" quichesBiozoneDumpish="cicadPontileReales">
      <caresSunyata>mazdean</caresSunyata>
    </ceryl>
    <squishySchone>
      <pandect>8915031</pandect>
    </squishySchone>
    <layingHuzzaed>
      <chaboukTevissDerust>campong</chaboukTevissDerust>
      <hantlesPlayman mosulCohorn="soffit" taillesChignon="fuglingClamor2" tidier="slowishRhamnalGeogen">
        <kails>frenchySonsy</kails>
      </hantlesPlayman>
      <ore>
        <coster>rabal</coster>
      </ore>
      <amaltas printerRiggotUnpurse="molalCertainGazoz" pantsNentaDarya="18">
        <defuzedDriverXanthid>marmorVial</defuzedDriverXanthid>
      </amaltas>
      <sizersMogdadTwain hemipicPolaron="cipangoPapion" rockingBespateMarrowy="388012">
        <dahlinEarsorePawnee>934</dahlinEarsorePawnee>
      </sizersMogdadTwain>
      <aview>
        <linseedResterHews>fluencePetrolsHicatee</linseedResterHews>
      </aview>
      <oukia septimeFaqirs="bepaidUrdy" rejoinsDapped="2">
        <borers>6434</borers>
      </oukia>
      <umiacsVirginsIdaho shikarsWaterDashers="klepticTurcicPinko">
        <narcTinfulGenoms>hemins801</narcTinfulGenoms>
      </umiacsVirginsIdaho>
      <imitDhunchi voguey="42486753">
        <stunt>brawner</stunt>
      </imitDhunchi>
      <cyamidTaxably yttrias="gardenyEvovaePopes" laura="jackiesNucha">
        <actedTarringUnelect>cantsAdevismAntilog</actedTarringUnelect>
      </cyamidTaxably>
      <moreens gunda="militar" unstaidBellaCebil="ayenst">
        <daver>bronzesEthanalMums815</daver>
      </moreens>
      <rumours injuredPautEli="rine" erineumItavesDasht="unisexBlanche">
        <carestHogskin>mamamu1</carestHogskin>
      </rumours>
      <zizz lobulesVanda="risibleMauleyProbers" loppersTesuqueUnoil="siesta" organryLocatedPoppy="anatolyIdoletScclera" greesCoriin="wheen">
        <luringPupa>cymbidIdylHeders</luringPupa>
      </zizz>
      <canzoniJezebelHeraud>
        <anisoinSharps>gurnetLiz</anisoinSharps>
      </canzoniJezebelHeraud>
      <vergiStat bulletsBoozedThegnly="17215061">
        <fmtCentury>infulaShubaBandos</fmtCentury>
      </vergiStat>
      <dispIodine tripalFrwyVinca="40019" flangerReginal="deviceDiols90" skunkedSignKyries="5971" baggalaPrelatySoloth="salsodaMiffierShimal7463">
        <trioses>kelpies</trioses>
      </dispIodine>
      <lindsey agmas="moloidUraninDormant">
        <feign>schanz</feign>
      </lindsey>
    </layingHuzzaed>
    <wickupTsp vesselZitter="strayedSlavesBooks" recipeEscry="drantFlatwayArthron" gee="lut">
      <choileByroad>bronchoRepinesCareme</choileByroad>
      <crimble>
        <mannedAdmen>adienceKakkeDuffers</mannedAdmen>
      </crimble>
    </wickupTsp>
    <jangarOwerPiperno>
      <landausGlobule>unshadeGavelet</landausGlobule>
    </jangarOwerPiperno>
    <misaddTriglidTheca>
      <ascryTroch>cytinusToughlyChiles</ascryTroch>
    </misaddTriglidTheca>
    <accidiaHeadfulHommage auguredPiliferStelar="mealerMoody79" mistideWhalerBromise="8385">
      <venere>fliesBromeJalops</venere>
    </accidiaHeadfulHommage>
    <unsadStruv>
      <skimo>bodwordSootishVirelay</skimo>
    </unsadStruv>
    <endeSeeds>
      <thegnsChegoe>dyausMede</thegnsChegoe>
    </endeSeeds>
  </ghborWeapon>
  <lind awmbrieRedears="jawingJames" plotxZappingDaikers="84493" jicaraPrying="8662780" weepful="447377" />
  <consulCistronIsadora kuttarSinuateSealess="feat" kibosh="yonnerJibmenNitrite" stoicVafrousParser="706" />
  <bittock patches="pupidae" guessesNymphetLapcock="repuffSchisms">
    <townly>
      <remexBhumij>1090266</remexBhumij>
      <babbage joistEggnogs="smartsCrabs" yellochHocusCyclope="skills" tbsAlmoin="808623864" fainestThrowCawquaw="dialingAviatorEnflesh">
        <misUphold>vetsAcusArrame</misUphold>
      </babbage>
      <sylingCanch quaigh="iodeSwotsExtents553" knawel="becuna" ppbGluing="nylons" nibungPosyMinhag="queriedExodistRegence">
        <thieflyHaloing>doorYokRoundly2734</thieflyHaloing>
      </sylingCanch>
      <plangiBookdomBract agrufeLoud="chromosIdyllsPilis" mennonUnboxedThunor="xxiOrioles" cargosRobinia="88" perries="cachazaCitrinGlary">
        <counterUpbrookErudite>prierGalagos</counterUpbrookErudite>
      </plangiBookdomBract>
      <begums vomitTugged="61" watchetScibileBourkha="bey" pawerAclinic="shadufHazardVariate">
        <pongids>870004270</pongids>
      </begums>
      <humptyDvandvaQuey meddledAttire="obovateMumps">
        <battonCohere>isohelBafflerTeacher</battonCohere>
      </humptyDvandvaQuey>
      <enzymeKalmuk>
        <tea>bosomsGerimEncages</tea>
      </enzymeKalmuk>
    </townly>
    <ropandSkef>
      <housingWadmaalWeeting>burbarkTeeniePassade3</housingWadmaalWeeting>
      <cajuelaCosts undoneUrucumChoise="unteemKingly">
        <infidel>8884</infidel>
      </cajuelaCosts>
      <murrainPuntos amebicTarnalCrible="lanierMelledAirplot" clownsAcrawl="fennecsWarkedHeroine" unipara="unruedTulcanChemung7" feelingSpore="8568">
        <navaho>papa</navaho>
      </murrainPuntos>
      <sasseGowlan mooley="sowens" inisle="redigKinotHubba">
        <itchy>natallyNemaSpingel246</itchy>
      </sasseGowlan>
      <dobuleChurred priapiRelimit="fcp" loinConoyExarate="foundPleonic" outHabet="utility" arbacia="anomalaAustricBiltong">
        <trainsGlimed>honiton9</trainsGlimed>
      </dobuleChurred>
      <jamaica mazefulHabited="984525947" soapsJundiesUnsaked="rotche" sard="paceTedBaculi" jacketyPushier="blurrerAboteYat">
        <luperci>muhlies</luperci>
      </jamaica>
      <rogue>
        <ghalva>benthalTaysmmKinnery</ghalva>
      </rogue>
      <sertule>
        <trinode>agroan</trinode>
      </sertule>
      <krisesXiphura furmintEpitaphWhizzes="paradox" wuzuFelsic="hulloa" fetus="divetCurari" goorals="6303100">
        <unboat>328432722</unboat>
      </krisesXiphura>
      <agapetiSectile seep="randier21" snubber="bodegaAbendsTippet" notherReqCreed="indiary" nies="convitoGages">
        <valueFinnicHarl>servoedOutly</valueFinnicHarl>
      </agapetiSectile>
      <mealman>
        <tsarismOasiticSlodger>colpEveless</tsarismOasiticSlodger>
      </mealman>
      <viscum perp="dues" unrashDhurraBenzyls="praxean" persioTacan="chitoseYawlingLineary" mosaist="flitchLotusinEardrum">
        <xanthicRompBidget>ant</xanthicRompBidget>
      </viscum>
      <gilts risberm="hoolockSlutterThyself" uplimbTyingSoot="finewBolsons" ays="begalls64">
        <stablesHabitatHermae>87424642</stablesHabitatHermae>
      </gilts>
    </ropandSkef>
    <anlautBlazer>
      <favnWriggle>8</favnWriggle>
      <munches argansOxyaena="trigs" excludeInweave="3808">
        <papaloiDeplantVittle>stervePythiusBargham</papaloiDeplantVittle>
      </munches>
      <mesopic escriptOctodeJouncy="souchetRescale" flytedKwhr="ossificLyingsCree">
        <pingleMahajan>poulter</pingleMahajan>
      </mesopic>
      <nucin wasterUpdriedAuloi="177265477" displeScawlHuggery="22" boeoticBolled="stanzas" queCapsMonias="36">
        <sheitel>smit</sheitel>
      </nucin>
    </anlautBlazer>
    <pettingStoof dawdlerMissaidDarghin="vaguityXxxWherein" mizar="9" gheleemAlbireo="longes" brindedErvilsDzerin="validNutrias">
      <exhbnPalfry>265</exhbnPalfry>
      <gallopSewen>
        <blarinaLirateMuso>barabraJatkiSpurius</blarinaLirateMuso>
      </gallopSewen>
      <exude mitotic="lahuliUnduly204" ackJewis="81" prowest="whorePrior678">
        <unitiveLyristTali>kaleToaderyFinning</unitiveLyristTali>
      </exude>
      <popplesConto sleysPrigs="disknowDingles" veneficBonismCutouts="beat" sidemanButches="salamatThreoseZyzomys3600" trojanSeige="65">
        <miliary>keyingOsprey336</miliary>
      </popplesConto>
      <relimeIkeHillman arctia="282823" humbugs="hazel" dermicDink="parsonsBencite">
        <franzyElfkin>babrootSumphWeedow</franzyElfkin>
      </relimeIkeHillman>
      <racloirAkpekLascars cunnersLaughed="undead" hangarsUnclesFrontal="letuarePupidaeBookit6282">
        <catnipKniazCymtia>merakNowrozeBusera</catnipKniazCymtia>
      </racloirAkpekLascars>
      <zibeth barger="outlipSimmer" seducer="gadabaDewingNeroli" epipany="neilWraptTrellis1102" yeggmen="1642">
        <acop>atamansZebuViably</acop>
      </zibeth>
      <saanenFestingQuitter quinol="orthiteLycodes">
        <ketimidShowerSapota>tethysJarl</ketimidShowerSapota>
      </saanenFestingQuitter>
      <soakmanTwiddleRomper encycl="salwinBoozes" cukesXosaAdiel="millionEurus" monilia="hexanesTauntRooker" hayesGasps="9">
        <oghuzFoehns>urao453</oghuzFoehns>
      </soakmanTwiddleRomper>
      <klip haloing="toysome" jussi="brie" faenasJanker="tpmAcinary">
        <aliundeVerzinoOrgiac>6227</aliundeVerzinoOrgiac>
      </klip>
      <soorkiPlumbetTewly pricketReallowEncist="oneiricByworkHymning" rampingVoiture="dipteraUleCuspal">
        <gariba>3901</gariba>
      </soorkiPlumbetTewly>
      <bourgsModernePalely oopodalPsocids="bestuckCorcleCps" photogsPouser="3274" jokesKlippeGrylli="tussar" waac="zack">
        <apsesKannada>126041962</apsesKannada>
      </bourgsModernePalely>
      <idest patener="tensRooklet" wauchleAzuriteDated="gearboxTurdoid">
        <tunablyOutgunLaiser>dewingAdamiteDextrin8523</tunablyOutgunLaiser>
      </idest>
      <reboso bassToughlyEldress="wierdWrossle31">
        <skaldic>scrauchCheth</skaldic>
      </reboso>
      <cantishCohorts orlyVeloutPill="festersSmiters">
        <rabfakTwentyAchagua>alaster</rabfakTwentyAchagua>
      </cantishCohorts>
      <whigDesole meson="27735">
        <barmy>hankt</barmy>
      </whigDesole>
      <scuddleMartius cherCoeffTandour="hootingAdeems">
        <arcing>cooboosDrosera89</arcing>
      </scuddleMartius>
    </pettingStoof>
    <unipodsZippingAroides biparty="83" august="pekans" shyersUpfillOuf="471" tendrelLivid="balkingReprMiddler">
      <hadeanSpical>quinizeHaloesSolatia</hadeanSpical>
      <lyingHaikaiProso studdieArrhalUnungun="thence" bhangLarcin="picasArrests" nincumAmasty="basellaAcyloin">
        <nimbiClavae>quayedThoralGns</nimbiClavae>
      </lyingHaikaiProso>
      <ungrand ordureHirundoAbstain="diodesMurva" dauditOviformKansas="broeboe">
        <bagasse>echoingHagsIdent</bagasse>
      </ungrand>
      <jamanBawdryPlebe>
        <enlay>pituriKaliph720</enlay>
      </jamanBawdryPlebe>
      <truffleFlarer ksiIncraGibel="mgrRemountBiarchy9" edgeEmbrail="pumpmenChaped" tamaleTubersSighers="reboldSlavinDurity" unlocalCaraja="encellUnpleat">
        <alkoxylRiggiteTentor>homed</alkoxylRiggiteTentor>
      </truffleFlarer>
      <taping legumesRipeMarkab="balau">
        <equator>teioid632</equator>
      </taping>
    </unipodsZippingAroides>
    <changos naulage="burucha5" wingedShree="peeoyGladeyeRara" egers="deltasTrinely" qeriSecque="suetyDudeen" varve="3869974">
      <verdictCostula>dodgersBumper</verdictCostula>
      <seechZaribaMaris barcooLeud="auksFesterBillage" aroras="872676" ushabtiParten="untipsy" sestetMombinArgalas="colfox">
        <outblew>swiwetLassock763</outblew>
      </seechZaribaMaris>
    </changos>
    <welcher veronalSwisser="tweakForgoneZilla">
      <wahoosUnsneckDiaka>comade</wahoosUnsneckDiaka>
      <croftsRovingsFluke>
        <alizariUnwoman>1</alizariUnwoman>
      </croftsRovingsFluke>
      <becensePirrHomeown gallantHuemulKlipdas="slammerWurmalEpodic">
        <sissifyThreapsPlaids>945877525</sissifyThreapsPlaids>
      </becensePirrHomeown>
      <tutorForseenRadian spackHarkeePases="madhabUgrian">
        <hatchetShantLogged>shaverJuggled</hatchetShantLogged>
      </tutorForseenRadian>
      <oakwebGamari ravage="9980354">
        <probes>keeksKerrias</probes>
      </oakwebGamari>
      <gnarly grocerRemet="4" burls="miradorDossySofties" battelsQuodMarts="crosletUpboundMagmas" daitya="orachesJampani">
        <troakedMoreishCagot>anticly</troakedMoreishCagot>
      </gnarly>
      <pedagog>
        <anomitePropylScouts>nuddleIntoed</anomitePropylScouts>
      </pedagog>
      <jetware>
        <phosis>daddleSpicing</phosis>
      </jetware>
      <estangUnpurse forbidGremialSpectra="poroseThowtKarluk" bikinis="64234779" cereusSnortyDecator="fermacyPluckedRuing" somaliShitten="9133397">
        <thermae>84106341</thermae>
      </estangUnpurse>
      <joysomeStangedSamh>
        <fudged>3029</fudged>
      </joysomeStangedSamh>
      <sheathsLatchTorque sardana="cystidJaniceOki">
        <oilcamp>kaesMortice</oilcamp>
      </sheathsLatchTorque>
      <bodhi bearded="quira18">
        <preburn>bildar</preburn>
      </bodhi>
      <spiveryHoodsVingtun paulHoboism="keltics">
        <bejapeNilghai>745459468</bejapeNilghai>
      </spiveryHoodsVingtun>
      <podunkAutismsArmour perplex="choushChloePigeon" dismainInta="9" jatoNaipkin="daringsDividEyesome62">
        <bomb>ajoureIonizedFogbank</bomb>
      </podunkAutismsArmour>
      <revetoUnspinMetron>
        <resiliaDemotedBanya>reivedKraut</resiliaDemotedBanya>
      </revetoUnspinMetron>
      <demarksCroiseeMurmur>
        <hurrooPiliesLinks>nalita</hurrooPiliesLinks>
      </demarksCroiseeMurmur>
      <solidi saladeGershom="5">
        <peppy>8292</peppy>
      </solidi>
      <norseIonic>
        <brutPanamanSodomy>impugns21</brutPanamanSodomy>
      </norseIonic>
      <visnomyObeahs wagerChares="secondeArgilSkidi" bayardCoddingDeciare="subornsDullyNumero" backbitCaracul="2204" arietteTyrone="schrikJudgingScuse">
        <apollosNurly>aracanaCanidCumulet</apollosNurly>
      </visnomyObeahs>
    </welcher>
    <rousersTarrieBlarny>
      <ryukyuAbuserHatting>galet</ryukyuAbuserHatting>
    </rousersTarrieBlarny>
    <pedicleFinnish sakiSyrSiegurd="pukateaMaskTenture" praterUnbladeUnpiles="mohock" sulphasHorrify="spinel" mureinsMinbar="baregesBlanket" diddlerScouts="rialtos2534">
      <sgad>wigansHiram</sgad>
    </pedicleFinnish>
    <dregDizensPillary>
      <spaikAustriaRagman>9394433</spaikAustriaRagman>
    </dregDizensPillary>
    <nigelPhiltreLabrid>
      <rutylPaced>secco</rutylPaced>
      <kiladja suited="weeweeTauten">
        <hillockWrithy>bights7</hillockWrithy>
      </kiladja>
      <skegsFueled kucheanSwamiSarzan="elicitCalla" sameks="copyingSwallo8">
        <overcryFacyGucked>roughsCyrilAble2472</overcryFacyGucked>
      </skegsFueled>
      <redries exarchs="jiltersClary" worksHabbeSfoot="francis" willowsMoults="measWaftureHaffle" lowsing="fleecesScypphi">
        <doglikeExecuteTwits>hatticForborn</doglikeExecuteTwits>
      </redries>
      <egipto pucaDopiestBoosies="rubyAtrophy" mysianEditor="riffled">
        <replowMidweek>kvutzahDori</replowMidweek>
      </egipto>
      <forbad squshyWigeonZebedee="perulaHankersHalts" blousyDirestThenars="72384" ahab="perula6432">
        <nanoidRedward>975094353</nanoidRedward>
      </forbad>
      <bangle remeneTibertOrrice="renegerUngown" gentianRottenPapane="dhaks">
        <frankedMuseumMalacca>chowryCoecalCannet</frankedMuseumMalacca>
      </bangle>
    </nigelPhiltreLabrid>
    <mouched sumo="repointSpeedo" pirogi="alabamaAnomies167" polary="aselli" rameshAirdate="porcinePareu" headwayNapalms="12" beechyGuaxima="slowest">
      <adjudgeWaac>rhilaMorgenLimean</adjudgeWaac>
    </mouched>
    <callateBiotopeTonemes sella="crazyDhurry" zonarMoricAport="pahariAngle5395" luchuan="xiphiidAffret">
      <retundStorage>anre</retundStorage>
    </callateBiotopeTonemes>
    <angelin>
      <muscled>untwindMachzorDedan</muscled>
      <papelon sibyllaOpe="unblade">
        <imposts>yeukRecoupOud</imposts>
      </papelon>
      <cairoReadapt moulviBasteFuss="tinnetAcerateLarded">
        <jugsful>dativalElans</jugsful>
      </cairoReadapt>
      <speckleMountie juiseTricia="49484375" argenolHirse="sirihAnselm">
        <rojakWoffler>piffled</rojakWoffler>
      </speckleMountie>
      <blunder effate="wrack" khatib="3330006">
        <jewlingAssotTamine>kagos</jewlingAssotTamine>
      </blunder>
      <outswimAvijjaPulldoo larundaOldieBlair="tediums" secque="tenspotBishops6">
        <canetonAmlongBegird>casqued</canetonAmlongBegird>
      </outswimAvijjaPulldoo>
      <kapoks refight="26955279" obex="corachJuttingBarrier">
        <doormenEpizoal>micatePrese</doormenEpizoal>
      </kapoks>
      <trophalShita ootypeAmus="8616014" yamalka="girthsHemol">
        <teaches>mamotyHaab</teaches>
      </trophalShita>
      <oonsCotton boldingSerenes="awhirl" forthOrationFeaze="22404" spiculaChekist="19">
        <oppugnsAtoxylAliases>kelperKadishMea</oppugnsAtoxylAliases>
      </oonsCotton>
      <isoldeWilsonUnwomb noir="heukWanes" basesEffaced="laniard" indexWerner="64537011">
        <pectize>anguisKivu</pectize>
      </isoldeWilsonUnwomb>
      <rinkPlaguer looies="faggedCoppedRiming" vihuela="kazooSolidusSeasick" bifoldWanning="brastAgin">
        <sauriaSkilfulGoalers>brewer6224</sauriaSkilfulGoalers>
      </rinkPlaguer>
      <lamdenDudlerBrankie exudesBoxcarsMitered="lovefulSoorkee">
        <razzedSynchedPorgies>zoningTynwaldSpartan</razzedSynchedPorgies>
      </lamdenDudlerBrankie>
      <dyewoodBaladaExpirer>
        <spooney>sissingCrank</spooney>
      </dyewoodBaladaExpirer>
      <oleates eggarsLippiaStaves="33305723" rain="minnowMoodle" tacesOlivean="brayerSpikes">
        <decresc>braceryAdeemedFasola60</decresc>
      </oleates>
      <thunorBedwardRaddles mendoleDoray="atelierFrogeyeKeywrd" kraftsGerardNashira="lomentsObloquyBangia">
        <flavoSquoze>dinghy</flavoSquoze>
      </thunorBedwardRaddles>
      <seriate>
        <dickeyBegulfsBlendor>tricksy</dickeyBegulfsBlendor>
      </seriate>
      <dertra adveneThiolic="montantXeric" soosooBemocks="wearerCoalyAulder7" unslateGelate="luckedCoquet" taniteViolin="colaVarlet">
        <saggardEgencyNatalie>periFesse</saggardEgencyNatalie>
      </dertra>
      <barishSummerBogled inly="1043" skieppe="554189250" zambraNiche="linsangSheiks" commaesStudier="wanionsFatale">
        <dentilUnkempt>minedMusths</dentilUnkempt>
      </barishSummerBogled>
      <tinsmenTrice sochtGranthPoppies="babkaStaio" eyeyStereHeathen="rheas" couhagePilers="fobbingGawp" pochade="9">
        <jadedlyEugonic>ruddle</jadedlyEugonic>
      </tinsmenTrice>
      <cardiaeSliptWelter violetsHocusesDilker="nougatTeemersLuxates" heynneSeizor="wastrelGuiba">
        <chibol>rescanWheedleArhats</chibol>
      </cardiaeSliptWelter>
    </angelin>
    <verser redodid="yodledHallmanTinier" dromosAldus="thyrsesDullest" lunyie="subnexAgraffeRosaria" agynousDeadest="bumblesSnavvle">
      <lynchSnickeyUmgang>thumbyForaged</lynchSnickeyUmgang>
    </verser>
    <drabbed appeteNosuToecaps="capingMedickJaycees" ansPsizeFeower="cucupha9357" quaddedRunts="30639928" decks="26296">
      <eaglessCliencySipapu>623931758</eaglessCliencySipapu>
    </drabbed>
    <furiosaSavoy mistune="420598298" billyerEdison="98955286" unebbedGledMurgeon="52716520" unlousyIlian="vetustyHandsewBahur" cleomeRolley="nocten">
      <pruderyBrevetsSunbows>acadianTarbetGimmor6</pruderyBrevetsSunbows>
    </furiosaSavoy>
    <boffin nefas="sturochSorren" aludel="tinkleManomin" pheealPotlingOutgame="doriaNodulePilous" ketal="runklesUnrowed" fulfillAlbino="vulnCreplyHooley">
      <hoheKoroaNailset>echoicFlagger</hoheKoroaNailset>
    </boffin>
    <enthralPew gizmoKiltingOxgate="534052" stifler="lunet" polyps="47">
      <passmanSnowdonFother>411</passmanSnowdonFother>
      <baillieFarl beati="dozened8" agraceShockDormant="80">
        <caddoCreak>latomy</caddoCreak>
      </baillieFarl>
      <censes shedder="boozesAzoriteShabash" corymbsScaffPawdite="emplaneLowsedVacoua" thermel="chistkaCheveysJueces2970" daphnisNarthexBaler="899">
        <bigasSmartieCocoa>piscineWeddeed</bigasSmartieCocoa>
      </censes>
      <capitoGrufflyAnisoin juridicJiggetRamage="bajanScampsDioon" lusty="oncesTitre624">
        <astroidKoipato>bowbentBriskRampage</astroidKoipato>
      </capitoGrufflyAnisoin>
      <bumbaze>
        <circutsImmoral>cephus</circutsImmoral>
      </bumbaze>
      <chuckSneds bedpan="hessianMoyExtols" lippiaRum="breviBlitum" tuftyTanger="absinthTectonaFixure">
        <yuccas>enduedShamedPyrrol</yuccas>
      </chuckSneds>
      <entozoa musaeus="tunganPalusStrig" esterosUnswingBrings="602525" unwinlyAbonne="gestedMorcote6" droopyEegrass="culmsSuerre">
        <yieldAvidlyLessons>1</yieldAvidlyLessons>
      </entozoa>
      <garauTippleGowaned kolkhosThymele="abattuWheengeHuspil" floodedEscheatSeeped="4936" leadEphraim="beswim">
        <snipsHustleNaren>etwiteDorsals</snipsHustleNaren>
      </garauTippleGowaned>
    </enthralPew>
    <deponedMhosSuiform>
      <jauksLewises>snastePape3981</jauksLewises>
      <sotikHighs lvalueIsaac="roi" virger="chekkerSwelty7" vorantAttleAlewhap="pantiesSlineLinget1">
        <ampelisVespidMurky>predataVomicinPatriot</ampelisVespidMurky>
      </sotikHighs>
      <feudee acanthStowps="kamasinSwedge8" sankaForma="yallowLunyieGuarea">
        <betraceJapansColi>dufteryRanter</betraceJapansColi>
      </feudee>
      <boist physidKeenedHorsing="queriesIdlesetTestae">
        <trypWhispPunk>camaronHorsifyStud</trypWhispPunk>
      </boist>
      <koans dippersJewfish="corgi2382" forgaveTriplaFerrer="developFettleMarok" crusade="geum" mozo="aboteRani4">
        <pholido>unstickClefted</pholido>
      </koans>
      <pacquetUpcast irvinMollusc="dryBedcord">
        <thurstBusies>copolarJiglike</thurstBusies>
      </pacquetUpcast>
      <portailOwldomPiloti colleenJamnut="feats">
        <incuteNiddleIlian>goofsOsieredAccolle</incuteNiddleIlian>
      </portailOwldomPiloti>
      <dool trueing="antrumCrispen">
        <membralMudde>evangel</membralMudde>
      </dool>
      <kalpaRotamenGlycyls rayonneHecksTeraohm="adoulie8572">
        <baffedCauline>badassSmurr2580</baffedCauline>
      </kalpaRotamenGlycyls>
      <kosseanBufidin>
        <evzone>trodeGruidaeCanton</evzone>
      </kosseanBufidin>
      <madrilPitchy charbonFednPoniard="tritylPadou" alvahPacinko="ciboriaBezant" neaped="604" cunzaLeaHuey="haroldStull">
        <bebeastDonorsLiplike>dislinkTeenageDebuted</bebeastDonorsLiplike>
      </madrilPitchy>
      <nonnyHulchTietick cattanArditoSerrano="duretMoloch" talpaLitsea="emerseWorrelUloid" fentPronateDosain="fridayHealer">
        <twixt>pitbirdOndine</twixt>
      </nonnyHulchTietick>
      <yemenicPastels>
        <motey>niobateAntherGrab</motey>
      </yemenicPastels>
      <magadhiSumenSteady>
        <ralesHumeriScabine>specialIrisateWaldorf</ralesHumeriScabine>
      </magadhiSumenSteady>
    </deponedMhosSuiform>
    <lenvoi>
      <custodyKeup>wilfredGalopinOctarch</custodyKeup>
    </lenvoi>
    <unplatBacksawKnob ionizeTebbad="935" neralOddity="endleafDhooraSeepier" storingEphasBipacks="sortlyJumblyShouldn3641" shaderKempas="glees">
      <hyptPotato>603</hyptPotato>
    </unplatBacksawKnob>
    <caidMisfall>
      <syrupsGiggled>been</syrupsGiggled>
      <vergedMayingTincal voltaKilhig="tarrifyWatherJibi">
        <hidel>carossePifineOutburn</hidel>
      </vergedMayingTincal>
      <judeanRidered batuque="arrases1052" pythianPistils="ainalehNittaSirens">
        <launderQuarter>7</launderQuarter>
      </judeanRidered>
      <arrayerSmeekChacra pietonGowl="gomeral" dzungarSteamy="9639861" vazimbaBaritXylols="soudans" cump="vanistTypobar100">
        <succiseBeeped>tirades</succiseBeeped>
      </arrayerSmeekChacra>
      <gulNewline wanderAffing="estang" tachistBemadamPaloma="stalesHonking">
        <unfactHotelSinless>steam</unfactHotelSinless>
      </gulNewline>
      <noterFiqh mokesOsierTowmast="helvell" bushmen="wawLacingsBestick" dawsZonurusResults="joanFarrows" headmenSpiledPirojki="provesOcheredSerb">
        <quickie>2792354</quickie>
      </noterFiqh>
      <polycot spale="jakosTeaseAraua948" grith="24814397" yobi="37197">
        <parchedErotemaAphelia>wryneckGeol</parchedErotemaAphelia>
      </polycot>
      <bluest>
        <butane>protist</butane>
      </bluest>
      <defilesTweakyDepthen clappeShrab="paiking" cypChaps="baniwaMannifyPlaga5" pix="96995194" baitsSidestZoogeny="economyPuffletMangi">
        <rokerChitalNobs>curringThawnUnplugs</rokerChitalNobs>
      </defilesTweakyDepthen>
      <toolsAediles estre="spritesHows" groatGaleres="hiblaLives" ducatoFardsWaterer="squalus">
        <offereeOutrace>993</offereeOutrace>
      </toolsAediles>
      <strepsAthecae factorsJoltedRaper="miragyRedrootEnseel" drunksGyro="scarry">
        <cercleKenyanSwither>artgumSchouw</cercleKenyanSwither>
      </strepsAthecae>
      <tupiksBoriGurl durraTruceSyrphid="etymicLauders662" chinny="ginned" boccias="ploima5183">
        <thumbsGeodicVenose>ictericScroochChochos</thumbsGeodicVenose>
      </tupiksBoriGurl>
    </caidMisfall>
    <rameSeraLinene>
      <pukuLaxness>kansan4259</pukuLaxness>
      <acharneGinnel>
        <outhissLantana>bunksTizzies</outhissLantana>
      </acharneGinnel>
      <liqueurSharns octroisAcarineTropin="rhusesJinket" drakeLeap="soavesUrinesYeh" hunkCorrive="coarse" iszBoortQiviuts="guildicRubiesLionly42">
        <roupLatchedCamwood>bossdomHighlyWarpers3099</roupLatchedCamwood>
      </liqueurSharns>
      <tomorn rowelsUrucu="tragicShuffLauders" zoonsDawdlerBloomer="halimotDawTaliped" manlilySwizz="senilis6074">
        <acarolDeigned>twilit</acarolDeigned>
      </tomorn>
    </rameSeraLinene>
    <mondegoFlitterRetempt slubs="aixMyiasis" aamRukhSupples="mortisSkater" flensedAllobarVer="tourerResoleImmote" lulling="blasted">
      <tng>triduamCynomysStapple</tng>
    </mondegoFlitterRetempt>
    <exormiaDizzierSilking blusht="paseos" budlessEmoters="scalps48">
      <heresyVallums>fettedDemyBeany</heresyVallums>
      <nookies statureMots="veritySmazesAnnect" upwards="67000" aconine="276327236" expand="53889899">
        <poter>rebrush</poter>
      </nookies>
      <rousesAchenRep pouting="redugSlum">
        <brigue>amorado</brigue>
      </rousesAchenRep>
      <avoyOzoenaCoffees brey="88526">
        <skempPliss>isnadPaque</skempPliss>
      </avoyOzoenaCoffees>
    </exormiaDizzierSilking>
    <andean>
      <inurnedMirkestYipped>sensualAconite905</inurnedMirkestYipped>
    </andean>
  </bittock>
  <poorisGleeAxifera uaupe="unpanelLocates" kimPreysPurlin="halachaDesexedVitrify" scops="twizzle" />
  <galgalGalyacs noonlitMaarten="8" dalagaCosters="sizierSkiltsUncool" beamyMitoticDec="27" />
  <badianPokiesSylvae />
  <hecaticScoggin polabSeruleFuranes="dixyOrganon" />
  <durgenMosul norardHyssop="artusBosquesIse" phyla="chekaCedarnKitting65" antlersMinibusFrette="lidderRubatosOutlie" overnetNoggenLampads="hagbutBrowned" />
  <beshake bounSobful="osmoseStowsSag" loliumCallotWhing="mopeElveFrying" />
  <limpingHymnistMastic griskinSoddedMukade="razzlyTerreen" exede="320055" />
  <faunusBedelveBaar bearerCampos="wrangsUpaya" tagsterLonges="36" cyanoleNookingAstacus="shul">
    <namelyUremias>
      <costrelMyxineSullen>703</costrelMyxineSullen>
    </namelyUremias>
    <credent>
      <quillyTaurylAdepter>wurleysFudgerPeakily</quillyTaurylAdepter>
    </credent>
    <sprushHedPoppled>
      <squawksDecrownZonurid>fiercen</squawksDecrownZonurid>
      <tidingTissueCaserio oboliBaisakh="cabinda" drugsUpsit="castice">
        <crampedUntwirlSnook>molimen</crampedUntwirlSnook>
      </tidingTissueCaserio>
      <intrunkBordage>
        <madhvaReally>secededSumacs</madhvaReally>
      </intrunkBordage>
      <gaunterQuinet>
        <sensual>wahLottedLongly</sensual>
      </gaunterQuinet>
      <paiks wur="acute" arcanalTouchup="thrax" nappies="rallery" ierne="moderneBenamiGalerie">
        <stages>83923564</stages>
      </paiks>
      <coucal policyNegatesSkyful="850" eosinic="shilfaUndirkApolog549">
        <meseledArgyrol>krillTiklin</meseledArgyrol>
      </coucal>
      <diskeryTronage unpurseSadrBogyman="elateFlche4">
        <yowling>calibreSambal</yowling>
      </diskeryTronage>
      <toecapBillerGolds meddlerAkaroa="rutheneSetboltSamaras" flabra="aniseBushierFrise">
        <winkleCobalt>zillahsCrinel</winkleCobalt>
      </toecapBillerGolds>
      <dha petkinsNudelyShan="cumaraMixer1123" batman="7" sprintsMasaisTabling="2748989" basque="candelaOrgone">
        <enoplanEcb>21342</enoplanEcb>
      </dha>
      <triactStomal>
        <hiedDyadBionts>knife</hiedDyadBionts>
      </triactStomal>
      <krems civisms="apod" janetRiled="piacheRelumes">
        <jezebelThund>asramas</jezebelThund>
      </krems>
    </sprushHedPoppled>
    <ursae alroot="liukiu91" clayman="simba">
      <canchBrochanMoresco>walleyeFilazer</canchBrochanMoresco>
      <pierian fouettCharts="outweepRielHuxter4151" cuda="regencyHibla">
        <lockupsAraua>katogleHenenAssumer</lockupsAraua>
      </pierian>
      <swearPropusJumpily uneagerDivvyLychnis="69" guttateTrussesCooree="53427995">
        <splurgeSemisesLoofa>plautusOxamate</splurgeSemisesLoofa>
      </swearPropusJumpily>
    </ursae>
    <qtrHiatusDansker setonTubateFecche="543099021" ugrian="kithedBantersOryx3" manureKedarShaggy="brothelReknitLicence" matzos="wrightStopwayWane" crusilyUnified="pliskie" arling="teparyBedelsIndole">
      <gestapo>ovatelyEnlistVarves74</gestapo>
    </qtrHiatusDansker>
    <daudit bullbatToydomTaxitic="harbMarkingBish5" elkwood="lanierCuspulePolesaw" clodder="4944">
      <subcaseEnshell>240171848</subcaseEnshell>
    </daudit>
    <mopeierMycetesPourie taringAgoraeFlasket="resizeLoretin">
      <intaEnamberSkepful>6589775</intaEnamberSkepful>
      <murralAchafe>
        <angelonCawker>idolizeDecate37</angelonCawker>
      </murralAchafe>
      <amplect ossifyBattle="newishArctan" vizir="tiraz">
        <dicotDalethCarotic>refundsGolo</dicotDalethCarotic>
      </amplect>
      <negrosBurka suavely="svelter" deparkDayroomWeaved="unpacksKolhozRagnar" angling="dirtiedSilked">
        <cardial>wedgieCotoin</cardial>
      </negrosBurka>
      <rubIntail azureCdgDawtit="dutifulSyzygy" junkmanGillieAlcoate="gigabit" brokerLavabo="bazziteBloman" bromic="cudeighStentonDruids9">
        <lyardBester>hilusHelver627</lyardBester>
      </rubIntail>
      <whittleBaxterUtopian audOrtalis="niallKeenlyArbiter" swartlyPotomac="direstMulmulWished" oppugns="solatePita" celtdom="upgradeSchlepp2265">
        <lastedCarlin>sheriaFixures</lastedCarlin>
      </whittleBaxterUtopian>
    </mopeierMycetesPourie>
    <baselyBittsUnfused>
      <prahm>deripia</prahm>
    </baselyBittsUnfused>
    <impentShawls>
      <neutersWindjamNecklet>dugentoEyeroot</neutersWindjamNecklet>
      <fleshyPuntaDemigod>
        <teca>gatherCroak</teca>
      </fleshyPuntaDemigod>
      <vilifyPelvisAurar miomboKerriteSantimi="tawnier" isologsSilicle="spheredIconFlair621" abkariProso="channer" subvein="pacas">
        <grylle>lurerWhitret</grylle>
      </vilifyPelvisAurar>
      <smewsFiesta huashiTritest="tronesRognonsPipless6401" iconFjeldsUnclew="siniticAspired" cossic="rakeoff78">
        <sctSannup>roughyIlluded</sctSannup>
      </smewsFiesta>
      <strivyMenad nailbin="lamEnleen" beholdsFubbed="pealedThesaurRafik" burbot="pooveZimocca">
        <vivo>681145</vivo>
      </strivyMenad>
      <dombeyaChende pitchi="seifComsat">
        <turkeer>25801</turkeer>
      </dombeyaChende>
      <softlyDuessaOutfeel burgoos="8213">
        <birde>pommeeJami</birde>
      </softlyDuessaOutfeel>
      <strad duitWaft="worship6297" mosaist="aretteIsiacal2">
        <amaze>atenistNacrineStared</amaze>
      </strad>
      <approofSinjer choule="pratedTamulicExacter33" inverseOxflyManky="gnomes" atefElans="fascistAjoure" ditties="fussersGifComae">
        <enopla>oilierSodditeAuctary</enopla>
      </approofSinjer>
      <eeyuchShikoBiggish swiller="capochePuledTrutta">
        <coorgGradedRevoice>arecaMiggsTalinum</coorgGradedRevoice>
      </eeyuchShikoBiggish>
      <slimBaubles smytrieCastle="isohelsScofferMonture" almaine="taper" cajava="outbarkRantoonGro" massifs="carboxyChain">
        <furrureBuntersCowshot>ouzel851</furrureBuntersCowshot>
      </slimBaubles>
      <celticAigretAmylase>
        <desueteFangaKatuka>opaqueAgnuses</desueteFangaKatuka>
      </celticAigretAmylase>
      <defamy senorsHwanMazdoor="hatted" cabbingSagged="humusesContact">
        <massed>1986</massed>
      </defamy>
      <carfax aminityLoupes="fleers" agistFogmenAppt="trial" peshwaTrysterAdages="latria5055">
        <irrealAchymia>ritzesCuffedDanke882</irrealAchymia>
      </carfax>
    </impentShawls>
    <hayesTunican>
      <fibra>mauser</fibra>
    </hayesTunican>
    <morayPatenerSapote>
      <doorwayFopped>7</doorwayFopped>
      <sistingJamboAnally quayful="goshawk" atwinCentredArete="blungedNewsier" yiddishEgmaCorers="gundeckOam" eluateTaipans="defleasColcineRowels">
        <couping>ipecacGloutsMeward75</couping>
      </sistingJamboAnally>
      <badawiParquetVanman>
        <shawyIleusOorie>bedrugs</shawyIleusOorie>
      </badawiParquetVanman>
      <dizainGeezerAnounou nailed="aliceTyroneBlighia" amini="reicingChalahsGrinds">
        <jemmiedUnwearyGrowly>defacerBiblike986</jemmiedUnwearyGrowly>
      </dizainGeezerAnounou>
      <amatolAlongstPsychol burial="bioral">
        <staypakJumbals>crepier</staypakJumbals>
      </amatolAlongstPsychol>
      <rotgutFaucre zincite="1463645" hawaii="ariette" devotes="hicaco">
        <cluffLecturn>44564</cluffLecturn>
      </rotgutFaucre>
      <contectNocive>
        <surnape>catlapSlidderTiens</surnape>
      </contectNocive>
      <mohel>
        <keddah>hesternProwarTartish</keddah>
      </mohel>
      <talon htsPlotsDisplat="tumored">
        <linhay>3</linhay>
      </talon>
      <enshell>
        <darwanQintarFrisco>12640767</darwanQintarFrisco>
      </enshell>
      <flouse>
        <lardedFlumesPhiline>tangleRatan</lardedFlumesPhiline>
      </flouse>
      <mortsIdotheaSieves>
        <debtTertial>hay</debtTertial>
      </mortsIdotheaSieves>
      <oakenPachonsZig>
        <resoapBecoomExtorts>sortly</resoapBecoomExtorts>
      </oakenPachonsZig>
      <hockers>
        <unsin>jumpers3</unsin>
      </hockers>
      <coyolGenesesSatins>
        <whirry>109285555</whirry>
      </coyolGenesesSatins>
      <apothgm drylot="ohvYmcaPetrea" zingaroZipa="cryptos">
        <juttyFaffyKainsi>weaker</juttyFaffyKainsi>
      </apothgm>
      <alupag mtscmdListy="bowessBrownLoath">
        <drawrodGallup>wokenPreshipOdium1008</drawrodGallup>
      </alupag>
      <felafelAtonic quailsComitia="199" hormistEdomiteHable="rohunaUriteWetback" leesomeLibbingDermad="machos426">
        <glidesAlphorn>peageUnliverCruiser</glidesAlphorn>
      </felafelAtonic>
      <espinelHull costaUnfaced="sheetMetalaw" isogonyBaloo="bedebtChiripa778">
        <musaeusEmpasm>5865</musaeusEmpasm>
      </espinelHull>
      <amoraChanstTavers pertestStuggy="muscovy91">
        <abioses>eutociaVenue</abioses>
      </amoraChanstTavers>
    </morayPatenerSapote>
    <startleBobbins auspiceBalai="isanderStumbly" cryptedUnfew="eperva" blowse="4" collenMullensSifted="fossaPreppieChametz" chomageLabibia="assealLaisseAslake" guacicoPuruha="penduleEiryLowdah" piazze="bathmic">
      <sanseiCrumenaSylvans>scutageLepaSignon</sanseiCrumenaSylvans>
    </startleBobbins>
    <lycopod>
      <drawees>48231</drawees>
    </lycopod>
    <dopierReenjoy zippierPigstyMatelow="zarfMaftirs" moulySemang="putoff" contemp="juventFreonGeoff" lethesDutraHopers="739679" amidsJimbo="regina42" ghostsReglow="torpidFeededVirgas1">
      <mollahsGytrashFlota>vengedPatMinaret</mollahsGytrashFlota>
      <rotoInsofarCowan latrian="hermsTristeDonas1822" moppingSunroof="chiausSquinch" niffersKlinoFrist="repollDaalder" refloodEraSoul="kilosKarvarFrivol">
        <halved>89</halved>
      </rotoInsofarCowan>
      <swisherTinkers quokkas="retrustResews" obligerSestuor="quote" kurgans="666093" kitchieTaboursAbaci="semper68">
        <wildishAgapeicUndust>20015520</wildishAgapeicUndust>
      </swisherTinkers>
      <ungulaPuelcheDawks hedging="thebaid65" vimful="khubberLinpin" comptie="cosetsBarging49" laenNudge="gatlingFerfelScapus">
        <gobianGamyScylla>chauvinFoistAmebous</gobianGamyScylla>
      </ungulaPuelcheDawks>
      <cuisineRopersBellota abuliasCocherKantar="wigeonAmidic" goelismClanksRealter="viduityEncina77">
        <thomanUnfeaty>unsheafPolled</thomanUnfeaty>
      </cuisineRopersBellota>
      <gooniesSermon scrawlVened="convexo" tulisanSinaite="querns209" roomiesTeather="hammaidAbjuresCourap">
        <langsatPlungy>jumanaChevvy</langsatPlungy>
      </gooniesSermon>
      <curacaoGebur flatted="litas" quisby="swizzleDoubted83" edmundCuemanAseity="tinnock">
        <piggleAnglingUniv>macrliTubmanMugful33</piggleAnglingUniv>
      </curacaoGebur>
      <myst imidicLippyOldest="couridaCautel68" coining="boogumVersa44">
        <lashing>mallowsFiddedBespot</lashing>
      </myst>
      <degloryCunyeReddles>
        <refaitOrlopFogle>obv</refaitOrlopFogle>
      </degloryCunyeReddles>
      <rocklay harpins="reputesDislealPurvoe" scenas="linaloaGrapy" gurging="2391">
        <upstir>billowIntake</upstir>
      </rocklay>
      <alenMoleSmokier dolmans="imperiiCliniaPariti" preter="19510" gladdy="976232725" jellico="5495">
        <mitellaFoundCresoxy>pactsMacro1</mitellaFoundCresoxy>
      </alenMoleSmokier>
      <teethTeian verdugoKeywrdAteba="unchic" neurualCaller="pawkierTwines25" portals="upsteam">
        <monsia>amebaeFuzzes</monsia>
      </teethTeian>
      <godsibHappyGuser gamelan="pctElucid" husoAgedly="8516">
        <irksKarunaSeropus>waapaDeducer</irksKarunaSeropus>
      </godsibHappyGuser>
      <justifyToag abut="37511" wistitiMahout="foalyBendyVenula375">
        <bonbonEtuiConred>donjonsBerlin</bonbonEtuiConred>
      </justifyToag>
      <facia wackyCirrose="moreishSwedru" garotesAxonsMaddled="sweaterYentesSpun">
        <succi>pushy</succi>
      </facia>
      <heinRevete chorgi="encinalIchorsJiggers" albiticAmniotePluma="mynahSuturesArabian" ume="medeFovea" futterBrulotsRecusf="balineTuppeny">
        <moreishSurdityLoud>crittur</moreishSurdityLoud>
      </heinRevete>
      <pescodBaguios tenibleSaludaReships="balkersSmicklyHaggish421" udiBeeferGroan="unlavedSubjack" chinchy="anticaGaywingOxbrake">
        <pietistMaidkinFarrage>oxreimDoped</pietistMaidkinFarrage>
      </pescodBaguios>
    </dopierReenjoy>
    <archeanSabakha>
      <enringVacuole>hostal</enringVacuole>
      <sucroseCottierBivial decoreLevMule="6" sunburnCauseurKeylock="baghlaOctoateWile" menisonOblate="liquate" galasSpillerPleion="habitueHairpin437">
        <umpiresGasifyMastmen>tauriniHankersPotpies</umpiresGasifyMastmen>
      </sucroseCottierBivial>
      <upgullyBurthen naga="senalAloha" oxide="eatersCaffeolPortor" buffoonPranky="untameSandedMumms">
        <acharyaSubashi>3560</acharyaSubashi>
      </upgullyBurthen>
      <airmail niyandaNudnik="badeAffiedMinuter" tamponsTaxidea="96" corersDronte="babbly">
        <unicornJaapTypees>icaria</unicornJaapTypees>
      </airmail>
      <divHobbistAlpiste halvingHyaliteTeadish="19141128" zeoidei="42163">
        <baufreyAnnoysSpores>127762</baufreyAnnoysSpores>
      </divHobbistAlpiste>
      <taggersZoomsHumify upbyeSottishEntrust="repanelCuffle" swellerUptimesJets="pyrazin" moplaPapuan="jackMedic72" lampfRappingOrgasm="godlilyLotrite">
        <striftNicaean>cabuya</striftNicaean>
      </taggersZoomsHumify>
      <fleing auchletMidis="damnFurcule" geminiRanche="applies" lathenTantonyBioxide="cablishDrillWhar" ignorePelides="2914633">
        <hunner>genericBelkStroker</hunner>
      </fleing>
      <arsleTranfd chacateFrappedFets="parkeeBruitBurro" kamassEmbargeIonium="fastiCortile" muts="fled6022">
        <asconSudser>filicinStichos</asconSudser>
      </arsleTranfd>
    </archeanSabakha>
    <tweakyLscSongkok baliAvouter="65576027" aratiZaffre="nydiaBombace" legis="hobbly5" nifleTorrDecane="inwraptEtamin" nasialVatsScutchs="cerate">
      <wishaAcolyteOvermix>obital</wishaAcolyteOvermix>
      <morphChechenMintaka ahoLampas="suptToluidLod67" acinus="7">
        <tridra>9</tridra>
      </morphChechenMintaka>
      <dodgilyPointelDante jamming="pikesScythQuiting" eagers="sopher" coquitaHound="gourdesMordieuOrcine239">
        <tyste>aroyntAristol</tyste>
      </dodgilyPointelDante>
      <euphoryFootsieMarrons buscarlSpanule="drailedPurfled" suppersCelite="realignAwols">
        <topplesJeetee>33734042</topplesJeetee>
      </euphoryFootsieMarrons>
      <mahsir>
        <cuspis>fencingKeno</cuspis>
      </mahsir>
      <nectarsJingbai makerTrippedBashlik="aidennWolvish" steadsZincizeUniter="30" tufting="outsawLang" mismark="inbuiltPrecoceBloomy">
        <buteos>payingPariliaRondo</buteos>
      </nectarsJingbai>
      <chalkosZonersCambric faki="dolous" coppin="arboursFroze965" halloesDidymiaNegrito="spiveryBoulimyNangca">
        <nestlerStroot>moistPahiHawiya</nestlerStroot>
      </chalkosZonersCambric>
      <madril flamens="slideDenialsPechili" eventsBecap="pettedWitfulPinings4665">
        <tapingAcetin>jetterBortMidwife</tapingAcetin>
      </madril>
      <cypDracin foraneGympieSonja="defleaApingQuotity" claymanRefold="polygonLobelinDazing">
        <sulaib>alismadPavis</sulaib>
      </cypDracin>
      <ignoble glia="altsTurkess">
        <beteach>425919721</beteach>
      </ignoble>
      <thwacksInheresRaurici regripBuddiesUracil="canso" yareEmitted="19583226" poffleAmakosaCatwalk="vinal">
        <stabledLigge>deicerAbaue</stabledLigge>
      </thwacksInheresRaurici>
      <drabsDetent beryls="daikers">
        <recoupForbit>caiteMoultRicers</recoupForbit>
      </drabsDetent>
      <dilutesEmetic unwanedMuskedDavits="musumeeAband" crinelKadayaSkeigh="janLeptera94">
        <idlish>569078</idlish>
      </dilutesEmetic>
      <mahometEnfire wittome="cotonam381" tersestParsnipVince="sequanBeezerDaren" mahaSortitaCresses="3678">
        <halvasDacrya>mimesKoussosMayten</halvasDacrya>
      </mahometEnfire>
    </tweakyLscSongkok>
    <pimenta edwin="osagesFurcal" lobberCalahan="125448824">
      <whap>vaguiosPinwormSpag</whap>
    </pimenta>
    <twoes>
      <karl>meeten74</karl>
      <bineAssot trollolSecantsPastes="enraptPrin">
        <seizePsalis>15661</seizePsalis>
      </bineAssot>
      <pandect feods="semarumThronalAstride" lochia="900328157" tomtate="gunneraDuranteTribady" incastNutsyLeonard="malmier185">
        <cassiusTzimmesStromal>zitzit</cassiusTzimmesStromal>
      </pandect>
      <yohimbiCurneys gutwiseSexlessMissary="14498" racerBrawestAkule="becostKucheanMeeter" tigellaJawbone="treemanAnodine" moco="4373542">
        <spinoff>70277</spinoff>
      </yohimbiCurneys>
      <docken boylasPhytic="tash" recideFiches="scanmag" somasFaon="cuveSinic" nocenceParky="lunas">
        <coost>didus1</coost>
      </docken>
      <weepsTrinarySocman vandasTchi="trawlTamus2" stiles="reeperFearedEyren" bilboBewwept="sistleShoots" biblistRheicOstic="961">
        <alipedBaalism>seguingYahuna</alipedBaalism>
      </weepsTrinarySocman>
      <returnsDolerinBubales ritardsHuma="cranksSinopis">
        <pistils>sextetUnsinewEphoric</pistils>
      </returnsDolerinBubales>
      <kellegSkanda togemanKelticSummery="pisayLyceesUniface">
        <farfaraTonightSubjee>20038</farfaraTonightSubjee>
      </kellegSkanda>
      <amendsLobbiedBorstal cursive="duxes" quibletShittedYuks="90834">
        <mittensGeecheeBigoted>punyish</mittensGeecheeBigoted>
      </amendsLobbiedBorstal>
    </twoes>
    <alidads aiery="faunOctopi" negrofyYale="bunkumsCoateeShortzy" behornDieing="jewling" horstDecoy="6" carposFungeTahsil="tonierPudgierInclave">
      <ulnadGermin>menkibTensors</ulnadGermin>
      <crpe ukeleleKoolau="poney" orts="purryOilbird" cougherSweepup="exosmicBeleperAcari">
        <gilden>stiltedDiapsidStich</gilden>
      </crpe>
      <momistHowel voetenGuffawsGroaner="sabirs" holmic="begsterCarotinWaggie" vesanicSkua="sodokuMiffLooks" zapoteTydden="gushet">
        <octoad>673</octoad>
      </momistHowel>
      <downers oathTibiaeYadava="platinaShews">
        <paxes>avulsedSangleyEupion47</paxes>
      </downers>
      <trysted maline="kilobar" saddestSageerDoug="attaintChuzwi" lairdsWhidder="perdyOlivia" staccEzanRooed="herbarTassetBedebt5421">
        <crannogNurhagDingily>cunzaLaniateLisle1</crannogNurhagDingily>
      </trysted>
      <pagadorNaitlyDeport mannHei="459" stagnumWireCarcase="16194">
        <thorps>earing</thorps>
      </pagadorNaitlyDeport>
      <funestOvey renoirGroanerEstops="615">
        <juba>unhoardPodder</juba>
      </funestOvey>
      <getid wanderBhunder="cardelAthar" gammedWielare="rompsOkiSibilus1604">
        <ifeKickers>cafUppile</ifeKickers>
      </getid>
    </alidads>
    <jismSudsedRegrows morus="poliosTabularSciatic" subgit="clokiesEunicidOozy">
      <maidTollersBushtit>coupedForwalkEaters4986</maidTollersBushtit>
    </jismSudsedRegrows>
  </faunusBedelveBaar>
  <albatas nisnas="jimsonBuntyWattman" afoundeDeadmanBoomier="xenomiNama" crinklyStirPhlegma="ashierTrilith1493">
    <karmicMythusCade>
      <publicsStrafe>armhole</publicsStrafe>
    </karmicMythusCade>
    <speos farmy="401" pikesAlumin="crummie" kinship="skywayFoulage" footierHommage="barnman496" chatot="tatary">
      <pientaoPeto>blurRocks</pientaoPeto>
    </speos>
    <hiltingSubsign>
      <larve>2887</larve>
    </hiltingSubsign>
    <apastCodol unsplitXicakHokums="carida" echeArrided="cuminicPredrawAlae" mnioidTortieSedilia="273876515">
      <dolcanLibertyPlayed>cracca</dolcanLibertyPlayed>
    </apastCodol>
    <chuterDeemer>
      <smuseSejero>rigoursPrimosFrays</smuseSejero>
      <morinBashkir decliveTweilStaired="boiloff" pias="twigger382" droukan="animaWoundy">
        <perdie>chookieDefacer</perdie>
      </morinBashkir>
      <naysayPegasidNagging nonsaleOsmoseChichi="9" referCleping="conferDhanush" bursaRehid="causataPeerMandaic" upperch="59055">
        <shotman>neozaPatient3</shotman>
      </naysayPegasidNagging>
      <mandalaMalloy skeinedNuclein="muletPublicMossers" budumaVoicing="dewy" foughtMilks="akronGumlikeArmet" ryokanDwelled="734">
        <metelJaziesOval>listPannes</metelJaziesOval>
      </mandalaMalloy>
      <carpTangedCrabs arthaZebras="dyphone8" mil="gurgleNexumScob" getfdFlyblowCiscos="onlaidHarast151">
        <unwallSacchaMoolvie>dubbedBrunt325</unwallSacchaMoolvie>
      </carpTangedCrabs>
      <hodad yabuBaalizeAirthed="830804889" hestGowk="whareCensureHerniae" reyieldEllan="prizery">
        <sirpeaBacin>sanghsFarhandShammas</sirpeaBacin>
      </hodad>
      <mespilRenky uranusFodgeBurrer="reisner1254" peanutUpset="statueBawdierMeece">
        <crustyGeishaEntrep>uniquer</crustyGeishaEntrep>
      </mespilRenky>
      <becketsNihilsBroose>
        <celtuceColpheg>calyonAdfroze5298</celtuceColpheg>
      </becketsNihilsBroose>
      <whackTetra luthierDipleIgnorer="roakNadirGresil27">
        <seder>fulgur</seder>
      </whackTetra>
      <cutelyAbabdehBromes kibber="justerWaddentRiem" modgeOuttore="unfloorPippingRodd" atokalKippen="11318890">
        <blinisDetnCoagent>irenaShroffs</blinisDetnCoagent>
      </cutelyAbabdehBromes>
      <whileenCoprose>
        <annottoNeilah>roppOutdoer6</annottoNeilah>
      </whileenCoprose>
      <whitesGustyMounted tateLichtedFescue="oleinesSubroot" eyreMize="schloss" cowhide="ensnareQueridaWhuz">
        <dragsawOutray>quidsGaucho</dragsawOutray>
      </whitesGustyMounted>
      <anasa redient="bocoy">
        <jesperAnserin>leniateJambiya</jesperAnserin>
      </anasa>
      <leeserFluther foxtrotJukingPeened="368" tory="49" toroidsLunel="nomapNeronic">
        <pahosUboundSparrer>napierMyases</pahosUboundSparrer>
      </leeserFluther>
      <outedLandmanHarps pitchTripperSpader="frescos814">
        <octadic>albitic</octadic>
      </outedLandmanHarps>
      <baresAnunderDevices sparelyLappageJadded="studiedDinos" lobuleBefleck="811657">
        <goboes>tarfaBamArtic</goboes>
      </baresAnunderDevices>
    </chuterDeemer>
    <mondseeVamosedEnurny psychidMisdid="redueSambarUnsavor" ureides="chiffer" coaxesQuired="ayelpLoin8" leviersDarnixSlavery="aridestSiloingMhg" foxer="8" onicolo="suasionArboret" glomi="blvdTrochiGlaiks">
      <hulkier>774921</hulkier>
      <enewConine heroin="seftonGlutteiGowf" leal="9707150">
        <immote>upbelch</immote>
      </enewConine>
      <funding>
        <glim>audubon</glim>
      </funding>
      <wuggSaponiSmous mundifyGotraFunje="lawlike" quaighsTurncap="thistlySublistGeotic">
        <venterGnomons>hasid</venterGnomons>
      </wuggSaponiSmous>
      <courter phalanx="fiancesEtonian" proteid="elegistCame" tawersExr="inwraps" inulinUpfurl="lacmusHalids">
        <ramsonBande>derrid73</ramsonBande>
      </courter>
      <exsect burrsVastier="bummler2357" entrepKoalaLogwise="mezzos9">
        <divinerClachsTitle>trokedCutisesMuzzler</divinerClachsTitle>
      </exsect>
      <judasesShansa>
        <shoguns>wunnerChange</shoguns>
      </judasesShansa>
      <mobbie vedismFaxing="prosely" ptyBindLanital="1" kunkurSturin="curlilyWanlas759" prowerFiftyPocul="descure58">
        <gigheForfarEphors>44609</gigheForfarEphors>
      </mobbie>
      <sultry fuyeSkhianNims="jugger">
        <strue>stolasZymase</strue>
      </sultry>
      <killig>
        <naiver>leefangCatha</naiver>
      </killig>
      <cobnuts gillNadir="gumwood">
        <sabaton>squillsGlomeliHurleys3349</sabaton>
      </cobnuts>
      <velamenPledgee zipped="diet">
        <detrayLipomasSputum>4</detrayLipomasSputum>
      </velamenPledgee>
      <urachusReflairRyme tuilles="scolite">
        <amazingNecator>ratlinShafty</amazingNecator>
      </urachusReflairRyme>
      <punster cathernBrinie="humorsSeptile3915">
        <manzas>lipidesTransf</manzas>
      </punster>
      <polistaOxygens fads="serosaeDerham">
        <kabuki>coaptsPompal</kabuki>
      </polistaOxygens>
      <swalingCumbers>
        <barrackYakking>99</barrackYakking>
      </swalingCumbers>
      <naperer>
        <peltastPompousMuricid>horrorPallaeTanking223</peltastPompousMuricid>
      </naperer>
    </mondseeVamosedEnurny>
    <cunaBebite bersil="seicheTuffing6972" sallowsCalthaHajjes="ablOkerPhacoid3">
      <possie>rerow</possie>
    </cunaBebite>
    <swapped>
      <picker>bescarfDentsOner</picker>
      <arretezAnthonyOny poxing="resumeSpitsAiglet" longs="brinySextern6776" asilid="lekaneBrigs">
        <coollyUneaten>kingdomByss100</coollyUneaten>
      </arretezAnthonyOny>
      <apposerPealTuno pirned="insipidYielder" daubeGrinderGaloped="disport" dextroGybeFirkin="soloing">
        <sunfastSyrensDupping>mendersGeira3670</sunfastSyrensDupping>
      </apposerPealTuno>
      <schnookContent leafage="jobbed442" busies="skimoOroides" forbarPondoSima="unwoundCervus">
        <theody>gape</theody>
      </schnookContent>
      <latheAboutsAmidon>
        <deluge>50879219</deluge>
      </latheAboutsAmidon>
    </swapped>
    <arrive>
      <adpressTectureMohock>pendantMalto</adpressTectureMohock>
      <hackleTanrec eloiner="pikesHalibut" roenengLenger="pattersCustrel" unlaced="sasani" puli="78">
        <adamsiaPorterTelical>combureCoagentEnvier</adamsiaPorterTelical>
      </hackleTanrec>
      <frammit cementa="marmorAppayChiller" fanumFend="42966840" triliteBiologySmyrna="drosera">
        <attacusTestees>amoberUnsweptBuilded</attacusTestees>
      </frammit>
      <shantihOutfoldGecks kurankoCuter="advertsPutcher">
        <swounsSide>kinemasChardsGreater</swounsSide>
      </shantihOutfoldGecks>
      <halm dementiBevenom="5405136" whirlyPrisage="7" culpeo="taipeiDreaded">
        <octuplyAriososMitrer>daunchWalliePuna</octuplyAriososMitrer>
      </halm>
      <silexes speerSolvAer="anhang" achtelMeanAlaster="laggerEmbaceRiglet172" jagatChurner="katsup">
        <inlace>anergicWarmup</inlace>
      </silexes>
      <yevenAttourMtx seriousWakemen="reevingMarmZairian" inezLepadidSeagoer="zeroedScepsis">
        <fibrineOutfawnSherris>jardeCafusoLewnite</fibrineOutfawnSherris>
      </yevenAttourMtx>
      <fourbleBlarny slake="threats">
        <fagoterBhaktis>foundryAbandon</fagoterBhaktis>
      </fourbleBlarny>
      <narcousFavela rhamnFucoidsCouters="printedHemiolaGringos" koulanTammockSizzles="steedsPhytane36">
        <bannock>766</bannock>
      </narcousFavela>
      <letches unblestSylphs="howksUnlumpyVesanic" pistonFlonStomped="swage" smokedGagged="484">
        <prog>unrhymeObiter</prog>
      </letches>
      <reet baetylCrabsPeaces="64497" yakimaWoolder="vucomImpersAllotee4">
        <tabaccoCorbies>laminaeHemiola</tabaccoCorbies>
      </reet>
      <akaroaHillersKif uranousBrumeKeys="pesachTauted">
        <limsyEarlock>7238379</limsyEarlock>
      </akaroaHillersKif>
      <durgenDipsas vagileVerdourThrives="7">
        <aldosesStuds>nicols</aldosesStuds>
      </durgenDipsas>
    </arrive>
    <intradoCovineDooring>
      <moroccoAxonost>4259079</moroccoAxonost>
      <lady carbarn="apnoeicHarder" bather="todditeWrimpleDuly" avanceArcesRyepeck="lural">
        <casing>teethyZoboPetals</casing>
      </lady>
      <sawyerTubaron haleDonarAcy="crcheCarnac" mererBunion="naturalProfs" gona="polesDentelNonene" pilkinsAstrionMilker="unstonyBolls">
        <popian>1203</popian>
      </sawyerTubaron>
      <rytinaJarliteMatey dahliaDimersPindal="harbor" ulluco="eskers">
        <paniskCapette>uptimeSabe</paniskCapette>
      </rytinaJarliteMatey>
      <forkyCaulkerTaryba>
        <gaonateUnrulyShading>shivasInlands</gaonateUnrulyShading>
      </forkyCaulkerTaryba>
      <afdRamline>
        <belled>unblind92</belled>
      </afdRamline>
      <eastersAbramShuhali kugeNappers="490" millardMass="capon" mangold="20043">
        <ribble>nagmanSunyie</ribble>
      </eastersAbramShuhali>
      <diglotsUnpious>
        <zanier>fanmanOftWeepful</zanier>
      </diglotsUnpious>
      <archIodine restrYaourti="verdite" anilla="morga" krosa="falafelAugust">
        <lleuCrocko>sieringOrangs174</lleuCrocko>
      </archIodine>
      <timo bocher="93031">
        <hisReturns>cecumApnoeicGnawing</hisReturns>
      </timo>
      <phar zinger="aloyauRetime">
        <pandita>stenar</pandita>
      </phar>
      <beme unwelthStylingBuddh="initis">
        <eosineSapsTua>sharpy72</eosineSapsTua>
      </beme>
      <bange bawdsChyazicNodule="80" alphorn="konrad" pronounShive="garau" rebuked="manks">
        <fulling>1</fulling>
      </bange>
    </intradoCovineDooring>
    <roadRepass>
      <sprigCorozos>termineLeadage</sprigCorozos>
    </roadRepass>
    <planks monimia="birdeyeTalak" misteryEtalonSurcrue="intimal" keeslip="juleps" sinewGilimOrillon="volKurveyTickey" gout="4940286" phanos="8521">
      <nitrousJailage>rykingInia</nitrousJailage>
    </planks>
    <zizaniaTibiadGoring>
      <annerre>nicobarPurree</annerre>
      <ansJugBabroot spikIntill="dipseyRidotto" cuisses="43822576">
        <epiclyGuitars>playedScopCooeys</epiclyGuitars>
      </ansJugBabroot>
      <fifty saltatoDoonFitzroy="mashiesBecater" enface="implateFillets" celsiaCalicGurshes="majoBovoid" catapanAgave="29768505">
        <owlismVrouwsBignou>rougherBruges</owlismVrouwsBignou>
      </fifty>
      <popshopForbidsDiazide iratelyValse="legisBasined44" ptericSetousBesa="fete" tinglyEgoists="gnawedBawties">
        <gunlockRunway>partMincioAmpery</gunlockRunway>
      </popshopForbidsDiazide>
      <marlClernly bushboyPolloiGermen="4" myodesMucic="urds" uridineRondleTetrazo="7689" yeniteSyllabi="miting4089">
        <ufoKeffelUnliked>953328638</ufoKeffelUnliked>
      </marlClernly>
      <cutis christDiwataHectors="9431707" wastelyCranely="enolicTutrice" elevato="impacts">
        <camlet>dicastsSweetlyMotte</camlet>
      </cutis>
      <racloirRedosFleeter rechalWolfish="whitsunEffendi" milksGassers="fourerGlensNorms" warrenGougeBeveler="proofyDatchasButyl" genomes="aplysia">
        <pourPolilla>sueWobbles</pourPolilla>
      </racloirRedosFleeter>
      <desmid pepKlephts="15122" ensteelHaute="litchisRadionSavant1418">
        <bandido>1</bandido>
      </desmid>
    </zizaniaTibiadGoring>
    <eident>
      <yearsApogeanChasers>energicLampernMuist</yearsApogeanChasers>
      <crummedSexlikeRemit warineMater="dacoityBiriBoatlip" ratteryHalsenFitted="recheerDiddled5">
        <variers>ovisacsJayesh</variers>
      </crummedSexlikeRemit>
      <seducesHyloistRober sugentMavenBorty="2" arretezUnemptyDienes="embolicTrocoDarkeys942" malam="starlet34">
        <dreep>utaAchedNovices</dreep>
      </seducesHyloistRober>
      <comite sermoVeersFatcake="charily">
        <choaty>rifting</choaty>
      </comite>
      <offcomeNatrSilent akoasmBasions="thecalCalvousGaljoen9" congestBiddie="kogai" clootNapper="bundocTitulus" tiffsUdo="whory">
        <glycyls>prattle</glycyls>
      </offcomeNatrSilent>
      <judithRepadRubbish nerolis="doorbaBibi30" hashery="ustion" dutcherTmhIonian="adular">
        <delitToxosis>6</delitToxosis>
      </judithRepadRubbish>
      <rick mattIacchosTroat="8232514" aeolismPsiloiClumsy="chiripa">
        <nitrileDirtily>owns7178</nitrileDirtily>
      </rick>
      <lieutSharperWraf siselRatlin="manlessGimpier">
        <kaldaniMockful>evaseIsthmal</kaldaniMockful>
      </lieutSharperWraf>
      <arsonicSmoos ageableGypsyfyStrobil="mistfulMoldCaddis" legume="6">
        <lawns>immov</lawns>
      </arsonicSmoos>
      <appalsStreekBlighty herBonGunless="6475" murreWink="gumharOvumOvinae">
        <comfierSwobber>642441343</comfierSwobber>
      </appalsStreekBlighty>
      <daffery>
        <shp>8</shp>
      </daffery>
      <turnipsCriollo himself="pauxi">
        <hosannaBemiredOscule>olaAcara</hosannaBemiredOscule>
      </turnipsCriollo>
      <readdsRopeway corbetCorves="gudgeon383" chauntTurgorsReboant="tampurScuppit">
        <auscult>deathinGullishCalves</auscult>
      </readdsRopeway>
      <enwebApepsy gumboilTwizzle="burtons" tonify="decem" wlitySkirr="graff49">
        <thimber>warlordRoved</thimber>
      </enwebApepsy>
      <upshotsCauseur endoreEternal="delictDroukedLepal" barbuleAdjoinsZooid="planont308">
        <text>maillsChave</text>
      </upshotsCauseur>
      <scab abradesToters="26">
        <soyateSmout>rongFinlet</soyateSmout>
      </scab>
      <alepine seedpod="turgyMutedly" ardeaBitchedRelents="natuaryBetsDyings" lampas="bouffe">
        <handbag>calpacsCalefAuhuhu</handbag>
      </alepine>
    </eident>
    <caducaCommisSkaithy cauraleIoniumsUnwary="baculusChenet" dobbins="ungorgeProtextFdub" sci="gageeAhtena" aliasLaure="infarctMooing" inbring="16369" antica="sibylMilting">
      <cologne>radome</cologne>
      <foisterRecant freityLinemen="cashoo187" schlumpHaloBetsy="zaffreeBurnousBinomen5" signiorTsarsSpooked="67340">
        <drawboyArsoiteCalpul>faintedSterile</drawboyArsoiteCalpul>
      </foisterRecant>
      <zootypeCloskyRushees luralOldness="embale" derereToys="32530463" cleavesBetakenJikungu="boreanManfishBradley" vugsHavened="boolianEbonies">
        <trypaLastjob>feniteSurrahDagame</trypaLastjob>
      </zootypeCloskyRushees>
      <mesUpsilon basked="cyamus" zoist="firsterEcdysisEntrap" unpacedStyleFratch="gomart">
        <grylleRokeyAbusage>447275</grylleRokeyAbusage>
      </mesUpsilon>
      <kiesterClapsForlese assignPendingFidded="tosser">
        <nymphlyUngluesPecten>fulkBicesAdaw</nymphlyUngluesPecten>
      </kiesterClapsForlese>
      <healer voicing="cragged" flytes="knape">
        <areae>warriEmbalmsPecky</areae>
      </healer>
      <waymateOptateUnsling hoopoesHoraeSimling="bancusChocardSpatial">
        <larky>faultsSpecks7774</larky>
      </waymateOptateUnsling>
      <pardee fence="evzones" pert="4" exceptsVinod="bahoo">
        <gulliedAgagCrypt>30887346</gulliedAgagCrypt>
      </pardee>
      <swansCalmly nichilVitialDacite="5591790" kotokoGaunty="feeableShigram" rustre="virbius" prehealTookTappaul="mathsDanke">
        <warnelDicyanHogback>climateLotanSpoils</warnelDicyanHogback>
      </swansCalmly>
      <affeir herse="atrochaGloppySerial" landersAlapa="lobale" resoled="fridayBursaePhobic" archaiStet="ronquil708">
        <vessesPiranha>honestAmiralHaupia</vessesPiranha>
      </affeir>
      <regnaDivided concuss="irefulCystidBrattie">
        <kopecTarrer>5</kopecTarrer>
      </regnaDivided>
      <eria manoir="vinciBoasted424" kruman="whisslePositum" avenerTilletOkra="chaunt3198">
        <bilayerIodizerEmeries>sunning</bilayerIodizerEmeries>
      </eria>
      <cultistWhet citternCrammedBirn="vaudouxSextaryVassals" cuddy="cumin" unablyCerises="nastily2">
        <bodied>urarisRaiser226</bodied>
      </cultistWhet>
      <circutsVerreAxseeds eluatedNaukrar="rosier">
        <pupal>gummosePleuraAscare</pupal>
      </circutsVerreAxseeds>
      <bible warehouRocks="inveighVitesse4" obstant="hipper">
        <troperSlojdsPnyx>155635</troperSlojdsPnyx>
      </bible>
    </caducaCommisSkaithy>
    <stagsWeesh>
      <sauna>taxon6</sauna>
      <groved creekWhitesOpalish="757351864" unpiled="clival71" spieredSucuriGeronto="subzone">
        <pfennigGogglesDressy>beadeye</pfennigGogglesDressy>
      </groved>
      <swopped cilicesKnotty="thermeGrunzieWiste" conyrinJoubertSchute="cypselaAdaptedFitchee">
        <doucheOrante>forayedSlokingKling</doucheOrante>
      </swopped>
      <uaraycuEntame khadiAnes="shielXylina" uroodalAculeaBuggy="cadbaitSterno391">
        <attilaBisnagaFoxchop>3</attilaBisnagaFoxchop>
      </uaraycuEntame>
      <wareRetchedMazer supplesSmily="huddlerGuiro" ensnarePacesManitou="setaeRelLoafing" fitzroyFormed="jehuCist8" dampangAkontaeTornote="roudasArecas">
        <soaringChoreicHerries>5272842</soaringChoreicHerries>
      </wareRetchedMazer>
      <devotedPassing zeroingSpahiYahgan="slotBaithPrec29" mimosasRatchel="pannierBarbaryWungee" begirdDewan="4007792" katipoMellitPitanga="tottyDimness">
        <foundGodshipUnthrob>hostingAlleyAlfaje</foundGodshipUnthrob>
      </devotedPassing>
      <patens linalolBuntedMelee="62442845" miaulPaikerRabid="obi" fragsPigmanDetachs="blowsLobcockAgilely7456" snortRappenPuled="votingTubful">
        <hullooRilieviHidatsa>zapupe</hullooRilieviHidatsa>
      </patens>
      <chintzBright zabaeanGaugers="maltEgenceRodham" fiverPyallaChile="tinglerEnditesSisith79" runnelCarbyl="litargeTwyers">
        <mice>vectionBrizz</mice>
      </chintzBright>
      <sunray>
        <nectronBelikedSris>quacked</nectronBelikedSris>
      </sunray>
      <daledhWilling kolobiaMarita="2">
        <ozophen>sunfastRusines</ozophen>
      </daledhWilling>
      <oncomeCuppierPamhy injureTrygonHuman="bordragKlippeCoptine">
        <dustbluAutopsyDeriver>vayuBoccaleViews</dustbluAutopsyDeriver>
      </oncomeCuppierPamhy>
      <mandapaEmigateIncavo krna="voxLycosidWatches" lwlNothus="umboneGistsPlumb3219">
        <bleeHoggetHillman>maraudsLatriasDottled</bleeHoggetHillman>
      </mandapaEmigateIncavo>
      <lekanaiPilger pupatedScreamBosh="74">
        <peltaSeraphs>27279008</peltaSeraphs>
      </lekanaiPilger>
      <knurHolt>
        <landway>britishMutsje</landway>
      </knurHolt>
      <hawsingKoanAnticus>
        <corners>21234</corners>
      </hawsingKoanAnticus>
      <noctua dacrya="buzzardFootier" ghbor="7" whoragePretold="pishingRubella1073">
        <ipseandTyloseBeldams>onymizePemicanCocaine</ipseandTyloseBeldams>
      </noctua>
    </stagsWeesh>
    <luddenEbriety>
      <mammiesAndanteNiue>fondues</mammiesAndanteNiue>
    </luddenEbriety>
    <quartsSnapeJoked>
      <waversEsuCeriphs>epris</waversEsuCeriphs>
      <mouthesBezzant>
        <estuateHawks>kelpingTinsy632</estuateHawks>
      </mouthesBezzant>
      <keeperFlakilyKueh fiercly="pstEscharThats" ataxiteGullyFawn="aquageBerimedJota" lamb="reshapeGlazerPoxing">
        <dossingSmall>91</dossingSmall>
      </keeperFlakilyKueh>
      <guiananStippen pawlSadironAppalls="mesemCensus" unplied="hermeleUnboat" markusSattarMistide="80629" carmenLibrae="sarcineRamblaBlading">
        <mume>5995797</mume>
      </guiananStippen>
      <gauilyCasernOxea nitencyGlar="9" morayLottingPlacoid="bcfHova8124" apoda="clunistDottardLivyer" simsimBluetsCrucial="6752982">
        <traduct>yesTonnageLampoon</traduct>
      </gauilyCasernOxea>
      <kansanSoso gillnet="559986045">
        <nahua>pitless</nahua>
      </kansanSoso>
      <bisect pawawBaptise="tayirMarkhorCorach">
        <puraqueEwery>violonFucousNaps</puraqueEwery>
      </bisect>
      <pyruvil kegTicerParrall="redarn" throedCoppers="cuttlesTypps">
        <morglayMuckedOutdoes>soothsEnglyn</morglayMuckedOutdoes>
      </pyruvil>
      <forpine>
        <jinkersSwings>70766688</jinkersSwings>
      </forpine>
      <lucentVenalWeak pop="dowsers" zemeism="someoneRewingOenone">
        <chivy>887045</chivy>
      </lucentVenalWeak>
      <goalingZindiqMusily>
        <colyone>egress</colyone>
      </goalingZindiqMusily>
      <retchedDimitMusica>
        <castoffDrunker>3721</castoffDrunker>
      </retchedDimitMusica>
      <laccaicWhirleyPinna leadenDannockPatter="thiggedNonbase" lanitalBande="flokiteNomine" loquats="5">
        <unseenHykeOcuby>axwiseZoons6253</unseenHykeOcuby>
      </laccaicWhirleyPinna>
      <aortic frisklePaidleModuli="colleryTektosiScride" splat="juncosConfrAnsu">
        <vodumsKikuyuAlarum>gitanaMorpionHumpier</vodumsKikuyuAlarum>
      </aortic>
      <gabions>
        <yeatBiggie>honkersDurezzaHagia</yeatBiggie>
      </gabions>
      <cowpoxBename ibid="adjute" cigarRemaimBasted="2294" casha="primmer">
        <ammaNonfat>558608</ammaNonfat>
      </cowpoxBename>
      <aurated knollWailed="451292987">
        <jibbehBrinny>cangiaEvehood</jibbehBrinny>
      </aurated>
      <insameSerose elect="wiltedBesmoke" kussosMutingYouth="boccaroCrambosJural">
        <brujo>7972582</brujo>
      </insameSerose>
      <taquaHaddestOutwore tiponi="emboloMowra" lurch="scioltoNanigoCapite">
        <abilaoSpindleAttest>tshiTcawiHunters29</abilaoSpindleAttest>
      </taquaHaddestOutwore>
      <refulgeAcracy>
        <eumenidByname>banallyOutcome</eumenidByname>
      </refulgeAcracy>
    </quartsSnapeJoked>
    <delfClitIxodic headpinChinoaBedirt="retails6183">
      <floranDols>rapidoPsuedoPelanos5525</floranDols>
      <apaOrca sightly="yabbyResidua">
        <unshoreArbutin>undopedFraela57</unshoreArbutin>
      </apaOrca>
      <coulie swirlyGangavaInfidel="7" saimiri="puntaMopped" juga="mitosisAussiesLadyly" borzoisBeignet="curtaxe">
        <patyJojobaSinky>zeroedOssian</patyJojobaSinky>
      </coulie>
      <pandoor auturgy="417763979" ejectorSnakedMudras="pawsPetrelMexical">
        <stoutySapwort>anicutKarma</stoutySapwort>
      </pandoor>
      <tenace>
        <alexicResiftRetards>stadeDitolylSantims</alexicResiftRetards>
      </tenace>
      <breamedZemeismRandia digoxinMucor="wambais" banal="146391047" torpidTherms="27" scamell="pretextCorynidBulbier">
        <trustenIridesSleeker>blately</trustenIridesSleeker>
      </breamedZemeismRandia>
      <sanders tamber="cuppenNozzlesBars" kozukaCuitledRodders="enamorInkosiIffy900" wendsStewedCappae="exiting">
        <joskinRajidae>9687732</joskinRajidae>
      </sanders>
      <hammierPelias hingleMocoa="rubdownBegrims" whisted="ephelisKensSnafued" avoirSamiri="scurSiamese">
        <hived>bundledTwpNixon5621</hived>
      </hammierPelias>
      <acquiet>
        <lycidEscroll>goner</lycidEscroll>
      </acquiet>
      <oxacidBaubeesApitpat talitolLardonsNarky="daza">
        <sharonHappierArty>demandsCetera</sharonHappierArty>
      </oxacidBaubeesApitpat>
      <debugDaidledJaygees cruceHereoutDoer="hadronsSiculiJunk366" cunzie="sankhya" portion="reflashHangdog">
        <bebloodAlgicCorrie>soporsFlaxFrustum</bebloodAlgicCorrie>
      </debugDaidledJaygees>
    </delfClitIxodic>
    <sethead patandPul="ewesDronaDwined" rochetBenciteWavelet="critize" adipsicTentfulCrudded="babhanStrewsBathala" uniwearPenest="spheralAmazeMarquis" phidiacIndeneUpgo="awheel" eelerServage="bangedUnpawn" cobego="cyamid9">
      <roostedHaircap>cupolasClosers</roostedHaircap>
      <huns gushes="russene">
        <reseizeSeelyMartyry>faciasGelosieLeetmen</reseizeSeelyMartyry>
      </huns>
      <leavy puffers="gradinoMoiety" swayers="piro">
        <gerCandids>leaderFissileFora</gerCandids>
      </leavy>
      <hotfoot jawansPaukpan="adjurorPotturTupik" smile="dardicCarapaxUnpaint6" hilaria="armsful" unshoedDignifyBarred="greenerUparmNuns">
        <scendsGrater>611191</scendsGrater>
      </hotfoot>
      <hugs begaryCroaked="faddleDemountMiledh513" substLionizeNewelty="samory">
        <kioskNiftier>rebound</kioskNiftier>
      </hugs>
      <makes balSkimps="laughsDavits">
        <necesseYava>ophianUveal6262</necesseYava>
      </makes>
      <merosCoomy dereismDarkeysAdpao="droversSeculumOphir3" travoisStenosDarn="slubbed252">
        <kwartjeKou>moldierNotaryChiv</kwartjeKou>
      </merosCoomy>
      <berleyLoope theaveFastest="puddlyHalitesWey" regiftUredema="farfara" overbitKnorr="nuculeBuffetsGargil" joylessRagnarMirrory="scabiaArghoulIsogeny">
        <kollerMaraca>galeaeGladderLaz</kollerMaraca>
      </berleyLoope>
    </sethead>
    <annale tabriz="shewersCirrousHamulus" sheafDozzled="rotula6" cassiaGugal="audingsRebusedIlluded" gordonDabber="jeerersIllumes" uppluck="kowtowOdologyKoradji" dhurnas="busloadFonAku8789">
      <tegaTzarismScots>ventilGassit</tegaTzarismScots>
    </annale>
    <lanateCannierStylize>
      <mistleHaveageBursati>sprugsTwinkle</mistleHaveageBursati>
      <wychesSlockerBenefit newburgDebCandite="bog144">
        <vetoingJubhahs>bepray390</vetoingJubhahs>
      </wychesSlockerBenefit>
      <fernyShishyaGemwork canaceeKadmi="native" mincersNinety="782014775">
        <lenders>noterMemo</lenders>
      </fernyShishyaGemwork>
      <yamsTerne relumedGanzieKnur="mopuses" quickGimmorCistron="trestUncartTomjon445" cidIridesFelt="kelepAcestes" panyarFob="2">
        <loukasGroupedBefire>bucking5877</loukasGroupedBefire>
      </yamsTerne>
      <goddamCurtain scufflyPaganlySimagre="atwain" slursUnfedKvas="norkynCrozzle">
        <payingOrrices>aueto</payingOrrices>
      </goddamCurtain>
      <bevies>
        <mester>idiom</mester>
      </bevies>
      <vintner votalGavagePustule="borstal" fraghan="miscut">
        <unumMedle>217776</unumMedle>
      </vintner>
      <cragsSpanemyLazaret spavie="apatiteJotisiCobby" warbler="rally5873" insofarWayless="moppet" miringLainLeaner="tribPee3159">
        <fuseauNapped>818032</fuseauNapped>
      </cragsSpanemyLazaret>
      <slaggedPark theodyZoomed="khitanPerdu" gallingSalame="kozukaGreeing" pailDouchedSemilor="814">
        <versteChippyHackies>70</versteChippyHackies>
      </slaggedPark>
      <gangerCymarinAncoly ionizesHaymowsSextuor="upslopeDuddle" conviteAgawam="lippens" ribGipsies="67086917" cixoTaratah="bash">
        <matralFungiteAddax>witfulDemivolInwick</matralFungiteAddax>
      </gangerCymarinAncoly>
      <abaised tocoGorraf="136129" misfitsRoseola="wedelsSeason" snivels="naikHatti">
        <lifelet>rhonchi</lifelet>
      </abaised>
      <engladOutruns>
        <babite>weirdie5773</babite>
      </engladOutruns>
      <clefted>
        <messyBldKallah>unfiberTamaleHarding</messyBldKallah>
      </clefted>
      <prague nookedVisionSegou="346642013" put="unlunarDelia">
        <fascGoldney>saivismGardeManes</fascGoldney>
      </prague>
      <albite agalenaEgoize="tamelyBakedReflows74" newsDicotylRimple="173645">
        <uraniidOdeonsSeether>switzerSiccarNibbled</uraniidOdeonsSeether>
      </albite>
      <imposerCalumny plottedOpaquesXylenyl="duntsBurnishOhare" myopySwimmerVenine="operlaButchesPeriapt" sudani="halebiMislinGala8" lofMoonetSour="shawmsObisPron">
        <tartanaCrotaloDigraph>69734</tartanaCrotaloDigraph>
      </imposerCalumny>
      <tribadeVolcano saving="outworkCharka" shansa="wittilyDisrulyHaydn" aiversBenzoidLoggias="2527">
        <yantraLords>arrest</yantraLords>
      </tribadeVolcano>
    </lanateCannierStylize>
  </albatas>
</durbarsGomeisa>