<?xml version="1.0"?>
<neroli>
  <wavira breadenMummiaLatera="rewires" treeifyMazurka="156647572" belling="proach5513" caxiriNitons="clogsOnt7429" />
  <meowBlackySupp>
    <adolphToft>
      <euclid>retruse</euclid>
    </adolphToft>
    <accede>
      <fuscMilt>fleeingRescan</fuscMilt>
      <rokerVeilingLictors dahomeyBottled="chich21">
        <gluma>sexual</gluma>
      </rokerVeilingLictors>
      <coeliaAalsUntrain aphoticQuintetComenic="maltineLament" expirer="10950" chirrup="croupy4" bullockOre="8797189">
        <binomyArseStuddy>paricaUnfrill</binomyArseStuddy>
      </coeliaAalsUntrain>
      <topia backoffLondUsaron="dagmarPardalPerling" ascidia="oyessesBromoilAstride" tapingPedicab="3466" bordunMocheHolloes="76826">
        <glommed>cakesPauky9</glommed>
      </topia>
      <welkinsBagfuls sundraTrundleTacana="rottedLataCajon" cuartoNephiteCauses="yawpSignoiErotema" homeoid="9242" aglee="holdenPyralis84">
        <opimianPalmate>317973</opimianPalmate>
      </welkinsBagfuls>
      <grilse pompSufeism="odorousAvidya716" tombakStud="anstoss">
        <yamato>49686409</yamato>
      </grilse>
      <galerusUnarms semihSirpeaBacklit="midspan" prayingRater="garvockTirasseTriblet" piecers="polite2911">
        <koraCatelOutlie>630</koraCatelOutlie>
      </galerusUnarms>
      <chargesBleakerLipan watapehDustbox="null3" glass="almous" backedKeckleUnsalty="humaner">
        <guckedLawks>2613</guckedLawks>
      </chargesBleakerLipan>
      <resew>
        <zebruleFlairsDossal>theatPopify</zebruleFlairsDossal>
      </resew>
      <frouzeTuring debit="wincing" markhor="epidoteHegiraDixits">
        <bibsMolimen>hackbut</bibsMolimen>
      </frouzeTuring>
      <asarumRabbiRejects shogunsFlacked="aphriteMiniverRiggers9346" sieursPriding="seqfchkAflatusWicky" loosDipso="escaped769">
        <chunky>26</chunky>
      </asarumRabbiRejects>
      <rummerMaoistChakazi caphtorNickum="capoteCocona" curlikeAbysmal="nuke107">
        <editedDoni>voluptyBiozoneCollie</editedDoni>
      </rummerMaoistChakazi>
    </accede>
    <bientt>
      <chymicsCleftedLeyden>466</chymicsCleftedLeyden>
      <chaste abuseSutureBuncos="wifock" peresSaraadSorrily="catalogKorova">
        <spary>adenoseYunganJutty</spary>
      </chaste>
      <hematal deluder="ladens5" panheadBlawn="980175" filles="thumminCammasKurumba" yday="gdinfo">
        <usitate>607224494</usitate>
      </hematal>
      <groomedFixtureFalus medula="ganevHollaedPurring">
        <credoTigelleDhoby>trochiScorch</credoTigelleDhoby>
      </groomedFixtureFalus>
    </bientt>
    <superl>
      <wontonEpizoon>kookierCohens3</wontonEpizoon>
      <yumMicks lapfulSakeenLurid="outputsRilly" agoraeFluterBeltene="coolestScamp">
        <galaxEnfiefPalta>cymasSchout</galaxEnfiefPalta>
      </yumMicks>
      <galochPimenta afoulHommageDopy="790728" gemara="147492732" coletAgelaus="rabblerLoliLinums3">
        <cherieTumbly>606</cherieTumbly>
      </galochPimenta>
      <walkedThiggerAdynamy grannom="dichtLaylockVariac" frappesErratic="churrusStelledNaganas" puppets="warmishStaffSeining">
        <uncaria>muffled</uncaria>
      </walkedThiggerAdynamy>
      <ababuaQualmy elvesSyntone="ducking" setboltTamperBairn="janglyCymar">
        <cunnyLourdFortier>olefins</cunnyLourdFortier>
      </ababuaQualmy>
      <dosiniaUprootCouldnt cetoniaToymen="bateauMicheal" algosisRarestYill="709814" byeHelpingSjomila="carrowTatouayUptakes351">
        <haole>217549</haole>
      </dosiniaUprootCouldnt>
      <kabongaVolableUse emptyRestem="peltishPalledBhut" tortis="naperer">
        <creweActivesJoys>4714</creweActivesJoys>
      </kabongaVolableUse>
      <miscalLogionsCephala>
        <raxesBipodLamba>7396081</raxesBipodLamba>
      </miscalLogionsCephala>
      <endlong condom="917" agriot="toscaOspermJetton">
        <derthSexuous>gubbinSouldieHeptene</derthSexuous>
      </endlong>
      <virago choushFoggage="duskingUnbladeFanit96" chilina="479219" sateens="sensualErrorBayed" goosingVencolaMethods="blameGaetGieing">
        <guttule>dryfistMitralArcuale</guttule>
      </virago>
      <elmiestBluingsKat dvorak="1803" curl="grissenDebar" noaMyxineBeleapt="rideredNemeanSebum523">
        <scammelSudes>donmeh6</scammelSudes>
      </elmiestBluingsKat>
      <plowedTucumDenial akhoond="oppida" jotasResawer="scrithe" khedahs="dammit">
        <wittenWitesJazey>touters</wittenWitesJazey>
      </plowedTucumDenial>
      <upsides>
        <respond>ortiveJewhood602</respond>
      </upsides>
      <soirBetrustIngreve heiredHerbert="16557">
        <poilusHine>180</poilusHine>
      </soirBetrustIngreve>
    </superl>
    <launderPailolo>
      <feroniaAlidadsWesty>104782</feroniaAlidadsWesty>
      <jackpotWatery>
        <flukyJohnian>transitBrickenFleuron</flukyJohnian>
      </jackpotWatery>
      <gerConrailPhobist dirtenYecch="1386">
        <shamashSumnerLexicon>empale</shamashSumnerLexicon>
      </gerConrailPhobist>
    </launderPailolo>
    <mabbleZamboPho phocalOuphishPureed="greenyMealsCerotic" cumenylGriotte="kitThrimp" bardieMoss="afric56" loudenKristenGuv="perauOlibeneWelsom" reheel="tiredlyTyphousApagoge2" dartlesDuotypeDegreed="modusBistroKiluck180">
      <calletsLythe>66</calletsLythe>
    </mabbleZamboPho>
  </meowBlackySupp>
  <crwdAinhumUvres coiffeHiving="arraignLintols" odder="swapReferee" fause="carpeBecunaAumous" />
  <sarangiSperms getter="goralsOverbetCrissal" ranula="92511458" plenity="morabit">
    <rosebudBenic cantilyGarbill="159" upriser="pithierSovertyFurilic" unhealGillotGoss="saggard5102" bolting="jarviesUnpeelQuoits">
      <abend>dudishShariatAetites</abend>
      <gymelEty blartJins="marmorPerdix948" sardanaGab="loser" pitCopulasWhet="bahnungAko">
        <jambee>offendsMiggles</jambee>
      </gymelEty>
      <miscookClivias>
        <shuntsMotte>vomicin</shuntsMotte>
      </miscookClivias>
      <regaveVacua skidsDayalMunnion="twaggerImaretRidered" suffusePullingAuric="grossoSativaKhotan" skewedDegums="mopokesSally" vendSunyieCarnage="leproma">
        <sneckAcridid>kophs6</sneckAcridid>
      </regaveVacua>
      <sheiksUrgingCloky nizyAmess="tunningLatukaTardant" digital="spargerFanamAchoo" hagmena="follyCupped" lairdsMonster="utmostsJaypietUndwelt3670">
        <rather>curtana</rather>
      </sheiksUrgingCloky>
      <slutchyPudgierKanuka ferkinSkullsSpiced="novalia3" barrowsAcrylic="726" rochea="649">
        <chants>jecorinEath</chants>
      </slutchyPudgierKanuka>
    </rosebudBenic>
    <aesirBlimey daimyos="doupingGooneyAcutes" outpeer="lauroneSwelty7" oilmanYeesRedebit="trancheWelcomeTylus" eluentsNumbs="spelunkGlebes" orcsPycnic="fezzyOtomian">
      <sakeretOrthronCuifs>saltierVelaricArains</sakeretOrthronCuifs>
    </aesirBlimey>
    <handful>
      <dvigu>jotting10</dvigu>
    </handful>
    <nulloRectusWoodsia>
      <defi>affairs1561</defi>
    </nulloRectusWoodsia>
    <galiumCafPlaga remainsBurp="554450" hent="babiedTestedGlueman" hamiticJudders="snashFixed16" typo="39150862">
      <snowlPreformWafted>okinawa</snowlPreformWafted>
      <largenTogueGlobes>
        <romaine>707576830</romaine>
      </largenTogueGlobes>
      <waunsPealedTige itersViseingLinea="kanukaMuriumMisknow4">
        <camelidSwerveBrewage>retialKillersScrobis</camelidSwerveBrewage>
      </waunsPealedTige>
      <andaGuesserOeuvre>
        <litiMaculedKingly>tikoorPadlesAnisoin</litiMaculedKingly>
      </andaGuesserOeuvre>
      <amidine>
        <freir>adobosPhiltreJordan</freir>
      </amidine>
      <sagosMap>
        <haddestAiredOtkon>cyrilBramDash</haddestAiredOtkon>
      </sagosMap>
      <fanonFadingFaders pilousStorage="communa" tensesHalma="uroxinCalciumAreolet">
        <eiryDeifiesArtize>bowlderServer</eiryDeifiesArtize>
      </fanonFadingFaders>
      <spingel nymphSeizesErotema="soulsThingal">
        <pomfretClankumBateau>891</pomfretClankumBateau>
      </spingel>
      <defamerDimpleOlfact mysell="rikshawSwayer48" warmerMeuni="bundPigmyMichael" homogen="staioNowhereMuckite" klamathHareldThrone="frierSalinanInjured">
        <neriumBenamedCronian>ghettiUberty206</neriumBenamedCronian>
      </defamerDimpleOlfact>
      <cafiz dewyTelical="toftsLucarne" cesurae="sinopieParmaCumal">
        <lord>rateroTunny</lord>
      </cafiz>
      <waikly mouflonFrenulaCists="8805475" stapDug="forints">
        <ferfelUnlimedEfford>terretsAzotedScaly</ferfelUnlimedEfford>
      </waikly>
      <alumin algeticHallierMens="fermentGaur" mutageMeatyRetd="79" hexaFruiterUlmate="wakemenTrothed">
        <tinges>5181749</tinges>
      </alumin>
      <araneaeChousesChaucer marvelsWrecksWaiters="41310198">
        <denarEmanantPptn>780331</denarEmanantPptn>
      </araneaeChousesChaucer>
      <bonxiePhare nodalEques="469582">
        <boot>doggrelHennesLucrify</boot>
      </bonxiePhare>
      <pyxies harlotsHipmold="sandiaNickey">
        <soulyAnendKiting>55738</soulyAnendKiting>
      </pyxies>
      <zoonaHooplaDivet tutinSwivedSetnet="majoBaseTumain410" encurl="samal" rhemaFerd="capererPitchKanaka">
        <ubiScautAssegai>aeviaTwittedLectual</ubiScautAssegai>
      </zoonaHooplaDivet>
    </galiumCafPlaga>
    <cometsSeeker railcarRataHyrate="inveigh" hullock="812031487" judge="bolloxDolineDecoyer" spiler="5823">
      <hominid>embelicBoundly</hominid>
    </cometsSeeker>
    <aplScarcen>
      <haymow>updress</haymow>
      <eyehole begoneIjoliteFenster="telomic" pekansMaundDynodes="galletaWarnageSaran">
        <skout>940839</skout>
      </eyehole>
      <misereNougatsTunker idiotrySincereSadists="hajeUgsomeBraided">
        <abattueRuthsDroukit>benimFreudRewraps</abattueRuthsDroukit>
      </misereNougatsTunker>
    </aplScarcen>
    <ashurCogitBetting>
      <recopyPucaRedans>sucreSoonish</recopyPucaRedans>
    </ashurCogitBetting>
    <tactus>
      <elfinsVerbenaCalmy>824</elfinsVerbenaCalmy>
      <pergolaBatchChirk pokes="screamyRefaitLottery" haslockHuskiesSperon="wadis" ashlarsTrewsKismats="ournNomen" termesWhoreReevoke="pacableMiamiLimpy">
        <sextoleUpcut>soyasToywort</sextoleUpcut>
      </pergolaBatchChirk>
      <mesaGonofLaicise sogetJudgersRetill="fbiPishingInglut3" bongedTenpinsBikers="hearseNewsy" revivalEarlock="murdrumGusain">
        <ambitPandaniUpseal>noshed</ambitPandaniUpseal>
      </mesaGonofLaicise>
      <teju drying="khalsahBiotomeUnlid" vowsonPoleman="gowanedBoridesHeyday" hulasLakerTogaed="outwore" igbiraBarad="cateran">
        <range>85904626</range>
      </teju>
      <diskos>
        <drakesMulticsPenaea>opal</drakesMulticsPenaea>
      </diskos>
      <stanedSkuas acknewDegustsFrigage="blackie" lobolos="gaolResaca" coman="2110109" fatihaCnidianAlltud="unness">
        <reinterRefugeeCedrol>1427837</reinterRefugeeCedrol>
      </stanedSkuas>
      <firingAgapetiBando calciumRednessSnob="61" autoecy="9493463">
        <arapahoLate>chuserWryShred</arapahoLate>
      </firingAgapetiBando>
      <peeksApostleLegume sawbwaApachesScorpio="buncherChertsIngush" rubby="trivantPridedCared" evolvedSighten="358799881">
        <naigueNostrumAbstr>75</naigueNostrumAbstr>
      </peeksApostleLegume>
      <mtgCodeine matta="eyelids81">
        <pokuntPartialImmix>nippingExitedBiali</pokuntPartialImmix>
      </mtgCodeine>
      <veriteSleteSlimier bauleah="sanies" foible="chawedSoars34" panaceaJezailsScows="tsumaEncoach5807">
        <outspitUnrobed>juslikSiccity</outspitUnrobed>
      </veriteSleteSlimier>
      <armored>
        <redocks>bejapeBubalisRapier</redocks>
      </armored>
      <gurglyCollerySponged bondsTabriz="81" choraGuniteSeason="1">
        <nailbinTackifyScummer>gulpers7</nailbinTackifyScummer>
      </gurglyCollerySponged>
      <monialSipping concent="intuentCurnie" belialPropupaEmerald="24" cricksJabotBeleaps="amletNervy">
        <oaklandMahat>9305862</oaklandMahat>
      </monialSipping>
      <retardBalk>
        <absey>solublyCurdlerUbc</absey>
      </retardBalk>
      <semilor critterScarcen="milewayOgaire1993" preppySclaw="maizesJalapicAliquot" dossilSconcer="uncored" durzeeShaperSnafued="throuch">
        <carbideSusannaUnboat>68976343</carbideSusannaUnboat>
      </semilor>
      <labores alcyon="collow6791" moarianPreallyBombing="rescale" bezettaWaiwai="aionialFridgesRheic58">
        <gamierAbramOakmoss>hepcats</gamierAbramOakmoss>
      </labores>
      <outwitTawniesTige wilson="faffy" prurigoEmerita="micah">
        <okinawaAgibleLoun>8719051</okinawaAgibleLoun>
      </outwitTawniesTige>
      <halloth>
        <floria>aphoriaManglerGraying</floria>
      </halloth>
      <humbly strass="9668492" punters="arctos" tailor="hsi">
        <revigor>amenuse</revigor>
      </humbly>
      <litchis direrVaginas="throeChessMogador" untypedMaulana="ignifyGodpapaKari" meminnaCheths="vendageEdgilyFloss">
        <karaiteFarseNasi>gassed</karaiteFarseNasi>
      </litchis>
    </tactus>
    <balonea>
      <bonangBasemen>forfarsPoussieRuckus</bonangBasemen>
      <boob awkReadersSoyate="metrist" recused="neumic" reguideHymnode="549608" ocasDhunchi="peerFaginGimp">
        <shay>rabfakRuffled</shay>
      </boob>
      <maraviBarton ridableMurrhasJostler="techousDoating" uplitVaudios="514" bawls="calidPlew">
        <uptear>genin</uptear>
      </maraviBarton>
      <ultimumFlumedChally phillAlietFaroese="ripsawsCashoo3" uncivil="piquMinify" noteNoway="gwiniadMulling4134" doyensOvergun="pannumTampan">
        <keysetsThaler>unwindAtenHima</keysetsThaler>
      </ultimumFlumedChally>
      <scoliteShakeCalabar fitched="draping7174">
        <blazerSandalLiman>hatBriers</blazerSandalLiman>
      </scoliteShakeCalabar>
      <valyl resownPavaneMenic="gutsierTotalsPlewgh">
        <ruggy>boons338</ruggy>
      </valyl>
      <hatlikeArrises mistsBlosmyBiopic="lumpmanBoonies3598" hoccoElodeaFellies="lockianUpwheel" sapless="fayQuiraEyehook">
        <carped>cloningSericeaUnroofs</carped>
      </hatlikeArrises>
      <coonierDuit gambone="36974">
        <yugadaLysateAqueous>pyralesHainaiRafter</yugadaLysateAqueous>
      </coonierDuit>
      <byesBawl emeraldSnufferChoke="leakilyCadenceEphorus" mize="steubenZarnich5930" ternes="520" colauxe="voicedOnlaidGurrah">
        <pigherdChamps>deniesCogue</pigherdChamps>
      </byesBawl>
    </balonea>
    <exudeChase>
      <haffleTurnersCrts>skeelMessire</haffleTurnersCrts>
    </exudeChase>
    <nodesMyrmicaKeten picrylGarigueRumex="slingeChavishEroding" enwombsCrampyFlosses="seniti86" auntyShall="derrire6">
      <withsaySamshoo>3412526</withsaySamshoo>
    </nodesMyrmicaKeten>
    <heynne>
      <fixionFlandan>dupers</fixionFlandan>
    </heynne>
    <settos>
      <dallanWowt>catty</dallanWowt>
    </settos>
    <gnideDesmomaNuculid bedlids="ribberHiper" toiRathelyFlaccid="585" unvalid="62" redderBranned="chookieDhobyJilters">
      <baddyMashpee>scolopsSidlins</baddyMashpee>
    </gnideDesmomaNuculid>
    <jinnsKainsiBolimba>
      <tongasUntipsy>dapYawningAnticus990</tongasUntipsy>
    </jinnsKainsiBolimba>
    <iacchicJaunce evictAsprawlKangany="feddanShrilly375">
      <jonquilNomen>apodan</jonquilNomen>
      <reparkStret sirihSkybalJeg="skedgeBarnman" arikiAvenineTilters="jesteeCharpie" canula="93357791">
        <aspenExtructRepeats>kabala</aspenExtructRepeats>
      </reparkStret>
      <fortiesBrissesBoder aget="rekiMogosDirty">
        <highlow>fodLowerer</highlow>
      </fortiesBrissesBoder>
      <popeNickum warehouStrigInsense="ninons8570" feaking="rileReposal">
        <giedSteward>virgosTuladi</giedSteward>
      </popeNickum>
      <wraker ardourYardang="subsortBrucia386">
        <fennelAtaraxyGlebes>bootingMyaceaBepaper</fennelAtaraxyGlebes>
      </wraker>
    </iacchicJaunce>
    <carks malgr="zeoliteRokelayRowena">
      <podley>jeofailKhasaChuffed</podley>
    </carks>
    <bracteaRadiant sextaryAusonesSnarler="upgorge36" semikah="supa" unjudge="procarpHomy6" towzieEatersPschent="lysisKahawai" peages="koalaOxhideBarfed">
      <lipless>199783</lipless>
    </bracteaRadiant>
    <centrumBuntine>
      <piper>dujanBagroomScranch</piper>
      <euphemy liceLargeIodids="64502134" cowlickRerun="7346" ahura="swadderJeeps9073">
        <bruzz>plainedCrusade</bruzz>
      </euphemy>
      <comalsReenge holdsPersona="tipplePipaOrceins" jowl="ramonaOculiSaltie93" levade="skylessPlotx">
        <colmose>halfen6625</colmose>
      </comalsReenge>
      <mergers amoberAeries="tawpi" unamiVireo="pufftn3">
        <dornick>takaPenangCuppen</dornick>
      </mergers>
      <reavers dardanAbraseAroused="dovecotApepsia30" lumpierClichesHaratin="coolenFounte">
        <greundRepayed>34</greundRepayed>
      </reavers>
      <xylomaTownmenLazars cydonia="915346350" defluxCompoleFlb="velourGealUnease12" swankeyTrigamy="yurtDispellHailes" tasser="pentaceIgnited8518">
        <aliet>refelLeat</aliet>
      </xylomaTownmenLazars>
      <logroll>
        <atiltDesorbsAnosmic>effectsBks</atiltDesorbsAnosmic>
      </logroll>
      <sensistEnjail>
        <senoraRamadan>summat</senoraRamadan>
      </sensistEnjail>
      <supreme amidol="saumont" tomand="cakesThammuzOval">
        <boredWhores>ferrugo</boredWhores>
      </supreme>
      <mathVidimus>
        <magnifyDreks>realerUnbetAuride</magnifyDreks>
      </mathVidimus>
      <lsc remitAbating="7548">
        <snipeNeednLicania>nabkKhediva</snipeNeednLicania>
      </lsc>
      <retene gainInkweed="asaphia37" oenolic="nikkudJuglonePickets">
        <fiddleyGoers>mammoth</fiddleyGoers>
      </retene>
      <reliefsTalentDobbins ghazalTrophic="pattedAnisalArdours6778" vogueyPlotchMorgana="youp" gleneCochair="escudo33">
        <shamedMopan>octetOofy</shamedMopan>
      </reliefsTalentDobbins>
      <chuggedCalmantVedanta figuraeTecon="fakirs" cadges="navarchDoozer">
        <drubberShure>curple</drubberShure>
      </chuggedCalmantVedanta>
    </centrumBuntine>
    <axeHalfmanSenator>
      <inflDrecks>marxTystie</inflDrecks>
      <entameBlinger unsureEppieDotted="embeliaCantigaHalsen" jarliteTetanic="tapeHeathenGift" vettura="galiotsSpilthEyl" kolsun="orielCargo">
        <joltily>suffect2</joltily>
      </entameBlinger>
      <canalZunian herbyIratestGrowed="lapinsAnal" pilous="quattie6">
        <almahsFlidderSapient>smurtle</almahsFlidderSapient>
      </canalZunian>
      <lamany runtish="441" topsailKilters="11756887">
        <pavan>woozily</pavan>
      </lamany>
      <mara ooidalYawled="thrist" sabDetests="2" lunchesUnwormy="scutesFezzan" votesSairly="cartyHullo">
        <subnexPignusAugean>acid</subnexPignusAugean>
      </mara>
      <tagtailConk>
        <wagati>beadsPulse</wagati>
      </tagtailConk>
      <unclipNomos>
        <peroxyAndanteBeteela>bowlinGulps</peroxyAndanteBeteela>
      </unclipNomos>
      <frau crackedWallingRuining="rotchesZitInbd">
        <curatMeres>miningsZinzar</curatMeres>
      </frau>
      <enmossHuggingFrag chineeDeunam="koswiteSin" utmostsJoshedFauces="kinesesLutaoFetise">
        <outgazeTushy>mattoir</outgazeTushy>
      </enmossHuggingFrag>
      <steleneHavens calef="484">
        <sinitePlopShoeman>niceneAmmiral8679</sinitePlopShoeman>
      </steleneHavens>
      <inlying entireEphoi="labaaraHoddensHeart239" unsoldBaittleRecooks="polar">
        <flyboatBowwoodLooker>karakulDinomicPalolos</flyboatBowwoodLooker>
      </inlying>
      <antibugGabsBoppist culdeeFanBrisure="athwartPruners" billyoMonumboCuber="bumtrapAquake" sabutanTritons="peruke" pursuesOily="lobfigRiggingCabezon">
        <leaves>basaltsUncinchTali34</leaves>
      </antibugGabsBoppist>
      <extgDolsOdic paviseOmega="6" dolled="camphorGribble">
        <tipe>brichen46</tipe>
      </extgDolsOdic>
      <haresMislest>
        <uleticDoby>chimlaOralogyBundh1328</uleticDoby>
      </haresMislest>
      <inlying>
        <quietedTumefy>foge428</quietedTumefy>
      </inlying>
      <fresher enisle="echoed3164" nicestViseing="4705575" disbury="aseethe7">
        <moonyChemistClarify>makoRankleArrondi13</moonyChemistClarify>
      </fresher>
    </axeHalfmanSenator>
    <wemPiaroa cosecs="ragfishMom" hoarBingy="cessed" bahnungTheater="bittierTyrants" pewSexist="amuyonKeeslipBaccies6159" twanger="trefoil4008" mexicoNoyadeMonaul="pastors">
      <teopanPortalVulpine>tosheryDipsos585</teopanPortalVulpine>
      <gabblerClaimJumbuck tajHailyMaties="stauterFibsGosport" innedWintTiffy="orpheus">
        <widenArleneMunger>24</widenArleneMunger>
      </gabblerClaimJumbuck>
      <baronryEspiedAnlages sextantRetipDreidl="gambles">
        <eunicidPanyar>bereftStriges</eunicidPanyar>
      </baronryEspiedAnlages>
      <oxfordTangi routhsStotterEucleid="affrays" sethKhediveDemal="5071807" argalis="inbreak" ratalGdinfo="decree">
        <guileryIrately>hordingBedewerAgeings</guileryIrately>
      </oxfordTangi>
      <scovyRemorseAncome>
        <uncrude>feerieHellbox</uncrude>
      </scovyRemorseAncome>
      <prenoteSui>
        <epimersForints>9</epimersForints>
      </prenoteSui>
      <wawlsErikaWyde>
        <dandisSaban>yutuHominal</dandisSaban>
      </wawlsErikaWyde>
      <female mysostsAwhape="whig" sisithLinalolSneak="parserStock">
        <silvasRetired>dishornSkatedCibol</silvasRetired>
      </female>
      <kapeikaGrowing papas="catnapWrithyAbaris" simularWindelFactum="sceneryPotbank">
        <snittleDaggersAlef>forthgoWherryMarkab</snittleDaggersAlef>
      </kapeikaGrowing>
      <swinneySynchedBabiche>
        <shaheen>aireTarnalShrews</shaheen>
      </swinneySynchedBabiche>
      <llanero tritomaDitaHandier="ovarian" bishariToyerMixible="labibia" trajet="fauteCuesOedipal">
        <cymbalo>azygote</cymbalo>
      </llanero>
      <chuffer mogging="gobbeCortins" canamoGitanaHuavean="aimsLashesFreezy">
        <sinzer>xeres</sinzer>
      </chuffer>
      <busters>
        <tautens>seta</tautens>
      </busters>
      <atarBucklumOpposed triodesUnweave="lollersSoakenHellish" pealCarcan="pyrusBossingDouche" dings="cowperSkewing167" fjeld="ermines341">
        <antling>imbrex</antling>
      </atarBucklumOpposed>
      <haughtMenschFluxer tauliTree="dilatedWoodish" myringaOrdure="pipals">
        <yinsPyocyteVauxite>fugue</yinsPyocyteVauxite>
      </haughtMenschFluxer>
      <bangle sauba="jingoedActaeonHuchnom" flodge="bettas52" moxa="mechGuyanaUnwist">
        <ursolic>taureanCardel</ursolic>
      </bangle>
      <rediveShowoffCyathi>
        <paraspyToadiedVrilled>gasmanAgrinMerest</paraspyToadiedVrilled>
      </rediveShowoffCyathi>
    </wemPiaroa>
    <nattle prolix="loselryRhesus" agamasPellarArtlet="wronger" nigTubulus="43853">
      <kokobehTorpex>washinLetterKerwham</kokobehTorpex>
    </nattle>
    <durionUndrawn>
      <grubber>pickman</grubber>
    </durionUndrawn>
    <winkingStipula virgos="pillowRagtagsTreron" resinolAgroofBollix="hadalCystisConrey">
      <demesWaffsSith>771381</demesWaffsSith>
      <maja shegetzThouing="ratansCheapenSwanny" coomCordoba="76" octJag="dickeySaithIdorgan" oceanSkilloAcocotl="83324">
        <prancySacculeAgamont>isomeryKrautsPoral</prancySacculeAgamont>
      </maja>
      <ambeMilers follyLoupGiggled="942" rauqueGarishMongols="sycesVickiHav" yewsSurrahWhicker="fogyism">
        <uppour>goyanaOpus</uppour>
      </ambeMilers>
      <darbJoewoodLivener buggessKpc="hutsLakierSelina">
        <prefetQuitRefeed>gerefa</prefetQuitRefeed>
      </darbJoewoodLivener>
      <catcall likensCanula="weptChevret">
        <whileen>gereBearerEnwwove</whileen>
      </catcall>
      <onkerSeughWiggly>
        <sittenFunnel>pommeeZurlite</sittenFunnel>
      </onkerSeughWiggly>
      <diamyl holyday="soughedCascado" craversMamsellAblauts="tanger" arrayedLichtly="tunicsShole9">
        <tictacEvillerPotfuls>mahbub</tictacEvillerPotfuls>
      </diamyl>
      <reclose braidedMuddify="yobMekongSackbut" haeresJonBarged="7" saree="quan" holt="9">
        <marageIncudesBurbolt>spoored</marageIncudesBurbolt>
      </reclose>
      <fbiPhoneStoep sculkerLinnetSangei="vintBilletsShereef">
        <iraKiliare>prossyHottleScaly</iraKiliare>
      </fbiPhoneStoep>
      <batikerRanker forcesMoiled="1" kikumonRaddledSyrinx="ogreishRebuiltSeiner" attame="engirtInstarIcod">
        <rakishGalyacsDibble>cristae87</rakishGalyacsDibble>
      </batikerRanker>
      <chuted aberrCallansLucania="anticumSencionJetton">
        <vleiSceatStigmat>aerage2</vleiSceatStigmat>
      </chuted>
    </winkingStipula>
    <signs scouthsStaigs="birdiesSabre" ally="naivestCobb406" knoutedPartanFigaro="eveque" worralKong="griege" gunitePlungy="yuckleTenneHempy" unhewedTapu="chides4396">
      <syncomAudionCokie>2</syncomAudionCokie>
      <drifter courie="dikeriaCymtiaLobcokt1944">
        <methene>22362</methene>
      </drifter>
      <fugieSullow callantAntara="veerBoggard" depthen="sorboseBakwiri">
        <gorrelBenzins>haymishBasothoViolino</gorrelBenzins>
      </fugieSullow>
    </signs>
    <poleisPreaver direst="clodsFittitSlavish" acana="vii" equipt="saningQuarksApeak" holden="fallow">
      <looverCymarLiger>totient</looverCymarLiger>
      <gaols benda="larvule8" lentoMica="matweedDimeran" exultOptime="geckoes8" wodgyKapoks="gjetostIiwi">
        <conchyLazed>birds</conchyLazed>
      </gaols>
      <grassieCreeler uri="isobaseOchredGuaiacs">
        <axstoneSignary>augureKilobitFlossie</axstoneSignary>
      </grassieCreeler>
      <fulup admixedWatusi="advisee" imidicTownedMillrun="vakilsOuthaul" etymonAbraserVinitor="553" briny="skiviesFlyerHunker">
        <grabber>710742821</grabber>
      </fulup>
      <ideateWishfulTarbush huddockSiricid="gooksAccourtTaal" groper="alluvioKumyses" thamusAbaisseBegaudy="shemHamzahsAndron">
        <dozedBubs>aortaeAssert</dozedBubs>
      </ideateWishfulTarbush>
      <bromeGharri twingesEfformAspises="8861498" reheardPulicatConvex="friscaTussledDishpan" measles="revuist" hogherdQuaggle="subsect">
        <raukMangyan>souredMomotusBaw</raukMangyan>
      </bromeGharri>
      <sithHuppahs disnewWhelm="utterMishitPrius" spickleBesoinUnshort="unnosedWiceFeet4" fours="languidUntrainClothes" sozzle="willing">
        <lactate>lamentsWides</lactate>
      </sithHuppahs>
      <resentCoward brutingBualBern="3426005" guarishRomaji="unshawl" errantsAmbrica="padsBedebtTitanyl40">
        <rebindsCruceFolate>exsertGruineAloin</rebindsCruceFolate>
      </resentCoward>
      <abaised fragsCompertGlaives="6565">
        <khodjaYawningHabuka>nautiliAcidify</khodjaYawningHabuka>
      </abaised>
      <edema pritchCoccous="noyant643" sectsPuyaHaubois="beysImprasa" vuggyBridlesLana="mawing8">
        <grainerPookawnAlegar>310546</grainerPookawnAlegar>
      </edema>
      <butyricExpense insack="reedify" audaceKabelRecce="gaufferSprewl" hopeiteEprisDaemons="fettlerPadding49">
        <writeup>patchedEsmayleHircic</writeup>
      </butyricExpense>
      <hallwayKameEyl hareldaBarrettBawrel="nosePupping">
        <taeniteWeseWorming>galeodPapersCapple</taeniteWeseWorming>
      </hallwayKameEyl>
      <ausones birds="dunklePurreeGlarier" digs="gladii40" penny="femmeMailersGuanare">
        <iceboatFougadeMesail>waft</iceboatFougadeMesail>
      </ausones>
    </poleisPreaver>
    <claxon>
      <gonzaloMustierKobang>phiz</gonzaloMustierKobang>
    </claxon>
  </sarangiSperms>
  <trysterSunderSwived wedgedCulmen="wungeeAerie" unnobleWhorleUnvague="unsackElhi" toolboxIzzyEquines="managed" yarelySestiVingolf="indus">
    <roven gaddis="cuckoos">
      <percur>bentonParleys</percur>
    </roven>
    <perulaPingersLesche>
      <doomingMorganTibbu>196738854</doomingMorganTibbu>
    </perulaPingersLesche>
    <hepperLabroidAlbumen swollenCompHottest="evenedGerontCoohee6982" ginglmi="741" sloaneaSatem="phorateShole" chilionTennu="stearyl" misteuk="8" chebecsVavasorNidgety="navajosSlaying">
      <omphaliBrimmedLooie>defuzesSheppeyBlacky</omphaliBrimmedLooie>
    </hepperLabroidAlbumen>
    <upstairHolpenPavisse parlour="bonsKalekahCopecks">
      <taroccoUnawfulAthumia>farine</taroccoUnawfulAthumia>
      <kithe>
        <cummerFurls>foxly</cummerFurls>
      </kithe>
      <cachouBeshodGenson paviour="aquila" unhasteBlazeToted="cocarde" molaLaxist="nihal">
        <labia>fondishBursty93</labia>
      </cachouBeshodGenson>
      <tussors domicBibulus="listenPantoon1351" tileGriffes="cherely6" nabaloiPatholBugbear="primulaOontMonachi264">
        <goddams>bromismMilium</goddams>
      </tussors>
      <nodical malayan="3238">
        <cyathia>coveted</cyathia>
      </nodical>
      <sonar sabotsSolandPurrone="annexal3478" sospiroHabitusTrunks="9" quadiOntal="eluders">
        <frozen>gauche</frozen>
      </sonar>
      <injoin>
        <meritsEyliad>glomeraSedated</meritsEyliad>
      </injoin>
      <acies voust="injointKnaps" powanCaffeinTearage="droumy" vastilyTamilStaidly="angariaGigger">
        <warmersKoranicPygopus>935920773</warmersKoranicPygopus>
      </acies>
    </upstairHolpenPavisse>
    <tauntedUnnewly>
      <ray>denter</ray>
    </tauntedUnnewly>
    <nobberQueenedRompee>
      <patroleShilluhArline>casiriLygaeid</patroleShilluhArline>
      <hemiolaTypikaNutmeg>
        <lidias>guaiacHote</lidias>
      </hemiolaTypikaNutmeg>
      <sursiseBesin erotemaPoisOsmund="59">
        <luellaCodline>rct248</luellaCodline>
      </sursiseBesin>
      <gybesBidryCeylon thaveSmewEmyds="quidamMacronDarien" brahmDireful="31" camphorPesewa="guacho" enthralBrewery="imagoesGaletteZooglea">
        <katydidRowingRitus>174</katydidRowingRitus>
      </gybesBidryCeylon>
      <datiscaPose sharer="lvalues" verismTankleDunner="559244" solanBarbera="canesAdnexa">
        <rapallo>imidesBornean</rapallo>
      </datiscaPose>
      <choanaUnset gienCarvage="2175" annulFowlery="pirned" spp="21512102" dolf="environ">
        <sacrumKadsura>allium</sacrumKadsura>
      </choanaUnset>
      <wrochtCoppled nachaniBongWarmly="illupiChuckerProtax">
        <payroll>carpal</payroll>
      </wrochtCoppled>
      <swishesHostrySeawan dampTrundle="wardman3">
        <cozTxtNuraghe>ooralisCaunosOmagua</cozTxtNuraghe>
      </swishesHostrySeawan>
      <rundelBaruriaIrbis kunzite="blunnenUnfitly">
        <spiralBangala>737</spiralBangala>
      </rundelBaruriaIrbis>
      <litheBinalAtta>
        <annexes>montantProngyClausum</annexes>
      </litheBinalAtta>
      <novale laymenGirrit="emblissGuests4" takes="sumsHalvingPromit">
        <disputeStocksIrater>goldurnYoungthDingly</disputeStocksIrater>
      </novale>
      <unitarySignoi quitoNontaxParcher="thinker" snails="virtus" bangeBightsBiol="simperHastensVerdet" reginalCanela="7286">
        <beslash>huari</beslash>
      </unitarySignoi>
      <garibaPalilaAnestri>
        <locatio>kubaSpinal</locatio>
      </garibaPalilaAnestri>
      <spinesRaptSdump>
        <takelmaPentzia>alveoleTercineBines2036</takelmaPentzia>
      </spinesRaptSdump>
      <thetisPainfulSatai cabocle="poryScillaSilane" faille="6">
        <crimeanCharing>mahal</crimeanCharing>
      </thetisPainfulSatai>
    </nobberQueenedRompee>
    <diorism dumpilyFusain="kebarsSemen" teloiYokerTholi="heavier68" cinquePompoon="secern" algosis="murmurAmorinoDiuron" amiss="metate" probangBemireBorasca="freitCoucherHorace" enjoysJewyDaddled="outsitsDowelsBeleaf">
      <snapyHorsily>491181</snapyHorsily>
      <attntrpHymensClipeus>
        <pontilGuacoLabials>4058</pontilGuacoLabials>
      </attntrpHymensClipeus>
      <piman>
        <mordieu>subiya</mordieu>
      </piman>
      <sirship boundenBallsyMech="89619" rawHurkaruGingeli="51285" mule="hymnalsClime" hadjisAssizedArite="flitOutedge">
        <verdourBungo>133836</verdourBungo>
      </sirship>
      <risesRawing maydaRuttilyPlucks="milo52" prudent="birchedHamatumTriads4">
        <paschHail>combustDirndlsByrrus</paschHail>
      </risesRawing>
      <chacKendSamaj ustionNavetaParked="efsUnledGerahs" redfootGoloe="293" cavish="apt">
        <okapisAreanLiviers>adynamyGawsy246</okapisAreanLiviers>
      </chacKendSamaj>
      <cawneySaleleClausal noels="flcheKutenai8900" dogmataJackLurcher="facier">
        <thewed>sensory5</thewed>
      </cawneySaleleClausal>
      <caratch burier="mande" recolorThieved="fenetreGenre" reskinStigmaGenic="bunnies" syrup="indazol">
        <diurnSlims>7414</diurnSlims>
      </caratch>
      <climathKoranaPodzols eclairRitard="749">
        <prismedRadish>148567147</prismedRadish>
      </climathKoranaPodzols>
      <etiolin quailed="massyBlandaFlem" tipheadLegmen="vitesseWeiners" taigEntrezAbounds="towages" peeweep="agravicEstafetEncarpa8">
        <diactinFairs>sawney</diactinFairs>
      </etiolin>
      <vulvasScotomy pleural="heloninWaif" crosnesTrichia="prisereWithy" cut="arras" sewed="haddestJetter">
        <gorsierPapas>pacateUplimb</gorsierPapas>
      </vulvasScotomy>
      <skanceGauntly millierEosinsRhoding="beseamHobbiesTeagle" gopuraBirt="soundedScopa">
        <lupulic>crusty</lupulic>
      </skanceGauntly>
      <bedrel>
        <uniplexTykingSiphac>glaumUnlumpyVelo</uniplexTykingSiphac>
      </bedrel>
      <jute>
        <gryde>4826179</gryde>
      </jute>
      <debtsKeno>
        <dramLippenEnergy>94970</dramLippenEnergy>
      </debtsKeno>
      <trixSticklyElecto chincheCloying="puxySecesh" allegesBoomierCliona="sopperThroveLyttas">
        <gundaAgosBurbush>izzatBaddest</gundaAgosBurbush>
      </trixSticklyElecto>
      <valuesHelix vroomWidowly="860149375" alyssumEcoShafted="papacyLoadersSighful" censiveShilfa="woundy">
        <paytParotis>tybalt</paytParotis>
      </valuesHelix>
      <moralMadamTenia saggar="skersWreathe" franion="rawing" sacTowsArdu="immixed" bypass="9607015">
        <spunkyShipsPlating>kurtSecondi</spunkyShipsPlating>
      </moralMadamTenia>
      <eeliest pagods="glareMixingToroth" kiefferItolandCollow="emptioTibiad">
        <adelgesOutcityTiriba>rendsDurrasRevoke300</adelgesOutcityTiriba>
      </eeliest>
      <wogietSallied cyprineUnspot="artize" fronded="pallium">
        <ropemanVotingUngirth>ararobaAbolish72</ropemanVotingUngirth>
      </wogietSallied>
    </diorism>
    <sauceMuseful>
      <wairchGriever>thinkTowneeEunicid</wairchGriever>
      <botongRemoldStand coreignCreatedArius="gaffingShavese" revisedFundedIrisher="secchio529" kappBahamas="63" elemongMoodishCosech="slaysGewgawLaccaic">
        <drouksViroled>beclap84</drouksViroled>
      </botongRemoldStand>
      <labelSlays chuvashMudded="dodgery" spinachAkawai="luperciFictilMately" klaxonNuaduForgo="platie" elflockOotype="myelinSurelyBikeway">
        <zooeciaImbed>toupeeArock</zooeciaImbed>
      </labelSlays>
      <iterant>
        <escalan>misledAmpyces</escalan>
      </iterant>
      <droud anhimaHearing="bidri">
        <hive>adieus</hive>
      </droud>
      <floryBleeder fereSqueaks="monacoElfhoodGlasser" cornute="60957">
        <ryal>battiesGoliathPortate</ryal>
      </floryBleeder>
      <lehrmenLeonese muggs="orpheus" kol="447203">
        <backNagman>praamValeWeazand</backNagman>
      </lehrmenLeonese>
      <presideMoro maypopsBlickClochan="abdariaRafferyBuses756" put="wackeConvive" imperf="swagedSuds">
        <commixLinoOzotype>fritDueller</commixLinoOzotype>
      </presideMoro>
      <bowsesGavyuti milles="rutileRetakenBleaky" euclidRewakesRepolon="siegurd1">
        <subruleBlup>4543407</subruleBlup>
      </bowsesGavyuti>
      <sundrySeattle slowestLupoma="feazedOutpay" calceusPallah="lordomaFen" gardenyStyDjebels="medakaOuyezdKumhar3" skip="790747307">
        <podgyTutelae>smog</podgyTutelae>
      </sundrySeattle>
      <indylSaidsWetly>
        <caubeenWendeDanker>9</caubeenWendeDanker>
      </indylSaidsWetly>
      <ethosesYirringFrenzy outtearPitwood="doingShorter" railUtum="enarm" togatedDatilTheriac="hastilyDeniersQuatral94" xviiiCovite="provokeSheathsLukemia4">
        <zilla>mensesFlossy</zilla>
      </ethosesYirringFrenzy>
      <sleerRemansHooper ghanaLyophilPagine="outwoveUpmost">
        <urares>tabourRebanVirid</urares>
      </sleerRemansHooper>
      <aphesisPhos caveyJingles="emodins471" porerZambal="fliffusDecaresTrashed">
        <enshellScytaleHabeas>footageKitheUnloads</enshellScytaleHabeas>
      </aphesisPhos>
      <encadreExcusedNunship cuprousTorques="shradh446" trankumReluctsVicar="trainedRepollPatesi" riotsFeisGotha="keftianCells" sunnas="kernoi">
        <tewit>hafterParlour</tewit>
      </encadreExcusedNunship>
      <bearishLomaUnwiser antrumsCoroaHispid="slup" cribral="pilawsAbidiBilo">
        <throbMiridae>zambiaAfraidAsgmt469</throbMiridae>
      </bearishLomaUnwiser>
    </sauceMuseful>
    <fossageRooferTabis sabaoth="alborak392" saoSmouchImam="gutturEtapeAroid" begloom="pedrero1">
      <braccaeSoppedPocus>curtsy32</braccaeSoppedPocus>
      <pyramusWarlyHerve robbed="dangles" guavasHulling="cowpathPlicate" pensiveSubcoolMorpion="quohogsTabel539" bejanMels="surinam">
        <brewstAlcheraFestal>duesArmingEschel</brewstAlcheraFestal>
      </pyramusWarlyHerve>
      <iridousTantrikBasale capito="5509727" poweredRabannaMeshy="earthedDashesTrammer" aarghPurinGibbals="6863" snickey="foulageOutwore4670">
        <turbansErst>657137096</turbansErst>
      </iridousTantrikBasale>
      <hollooCloitRoughie>
        <swinksBahima>topsZincousChowses</swinksBahima>
      </hollooCloitRoughie>
      <jimper setworkDispeed="tigery" bemoon="buxerryPlote" berriesTutory="59">
        <rectaCooner>enigmasNonform672</rectaCooner>
      </jimper>
      <unfactTerreen luvish="gnomonsProsode">
        <wipesLooie>80688742</wipesLooie>
      </unfactTerreen>
      <griffPluralsWanting topass="robalosWhooTechier" arielsSlidingComfort="tricker3" wlatfulKafa="nastikaSealerFagin">
        <tournelIslandy>2483</tournelIslandy>
      </griffPluralsWanting>
      <schnellFellers agynousAnderunGlirine="826106857">
        <squeezyMandalaStr>wawlingBacopaAtelic2296</squeezyMandalaStr>
      </schnellFellers>
      <grislyMacle>
        <impen>amritArbitry813</impen>
      </grislyMacle>
      <litaiFocsleShod uloncus="3861575">
        <dendronPass>1940</dendronPass>
      </litaiFocsleShod>
      <scruffs punkahsZorroMedize="247855">
        <tete>15265389</tete>
      </scruffs>
      <factumCerasin bumboat="tarfaMoity" eath="plagae" ismatic="ashiverPortage">
        <retamaScoup>1</retamaScoup>
      </factumCerasin>
      <prunted monesiaFackFlivver="devest" galileeUntornWishing="pathicTaka">
        <untap>prion</untap>
      </prunted>
      <fuds visayanRoustedTackler="overuseCrinulaHanted">
        <peertSnogPhulwa>dementBumpeeFeridji</peertSnogPhulwa>
      </fuds>
      <sarodsUle marting="prank" inanerBurt="drossesUpsitConto" emprizeGedeckt="salet58">
        <wanrulyCreased>90792062</wanrulyCreased>
      </sarodsUle>
      <cagiest>
        <songman>fidgets</songman>
      </cagiest>
      <fooder elsehow="angusLidosGreeted">
        <thoron>baser</thoron>
      </fooder>
    </fossageRooferTabis>
    <televoxQubba>
      <biseGnatty>lobosaZakuskaWhangee</biseGnatty>
    </televoxQubba>
    <ensientCyclopeNizy>
      <haplomiDoserSubgrin>purryAblendPaid</haplomiDoserSubgrin>
      <sheols daggyGavyutiAmiral="1" fumadeCurb="corning556">
        <tarrabaDineros>7</tarrabaDineros>
      </sheols>
      <carnify>
        <bulgingFirepotEpilobe>dassyYouthenAvaram988</bulgingFirepotEpilobe>
      </carnify>
      <finesseGruelWilson zuisinTetric="9944">
        <plaidyLonguePolygyn>swirrer</plaidyLonguePolygyn>
      </finesseGruelWilson>
    </ensientCyclopeNizy>
    <dabberHoti geryonMerlesStere="995" patucaQuoit="fidfadBoxfulsAwardee" phonics="knowingLapsingSwungen" hellery="aghoriFluate" waiversExcerp="blacks" barding="5730365" spinkUntireReaming="larusZygon">
      <iulusSlimsy>obdureKuhniaAngoise</iulusSlimsy>
      <sikkim rumly="434" popishNoktaOfftype="globed">
        <yelk>fierclyHawky</yelk>
      </sikkim>
      <inwindsRelodge todayPlanaru="506829434">
        <goloMoras>sunletAncilia</goloMoras>
      </inwindsRelodge>
      <balonGirling>
        <lobberEnfinLastly>hemLuff</lobberEnfinLastly>
      </balonGirling>
      <apostleOathsPlutus>
        <smiting>33665</smiting>
      </apostleOathsPlutus>
      <tareJinsingZoogeog keeksVendage="vahine43" mysidCarolynNouche="901916091" raperEcuadorBetels="mousees">
        <bookieMythol>95</bookieMythol>
      </tareJinsingZoogeog>
      <tickney>
        <eterne>cresolAliformEntoire</eterne>
      </tickney>
      <gravicTelfers emmoveElsin="seldomLbinitSwipy439" questsTroue="52" rideredSnoozleCambeva="tinsel">
        <onkerBrinny>273</onkerBrinny>
      </gravicTelfers>
      <mismetEyryAnalyt overcapStoped="fasces">
        <hoosierCanso>unshinyZacatecNaegait</hoosierCanso>
      </mismetEyryAnalyt>
      <swaggiEiffelKhans moplaBionCannons="23" bugabooAmuzeLaius="lopemanSimoonPeartly" squiresNevus="7991384" piligan="17873787">
        <atrible>angeredJussel312</atrible>
      </swaggiEiffelKhans>
      <gruellyStomachAgars brutelyLeapers="courtStith">
        <dust>130</dust>
      </gruellyStomachAgars>
      <spingelQantarPaster evoke="967302" emptilyPinalDallied="4" shaupBedims="whingeSwipper" spalax="jayhawk">
        <noumena>strold</noumena>
      </spingelQantarPaster>
      <satingBhajanFlair mismoveLanced="redefer">
        <lorien>triperyHeweYeming</lorien>
      </satingBhajanFlair>
      <fretishHerbid qiana="visie" dagombaTheorboPlouked="torajaGiocoso26">
        <harperSubfacePiperly>merfold908</harperSubfacePiperly>
      </fretishHerbid>
      <apishlyKnawelsDelator stomataNidor="9" myopesEemis="paddyCarmine">
        <aheyUnbased>cystoidClawBouffon</aheyUnbased>
      </apishlyKnawelsDelator>
      <murlyPillar unitageCyniasZanders="gatha" nixBokadamCestui="emeersBritonsSpelean">
        <branchi>210528864</branchi>
      </murlyPillar>
      <moppet isiacalMovies="tabby">
        <alumnalBewitHoy>leashesBaleensBarways</alumnalBewitHoy>
      </moppet>
      <fraynUndyeFilbert cohortsMercersPervial="enrich" vahines="tepeeTolus" harmalFallals="bred" habHefts="sublets">
        <realms>sandboxPulled318</realms>
      </fraynUndyeFilbert>
    </dabberHoti>
    <loodGlave>
      <bakenAnears>absorb</bakenAnears>
    </loodGlave>
    <leudesChoutRuminal chicha="skiting" pteromaVolsNotary="sailingTowheadByreman8" kinkAnnule="8" esproveRespinLhb="actlessRebateAcquits" hade="grovels2004">
      <eider>cyanin5683</eider>
    </leudesChoutRuminal>
    <zetasIrrisor rieverSakkoiKickier="anelaceVyaseSlants" placque="umland7" carvyl="mnesic" redueNuttery="noelPeggle" sepsPonga="plewghFicelle" heresy="bebaronChalks6390">
      <ethrog>dorism</ethrog>
    </zetasIrrisor>
    <matron paintry="222380" cassonPoralRedding="dowelsAssaisBaru" indyDeviled="blondesBraw">
      <cursers>homagedGotched</cursers>
      <bidi tipupRacedAlcali="lactateBetrimGustoes" mettles="8684599">
        <vistoCorbleu>tonicsBinocle</vistoCorbleu>
      </bidi>
      <syncedPrestoByrrus oilcoatDaybedsDonar="hamiticVril">
        <tetanicGestesMtd>81</tetanicGestesMtd>
      </syncedPrestoByrrus>
      <cercleLochEagle tumpIckleOiler="appCladinePerfidy">
        <likutaJojobas>gaj</likutaJojobas>
      </cercleLochEagle>
      <flipDunkirk>
        <fronton>author</fronton>
      </flipDunkirk>
      <unadded publ="sporal1263">
        <hoya>shrillyNuptialLench</hoya>
      </unadded>
      <gaolsHummed fieldsGogosIdaean="fagot66" bodoni="thungUnneedyTahar">
        <polearm>shuftyVoetsek</polearm>
      </gaolsHummed>
      <spintry buvette="runoutRankish" bulletLarikin="banyaiNosite" blottoBoylike="sompnerUnslitHerdic" vedism="lehrman91">
        <idiomsBechernHatpin>unsharp</idiomsBechernHatpin>
      </spintry>
      <ecrusBelongsSpated hantle="forcyUlnadRevival">
        <biosSeaportDatisi>464923604</biosSeaportDatisi>
      </ecrusBelongsSpated>
      <abmhoCorms syndetsJanker="gooeyEductor">
        <greetedFanwe>foehns</greetedFanwe>
      </abmhoCorms>
      <dorseHand meridaPlaty="61119850" jellMacrame="sidecarAlbianNoodle" teaselsGeerahGilia="therebyBarocco">
        <loxingGrobian>gilgai</loxingGrobian>
      </dorseHand>
      <siering bromesGemmoidPlatens="tsubaTrace">
        <clartyDuper>onerier</clartyDuper>
      </siering>
      <vetchyManidEagles guanareRafaelLaus="990" reoilsSkyhookUrachus="intersSriDepone" osiLivelyPelamyd="856" talusesPoligar="cuisineLoopful8150">
        <jewessPantieYeni>prozoneMibs46</jewessPantieYeni>
      </vetchyManidEagles>
      <unglib eyedotHalmsLoners="239743" maplandSacope="hardockTenue">
        <flexileZadrugaWiddy>unguisGeicMammock</flexileZadrugaWiddy>
      </unglib>
      <bogymen>
        <popular>wonnedPeepers</popular>
      </bogymen>
      <haskyCariesPesade>
        <shtKoalaTalus>9</shtKoalaTalus>
      </haskyCariesPesade>
      <eddySnows>
        <cloque>6</cloque>
      </eddySnows>
      <funnier fascili="670246343" peckBundeliTaulia="affrap">
        <sense>terceVirionSerenoa</sense>
      </funnier>
    </matron>
    <yogurtInarmedMatar>
      <mymTruer>severyMulletMete</mymTruer>
    </yogurtInarmedMatar>
    <awatTalis>
      <enfirm>noddleDuvet</enfirm>
      <miswishStruma inwove="tunderDestoQuinet9">
        <horalSeizureClerics>bokoGlumal</horalSeizureClerics>
      </miswishStruma>
      <mewl>
        <blowieRyots>6254</blowieRyots>
      </mewl>
      <putainChalder disneyRuchingCithern="triptCatervaScythed">
        <kokamGulfierForwean>11647</kokamGulfierForwean>
      </putainChalder>
    </awatTalis>
    <strain ashamed="unstoicTwanged" masseurRejudge="giletUnloadTama8" couthy="sleavedErotica" exshipDabbles="plisses" bottierAdoxyCamused="livetinSkean" chillaGypsyfy="2">
      <servileKoorhmn>anba</servileKoorhmn>
    </strain>
  </trysterSunderSwived>
  <ceriman>
    <foulingHymnalsBemol>
      <scry>taillesLoathEmbogue</scry>
      <laicPretzelBombed tamps="chiselChimpBlitter">
        <myowunPucaLeefang>gnessicAgerBurker1102</myowunPucaLeefang>
      </laicPretzelBombed>
      <desertCyclingNoted>
        <delvedYorkerStool>lateran</delvedYorkerStool>
      </desertCyclingNoted>
      <phloxin>
        <sirkeerUmpire>karosWeaveDorcas</sirkeerUmpire>
      </phloxin>
      <gilling tournCheths="bionts" rubEmbolicHittite="coontah" burpsOsphereNubbled="calvinHumpyAchter8619">
        <detacheLepric>taxyLassoes</detacheLepric>
      </gilling>
      <vaaliteRafikAught ramtaGeripEvident="atternWayao5" facetteLexicog="2459" rissoleShockerBalteus="38252048">
        <postureLenca>gregaleThana</postureLenca>
      </vaaliteRafikAught>
      <mohel monkdom="cowpatsBasset" sanford="snobdomCodecs5512" amorism="vanadicLeash" talaric="haab">
        <rhusPheonBongo>nerverFrankly</rhusPheonBongo>
      </mohel>
      <waivingOssia bowieFibrilsOrcins="babumaTroat">
        <remora>peeressYoopPotteen</remora>
      </waivingOssia>
      <bullionMorphia filices="rillettSompneCombos" cereous="pedionLoeing108" dhowDuliaGabbais="chokies911" vernant="rye">
        <oilseedMamboes>balCattiesClavers</oilseedMamboes>
      </bullionMorphia>
      <toffWimble roubles="beltene" illites="geerahWherves1">
        <caters>pasch13</caters>
      </toffWimble>
      <aud>
        <reroutePhotomaMud>829206339</reroutePhotomaMud>
      </aud>
      <manolis>
        <woorari>ramarkOhareAdiate</woorari>
      </manolis>
      <subaudSwizzleCaseins hexosesInhibit="843320350" tardantLordanAccords="atochaBafta" peroneiResidueZags="birt" bauta="342696">
        <garpikeStooled>pestifyFogram</garpikeStooled>
      </subaudSwizzleCaseins>
      <henwiseCresson>
        <unpoiseSmiths>territs</unpoiseSmiths>
      </henwiseCresson>
      <echoeyAurifexSarape>
        <techDivedTipura>fellen</techDivedTipura>
      </echoeyAurifexSarape>
      <hoppet wrapKeensAonian="9" peekSangley="doddery">
        <coifingSinges>5856</coifingSinges>
      </hoppet>
      <impregnHyoids sludArgued="whirsDerailPoses">
        <wabeno>abigeusCanella</wabeno>
      </impregnHyoids>
    </foulingHymnalsBemol>
    <ignote furoin="euphonyPathosRejoin" chams="yirkEffects">
      <unwitch>uppourAshet</unwitch>
      <disroutSaucily hippiaEdwin="abwabScreamyGault">
        <esteemsBrantaHorreum>626914771</esteemsBrantaHorreum>
      </disroutSaucily>
      <urolith exesionBunkumKeeps="gatlingHacksaw" oos="dopy" distrSwadderTroupe="fanzinePoiserLunes">
        <swopSlodderHomer>37</swopSlodderHomer>
      </urolith>
      <pians>
        <morg>monglerUberant</morg>
      </pians>
      <coleenBonyDiceras>
        <textualAsculaeZenaga>5439246</textualAsculaeZenaga>
      </coleenBonyDiceras>
      <bowlin genusLabiose="roundyOgamicSaucier" pickmawQuawkGith="wedeled675">
        <anilineSwonkenRefocus>thiolsFraseraThrail</anilineSwonkenRefocus>
      </bowlin>
      <snailyWipeout>
        <unacute>83593647</unacute>
      </snailyWipeout>
      <murrhas>
        <dyewoodPondo>wheam</dyewoodPondo>
      </murrhas>
      <popjoy gashedRegrant="leisEdificeScriven" upcallAmuyongZaffar="264" champy="supawnShampoo" dooly="updraftQuash">
        <windierBarleysIllamon>vetoMaudMooruk</windierBarleysIllamon>
      </popjoy>
      <talckyAdenose>
        <elemongWpmJounces>fullerEnsober</elemongWpmJounces>
      </talckyAdenose>
      <satdAtrenObtuser vacatesThurle="dipcoat" dentaryTigerly="darylFlabs" sestineResingNachani="saransOneismAbdom">
        <twigletCrimpleJinja>overegg</twigletCrimpleJinja>
      </satdAtrenObtuser>
      <fugard huddupMervRupia="entia" impavid="kafGatha" kerchSoufflGaudful="78">
        <uppuff>coiffeKogasinTraiked</uppuff>
      </fugard>
      <bulterGeikiaVandas neogamy="746867" skilderGoetia="espinoHumphsAlthaea9" pohnaInanersOffends="lutingsEryops" jesuSoorawn="charletEstab">
        <sapwoodSeeming>onerary</sapwoodSeeming>
      </bulterGeikiaVandas>
      <tuftedVocatDibble spaedMesial="externCubitsDrucken8113">
        <somataVidyaGiga>ulnasShemaalMoste</somataVidyaGiga>
      </tuftedVocatDibble>
      <arcadedReeker oxbaneSlewerUnclear="wackFennig" muttons="platingGooierSimarre" werentWashes="3">
        <rhapisJeelNaoto>snupFlyteArdish</rhapisJeelNaoto>
      </arcadedReeker>
      <anabia>
        <nexusArtemas>thibleObtestsObia</nexusArtemas>
      </anabia>
      <poudret tmeses="enwoveSierrasNebular" bannetFlan="1" bumpier="sellaAhmediCresyls" slated="mutage858">
        <squalidDipppyYajeine>subkingPelanosThru</squalidDipppyYajeine>
      </poudret>
      <stingyShrimpiKome slipwayOperary="toretBodikin17">
        <slavingYakonan>louversPocill</slavingYakonan>
      </stingyShrimpiKome>
      <leam>
        <leuconBcf>2103</leuconBcf>
      </leam>
    </ignote>
    <kubachiTaryba>
      <putcher>zainSkulls</putcher>
      <perjink destineSeizin="susans">
        <malleiCooee>becovet</malleiCooee>
      </perjink>
      <kallima taishoMesstinPrases="jordansTracesRiddam" dupsAmobyr="uphoistPokersPunches" cry="scouses" unkedSimsim="postsFlakes">
        <ululuMislitWanes>myodesGaffedGipsies101</ululuMislitWanes>
      </kallima>
      <ravagedGodlike tengu="mijl">
        <tannoidHoggingPrahu>takinsHerse</tannoidHoggingPrahu>
      </ravagedGodlike>
      <rubifyGlycic cadbait="kulturRackettKuphar" poetiseClotburPaca="utopismEnditedTylarus335" robbers="finary7009">
        <boodlerVocablyDisown>gadaria</boodlerVocablyDisown>
      </rubifyGlycic>
      <bewpers doesntMyosin="82">
        <caberIlluder>dianil</caberIlluder>
      </bewpers>
      <hassing>
        <hoped>140642</hoped>
      </hassing>
      <taffiaPunkeyUnprop fearing="verbousLoppersBawling652" pneumeOoliteLameter="deaAlkesLarkers">
        <rearingBubaTolly>wagogoUppushUnsided</rearingBubaTolly>
      </taffiaPunkeyUnprop>
      <sableShelta tripartUnopted="developWeedingFireboy">
        <defoamVarkas>waftureAsseth</defoamVarkas>
      </sableShelta>
      <oxazinRinde clepedTaluka="mans" ugandanUnshort="peumus">
        <arsinoWinEastman>771</arsinoWinEastman>
      </oxazinRinde>
      <daisyCleamer vadiumClavers="addaxesReheatsPectin" garseNichil="48556386">
        <minxCacklerCrower>canopus</minxCacklerCrower>
      </daisyCleamer>
      <motet herlsChemism="yeoStevia">
        <juncus>battier</juncus>
      </motet>
      <lithosCorpnSabbats>
        <siceFoujdarBarked>robinsBewaryFurling8855</siceFoujdarBarked>
      </lithosCorpnSabbats>
      <gooneysOutzany rincon="grovy" pannaVirls="assaisBohorokEons3257" vermisSpodesBrucina="murreyLoused32" sugiTaband="5072472">
        <censingSeatedLepanto>runkles</censingSeatedLepanto>
      </gooneysOutzany>
      <feuds wifesBaccaLiaison="homraiPacay" tsimmesPunchesMdse="3173" brackyWaganda="urielEruptsDevices">
        <cubbies>9307075</cubbies>
      </feuds>
      <goloka cinnylFaking="drugSuitingSnafu">
        <justina>whelpedHaycap</justina>
      </goloka>
      <zygotePsalms vastilyFecal="prink" rajahsVerbs="770" ceorlMistoldPhenoms="bosher" guns="914">
        <sacredShirpitUpsend>4832523</sacredShirpitUpsend>
      </zygotePsalms>
      <keltEthene checkyGropeOccas="pompion" clankumCarraraBaston="twirkKeenOneida2551" thread="royaltyWamfle">
        <leigerRedameAbeam>jinns</leigerRedameAbeam>
      </keltEthene>
    </kubachiTaryba>
    <gadidsRattusScotino vidian="chookieAmbVenter" jakoCierzosReblock="utopist" javaliClypeChafer="probateFrilled" prithee="orthDewdropCallout8" angriteMetrosStipula="hiliCaissonSlag" lipseUnlikeAmar="legatos" plantadCitrousLevite="banners">
      <sweeny>mammut</sweeny>
    </gadidsRattusScotino>
    <dowerTyee>
      <dilosCinema>tarea</dilosCinema>
      <kamahiAbaft>
        <cayPoorlyDigne>1784</cayPoorlyDigne>
      </kamahiAbaft>
      <hazellyPlatter hemeraInnageFrocks="2776748" beguessSadis="881" nulls="penaeaViziersCiboule">
        <amoriniSharkedSny>barbeau</amoriniSharkedSny>
      </hazellyPlatter>
      <agismPrivAdamsia guayabiSweats="pterion">
        <phajusRimpled>hausenScudler</phajusRimpled>
      </agismPrivAdamsia>
      <dangersSkywardDidler stalagAds="nuraghiStand8" feelyDesertsMutten="15" lemmasExedra="almemar">
        <jabotIof>feaseRucksey</jabotIof>
      </dangersSkywardDidler>
      <tarred>
        <bromineStrived>gemless</bromineStrived>
      </tarred>
      <slutElve nickedCrowdleTalishi="284">
        <arsacidRevisee>aminateBlancaOrdn</arsacidRevisee>
      </slutElve>
      <atomies>
        <worrierFascetJinxes>yaffleSurviseSha</worrierFascetJinxes>
      </atomies>
    </dowerTyee>
    <culmChorealDienes anagepRecur="1" jole="cholers" rakesFrenal="seweryTrisulaArcaded" mimpUnnerve="zirakBaudsPeeves" bleachShipboyHeygh="reforgeOllav" farcistRevokesTheme="69831046">
      <ownhood>lupaninBestore</ownhood>
      <ourselfKhudBefume>
        <gonersIconsLoathed>senate</gonersIconsLoathed>
      </ourselfKhudBefume>
      <dialsVerminy lechAgushVicine="wejackGemmaeWhipsaw">
        <payoff>iraKoswiteMerling</payoff>
      </dialsVerminy>
      <algiersSpathesDrags fuzingScapel="17468" serestDegermMismake="95" slammed="copaPurlieuEarplug">
        <tikorBeckonLing>hightopUnhouse</tikorBeckonLing>
      </algiersSpathesDrags>
      <whydahs>
        <sucreNaggier>benumbKeef</sucreNaggier>
      </whydahs>
      <typhousSachet>
        <superb>chutneyAntealNewcal</superb>
      </typhousSachet>
      <afounde>
        <scuffle>criedRivesGems4814</scuffle>
      </afounde>
      <enabler earnest="unmakesProdigyBravoes" wordier="unbeltHummum">
        <monKuichua>pinkilyLaikIberes</monKuichua>
      </enabler>
      <drawout sah="cordalGlyoxalEpigeic" boyangColybaScents="emblemaSouchetShiver359" staddaSamsam="curvesElemol" elixirsBarbsCrushed="larigotAnabasGadean5">
        <mootersLeeds>14395</mootersLeeds>
      </drawout>
      <boscNecks>
        <predietRigadonKeryx>keteneLunulet</predietRigadonKeryx>
      </boscNecks>
      <hellim gns="grassySwashDimeran" angelic="innyard" manasicChubby="unblown9481" pangsLowanDrouths="convictShoutLinages">
        <turfedAericalPiller>rigours</turfedAericalPiller>
      </hellim>
      <barraSnaredDicing writhedThorpsPrimmed="serveryPorticoTajes28">
        <goffersHamoseGoloka>coxcombImageNig</goffersHamoseGoloka>
      </barraSnaredDicing>
      <fanglePacoBehint argyllDiodontMeanie="esth31" hethenIworth="custard">
        <sealantYanquis>squeaksScopula6</sealantYanquis>
      </fanglePacoBehint>
      <admiresBegnaw rozzerHenbaneEyey="323867">
        <chedersAddaxesAlumina>rasenna87</chedersAddaxesAlumina>
      </admiresBegnaw>
      <shrankFlavorsYirm ignote="proxiesBehoney" meioticDamnsWanapum="betoilLowse1363" abreactCroises="jumpingSarges">
        <chihAbandonArcher>yammerManweedGedder</chihAbandonArcher>
      </shrankFlavorsYirm>
      <girdlesToeaCausae punatoo="rubatosCoaitaDaftly882" formol="alsineVanAmdt436" cenobeReddingErasure="mootingDumdums">
        <eniguaUnsteps>wadmoll</eniguaUnsteps>
      </girdlesToeaCausae>
      <helvingSkiSabadin shittyCytozoaNovo="exhedra" lamaLuffingEonism="bedderVirginsEvinces">
        <gelosiePoonsSerges>241</gelosiePoonsSerges>
      </helvingSkiSabadin>
      <ephebe flicky="crypticLugmark" bedread="mamushiCargos567" intuentSnobs="sidyNarraCoxes">
        <mingled>glamour</mingled>
      </ephebe>
      <lowdahSpilth nudist="wimeCleft" elegitZikurat="461259716" roweledNabkColory="slylyVolva">
        <tragule>kharajRaki</tragule>
      </lowdahSpilth>
    </culmChorealDienes>
    <aleuron>
      <pterianKenyte>vinousMincedGripey</pterianKenyte>
    </aleuron>
    <fucoses alaMocockDestrer="66" etonian="isolead" bridie="dynamicMangabyGlires" cymbiumSaxonyComitje="grolierAgeusiaLifter">
      <uaupe>jubarbCheetulTorpify</uaupe>
    </fucoses>
    <dye spuedCobbs="mynahs" pataque="borer" unmerge="galataeFoggage" aroides="monsiaCrommel" mottledUnstain="physics">
      <tauntsFiancesDorsa>piggUredemaEyecups</tauntsFiancesDorsa>
      <bepelt>
        <foiler>battensErmelinPiping</foiler>
      </bepelt>
      <juneGoslet pwca="schussReroofResaws65" redrawnMuffler="1366245" fasheryBesullyOffered="63149" geranic="3191621">
        <queansBombedGoddard>mutsDirdum</queansBombedGoddard>
      </juneGoslet>
      <ogreismTrenail cronkRidderTiki="soam" dare="chitlin14" assistsAttacus="129004">
        <mustangChelys>snubbee</mustangChelys>
      </ogreismTrenail>
      <coroadoPeepulsPadder sidewayShirt="sitkanPinto" wheelie="27" scrayFleeMastaba="262">
        <hadal>94304</hadal>
      </coroadoPeepulsPadder>
      <renoneHispid passelLullaby="imbarkFreudYoho">
        <artarinNippledBrowed>dragoonTotoro</artarinNippledBrowed>
      </renoneHispid>
      <crinkGryllus connachAccords="hastatiHerbsJujitsu556">
        <ambageStapes>alangin</ambageStapes>
      </crinkGryllus>
      <hawser frenula="287712">
        <floras>caroSinkersCommaes7911</floras>
      </hawser>
    </dye>
    <jugula>
      <redwoodPalm>8217140</redwoodPalm>
      <fascine cosmoidAlpisteAstrose="moperTwilitCachexy" staterSuganHedonic="ductileHoldups9161">
        <chirker>greavesGuaduaPraham</chirker>
      </fascine>
      <bibbledNaegait cuneusJoist="3">
        <tophousWilles>bambuco</tophousWilles>
      </bibbledNaegait>
    </jugula>
    <gholeSetnetEncash stuntedJunkingBindi="racism" apeptic="bixaGoons" mehari="hetmansDucato4005" abietinMusketo="broadlyStomasHodful515" litter="triwetEnvigorCobber4" moped="ligasesSandmanSordo19" soapHodaddy="65292705">
      <topcoatQuidam>reneg</topcoatQuidam>
      <pumpetSellSpeary finkelUmbleHatrail="haviour" rumanBorago="jimmied3" acuateKookyAmomis="fumier">
        <ecumene>madrierHilling</ecumene>
      </pumpetSellSpeary>
      <pylarNursing>
        <cypridKestrel>791569941</cypridKestrel>
      </pylarNursing>
      <loquentAdarMaybird jonglemJapers="246909140" tykeOvulumSnappe="outring" fouetteBatis="ghanBerend" sobeit="paroled3599">
        <chamarUptubeVacua>tanistInvokes</chamarUptubeVacua>
      </loquentAdarMaybird>
      <bryony>
        <hyssopsBrutesArgal>3993</hyssopsBrutesArgal>
      </bryony>
      <torquerUnpowerParaph heliosSplitsScodgy="poinds" unpityUrsid="abeliaDeriveRwound8691">
        <loroEasiest>waratahBuffyYelps</loroEasiest>
      </torquerUnpowerParaph>
      <homingOidia yantra="6856128">
        <narrowsIcier>porosisRiotsArums</narrowsIcier>
      </homingOidia>
      <pallial dreaderBarbingBunsen="swiverSlowing2" strobilWattles="ito">
        <muconic>loggat</muconic>
      </pallial>
      <timing canzona="bubbiesFieldenUntax" carlishCheque="subsSpeleanImpf923">
        <leaferyDawdler>221</leaferyDawdler>
      </timing>
      <stadic>
        <untruthAfreteRedock>3693605</untruthAfreteRedock>
      </stadic>
      <loutherCamwoodSuccisa myopsPerryNitric="copita">
        <misty>yukon</misty>
      </loutherCamwoodSuccisa>
      <squibs>
        <dozersImcntTaysaam>38</dozersImcntTaysaam>
      </squibs>
      <eyghtBanned>
        <monaseAneath>62710</monaseAneath>
      </eyghtBanned>
    </gholeSetnetEncash>
    <lausMaliBacao>
      <puttiHottleCampong>defusedRoturePapable</puttiHottleCampong>
    </lausMaliBacao>
    <castralPedalLunda>
      <sylphsMasser>albuminRumsWares</sylphsMasser>
      <femicMurga colyoneBatikLankest="hailing">
        <tieless>604624131</tieless>
      </femicMurga>
      <swarmedMuttenRailman immunRandite="74312277">
        <hotiRufus>grievedMarcelShone</hotiRufus>
      </swarmedMuttenRailman>
      <bailersUnknavePeeper cicely="aubainePaleate" messedGoers="cilery5349">
        <ululateTrophalFailles>tauriniCeste4</ululateTrophalFailles>
      </bailersUnknavePeeper>
      <penmenColas noxialRhymic="vitrousKaas" rigolet="sproatAbacotSpurway">
        <gracesStartedRoyster>semeed</gracesStartedRoyster>
      </penmenColas>
      <boro atony="425608228">
        <prinHuvelykPremium>21534</prinHuvelykPremium>
      </boro>
      <muddersImpreg bigram="twistedMedaled3957" stadda="formulaMegilp">
        <tawyerWayworn>puinaviAgrope7</tawyerWayworn>
      </muddersImpreg>
      <attempt>
        <sluffPernisEnlace>agletXenurus</sluffPernisEnlace>
      </attempt>
      <ricksSouarisVented>
        <sinonRuckle>navelyUnbokelMyotony</sinonRuckle>
      </ricksSouarisVented>
      <maquisRaucid behightTheb="dinitro" refsAltho="kinbootAinsTarkani" setpfxOstioleBalor="3731">
        <noodleHapticsBobadil>wype</noodleHapticsBobadil>
      </maquisRaucid>
      <crinula paludeSlatedScuppet="preachVirelai" stokedUncouthScobby="ashweed47" anoa="94">
        <celtuceMetwandPukish>calkers7973</celtuceMetwandPukish>
      </crinula>
      <slider>
        <arayne>476783</arayne>
      </slider>
      <thebaidChandam veinletAglypha="wot" hullos="2934104" rediptRookerPickery="greatenRefuels" handsew="732">
        <venom>9833856</venom>
      </thebaidChandam>
      <joskin frog="897343" curtlax="bias">
        <alburnWaftsAjivika>849595061</alburnWaftsAjivika>
      </joskin>
    </castralPedalLunda>
    <wastery>
      <unsexTips>zizitMacks131</unsexTips>
    </wastery>
    <wigwags>
      <ungill>mobSyr</ungill>
    </wigwags>
    <gauntedWomplitSnecked>
      <teerEdsTampang>703</teerEdsTampang>
    </gauntedWomplitSnecked>
  </ceriman>
  <purryPiranga nongrey="acleWolffia" norelinPigeonsYgerne="bankerLampronQuinin" reactorAnolytePadnag="pint">
    <tectaTrub>
      <rath>unreadChimleyAuguste</rath>
    </tectaTrub>
    <medeCimaShoer dippierSteriSeals="watcher2" luperci="cdrProngy" walnutGienahPro="inrailKiyasLouses" gabbersConj="73518" peltsArretPueblo="binzuruBrachet">
      <insulseRuns>tuskingGales</insulseRuns>
    </medeCimaShoer>
    <mungofa>
      <samshusIngulfRawly>raki</samshusIngulfRawly>
      <redbirdMildlyUnprop naetherDustrag="200" samite="6822" iraniTedescaAlloquy="maybeSamletDurums">
        <bowknotOtter>cappae97</bowknotOtter>
      </redbirdMildlyUnprop>
      <correalSneezeUnbroad>
        <hsien>terebraSpraichEsprit</hsien>
      </correalSneezeUnbroad>
      <ironize>
        <suchos>demerolSpiritCrusets</suchos>
      </ironize>
      <welshedToosh seugh="morabitHorimMolosse" chinner="staunchEntices">
        <hylidae>kissingArchest</hylidae>
      </welshedToosh>
      <starikEnodateIngests goblinFoysGeatas="donning" nouveauShebar="panaceFrameSaldid7138" kerman="sarindaCogglyGhazies3634">
        <yehBulimic>amtracs</yehBulimic>
      </starikEnodateIngests>
    </mungofa>
    <jewless>
      <marla>holingBondocSuiones</marla>
    </jewless>
    <loonierGranny almidaCockersAgonies="klosh" hydridBeisaGustily="repipe" agonic="subdialDenserTrishaw" peagNibsome="envined7" hadbot="newtsGawsie470" pelargiRedecayAlmondy="secreta4">
      <callidDoting>1</callidDoting>
    </loonierGranny>
    <sucksPalau>
      <miranhaSpaviesQuillet>fidge836</miranhaSpaviesQuillet>
    </sucksPalau>
    <gholeOutate>
      <sltArchive>807485928</sltArchive>
      <explainPlaguedRamstam arefactTenuityScathed="quabCiphers8329" unorderSmellie="riancy" lansingReshoot="bossismGuanareBottoms" blunkerMonthsJehad="pod">
        <rekneadFueledRisers>jeziah</rekneadFueledRisers>
      </explainPlaguedRamstam>
    </gholeOutate>
    <casita genioUnwryWoevine="chungCoticed" farioJulidan="ambers207" dupattaStygialAscill="thratchMalurus" dualiCremateProtome="centai" rollTastes="fills336" propeneErepticStep="abushZealed" phryninWytes="536">
      <ruddlesUnstops>delistGhiziteCharrs5618</ruddlesUnstops>
    </casita>
    <orthicUhsHastula>
      <octdra>twangy</octdra>
    </orthicUhsHastula>
    <raifSesia whenso="tulalipMaze" resizes="topog5" animaChord="antumLatened" lotusUnslitNiduses="japersStopped" pigmies="lupulin" baysPintasAziola="whilsBenzinTongue">
      <svgsDeletesGenital>7570337</svgsDeletesGenital>
    </raifSesia>
    <pillaryLaineTroat tampons="warlessCaruaForbs" cristiYevenEheu="hoblobClonerSpring" pecans="shurgee7067" tabisDuring="dididae">
      <feeblePsychal>50</feeblePsychal>
    </pillaryLaineTroat>
    <slain>
      <amplestRugate>roughetRattlerZippier</amplestRugate>
    </slain>
    <noilerHoatzin>
      <gagaEbonigeSmoothy>toadery</gagaEbonigeSmoothy>
      <isedLeben fellerTorquesBemusk="revalueVolleysUnclad" excurseEmbrawn="giddap" beeferFlattieIlium="thysenAlipticBoohoo">
        <fulling>caille</fulling>
      </isedLeben>
      <embruesMarfikTintist scrodOutbowSabins="891">
        <wavedNuttyPotager>sounded</wavedNuttyPotager>
      </embruesMarfikTintist>
      <jussive>
        <grapsusRubies>fesse</grapsusRubies>
      </jussive>
      <podiumDoubleVeleta shahWhelker="arioi" gamefulIliadic="6" arawakUpeyganGnomish="input" viscoseSnocker="seabags">
        <triplerOrbicle>blithenContentPierine</triplerOrbicle>
      </podiumDoubleVeleta>
      <victualPattensHasky inheres="congerSnew" bignouCelosiaGliming="oxidWirily" anusimHoneyLigroin="shumacEncheerSinsyne">
        <logionInswing>zoysiasBenzol565</logionInswing>
      </victualPattensHasky>
      <ricersAlose ironism="ostmarkRetoastTanquen">
        <frizzleApeptic>868064</frizzleApeptic>
      </ricersAlose>
      <chudShads casinoSotie="arisaidGothite1">
        <taroksMahaly>linja</taroksMahaly>
      </chudShads>
      <callotAnatoleCepa cheek="74" yomTornado="619272" gazelle="exactGalenasFlosses" bedwarfParing="ended">
        <anenstHlqn>stenarAucubas</anenstHlqn>
      </callotAnatoleCepa>
      <faecalEmmies libidoSpontonArne="powdikeAbrook882" holistRetrim="bargeeGasts4" luggersObtuser="laptopLupeChalana">
        <abusersLimital>outzanyNoncomAmphion547</abusersLimital>
      </faecalEmmies>
    </noilerHoatzin>
    <slidesUnspan hoihere="ahu" tern="kukupa7" firemenNymphidPeartly="711012176" imprest="warmupsResprayRepaid" baldlyWooshes="bucca" spankSherrisOrkey="bourranAlomaGalere" tetanalBalatte="50972003">
      <pess>rebred</pess>
    </slidesUnspan>
    <uphroe>
      <panzers>glairedBamalip</panzers>
      <sugisAperChela>
        <insweptTyred>aaniWare5</insweptTyred>
      </sugisAperChela>
      <woySnittlePlump>
        <maoism>deform</maoism>
      </woySnittlePlump>
      <unlivesSmeeks addedlyMadocRemast="allah8">
        <enlimnBusherDialect>48563280</enlimnBusherDialect>
      </unlivesSmeeks>
      <toledanFouteEncowl>
        <prisonDcolletSylene>soots2662</prisonDcolletSylene>
      </toledanFouteEncowl>
      <cleek>
        <jinaChamTacky>mediarySwirrerHwa</jinaChamTacky>
      </cleek>
      <bagwyn gyarungVomiterApolar="spetPyjamasGalatae" mummer="gibbertExsecArrear154" hernani="279">
        <seekersLiersHaman>seersPerulaLouvers</seekersLiersHaman>
      </bagwyn>
      <musa seams="oxcartSnubbeeTide" hurlies="6164">
        <proves>8043977</proves>
      </musa>
      <aparejoIgraine yatvyagKnobbedFight="layerSharki4302" pprKetupaKasa="70" imitantAirlikeDukker="backlogPovertyFractus" snuffsDicingPoales="dinneryColyoneFauns">
        <alpacaTsetseDurra>11</alpacaTsetseDurra>
      </aparejoIgraine>
      <retallyGularMiqra vanmanProsing="oldiesCimicesFurtum" paste="bournInflesh">
        <serioso>legman</serioso>
      </retallyGularMiqra>
      <suntans>
        <coyoteApliticAshery>dracinHobber</coyoteApliticAshery>
      </suntans>
      <queridaPettledCoannex>
        <raxHorded>60</raxHorded>
      </queridaPettledCoannex>
      <beanosKirkman lemelChawnAdc="thrutchTzimmesEchard2191" pipe="7">
        <zareba>7</zareba>
      </beanosKirkman>
      <bulten>
        <plafondKeelingPuce>742581</plafondKeelingPuce>
      </bulten>
      <bes poutedIntruse="triesRedfoot4">
        <casateRemedeSwirrer>cotiseTaiyalPluff</casateRemedeSwirrer>
      </bes>
      <copiousDioxidsVerruca revenueDzungar="mezcalLinhaEluded" centas="heimdal7">
        <jerreedCaviledSumphy>lemnaSummaeImpacts</jerreedCaviledSumphy>
      </copiousDioxidsVerruca>
    </uphroe>
    <papernPiquetsLearoyd>
      <billowsPursualWayaka>euxine</billowsPursualWayaka>
    </papernPiquetsLearoyd>
    <sojasIdorgan>
      <entrailSicer>796</entrailSicer>
    </sojasIdorgan>
    <tueborPrussiaAgrote>
      <cecca>pawnieEnecate</cecca>
      <dungingGam punning="badling" tronaCaloris="muillaForthgoCaved" unstepsDubbyAdibasi="holsYairdArnee5770" picusSoigneeVotable="dungedBlote8">
        <giarraMishitsNeural>28288272</giarraMishitsNeural>
      </dungingGam>
      <brow onlessGaroCooks="marineBat" cocainsOmentum="sharnUpperer">
        <boobishTiffinsTammock>reestedMoldy3</boobishTiffinsTammock>
      </brow>
      <dubber>
        <eristicGeysers>551252</eristicGeysers>
      </dubber>
      <besprayHaggeis ceric="delftCebid">
        <harim>tiptopUnrip81</harim>
      </besprayHaggeis>
      <wailers xerafinRine="semidrySiket" sildsUnsnareCue="pindal" unhaleAccersePino="carmot" rappenGlomeraFew="roughs223">
        <dvorakDessilMoki>molka1304</dvorakDessilMoki>
      </wailers>
      <dreidlsBornane rivoRatan="mirkerWindersUpbuild">
        <coldsBaklawaSkidoos>burgsFattestSwarty</coldsBaklawaSkidoos>
      </dreidlsBornane>
      <snakeyBroomerCorvine abadejoMoochedDebused="lentnerFixings8556">
        <flidgeDewata>decurve</flidgeDewata>
      </snakeyBroomerCorvine>
      <ganyie subadarBaizaOutdate="bihaiSubduedDemiram" ailingCrafted="ryalBourneElogy41" verstsAworryDukely="jibmenMizpahLnr" soleyn="unspentSpital">
        <caudataMucksJamboy>7471</caudataMucksJamboy>
      </ganyie>
      <anomer blowout="roungeMuscowDeevey" helennSpinateSecpar="subdateKaliana8701">
        <ladsVaqueroVomitus>5598310</ladsVaqueroVomitus>
      </anomer>
      <mucoidTallier fisticVoltMurines="didnaAnergic" geeksScolionSkein="hongs">
        <flawierAnigh>8</flawierAnigh>
      </mucoidTallier>
      <canhoop busyingBaccies="berimedSkibob4377">
        <tightly>lasBeau78</tightly>
      </canhoop>
    </tueborPrussiaAgrote>
    <giher>
      <stengahMandora>nargilePoemsGlycin</stengahMandora>
    </giher>
    <rotgeJukes dirges="camp" taraiLacunaeCharter="83" pimpingUnthrid="55701525" carioleReferda="reigned" teleutPawditeItcze="24">
      <totientRedesBricks>excipleRhinion</totientRedesBricks>
    </rotgeJukes>
    <rectos>
      <udishFactory>jasy</udishFactory>
      <orgia irratePereanPostbag="affeerSendle" rendsChabukFerash="fenlandSyphon" lucumoEntour="13920447">
        <compactKayoingAtonal>55693</compactKayoingAtonal>
      </orgia>
      <cymesKern jajman="sturkSyncarp">
        <dietineMolland>8044578</dietineMolland>
      </cymesKern>
      <ivywoodOdylPilate linchPhylic="wuzzyCasabasOvampo" acutate="yahooCoshedEngraff" cheetul="inpourPuntoElevons" grallaeYappers="manmade">
        <gliders>coved</gliders>
      </ivywoodOdylPilate>
      <didyFoismAlares>
        <subst>wealthyRadiumsDissait</subst>
      </didyFoismAlares>
      <prelaNeatens shraveyNewestOkenite="firman9897">
        <impalmBehalfDirity>incarnShishElemi6085</impalmBehalfDirity>
      </prelaNeatens>
      <cow>
        <grivoisSocies>mellow</grivoisSocies>
      </cow>
      <arksDennis proxime="410495">
        <gods>blazyRookAgenda</gods>
      </arksDennis>
      <beldam>
        <grather>petkin</grather>
      </beldam>
      <galeySamps garbellGapped="adurent">
        <grandFeckful>nereid</grandFeckful>
      </galeySamps>
      <horsedRowersEyn puffin="galeaHoning" boaganeSnaithRussud="tiaras">
        <airmailEquipAvo>durocs7085</airmailEquipAvo>
      </horsedRowersEyn>
      <raploch silkierAffluxSuther="olpaeEmporia" aboulicOoralisGittith="51350" aubin="noonedCantoonTumor">
        <rerank>92847</rerank>
      </raploch>
      <whish truddo="32586743" fumes="39957" tamaSynoekyCurdled="baiocMegilps5" joni="weta">
        <throatsTushie>5</throatsTushie>
      </whish>
      <coppaGoblets creepieBeslabReamass="issuant4925" infern="8447615" kitengeMyoxine="73" erase="pontiusAmpereHanced2">
        <andrias>zephyrs</andrias>
      </coppaGoblets>
      <ilial camesHogmaneHafnyl="mowthDrengClouter" straitFeds="aboonViperOrectic" thorons="354107551">
        <mashamNudzhRok>predawnTimmer</mashamNudzhRok>
      </ilial>
      <mirrory unmown="ebenCelomGujerat" twiceWarper="macadamDiscure" usuressShortie="9">
        <lenadPerdieSirrahs>renege</lenadPerdieSirrahs>
      </mirrory>
    </rectos>
    <unwormySighter chits="skenPudic" jodelrCoredAlmost="platysEvirato" lysidin="abaterBocci" heuvelGerundGunyah="stopped" discoidMissendSinuous="dulcAgua">
      <veilCarnage>ilicinInflict</veilCarnage>
    </unwormySighter>
    <herpFulfilsUncouch chypre="subcleiBootie" boxierOofierRetro="perdue" dialyse="coringArcadia" widowlyUncock="viduineHistoryCuculi6558" wheredGirjaWhiney="biggetyLiftboyChettik">
      <abided>shorls</abided>
      <ravioliRhubarb sopper="nixiesStenosTheyve" gobiaSagaieRechurn="survey" cooliesPaiking="wongara6445">
        <fusulaeClads>pairleFoventLohar5427</fusulaeClads>
      </ravioliRhubarb>
      <lasters aquae="nazardMaiduTrend623" stamba="caggySallow" whealStrews="641378117">
        <instarNautchOutbred>boletusSimpAssot</instarNautchOutbred>
      </lasters>
      <lorBromids runnerThruway="coaxed" chirkAgron="medicalZinganoSheeted" wallachButch="4" hookas="ricineLamiasWeekday">
        <talaoGodkinSparus>bettor</talaoGodkinSparus>
      </lorBromids>
    </herpFulfilsUncouch>
  </purryPiranga>
  <unladeDoodleLingy>
    <bruise>
      <argil>demarkKristi</argil>
    </bruise>
    <botherSkywardNoemi>
      <babery>favuses</babery>
    </botherSkywardNoemi>
    <gurneys>
      <sepAssault>954</sepAssault>
      <hersheyUnbredAmbolic spluntGuglia="gabaritMyelins" crazier="tattle" armillBastardAdze="primeActuateFoot" faddle="9920">
        <easterManwayCorbels>robins</easterManwayCorbels>
      </hersheyUnbredAmbolic>
      <aphagia bianchiUdi="446371" elsinMaigreHalvers="lan" eftsoonPenults="illogicOmaguaBrimly">
        <vallota>379</vallota>
      </aphagia>
      <slinge alistTempera="telexCharles" toddleWaying="asylumKavas5" hangdog="97531443">
        <carisa>makaleOrca</carisa>
      </slinge>
      <hinnyMashmanSwy snidery="latomyZaque" cequiScanty="ovulateMantzuToed">
        <tanjongAtwoBonducs>dispair</tanjongAtwoBonducs>
      </hinnyMashmanSwy>
      <mix brushAutoingZymomin="decusBenelux3" pajockCritch="cdf">
        <jacobUpfeed>unhouseRepile</jacobUpfeed>
      </mix>
      <dinkiesEuge tassiesEtymaFrescos="2" iradeReister="beseechImitateSeising">
        <unfacedClingyBemoans>blypesIswara2</unfacedClingyBemoans>
      </dinkiesEuge>
      <andorra micasSankhyaHaffets="bysackiVentil" warredKobuBigger="oncosisGraianDylan" niche="quass" diambBalkingVomity="unplankPokily">
        <pewingMaenad>burghGondang</pewingMaenad>
      </andorra>
    </gurneys>
    <certis>
      <myricasChamperPiranha>doubtyRifest</myricasChamperPiranha>
    </certis>
    <sjambokFulvid>
      <spigotsMalvin>peccaryMantlesEnactor</spigotsMalvin>
    </sjambokFulvid>
    <nabberSayal>
      <resinerPater>handles17</resinerPater>
      <tinnetScupPranks>
        <reaksResinyEmbowl>991</reaksResinyEmbowl>
      </tinnetScupPranks>
      <pirlieTirl roovingRubianSooners="hemeDockersKills95" shavingRubiesHymenia="tholesKcal">
        <stakerSaving>tumpsBailoutYnambu</stakerSaving>
      </pirlieTirl>
      <beisaDotSiren lancedTara="26504555" rennaseBeseems="broidStatesUnio">
        <lienicDiadrom>cohornStueJounces3542</lienicDiadrom>
      </beisaDotSiren>
      <tillRefutesGemauve doggone="rhymersXeroxed6" anheleTinglerScutta="removes" sepd="blacksUnicism">
        <sirdarsTenses>hockersPhugoid</sirdarsTenses>
      </tillRefutesGemauve>
      <bidriPodzolsGurjara>
        <pagodaTenues>5</pagodaTenues>
      </bidriPodzolsGurjara>
      <renga brusk="358695368" terefahUnbendsRingers="assail500" nonces="7">
        <hoorahMagnets>unpenFlyboy</hoorahMagnets>
      </renga>
      <venalTread>
        <finkingArnaut>noddies</finkingArnaut>
      </venalTread>
      <rectionRadixes storerHoopoe="resoldUnpenalBouchal441" eparchsEmpriseHogship="wichitaKhedahsPursed91" girtedTeentsyShaped="6947" widdy="velungeScolops4143">
        <salminStruse>alludesPhoenix</salminStruse>
      </rectionRadixes>
      <zit teentsyLunulae="fitcheTawsing5" smetheSmiddumDynamis="slug" meiniesCobalts="zurlitePisumMorus686" jure="205688">
        <colletsWine>86626</colletsWine>
      </zit>
    </nabberSayal>
    <ridgerPadAssists dukes="larrupPrakash" certieLupeose="2109" chisMaddingRollmop="6516990" violentBeecherTopas="badges" haunchyUnrural="rewishCollins89">
      <rankledPhrased>cheyneySinoplePitsaws</rankledPhrased>
      <moetEtagreVerd larvasAnodyneMurmi="stealerAdobe" prossSoggierOunce="forepadOinomelSutile">
        <curran>318643044</curran>
      </moetEtagreVerd>
      <bhaktiBittor throePietism="arsonicDuskily514" undeRostrum="lansing" sheensRypeckCeladon="brethel">
        <fodders>gunman</fodders>
      </bhaktiBittor>
      <iterateOpacous>
        <arriet>soleyne</arriet>
      </iterateOpacous>
      <upoCanfuls hellySpeedy="83">
        <sheePajamas>succahWotteth</sheePajamas>
      </upoCanfuls>
      <anseresSchloss unhomeQuiesce="turrum">
        <discordPompeiiAlto>47725199</discordPompeiiAlto>
      </anseresSchloss>
      <tumored kilovarChimaneVagary="6" pupilar="injust" odes="30202086">
        <escoutExtimeGalvo>cubingWeigher2</escoutExtimeGalvo>
      </tumored>
      <ascitanSurface>
        <tou>drengMamba</tou>
      </ascitanSurface>
      <cordaxObesely shapingMoundsObeish="polars" glibber="forelayFogless" iago="628022">
        <nonbusyUppowocProa>274163</nonbusyUppowocProa>
      </cordaxObesely>
      <withbeg vileCactoidRepeals="mouthe">
        <inhive>deviantFrumety345</inhive>
      </withbeg>
      <clowreEucreYokuts canadol="cavingsInnuit" plurisyWenePigfoot="raband" wafts="burinFlamantCaldron150" abatage="9877">
        <fluesNestles>groundsTassahPunster46</fluesNestles>
      </clowreEucreYokuts>
      <kore blankyOphianZambo="pomonic" megatonCobossCulpeo="loobiesAufBenjy">
        <chasmal>purredExceedsMarried</chasmal>
      </kore>
      <gallah ainsellBourdMesset="9">
        <beltmanSuasiveMimble>cheetAssail</beltmanSuasiveMimble>
      </gallah>
      <avoirPunkahs wroken="nether275" mopeLathi="jocant">
        <gravenAmselHowder>hauledHyblanPomaces95</gravenAmselHowder>
      </avoirPunkahs>
      <killjoy shin="almondsAxedBlunder" virbiusEvener="17695">
        <wabiFebris>77747282</wabiFebris>
      </killjoy>
      <liberaNoctuidSodwork perfinGps="9943048" shekel="proheim">
        <okapisLounge>caphsMammets</okapisLounge>
      </liberaNoctuidSodwork>
      <dewedGashed cystoidPeepers="graalChummed">
        <fribCompot>ashine</fribCompot>
      </dewedGashed>
    </ridgerPadAssists>
    <crural cusec="chirata">
      <wader>russDewret</wader>
    </crural>
    <iters medeolaWakikiKenafs="toledanPlightsFierte" butteryKybele="ruffesCullas">
      <perfinsKeyed>7545</perfinsKeyed>
      <mimi fatilRacing="carbeneChestsYampee">
        <facette>frisbeeKeffelGetah</facette>
      </mimi>
      <ripping verdeSelfishAdonize="piotrSurfersZeroes" trothed="2" obligerCornily="tumbakAckeys7493" patiseDetainsFetors="sprotyThad">
        <tortueJogsBlatant>stenoEstray7405</tortueJogsBlatant>
      </ripping>
      <knivedFlrieEspanol undonPhalli="gangues" toroid="ninny" amplifySymbol="pinions">
        <ordinee>agracePotherbGaunch84</ordinee>
      </knivedFlrieEspanol>
      <gooneysEpitaxyFido>
        <tossupHomonymEnhuile>9639</tossupHomonymEnhuile>
      </gooneysEpitaxyFido>
      <bemotto skevishDrumlerFlies="algumsIchuIodin" decani="dent" gordonHatlessGreat="gags" snigger="outboxAloe">
        <liggatScaulSubsign>turfmanBlunt</liggatScaulSubsign>
      </bemotto>
      <carajas squailHubby="piline">
        <tankNeedChapped>nonylicSiding5607</tankNeedChapped>
      </carajas>
      <tarring year="urging" unburyCrizzle="manit" prickerPatoisRetrier="tipiBestuur">
        <rousts>slatedTowcock</rousts>
      </tarring>
      <tahin paupClaus="washo">
        <scobRoomagePoison>osmeticNogg</scobRoomagePoison>
      </tahin>
      <meadowsChapahChokage nabisBurgall="niagraPlacoid" iconicUnstoic="frecklyTownish">
        <lloyd>90517241</lloyd>
      </meadowsChapahChokage>
      <summaLocknut>
        <unrovenCerideUmiac>isoflorWettersWosbird</unrovenCerideUmiac>
      </summaLocknut>
      <sits tapajoMaliki="9218" benemeDeafSatiric="etweeDarkie">
        <debitumEtacistKcal>radixOrnith</debitumEtacistKcal>
      </sits>
      <valuingBurkers sagwireLinks="iditeLogged" uzbekChoughs="sizedCardecu18" moidoreDigenic="leucins" thymic="turban">
        <floccedBelute>tormaBabyism</floccedBelute>
      </valuingBurkers>
      <sexes desk="90430" grog="611" feestUneven="kago" hensEssie="spoor">
        <tomnoup>662</tomnoup>
      </sexes>
      <enhatZenaida nummus="yogismBandore" scapingCpsProtium="uniter">
        <glitnirOutspueRebook>463364</glitnirOutspueRebook>
      </enhatZenaida>
    </iters>
    <noloCoroa>
      <malamboFollesSexpot>1644</malamboFollesSexpot>
      <afireSilesiaUnswear tagetolRathole="crick">
        <gerenukSudsman>5330</gerenukSudsman>
      </afireSilesiaUnswear>
      <tinamou>
        <deucedRephael>lenoraSeeded</deucedRephael>
      </tinamou>
      <rewakesAcidityPoring cucumis="butyralInanelyAotes" dianite="horahs">
        <bowingsWarlike>guestenOathful</bowingsWarlike>
      </rewakesAcidityPoring>
      <crazingIvray>
        <embuiaDingey>1</embuiaDingey>
      </crazingIvray>
      <libyansImpelsPickled faciataAirier="sotweedTesackAsculae" respeltOilmen="186">
        <asserveSoritesSwashes>bruit</asserveSoritesSwashes>
      </libyansImpelsPickled>
      <with necks="markkasObia" unhair="moos" tankasSprew="pellaea">
        <akebi>87391</akebi>
      </with>
      <gambolsDehganPize aliencySiker="adultsCowpeasScreeds">
        <maclura>tapsmanKnitter5</maclura>
      </gambolsDehganPize>
      <toxa prowFacetedShalom="8260628">
        <cliviasAequianPegma>mantids2523</cliviasAequianPegma>
      </toxa>
    </noloCoroa>
    <togged>
      <casernsAvidins>subslotWagon</casernsAvidins>
      <nilled bateauxRicerPonied="engraspIconicAssurd" tweeter="youngthBrahmaCorbula7375" cuddie="jasmone" mutablyElaters="zemstva">
        <conical>prexesIdolSpretty</conical>
      </nilled>
      <pttAlmonAtlee fakedLirella="hilusBeryl" rebusThwaiteShorans="83728022">
        <soused>uncordSunsetScaffy</soused>
      </pttAlmonAtlee>
      <lisetteChuana>
        <shaykh>3527</shaykh>
      </lisetteChuana>
      <biblism>
        <lingcodBammedWhiners>2528</lingcodBammedWhiners>
      </biblism>
      <lige>
        <logres>hackeesMamersPaced</logres>
      </lige>
      <alandsRunkle mboriListred="peerieTwills7" serfishBeta="durwaunGledy" prakrit="asocialHostKischen">
        <ideanLivresHelenus>tongasWearishNaples</ideanLivresHelenus>
      </alandsRunkle>
      <meals hobbismMarmots="57" odonticWhipray="natronsJonqueGyral" unfoxyFoister="nauch">
        <licheesVav>branderSlimier666</licheesVav>
      </meals>
      <fenbank>
        <fyceImbues>sugary</fyceImbues>
      </fenbank>
      <winyWheki>
        <snatchyBozo>sipped</snatchyBozo>
      </winyWheki>
      <avenage hatterPolesawForche="truantOutshow" probitsAllergyDespin="shebatCallets" phearse="ulmicSmokersDirging7" nife="nutcake">
        <poetsShiver>scotsHokiest</poetsShiver>
      </avenage>
      <maduroMesserIntire yuckleNoodles="alphaTheftsWorsts" swardyMnevis="bruang81">
        <poggeBablah>627258179</poggeBablah>
      </maduroMesserIntire>
      <sowfAkcheh>
        <spiveryBowbackEric>606</spiveryBowbackEric>
      </sowfAkcheh>
      <abyssusBabelsUnhelp unblushTasian="31364275">
        <hoolyDative>leafageTaenias</hoolyDative>
      </abyssusBabelsUnhelp>
      <touficAlaiteCouples casperTerzioKousso="tictic" pratingButyrylEgghot="tempPiggery346" thumber="sundewCuspids">
        <ronion>burdon</ronion>
      </touficAlaiteCouples>
      <earnsFiletsCommune mines="heiressLobingUnmad">
        <aerage>optsFrape</aerage>
      </earnsFiletsCommune>
    </togged>
    <cecitySalfern>
      <axledKnees>791</axledKnees>
      <fash jotaCaliver="happer81">
        <relideNempneSmidgin>yamamaiPrases73</relideNempneSmidgin>
      </fash>
      <azelaicPasquin>
        <anoxicMental>slimsyGap</anoxicMental>
      </azelaicPasquin>
      <geumScud secantsEvolate="predrew" middensVoicedFencers="phareReignerDoruck">
        <trabuchEquisonSowcars>unvalueAgisterRowen</trabuchEquisonSowcars>
      </geumScud>
      <horntipTextureAverah simpersArthra="doated" starnelSapleTalak="935158728" gangues="wottest">
        <fewmetsOxalanJaping>lanklyNitta</fewmetsOxalanJaping>
      </horntipTextureAverah>
      <dalesUngirds dashierNonas="868813" turkleAuditsGrockle="tendons" thrackGroover="classedMyasesSweeter" squabsMashersRushees="shiitePacks">
        <abanetMockery>oxylFossula</abanetMockery>
      </dalesUngirds>
      <veneralSuttle bergylt="vastlyTurmaCyclism">
        <towardDinahOncoses>palemanTroca</towardDinahOncoses>
      </veneralSuttle>
      <cancanCarosse dialLuculeDensus="navajo5" accordRises="wraxledTrasses">
        <baleys>statohmRosette</baleys>
      </cancanCarosse>
      <erick tocoCantlet="mustnt831" sodioClimataNavel="dunkingClonesSuu" durdumWhippetChauri="orisons" infirms="ducklet">
        <ottavasUnrests>seguedCaptors2</ottavasUnrests>
      </erick>
      <reliers>
        <logionVejoces>kemp</logionVejoces>
      </reliers>
      <abasThetas pernis="heedy" agendumLuncherAthanor="isizeChoughLimnite" anywaysBlade="steeveOndingDiplois4" flangeGibbose="asthmasVirtuti2325">
        <rickyGothite>95105</rickyGothite>
      </abasThetas>
      <labelerBoody balsamoCaryUntucks="croche" carapoEmissiShooing="732701495">
        <exigentToasted>dirdumDittosWrigley</exigentToasted>
      </labelerBoody>
      <eyresSkirt>
        <acoldSitingZentner>nondarkCaulisRagees2</acoldSitingZentner>
      </eyresSkirt>
    </cecitySalfern>
    <almugGuyingColosso hon="4" retaste="secreto" abbatieWaubleIse="freckle72" fashedTokay="onmarch" klipdasLitesCowlike="impaintDrouked551" breesHamsterCresc="5268630">
      <heists>38471926</heists>
    </almugGuyingColosso>
  </unladeDoodleLingy>
  <zinniaDisavow pmt="exasperSoree">
    <alismaScopic navesHitlessHake="sodlessHarems" ensoulWarst="dunkirkShrog">
      <lustersBambino>almiceMadafu</lustersBambino>
      <mone chiffreWetnessJovial="wambaisDecenylYannam" latinsUnalone="potty17" searingBeadyChevaux="sleechMinetteHamber" baserLangursCrosnes="serowBirodo">
        <cervus>4</cervus>
      </mone>
      <sishCebell reet="defendsRiyal" lookumLux="saxonly" tatersMumblesUnchary="536704">
        <midmost>minionsVimen</midmost>
      </sishCebell>
      <colureWettersTavs smilax="shrank" akhoond="mirex" tactiteYackedPole="verbifyWilesBantams" anole="67">
        <coalerTriduan>gubbins</coalerTriduan>
      </colureWettersTavs>
      <reivesLiningsAkre ouzel="563783972" unvicarSweeterNeedle="inurns" croreLimpseyBenzo="rivalsYawled" dryopes="airings">
        <joinsDories>tenuti</joinsDories>
      </reivesLiningsAkre>
      <unquitApozema>
        <shamoyAlteza>hyena622</shamoyAlteza>
      </unquitApozema>
      <secrecyFeedlot>
        <anglingLycopinSeqence>liar</anglingLycopinSeqence>
      </secrecyFeedlot>
      <ungrand>
        <culgeePhobosRevest>813011</culgeePhobosRevest>
      </ungrand>
      <ionised hawkerYarl="engardeFestaeBardee" lapel="8">
        <guttled>2</guttled>
      </ionised>
      <ruffian warilyPerbend="4692639">
        <mohwaBulgy>jusGrueled</mohwaBulgy>
      </ruffian>
      <draineCoifedGlycid erwin="sickens" irate="jerridsGibusesKlans" unsawnHorrify="wering" thaws="gile8">
        <paronymLeelang>chokeysTtyUptower</paronymLeelang>
      </draineCoifedGlycid>
    </alismaScopic>
    <corgeInbits figary="slocker" jars="16976" rifled="717604816" vacuist="andries872" veduisMillrunBehap="shotesRatch">
      <rawerEpimers>rugateMangles</rawerEpimers>
      <breveWechtsCanalis renateBullier="isbasBudlike" wrixleBrewery="glink">
        <snooped>778</snooped>
      </breveWechtsCanalis>
      <bitisBlower>
        <applaud>telical</applaud>
      </bitisBlower>
      <tutuDowPipi>
        <pailolo>polladz</pailolo>
      </tutuDowPipi>
      <ouvreAvidinSurdent rosalyn="mollieAcini">
        <nunquamPirolMaharaj>2117</nunquamPirolMaharaj>
      </ouvreAvidinSurdent>
      <trifles gargolLavic="outkillClausumRadix1491">
        <khatAphyricSuccose>downbyDrabaNosher</khatAphyricSuccose>
      </trifles>
      <unsely thesterDrowndsCort="gasketsThioninUngum" geelbekAnemic="fatuusCyc">
        <bestsOuija>cynipidTungEluxate</bestsOuija>
      </unsely>
      <safariDacesAsseth konguSevener="cutey">
        <reivingHotfoot>phonoEndewCeils5</reivingHotfoot>
      </safariDacesAsseth>
      <tinmenTamilicTulwar parleyEnduraHips="indicalWolfdom" galyaksUnwire="alichelGaletSkirted" nasionDirgyAcantha="memberTomialHete" landaus="frimVicePogy6">
        <erotic>biggies</erotic>
      </tinmenTamilicTulwar>
      <hartly coffs="nebalia">
        <mussuck>mondegoSmurtlePuntil</mussuck>
      </hartly>
      <anamniaDspHie synuraeSaecula="eldernPuffinHappier" sodasBufoKumari="cultch">
        <terrae>sikimiSheel</terrae>
      </anamniaDspHie>
      <ramousBluntly edanaDadIrising="uparisePlessor17" budlingEtagere="sneapedAdjuresCretic">
        <porrectGurgled>volleysSungha</porrectGurgled>
      </ramousBluntly>
    </corgeInbits>
    <bunksYaruro puntistDesueteAlegars="wasat84" spalder="591270" newsiesOmicron="kaibab">
      <cleekDejectaEryx>marioDisbendTilaite</cleekDejectaEryx>
    </bunksYaruro>
  </zinniaDisavow>
</neroli>