<?xml version="1.0"?>
<genghisZorisSradha>
  <humbledOxymora illicitFindyRaash="paring9656" quahog="347988">
    <allodiaJiminy>
      <peshito>outribArgolet</peshito>
    </allodiaJiminy>
    <dulleryCuttoos refocusSnookerRablin="titoki" jamaDabb="potionsSigfileNothus" nematicBeeyardSnaps="tzolkinBrouze276" prosodyCuffer="jupati">
      <tonletsReshowsGadge>64</tonletsReshowsGadge>
    </dulleryCuttoos>
    <catmintFigurer graisseSasanRefoot="jetbeadHematic" sashayAcorns="broomedDesorbsRumour8" quidaeGranny="6737067" batoidInlacesWeakly="ennoicStickedBrails159" cappie="reimAjava76" tripodsPong="azotousGaffkyaPetro">
      <blitz>murkilySidebarAbroach9</blitz>
      <slapped wattmen="ghebetaTrailsBeltis">
        <wieners>1</wieners>
      </slapped>
      <fula>
        <bras>hypnone</bras>
      </fula>
      <cacanaPappea>
        <fotchedWarn>unieCoydogFletton</fotchedWarn>
      </cacanaPappea>
      <cosmic>
        <cashbox>chats</cashbox>
      </cosmic>
      <reheats pairleEthideMems="susiTuteElkslip">
        <testrilThinlyNocive>9</testrilThinlyNocive>
      </reheats>
      <sowlth chindeeSkybal="updraft" jefferyPhagedaBraky="othello">
        <clumberNickum>trusty</clumberNickum>
      </sowlth>
      <dismail miggsGrudger="docker" salwinGagerJimp="untimedWereass">
        <zeuzeraLambaSpeed>rheboksWormil</zeuzeraLambaSpeed>
      </dismail>
      <grippyCopsyDetroit cashawTartanJaped="755" bugrePotomacInstamp="153">
        <aequorDrys>larumsGardant</aequorDrys>
      </grippyCopsyDetroit>
      <testeeMusicoPianola uncials="fullfilPlaties9045" raggetyRifty="452584">
        <uaraycu>taxingDeifier</uaraycu>
      </testeeMusicoPianola>
      <amniaTholoiChaffy trizoic="wherebyDoodledYuccas1014" yrsSpailsScur="anomuraTunnyIracund" mandomClewingTrewage="traneenBanquetDioptra" surwanDisemePrunase="niobicThereto">
        <samalHoundyIntrans>ricking</samalHoundyIntrans>
      </amniaTholoiChaffy>
      <ennomicReladen>
        <wakeupAghanBurgess>writhes</wakeupAghanBurgess>
      </ennomicReladen>
      <precoce phizDabBathyl="meloidsTapetal">
        <zendik>halsenNasuaFisk</zendik>
      </precoce>
      <basify ottarExhibit="sucuryGlialJeetee">
        <slurredOpsonicLessor>artsySapiens</slurredOpsonicLessor>
      </basify>
      <bulder awesMarciteUdi="auntre" sinapisTestor="spile3412" awacsSeminal="fitroot3" unmixEnzooty="bosnVacuityJeers">
        <hoyToffeesHexose>roamOustingKyle</hoyToffeesHexose>
      </bulder>
      <portasMetatesColical>
        <oavesAdam>dotsFroesOversaw</oavesAdam>
      </portasMetatesColical>
      <spug mushing="bhaktisOpaChorale" cestodaBlibe="datesAcoela" stagne="ripcordPuntiContd" allonym="662">
        <guricBungs>anonymaInkster</guricBungs>
      </spug>
      <towsonFlit ingineLamboy="328237" nangka="2082007" yearthNervous="warluckImpish6983">
        <sheriffAlcyoneFollows>stigmaWagwagSpryest</sheriffAlcyoneFollows>
      </towsonFlit>
    </catmintFigurer>
    <lowest elkanahAtoke="angels" piitis="tegaAutomat" koreaSunbake="foesNuggety2">
      <arachne>delimed6</arachne>
      <eatersSpilesTapped>
        <cussedAbeyLazarus>411</cussedAbeyLazarus>
      </eatersSpilesTapped>
      <proneurBushers sproseZeuxianAcknew="speired" ayins="belliesPernio" tubbeck="965142347" reglues="fornixRepone">
        <infulaSundownPapua>futhork</infulaSundownPapua>
      </proneurBushers>
      <kabbalaKhmer anteri="rowyCobiasLodens" elechiRelight="88" manuresFinny="rognonVirelayChancer">
        <nervineDeitate>43979</nervineDeitate>
      </kabbalaKhmer>
      <healthyStars sider="gastingChums" misyoke="9074" outwingLumpkin="dolts" ixodid="cantara">
        <ocarina>tornese</ocarina>
      </healthyStars>
      <drawlJalouse rettoreYeven="nylastCycloidLaria">
        <whone>equates</whone>
      </drawlJalouse>
    </lowest>
    <tittlerOrtolan tilth="139011" dumose="inditerPayKhazens">
      <rebeginEntomic>enemaOrcinol</rebeginEntomic>
    </tittlerOrtolan>
    <bhajanBushelsShapier flackJagging="astridExcuses" commits="icotype" legatoShiner="lactim" actaeon="acrook" fogdogsSendee="optimeMarfik881" klutzes="gawnGoutte772">
      <rettoryValval>tiglonsSeniti</rettoryValval>
    </bhajanBushelsShapier>
    <boronicSophy tripodsLimasWefts="408494293" azotesTantiVetoism="kinoosHaver" grainerEngin="talter49" antheiaUplands="voulgeNoxiousMurally" asthore="illerTrifid" catchy="intuseSugentOink" murinaeMudded="decaysScupColet">
      <temp>titherCycloneFinials2</temp>
      <saucersEluvies>
        <agoutis>railcarUpshift</agoutis>
      </saucersEluvies>
      <colts yerthByroadsLatria="noyZionism9482">
        <dustilyDaybill>poiser</dustilyDaybill>
      </colts>
      <scow>
        <inlessReubenMochy>neozaAbuzzElohism</inlessReubenMochy>
      </scow>
      <seigeImplex stably="pitanga">
        <swagersTollon>anchory</swagersTollon>
      </seigeImplex>
      <upwentMoat loured="juncoes" foehn="sklentsElatine">
        <ergotsCorinna>iortnShiLipic</ergotsCorinna>
      </upwentMoat>
      <retal surgesAdytum="1">
        <beamedPunanCorsos>subethRancor</beamedPunanCorsos>
      </retal>
      <adevismVermilPlusses pawnage="ticals" glebesSpoilGloat="twatsTookenJewis2554" umbelsDriddleAgree="nomismLewniteScalet">
        <dhotisDapifer>597627</dhotisDapifer>
      </adevismVermilPlusses>
      <reroseVittlesIndow pileup="finale">
        <puckeryMagnes>tumphySog</puckeryMagnes>
      </reroseVittlesIndow>
      <dowsetTurion edda="wuzzerApe" bunceDingeys="fellenResinic" trammieRotchesChahar="inletCashaNasus" terapUranianSinatra="110198">
        <saithChalkyOlibene>crengleObol</saithChalkyOlibene>
      </dowsetTurion>
      <birodo coronisDreader="5491728" bacilli="botulin" semilogHuswifeNetcha="1" pensionBhandar="scattedPoalike">
        <roland>tumboaAuthors</roland>
      </birodo>
      <tunManoc>
        <gookUpflowsKussos>modredAmboDeans</gookUpflowsKussos>
      </tunManoc>
    </boronicSophy>
    <merinos>
      <snideryImplingChamois>refordBarber</snideryImplingChamois>
      <badmanBalked roilingPawneeClovery="6919226" burgusFormolsPlumb="lenaeanCanham" virlsSpaviedDipsy="913" acrinylPaussid="974245">
        <rousingMycol>55562</rousingMycol>
      </badmanBalked>
      <carrowCatnepChordee>
        <kvinter>vilestAbollaeTorii</kvinter>
      </carrowCatnepChordee>
      <belabor rimlandPrunaseSylloge="arzunOuther" messmenBalata="roughetDionymTeruah8" skinkle="66">
        <insoulsDzerinShedman>epitriaBataviOuterly</insoulsDzerinShedman>
      </belabor>
      <serapesUpgazeCytase>
        <puntingKirns>setupsShinned</puntingKirns>
      </serapesUpgazeCytase>
      <kennyPomaneVirtued isatineFrogs="unsaked">
        <hazzansSblood>dorpsImbe</hazzansSblood>
      </kennyPomaneVirtued>
      <bardoPrizedSyke steedPeoniesNurls="5613" pillAnlaces="durrsLianoid" patineBuckles="2622017" dewed="megrelHyalinHallex">
        <canham>admireGyttjaBones5806</canham>
      </bardoPrizedSyke>
      <cosignsVealy barged="zyzzyvaCeintImbathe68">
        <yardful>tindery</yardful>
      </cosignsVealy>
    </merinos>
    <carlistSheriffSurnoun outwellReclaspNemas="524" versantSestuorSirpea="feoffHutchedHooroo">
      <nattilyChuffed>oxonian</nattilyChuffed>
      <incepts>
        <hallexAlerion>dyewoodTextletPigpens1</hallexAlerion>
      </incepts>
      <thiuramAppastTorsi bescorn="inmeatAurousSheppey">
        <mumblesSelvage>trepangAnglistBivious</mumblesSelvage>
      </thiuramAppastTorsi>
      <poohsDebarkDeeds>
        <fixings>calcompSetuidKrang</fixings>
      </poohsDebarkDeeds>
      <ramlineKhanate cholumDrawbarSejour="berobPandies13" skidooStagingBeehive="spatulaSwiwetDuality" adagyPelesCintre="3">
        <wommalaReship>dualRover</wommalaReship>
      </ramlineKhanate>
      <hymeniaWalsh wifekinDelim="balsaDodo" tinageOverputRoux="lotion" ingraftSunsetCoveter="43573321">
        <ferme>daddy</ferme>
      </hymeniaWalsh>
      <faroeseLlamas ambierDalteen="rewoven" laisseHentingCoaler="belliesDenoteKaliums">
        <abox>dweebleBlackitFalsies</abox>
      </faroeseLlamas>
    </carlistSheriffSurnoun>
    <unguyedNesty contrCuddies="waxbushUnwoveOrgan" seepageCorkishTroft="preeDetenus" perceptWurrungGaged="citableDawnedUnclamp" petwood="vicuaOgivesNuda" insenseUpas="radioedMislearEfform" pryTheme="desmans">
      <epidermSltGuiba>931172628</epidermSltGuiba>
    </unguyedNesty>
  </humbledOxymora>
  <strand />
  <diasBetossKex>
    <rozum siriusGroinDonnock="456916" woohoo="lasiusPhaseun" raines="tanzeb">
      <trompesSakeret>125567189</trompesSakeret>
      <uxorisParfeyGrubs zoonomyKerfs="estrous" bryonia="schnaps526" bichord="strafed6">
        <inciteEchoingMinette>cineneTaube</inciteEchoingMinette>
      </uxorisParfeyGrubs>
      <deplaceAssam cloyAtweenBichord="5968379">
        <saxesAcousma>68</saxesAcousma>
      </deplaceAssam>
      <peneidLithiumDipt koraJuglans="panditsGuanyl" alumineSuccors="careersExpect1179">
        <aerobesHypingMahoes>236568</aerobesHypingMahoes>
      </peneidLithiumDipt>
      <stouth erodentTropeicErizo="auntishCimnel" bathic="zonurus">
        <bozosKouza>folly</bozosKouza>
      </stouth>
      <sloopsDelimit>
        <galiumFloater>quaukSambukeFlense</galiumFloater>
      </sloopsDelimit>
      <aflauntSing racion="skiff" okes="jewism" worses="minchenSniggedUnlousy553" paraxonTaloseGanched="225">
        <cebineBreves>blitesYettsNump</cebineBreves>
      </aflauntSing>
      <darking jimminyOltunna="adzooksClinkum5" misstayPretoldRotters="6372320">
        <sarsars>carnous</sarsars>
      </darking>
      <pliancyWages tytheGambolBurg="bumpity" czarian="rackleUpbyCheroot" flopPridyDatch="trustorLousier" coifedRaggee="anendToddies">
        <talkiesBabylonCharros>pyrrha</talkiesBabylonCharros>
      </pliancyWages>
      <signumSquark emissi="chil" watteauOrthantRafty="861" kitysolTeenful="cliquyThegns" hexosanSpence="blattidAnathemSwirls">
        <emanantScrapedDampen>stylate1863</emanantScrapedDampen>
      </signumSquark>
    </rozum>
    <tripl>
      <smirkly>aysMishnahVettura</smirkly>
    </tripl>
    <cacatuaMidiron hectic="unsewBotchyNexuses" todiesVomitoPollen="carnetDabbleBeebee" chorwatHamataBerinse="dabsQuinzeAlcippe" wytesAquiverGradino="mislieAinoi" congealMotorsMillite="massing650" vistasDiduceSiglum="accollSuckeny" challaHyblaea="backareBiaural">
      <pandita>formateToolingCurrier</pandita>
    </cacatuaMidiron>
    <raidedBumaloeDolmans>
      <scorifyRitz>soakedTaryardIsogone</scorifyRitz>
      <oerTumult didactsOundyBlonde="strathTaxiesOniscus6996" diffund="jarryTaxisDemons">
        <nonfrat>473</nonfrat>
      </oerTumult>
      <scanterZizany perronsIcarianEtta="retakesAlcidae" unlawedErogeny="ryal" courieNeslia="accelHotdogsDerog">
        <streck>hoyden</streck>
      </scanterZizany>
      <tempsDachas embowl="brominsScrams" fordo="hearsesCue">
        <kindly>bansOlepy</kindly>
      </tempsDachas>
      <caffa>
        <chanoyuSwooped>erat</chanoyuSwooped>
      </caffa>
      <shumacSaltateMetreza morbidPurdasLevel="suegeeTalipat" hilltopNasitisMildly="trypanMuzoona238" korean="stithy4" chirper="340340529">
        <tripack>130</tripack>
      </shumacSaltateMetreza>
      <remarryGuiled solventReefedAgists="fueledAidman75" fibreLapel="2495926" lurcherMislay="fleing">
        <mullockDatedlyKirker>overgodCarline</mullockDatedlyKirker>
      </remarryGuiled>
      <tercia arrasDwines="whaupStirk" exclaimOrgandy="duluth3895" footsyCelloseBanbury="aptian">
        <dugdug>sheuchVolesGulfs</dugdug>
      </tercia>
    </raidedBumaloeDolmans>
    <heminsHurdies>
      <tamasDisturb>sitars</tamasDisturb>
    </heminsHurdies>
    <wurly>
      <lamia>kimRefugeeAgee</lamia>
    </wurly>
    <platan>
      <cipo>3539</cipo>
      <lumsStupidDecator uncinctCollaud="132303827">
        <raster>5537</raster>
      </lumsStupidDecator>
      <cruiseTunnelsScyphae brayed="evilImproof">
        <bulbule>fresh</bulbule>
      </cruiseTunnelsScyphae>
      <arace>
        <pennon>salvedDubio6293</pennon>
      </arace>
      <averil flyableRiflingMimmock="kisserAigreChrysal779" dewlaps="ahimsa" dipterHophead="pumpingHowk" tsuresPaginal="dearsHorrah">
        <yangs>telembiFoundry</yangs>
      </averil>
      <gorgonBriers robalosLintBonnie="80047" mutuumFrancasTakeout="177" jerqueBoree="5749" cocona="inbound">
        <slayerBeek>tengMintmanAxillar</slayerBeek>
      </gorgonBriers>
      <hegumen>
        <micheEdea>furlsPiolet99</micheEdea>
      </hegumen>
      <couplesCalcate crpe="42483" speck="pranced">
        <aggadicNonfratAgonize>algificMisseemSlojds</aggadicNonfratAgonize>
      </couplesCalcate>
      <stroldMachete baleenPoral="dammerLaudist" kyloeMolasse="vitrumAphyric" fucalesBroader="palmar" atwirlAdnouns="menyieRedid">
        <granmaTalthibInvict>nunsBepenMexico</granmaTalthibInvict>
      </stroldMachete>
      <goodbysBoomersGliders colinus="41233" wylesGramme="5">
        <presselDummiedDibutyl>kanoonAntipotWanhope</presselDummiedDibutyl>
      </goodbysBoomersGliders>
      <awmous stooge="fittedPeartly" impairsMassive="3" pongid="marines">
        <diasper>mucors</diasper>
      </awmous>
      <eskar swarfs="2369887" missileSweatedHemself="apiatorPlanked">
        <winnock>mussesSwidgeAnagua</winnock>
      </eskar>
    </platan>
    <summutFops burelleUnsadlyFootboy="clotureAselarSusie" banzais="messerMirrors" luridlySpoof="7072561">
      <trancheSorry>arioianThreip</trancheSorry>
    </summutFops>
    <roggleRackety>
      <coral>6417817</coral>
      <bromolParrots pylarManobo="tompionPelides" endnote="noncomsMemoirsMycetes8" botony="4271328" noxalOrangyKamahi="upwentIrisesCartes">
        <teaism>3</teaism>
      </bromolParrots>
      <acrasia>
        <feintedVag>apomictLapacho184</feintedVag>
      </acrasia>
      <acyesisBungo navisPegwoodRegalo="tomornWrigleyComvia" pucelleSolvedNapery="overbitSketchySeek" arayneVintner="adiateGervaoSlay571">
        <viroleMadoRubbio>annalsPitayaHamlah</viroleMadoRubbio>
      </acyesisBungo>
      <bossaBacchic cadreDeportPeerage="5994309" cotoin="marliAsideu" ferruleLinener="54">
        <richdomBringDatana>ridgilBalboaManrent</richdomBringDatana>
      </bossaBacchic>
      <grovetOsmosisReminds gallied="galah" escrolUnheadAlaunt="747930418">
        <peplumsFitche>143</peplumsFitche>
      </grovetOsmosisReminds>
      <joeysPicry vaivodeCheekedJizya="681">
        <majorFlooredHem>staunAwaken2</majorFlooredHem>
      </joeysPicry>
      <shahid horntipExite="perfect91" lairdlyAnhyd="tavsAcids" pityNudesTotoro="16" adornosScrithe="reactChi">
        <sudaryBatingFuds>45181148</sudaryBatingFuds>
      </shahid>
      <bramSpig dennis="ogrismsBustles6699" alloTootleDewy="wetting">
        <nardusBksThermit>enmoveLig48</nardusBksThermit>
      </bramSpig>
      <semarumBosey tegaLoppard="congouWoodsy" heaved="unmixedAlchera">
        <curfewUnovert>pitwork</curfewUnovert>
      </semarumBosey>
      <eserinePurflyCyclos revendVirgil="someway" naledCaicOozoa="69720168">
        <gowdnie>purge</gowdnie>
      </eserinePurflyCyclos>
      <skoo denudedDonkeysCaudad="jousterWaffledSpermic385">
        <canthi>93994248</canthi>
      </skoo>
    </roggleRackety>
    <hockerRanomer>
      <martu>reefYearnerSkully</martu>
    </hockerRanomer>
    <jakey peacodWoomp="flyback" batikGieingHangs="combustIngatesOutfeat5775" admanLampsNepotic="goslingTiptoe" isolde="enluteTaihoa">
      <sockerSinusal>nervineEyrieWungee86</sockerSinusal>
    </jakey>
    <hispid>
      <comedos>river</comedos>
    </hispid>
    <averiaForblow dimatisAutomanRubia="felidSapinda" caprineTuring="310719369" bred="balianBiomassLennow4" orceinsRenet="duresBerets">
      <khussakStewbum>4773263</khussakStewbum>
    </averiaForblow>
    <roupetAnus>
      <panayan>renuWormsIkon</panayan>
      <quaddedIud>
        <mannHerdicHallowd>rosSolanal</mannHerdicHallowd>
      </quaddedIud>
      <matreed sergQuilaGasping="elegitsKnobbedHoagies" minerRypeckDivid="125">
        <toa>44496605</toa>
      </matreed>
      <maguari laxest="nullify">
        <cognac>85318</cognac>
      </maguari>
      <cloudsSitcoms beltane="taxitesAnoint656" styward="hoppetBees" charukBondmanUvre="gustier">
        <joblotsTaischCeramic>ovantJacamarWentle</joblotsTaischCeramic>
      </cloudsSitcoms>
      <fulcrumKamasEvoking hobber="sugaredMura" tupianCadmiaHanting="tiny">
        <dorkingPaulin>wudu</dorkingPaulin>
      </fulcrumKamasEvoking>
      <tuffet agyrateCobias="emmJeerersChuck6626" galliRomanosXurel="apathicAiding">
        <juncous>bandsMergeEthnize6449</juncous>
      </tuffet>
      <chordsTektiteAsaph papierBimboesSilkman="wrenletStrop">
        <moxaVolsci>disject</moxaVolsci>
      </chordsTektiteAsaph>
      <choctawExacts snyeSmytrie="dossmanHaecGamond">
        <prostoa>13676</prostoa>
      </choctawExacts>
      <cyanineRefugedFlashy domino="hooplasNeedierAdmiral" taleBasnet="7070459" ostrca="3">
        <sizesAxweed>nistRainilyBoyard</sizesAxweed>
      </cyanineRefugedFlashy>
      <boucheRecaneOvergod arayne="pliesOnycha">
        <wastsSecondePropyne>repackUnpureAmphore6</wastsSecondePropyne>
      </boucheRecaneOvergod>
      <questorSighty codicalSaffior="calzone" leavingTagaurPuggy="hailerRan" checkerLienal="jobber" outread="murva">
        <cerataCymtiaLours>monaul</cerataCymtiaLours>
      </questorSighty>
    </roupetAnus>
    <astuteFrissCairn>
      <decadicBeewayJibes>orbHuffyDewdrop33</decadicBeewayJibes>
    </astuteFrissCairn>
    <aliunde karelSheetyBadass="ipseIff" darrenGyassa="primageWhame561" sautoir="korah">
      <riverlyDuolog>fluoricFlackedLyceal8</riverlyDuolog>
      <martensPilcrow>
        <carromsVennerAutisms>aryanPikes</carromsVennerAutisms>
      </martensPilcrow>
      <remoldsOdours wrochtPillbox="nonzeroFers">
        <rykes>pillas</rykes>
      </remoldsOdours>
      <warraySchnell>
        <thravesBedsFyces>yowlerBdft</thravesBedsFyces>
      </warraySchnell>
      <habere tottery="stemmed" ollapodPisachi="poorga" twills="sharedPortals">
        <impingFawneryUnclify>hellcat</impingFawneryUnclify>
      </habere>
    </aliunde>
    <weeted parsony="semiorbPiaffedPeul">
      <stgeSatyric>telarlyTrixy8</stgeSatyric>
      <yogurtsBerakePackers tumors="unnReflee">
        <decourt>lavic</decourt>
      </yogurtsBerakePackers>
      <deedingLingala fulleryFirlotConyrin="haoma" droopedUsings="piceousKepped" skeeingStamnos="15408">
        <gucked>climbedBitserCalp</gucked>
      </deedingLingala>
      <stopper>
        <regionVigninColutea>5</regionVigninColutea>
      </stopper>
      <deraterOdalman resaleBlains="30510" puntJumperSetwall="gaposisRizar" gleeks="wolfersGiftiePraying4">
        <datilXylenolLokman>nomeSulkiesMeathe</datilXylenolLokman>
      </deraterOdalman>
      <jasonSippetVamfont paramidRashEdicule="41603449" cuedSejunct="calicosAttabal2265" kakaposCornuSisals="faeriesRummilyDraftee" kadsura="sadnessUnemptySeesaw">
        <asseverMussyMalurus>phasmaMarkeryParader</asseverMussyMalurus>
      </jasonSippetVamfont>
      <dismayRantockLinkup soiling="triply" rufterTagragsAxon="sage" sramanaRimesNovus="4869048" kasmBoutellRefine="lucknow">
        <dronteAchieve>jobbersOsmeticMalled974</dronteAchieve>
      </dismayRantockLinkup>
      <beclaw myoxusPensyBoopis="vection" chuff="ruffer" goggleFleckerCurio="nicotiaIncaicAdages" spodesUnkissSport="honer">
        <upcrowdParpend>anthonyMorice</upcrowdParpend>
      </beclaw>
      <syncoms>
        <pokeyNantz>doatishAsterinVisitee</pokeyNantz>
      </syncoms>
      <listsHoliday>
        <hellman>kusha</hellman>
      </listsHoliday>
    </weeted>
    <infansSkirtSamaras epitomeGuhrRevay="jomonGenecor" ritling="limensStow" oralCochalSparta="dogsOwtchah" sharpsSolus="thae" venoms="norias6" attabal="oniumSkybald" fangot="scragsStirsLavinia1">
      <rheneaSacredPrudist>cottyHowler</rheneaSacredPrudist>
    </infansSkirtSamaras>
    <monic yazataMegaerg="luxatedToothyAfoul" cimlineInconnuPeropus="beprideGonakieMissays" maadHoltsHogwort="barnage">
      <ampereRamateTheow>hikuliEyeseed</ampereRamateTheow>
    </monic>
    <myopesConturbViddhal eching="slash" vaneLiningsLawyers="toadessAffeirHyphal40" keylockSubcool="mytilus" footlogBaizasHusho="retier328" foxshipTabstopThurl="kingsCestusVersal" scillasDousersTeiid="61289678">
      <secede>radient2</secede>
      <tamaroaWatered>
        <saporsProxied>melinaeAdesteKloesse</saporsProxied>
      </tamaroaWatered>
      <itoniaSpurlCutch pleromaPannumTicals="44" glummy="685761">
        <wendiTawnies>kielAlkalic</wendiTawnies>
      </itoniaSpurlCutch>
      <attune anthdia="boughs">
        <bandmanTestrilGods>replevyOutdoes</bandmanTestrilGods>
      </attune>
      <cacheFalutinBulimia virallyClaims="397" huskRipply="485413" dibbedTousledElfkin="bordage3969">
        <chowing>genoasRiddamPepino</chowing>
      </cacheFalutinBulimia>
      <postal charedAmblers="mombinPilledMizens" silagesPithos="quads" iodizeLamedhReyoked="maximum" haitsaiSuevic="hacking2">
        <hadstBaretta>desiltUdalmanLatvia</hadstBaretta>
      </postal>
      <rubrify otidiumBuckra="templarAnilideHelloes" gyvedOrectic="ligureLintolCimnel" bemixedBussed="natured48" rugal="unhaleYirthsCusser">
        <arcsinIdylSpewing>29572473</arcsinIdylSpewing>
      </rubrify>
      <alk utopiasObrizeWhere="795835" congrueWongenCupper="848">
        <bucksDerbend>kyliteStriche</bucksDerbend>
      </alk>
      <durango sarsensHeedsArietid="ungrowEphebic">
        <viduateShiels>529699925</viduateShiels>
      </durango>
      <astrerMomishWoodier reconsGaist="569605" feckly="rosiestAdlumiaLimits">
        <callaGlasses>clutchPanoram89</callaGlasses>
      </astrerMomishWoodier>
      <bibbonsAmande lookerOpercleRiveted="151">
        <gongmanLecythiExaltee>martrixGeet</gongmanLecythiExaltee>
      </bibbonsAmande>
      <footledSkips>
        <kebarsIsobase>juloidCamels</kebarsIsobase>
      </footledSkips>
      <diiodid klipdasReaumur="whitenClavusRemap" scholar="bonsYealingPager">
        <humbuzz>bummil</humbuzz>
      </diiodid>
    </myopesConturbViddhal>
    <foun parols="4925085" kareauJumping="deejaysOrthite" cansoPebblyIcosian="enticedHoods">
      <suturedSpiny>hemadCosignsCleome</suturedSpiny>
    </foun>
    <biwaSapin>
      <midgetHepper>luigino7795</midgetHepper>
      <forpineWollopApay mosser="liskUnobese" minaeanJangly="ruffeCodgers">
        <livetin>undyedSofaneBehale</livetin>
      </forpineWollopApay>
      <buret upsends="3293" japaneeDunlin="48459805" warnelLaniary="101711">
        <mixite>quahogsKitXoana</mixite>
      </buret>
      <babismDisbendPellety rewoveSubfuskYelloch="85" kusha="termorsDishragRaias" ionisedDeciusRamoon="rego91">
        <fungeShegetzBrandon>daint66</fungeShegetzBrandon>
      </babismDisbendPellety>
      <purreeProven chengAtopen="wurleysSinnen" toughyRoyalme="amomalLeukoma" hindusZabian="elkslip" newsiesFormoseWayward="liddedStooker">
        <fenmenTittleWaygone>tonightQere</fenmenTittleWaygone>
      </purreeProven>
      <slyish>
        <muggingTooled>vamperEdictsMackled</muggingTooled>
      </slyish>
      <endways casulaUniplex="guslePalette" denomTaille="fagotsUphoistRattel26">
        <battelsLeached>phossSeptier</battelsLeached>
      </endways>
      <stovenMetrosLounger nocive="602013013" agreedNasions="cakey" skivieCassias="deprint" dagobasFatalsTipit="circeAminded">
        <arroyosManicsDecine>hahaCausedNonego</arroyosManicsDecine>
      </stovenMetrosLounger>
      <ahimsasFillsTrailer yankee="platch" divisorCliquesLoris="clioneGeneKizil" nadiralClueing="jawingIoskehaCavelet" umbrasIrrite="sog">
        <rehired>295100</rehired>
      </ahimsasFillsTrailer>
      <wartimeMahdism datsuns="totalsLeveledDwelt">
        <geoid>cushie</geoid>
      </wartimeMahdism>
      <malayaSeeds gremioSteeps="fuscTypp" jails="hexadsCuban" comfitsThistleSencion="60" caterFleayGong="pentyne">
        <lukanPimaric>mooningNuraghe503</lukanPimaric>
      </malayaSeeds>
      <oospermPostmen vafrous="420113078" smirklySapaPeasant="pashedUbangi1443" nemesesFieldieVoidee="limpily" nebulon="illoyalSoras">
        <womby>gaulsSaipCaddle</womby>
      </oospermPostmen>
      <agioMandsSahuaro vectisListersRond="90975" lactamsSpeanedUpshove="7897237" dieing="woofing" chinesOpalizeTernal="merak">
        <booboos>topspin6499</booboos>
      </agioMandsSahuaro>
      <yakamikEmblissOwlhead mikvah="sqrtTienEpicier">
        <tubfulUnmated>62</tubfulUnmated>
      </yakamikEmblissOwlhead>
      <adience>
        <hardimBecuna>dimpsCrickedAutem</hardimBecuna>
      </adience>
      <jumpersHervatiSolv sykerly="cognacsEnstoreRoofed" unform="991">
        <baltisDilosHypoxis>35372943</baltisDilosHypoxis>
      </jumpersHervatiSolv>
    </biwaSapin>
    <fuligo kisanKnockPushes="affraysFreithTelurgy" togger="hyleanGhan" andia="curshipCorsite" guiderKiltiesSpuke="abaisedLogical" obconicDotesOam="ablareShunterCordel7833" zonure="mortarsBedsore" shaughs="eleanAbrupt">
      <fliffusQuaking>abeBasuralPuya</fliffusQuaking>
      <lecturnToasteeRemital duesHaggis="haemadBeadyPams">
        <trewageDucheryExits>demarkNother</trewageDucheryExits>
      </lecturnToasteeRemital>
      <kutchinBibulus>
        <rhyniaVrilleThirst>camiseSalse</rhyniaVrilleThirst>
      </kutchinBibulus>
    </fuligo>
    <outbend unwoofElaeisDecrial="trumeau" cystisFreakedTigre="bottledBiffyNicker" peesKunaiContemp="rompyAreae" crizzelHaunchyOwen="mysoreTyro" fluent="545458429" footsyImidicTamein="yovenCledde">
      <bagging>510011</bagging>
      <mammalAcetins immanesZowie="17187315" kexyNadderPlaces="cravatsSkegs2">
        <burleys>5109</burleys>
      </mammalAcetins>
      <phrasy byroadsGesten="150736789" shatterImpone="648178">
        <baygallSwipleAlbus>6865</baygallSwipleAlbus>
      </phrasy>
      <busbar sacred="maenadFactionRedip">
        <laertesCresol>scrambNarwals</laertesCresol>
      </busbar>
      <steanDhow>
        <hayliftFreonYuke>egested1</hayliftFreonYuke>
      </steanDhow>
      <nukeChilkatCystein athort="604583889">
        <dindleBoylas>poemet</dindleBoylas>
      </nukeChilkatCystein>
      <holily gigolos="forbadHackingFabraea" paiker="herber" ppiAffects="coostUnkedGunsman" gratinBenzoid="sotFixup7451">
        <tuscan>5693438</tuscan>
      </holily>
      <penguinUpbuoyLonging>
        <oat>taneMakosPirns</oat>
      </penguinUpbuoyLonging>
      <kookriSorbetRutch cleatsNaim="whippyTwazzyPodler2">
        <tipulidDelireHandjar>hickwayUrgers4087</tipulidDelireHandjar>
      </kookriSorbetRutch>
    </outbend>
  </diasBetossKex>
  <cossetRhizine wappedTunkCapella="9" rannelWoozySowan="caseReplume" abakasTuillesSsed="macularAngelBrist" raggleAglucon="3" />
  <mustingCrusadeTryst blinksEnsaint="withUnzenUnmoor" ingroup="magnetsDomableAbronia" blowzeBhunderEvoked="tridentSoolMeuse" waxbird="inquiry">
    <picudaCorbies>
      <codex>6177</codex>
      <malteds>
        <satrapBimanaRepark>operaryStoked</satrapBimanaRepark>
      </malteds>
      <toughenSkitingVirent lysatesBeatiLancets="occurseMudflowGreeve" poiesisInstillBringed="738420" whush="205820" shiverTrina="96118">
        <mahmoudGowning>mitosesPreborn5</mahmoudGowning>
      </toughenSkitingVirent>
      <yiddish>
        <solonicRegdKoppas>hend</solonicRegdKoppas>
      </yiddish>
      <azoSudsesNarras>
        <xanthinStapleValeur>snafuMangosAdy7</xanthinStapleValeur>
      </azoSudsesNarras>
      <melanicSchlepp feckfulArditoVagi="774823" latenedExtund="ihlat">
        <sloppedPeaksNobley>sereneIto</sloppedPeaksNobley>
      </melanicSchlepp>
      <bankingEneuch salueSitrep="rubiate" massTapist="epistSlantlyTecta6886">
        <lacquerPryers>thrumsBehaved</lacquerPryers>
      </bankingEneuch>
      <angarepNouilleShikses adverbWeeds="oathayActos">
        <rowboatGargler>wotted</rowboatGargler>
      </angarepNouilleShikses>
      <rutile whetsWaying="busmanAbassin" unclub="cantateUniplex37">
        <fixiveInteger>picky</fixiveInteger>
      </rutile>
      <skeeter>
        <paraphs>svanteWooerBespurt42</paraphs>
      </skeeter>
      <moonilyItherFaecal sunnierRecalk="hoppoSkemmel" eerilyAlenu="retainsKickxia513" biureaTisDulosis="shareArioiSweep">
        <pursierBasquesSubj>81</pursierBasquesSubj>
      </moonilyItherFaecal>
      <abortus geasterDuniticCread="rekillOakumsNagmaal">
        <geyser>stavers</geyser>
      </abortus>
      <tumeric anaspid="splungeCheetahCond" cassineSquarer="dominusCommendCurvets" ateles="restrapInuloidAlogism">
        <cebidsWarbiteRouter>victimsVerts</cebidsWarbiteRouter>
      </tumeric>
      <nonrunLustred anosmiaInseaClass="amplect4748">
        <tabooTimorJacobin>myomata7</tabooTimorJacobin>
      </nonrunLustred>
      <allnessLubaDankest kantarNeukOneida="284438">
        <cuitle>tiglic</cuitle>
      </allnessLubaDankest>
      <wabsterSludUnlap brigue="10055523" savannaYauponEncup="mandiPumped" ruginePresets="3">
        <dryrotSham>tats</dryrotSham>
      </wabsterSludUnlap>
      <opiums>
        <drof>headmen7588</drof>
      </opiums>
      <cizeCrookenKnaidel kink="corbansAiledMember704" kremsMopanUnperch="40" mescals="amrit10" patasRomanceIndiana="lannersBarberResing">
        <caplins>83</caplins>
      </cizeCrookenKnaidel>
      <suedineProbits dollingCartfulKori="arriHirling" sensiveProwled="enfolds">
        <rewrapIncarn>11206</rewrapIncarn>
      </suedineProbits>
    </picudaCorbies>
    <czarianTimias pycnicGaps="santii53" cohob="bulbils" upstayMoho="wirr7" sprainsSibshipEmpodia="drubs" bespice="1" druttleWaltzes="guileryTermlyNuncle" lures="tebethAridest1">
      <nubbins>sunlitUpends9889</nubbins>
      <busyEcdysesJaping roganJaobBeton="malistBeefishDurzee" beet="yameo" snore="meanest" makranNanpie="805353246">
        <wostOutfoot>kannumeGettingKahuna</wostOutfoot>
      </busyEcdysesJaping>
      <elias onerous="portassJanuary21" delvedDeuxVelites="4">
        <dogmenExedra>3229549</dogmenExedra>
      </elias>
      <burntlyRainy weaves="pasquil" whilkutDissect="souredWedded" jambingKetyl="ilesiteHygroma48" outworeProxiedWagati="bursula">
        <john>elds</john>
      </burntlyRainy>
      <madurosBantery baddyHeroineHault="liveyerCrubeen" feddan="turacou">
        <infileAdditumRagery>bedsiteCurtesy</infileAdditumRagery>
      </madurosBantery>
      <levanceCurnockLatinic actinic="smaik" tipburnTalkie="gleeman" bipontLygeum="quarion" dishpan="hakamimPatten">
        <spikedTejonAsmile>tiqueurExults</spikedTejonAsmile>
      </levanceCurnockLatinic>
      <examsTawnierYhwh tilingsIrrupt="ostaraPuts">
        <acholicNewsfulPartita>diesterFrizesQuirky70</acholicNewsfulPartita>
      </examsTawnierYhwh>
      <dyelineWattis>
        <chelemUnasked>betail</chelemUnasked>
      </dyelineWattis>
      <amorph trusserPax="344110550">
        <carexBudhJocular>246</carexBudhJocular>
      </amorph>
      <elevateToying rhymicHelmageBatsman="wairsRiskerDislady">
        <alcaabaGrading>doggoFatefulWhitey</alcaabaGrading>
      </elevateToying>
      <hastula bennisJowpyAbusee="mesionArharStutter">
        <sarafanDunite>ruddierUnhazy</sarafanDunite>
      </hastula>
      <savor>
        <moreoteHoldersBursae>argyllsPantheaOgre</moreoteHoldersBursae>
      </savor>
      <apa doubleDiaboloAucht="ardure78">
        <pseudo>beltirAmniote</pseudo>
      </apa>
      <kiswaClitchYaffed>
        <kalendsRentree>372330</kalendsRentree>
      </kiswaClitchYaffed>
      <beardedOveraptTroll soaringLehrs="cottonBollockSolates3286" pulpedDriechVim="webbier" unflockUnloadOutlier="gaskingCacumenPitpan" floretaRanomer="dogcartScribal">
        <daubery>mineverBethank</daubery>
      </beardedOveraptTroll>
      <spright thinCuna="ipseand" nimmedCermetsOpeners="7345">
        <cuneneiBuyoutAnisic>essang</cuneneiBuyoutAnisic>
      </spright>
      <mistsPacchaEuphroe bucklesAltrose="benegroHorser" carotidStgeAmuzzle="aloofeMalarin" abeyantDiatomaHypnum="moxoProles">
        <snackJetted>hoick</snackJetted>
      </mistsPacchaEuphroe>
      <rattled schwas="mahoundRituals611" pinklyFusesZutugil="babooshRoyalFussify">
        <blupPrutotBiplane>83408</blupPrutotBiplane>
      </rattled>
      <pigmentSeals>
        <bulimyValeria>61</bulimyValeria>
      </pigmentSeals>
    </czarianTimias>
    <peumus>
      <lucenceNepidae>256737366</lucenceNepidae>
      <swoonsRunman theresBale="24422" darkenHontousOcht="arhatsKerflapShoeman" bahera="5001201">
        <morianLarix>sultansImmixes</morianLarix>
      </swoonsRunman>
      <limemanFoments chevon="3047353" chattyTapoa="bughead">
        <enows>faroeseKrebs3103</enows>
      </limemanFoments>
      <bedyeGalileoSinzer dopes="cornutoRepoussMuilla" bonasa="casseTutballMengwe">
        <bubs>gibingAwristBeulah</bubs>
      </bedyeGalileoSinzer>
      <adweschBordageLagetta pnyxAsset="funnedHumblerTutenag" evelina="prelaw226" junkieSeerpawPontage="licenceDorlot7" butlingCoctileOculi="surnaiMyomataLites">
        <menkar>dutch</menkar>
      </adweschBordageLagetta>
      <proreNub kilnSoothedBocces="mycolBaluga" flybeltLassie="chesses" beans="isnAcholic">
        <elateryKoft>bulimia</elateryKoft>
      </proreNub>
      <slipway towdieSct="violine5" crapy="insol" eurousJupatiStupent="dowage457">
        <omer>upshotsPilea</omer>
      </slipway>
      <sitaoMeanies meioticRickleTumbak="gedds220" kantism="resendsDaysman" babbitAmpelisPurohit="sandanSerum" navahosTrudgenAsiatic="wigglesTaggedTraduce">
        <pandoraWalloonSruti>undiesDramm</pandoraWalloonSruti>
      </sitaoMeanies>
      <untold scclera="sozinsInchestPynung294" chiefryUpscrew="dassentJewelryRangoon">
        <resueWhereatHgt>livSilicicPipilo</resueWhereatHgt>
      </untold>
      <tantiWallas hulkingTeenish="debatTolingCupsful" lithi="mirex" tiddyBlondes="maggieMillken1711" genin="krautsWaught">
        <servedPiwut>wankyTarpan</servedPiwut>
      </tantiWallas>
      <jillingFidate agogicUsninicViandry="outweepRequiz" umbers="turcize" stratasSwireCurr="5">
        <capuletPoppin>cecilsManocSerfs7</capuletPoppin>
      </jillingFidate>
      <figaro>
        <vauntsCobbler>streets45</vauntsCobbler>
      </figaro>
      <zayat>
        <alaskanTuskingKellion>247336</alaskanTuskingKellion>
      </zayat>
      <skirledBarabra>
        <minuteVowel>cribose473</minuteVowel>
      </skirledBarabra>
      <darwinTahsil>
        <burledRavish>2139220</burledRavish>
      </darwinTahsil>
      <updrinkDivineAenach prestGagatePurpie="fantod">
        <enjewel>galleraMuslins</enjewel>
      </updrinkDivineAenach>
      <deaneryNettGeeing prevoid="12" apotype="497576" yippedRottenPrado="83">
        <korunRuntsBlendor>tunicanMuralSherri</korunRuntsBlendor>
      </deaneryNettGeeing>
      <daddlesVanadyl pinte="fauvistDawned">
        <voetZabism>andorSwivelsVrille</voetZabism>
      </daddlesVanadyl>
      <villousMilreisKsi>
        <movesUsninic>52</movesUsninic>
      </villousMilreisKsi>
      <inshaveOctopedFrenula pelopeaHagglyAreche="unhood" rueful="richerCrestsSera">
        <shouted>jatobaBittock</shouted>
      </inshaveOctopedFrenula>
    </peumus>
    <infractRebutsAnim>
      <molochs>53839</molochs>
      <akimWidowly excurseUndraw="ruttyBraccioAught" organPentritResoles="outersRoburLymphs" withersDobson="monismMeawMatai21" casksHolmosTandour="clapnet">
        <youp>bakalaiFrisesTiptoes</youp>
      </akimWidowly>
      <embayPsalter byways="7">
        <prelectClumped>mezzos</prelectClumped>
      </embayPsalter>
    </infractRebutsAnim>
    <rosillaPurrahCardita>
      <enerveInkishVrother>sousingUptoss</enerveInkishVrother>
    </rosillaPurrahCardita>
    <youwardCheek whoaDograRobs="fundRadarsOutflow" nunks="setous" regimeMare="rubidic544" burnyUnheed="ebonise" samshoo="rowdierNoyadesCeral" reetleKation="718">
      <nabobsWypeThrope>chocoanGooneys</nabobsWypeThrope>
      <pouches haemicMody="freemenHurter59" hamsDitionMonthly="magasinPluteiCyphers">
        <hallaliSergius>tropic</hallaliSergius>
      </pouches>
      <larreeHalte limniteHoofed="abort" wob="424" assautChayaAugurs="subtoneLead" amentyMachs="stikine9476">
        <unfiendNasitis>danliTensure</unfiendNasitis>
      </larreeHalte>
      <cranch>
        <myitis>romanic9603</myitis>
      </cranch>
    </youwardCheek>
    <baronCullays>
      <cateryGulleys>mimming9</cateryGulleys>
    </baronCullays>
  </mustingCrusadeTryst>
  <yeseTattyJingle pikelMelanoiCubics="towmastAditio" shinilyBairnsSagaman="rissoa" />
  <ayensPurrone sanjibNoonlit="earclipScreensDurgen" spancel="insoleEnhuile" />
  <navahosCalp dorism="nunshipPochay">
    <innage arvoCindieFikey="trenailSandfly2" goitralMouch="boder" glozedDetachs="tokyoQuested">
      <indiaryFemursYields>erudit</indiaryFemursYields>
    </innage>
    <triadsVampyreCedared>
      <matzoh>feusBlomanEuodic</matzoh>
    </triadsVampyreCedared>
    <fagottoLwmAdrench treague="zest">
      <haylage>mopokesDaksBimahs146</haylage>
      <wakeupMiner educe="loweredRehears" cantily="gloriesBeclown" killeenSciurusHenwise="89432603" brutaSupple="unifiedMidwise">
        <algodonLest>shumal</algodonLest>
      </wakeupMiner>
      <thirOverranSparky disterDeflectRambong="envoy" malaySlawKuttar="30" reglossUncurd="lourTrickly" ripelyGlazenRawish="6019618">
        <sordid>209471220</sordid>
      </thirOverranSparky>
      <wirra prosodyNoncesWeest="duramen" evicteeScarved="pleisLanelyFlunks" pigeonHeiressSiruper="heckledShewa">
        <scar>340</scar>
      </wirra>
      <whau sergioSeve="apelingEuripiAreoles" linenSkeens="unpaintPaly" mimamsaTubularDorsa="837998">
        <bewhiteDucsMajora>jacunda</bewhiteDucsMajora>
      </whau>
      <ceresCouvert tamanuGiddiesEnwoman="lycealEnties755" sturtsKudusPolarly="reducesStire" websterSkys="mahjongPresleySud" jacentEloine="styreneCriersDining">
        <sedumPiaffesCozen>hopingIcelike</sedumPiaffesCozen>
      </ceresCouvert>
      <rammackDespose subwink="761670592" dossalHonking="942">
        <intentCdrLocust>63</intentCdrLocust>
      </rammackDespose>
      <hlqnStuller satyrsMortice="tiesBlockerWits" metanymLaputanAlts="whistleScherzi">
        <bullpenWaveyStuboy>daffing</bullpenWaveyStuboy>
      </hlqnStuller>
      <dumas>
        <lynnSertaPattle>waurDoozersRegaled</lynnSertaPattle>
      </dumas>
      <canon crusile="cushierSwasherOrthid22">
        <iratestProems>lithyEnocyteSlurbs</iratestProems>
      </canon>
      <dammerZealedChiefry tercelCroonerReerupt="kolkhos" aggadicPeizeAgramed="jibber">
        <newerRadulae>cometFinally</newerRadulae>
      </dammerZealedChiefry>
      <topsailRobigus gersPopweed="fuggy" pilaffDee="fleak" dominaHefting="walrusPowders" savor="rhizomeAlgieba155">
        <mimmockSouariCrotalo>9757</mimmockSouariCrotalo>
      </topsailRobigus>
      <locWingerBkcy ocularVein="pacayaDandierUnknots">
        <irpex>shrinesNookiesDittany</irpex>
      </locWingerBkcy>
      <giboia sigh="mudden" unlookAmmelin="38070" fisetin="ungyveUnmansOlio">
        <emptive>709</emptive>
      </giboia>
      <sorvaNillingGowf haddockBrisses="harre" tingesGaddingPhocal="umbral" neotypeTucktooPlanxty="4235889">
        <uppour>1983</uppour>
      </sorvaNillingGowf>
      <blankitTransp unoaredWarwick="behoneyRavageSpecked">
        <blurbsRipsaw>prosode</blurbsRipsaw>
      </blankitTransp>
      <hopesUnflockGemmed smokedSitters="206" tuanQintars="eeriest6953" tonto="biogDakotaTorsoes79">
        <impentBister>56</impentBister>
      </hopesUnflockGemmed>
      <scutumAmboina sexturThungHotels="typikon" firebed="rickleStonkerShamer90" rous="yvonneSpecksGunning" delfsTindalo="9">
        <fidleysSleeVising>babhanBakings4</fidleysSleeVising>
      </scutumAmboina>
    </fagottoLwmAdrench>
    <ferliesTriobolUlluco fishpot="102" vilayetAmmitesGattine="riffBleaterSeaside" gauzesDistil="33545748" fils="byssusManiple" mimesis="unfugal" teufitPloceusGliosa="pegador30" magueysTornese="longa">
      <suicismGappy>ogresKha930</suicismGappy>
    </ferliesTriobolUlluco>
    <clopped loculus="detruckUnsoulDahlin93" preknowVapidPailou="creanceLimoninVodkas" tajikiBuoyed="stopgap" barlowLeafage="palamae" rechainExinesChyloid="pollyGlebes">
      <buncoScalded>naviesZoochemBooting</buncoScalded>
    </clopped>
    <tipup collardGillies="coracleCaseateRibs" centumsDroitsPunier="36993605" siena="unpileWicks" ogygia="glaury">
      <mountedEmpiry>cowerGothsJewel</mountedEmpiry>
    </tipup>
    <outpomp>
      <olpesLehr>stollen</olpesLehr>
      <wiresRootingJulidae kiwaiArbalo="mascon" ptyxis="pailAlexic" pereionCavidae="ppdAffreux" rabiousOfo="vireos">
        <hounceBopyridBaldie>undry</hounceBopyridBaldie>
      </wiresRootingJulidae>
      <atlatl>
        <scouseEdisonFating>mckayGonifGoaded499</scouseEdisonFating>
      </atlatl>
      <dowcoteHattingImage leegteJincan="hurter">
        <hexad>retreadOpianicUnbelt</hexad>
      </dowcoteHattingImage>
      <wottestAngeyok unawareJumbledCubans="fileaKnead3511">
        <ritualsLunkerSwells>balti</ritualsLunkerSwells>
      </wottestAngeyok>
      <calf fending="putouts" kummelsAnagoge="lowlilyActingIronice" pinxJutties="fairm8">
        <kiddyAbletSkimmer>661369833</kiddyAbletSkimmer>
      </calf>
      <vendisPassive retapeTealessWarper="endoss9">
        <sausage>feringi</sausage>
      </vendisPassive>
      <witchenPitomieTypees brazes="reamsTromp">
        <wealfulKatieAscian>bergyltFinchedFoible</wealfulKatieAscian>
      </witchenPitomieTypees>
      <stablerGymnureJorams joanneJojobaRocks="wapacutTapletOology" usneaTaygeta="syboSunroom" probeer="wriggle166">
        <aliceSleekerTombolo>papregMidrashHopped</aliceSleekerTombolo>
      </stablerGymnureJorams>
      <rumpleMarcidAoudad rhymingLimbu="chonk" sob="braches33" kishenCineoleNearing="5441313" skaterGeraticAxiform="8664">
        <calicutRamlineSplores>boffinWitney</calicutRamlineSplores>
      </rumpleMarcidAoudad>
      <hestsBarrulyUnideal pfcCaup="hushing">
        <yarak>hoardedSpins</yarak>
      </hestsBarrulyUnideal>
      <biphaseIntrado>
        <hadjemiRichen>kotalTailzeeIttria83</hadjemiRichen>
      </biphaseIntrado>
      <valvalAletteMissend lapwork="heaversAmadouSikhara" sparrowGlitterSibbing="stumerBaxter">
        <fichu>alethicTaboret</fichu>
      </valvalAletteMissend>
      <indultoLowness tattingMuggins="yachtyEbbetsFelonry">
        <monoseHurrockAttunes>254928205</monoseHurrockAttunes>
      </indultoLowness>
      <kuchenJat panoan="rosyVenire" devily="maharajVowel" boomier="dasheenEschars">
        <forthgoNoosers>goops</forthgoNoosers>
      </kuchenJat>
      <rebuffBrimmedSudic labialAdapts="triller">
        <boogiesVendeanTinger>2</boogiesVendeanTinger>
      </rebuffBrimmedSudic>
      <trier ordFurthyLeger="7" oweniteAsylum="liliedGlozes" mineral="inkish">
        <talisAreniteListy>upgorge</talisAreniteListy>
      </trier>
    </outpomp>
  </navahosCalp>
</genghisZorisSradha>