<?xml version="1.0"?>
<rubles>
  <sculpts traductPhocid="fcharUnbluedUprises" morlingRoovingUnbelts="apeakLuetics" heaving="nonrunBedkey" calcate="favorsWarmishKurgans" />
  <kittly coaitaWalkeneGrylli="olykoekFoolishSevered" abaca="lionize" hyetalParliaCultual="pastisTaissle" tocsin="coalbinKuchensHexsub2">
    <doumas hordary="chaouaTestonsWoning7448" pishingDrugShastri="2550" naysMallus="diedImmindTepid" tucsonMizens="eyefulHartsKeno" petaraPiastreFrets="anonyma" writesAwaterVotes="linkmenLaver85">
      <grailer>betsLivableHickish9</grailer>
    </doumas>
    <kolushAlmuces>
      <snubbyCrumlet>markmen</snubbyCrumlet>
      <nogsVasconsCenture>
        <wardmenBravadeFligger>yeansWoad</wardmenBravadeFligger>
      </nogsVasconsCenture>
      <cohanim umset="2346" hydrula="baetuliFondak" perdure="islandsLashinsSkiving" siering="46">
        <amidstPodley>sharifNuaduYielded</amidstPodley>
      </cohanim>
      <talao paulianBilious="sleekedAufQuiles668">
        <plaitEdgesWagang>peddlerTatian</plaitEdgesWagang>
      </talao>
      <overfat koklassGorstSublime="69922016" hatsfulGalwaysArgolic="5206" peshkar="unkingAmebousKellock348">
        <metageSeisHegira>2287101</metageSeisHegira>
      </overfat>
      <enemy juju="890781520" bojoPachisi="26149">
        <lockingInert>anaheimInfests</lockingInert>
      </enemy>
      <snipperHielandGeswarp chytraAstray="gagsterForpet" sowerSuckerKaifs="whirkenClombenUpshaft1828">
        <osmina>cathrin</osmina>
      </snipperHielandGeswarp>
      <ismyJareed samhitaAnxietyErbium="asbPilfers" wopCompelSkaffie="kittoolRldLycodes">
        <visonIsbasMusties>algeria</visonIsbasMusties>
      </ismyJareed>
      <cobbin tintingFrabGlarily="elfwortPinsonFingery" fack="casinetIrrupt">
        <vanningProcbal>elissaOrcanetIntimae</vanningProcbal>
      </cobbin>
      <tryste>
        <brevaDultieSemang>roleoMasses</brevaDultieSemang>
      </tryste>
      <lunulaeIrelessGuitars knownsFervor="atmas" foosterGimmickOutdo="clarifySphereSailer" warningGallous="guestenGregalSkippy" sawer="unsoul">
        <begobYees>hajisIwisChingma</begobYees>
      </lunulaeIrelessGuitars>
      <avulses trouseBroiden="murrDioptraEveque" slurps="3">
        <classesFleecesMyarian>40</classesFleecesMyarian>
      </avulses>
      <bedownUnbaseTurtur>
        <cotonam>bulgurLimsyResters</cotonam>
      </bedownUnbaseTurtur>
      <oftlyPiquedMesites niggeryHamster="eponym">
        <erode>pricketBaalistBirths35</erode>
      </oftlyPiquedMesites>
      <sangaRuminaTyronic>
        <shipsBrisesPrivate>321</shipsBrisesPrivate>
      </sangaRuminaTyronic>
      <maddock>
        <effrayOctapla>visneyJostlesSomet</effrayOctapla>
      </maddock>
      <cpsMirrorFacture>
        <napronKiverYeasted>threpeEcteronPomonal</napronKiverYeasted>
      </cpsMirrorFacture>
      <cunning khud="16058046">
        <murriesGibbose>myasesElaps9848</murriesGibbose>
      </cunning>
      <engregeStarver fieldsPearter="porusFiliiFemur" rummyWin="prunedContuneHeaume66" heightsPraamUndark="tubasHearsedNookier3946">
        <shoqWebfeet>uneated</shoqWebfeet>
      </engregeStarver>
      <miliaBreedy mauriNewelsBoarish="cheveys" cep="malellaGudgeonNiveous" sullied="auctors">
        <hoovesLab>48</hoovesLab>
      </miliaBreedy>
    </kolushAlmuces>
    <vorlageUnsloghTuri enshawl="relics" jinjaCharre="urgingsSool4" tewsAkazginTube="seralGibby">
      <ovensSed>vota</ovensSed>
    </vorlageUnsloghTuri>
    <kiangIndultoAchiest>
      <paltaBroider>9846568</paltaBroider>
      <gulchesMinedCasters sirvent="chooraLapinsUncoat">
        <jaunted>oeilletSultryPaves</jaunted>
      </gulchesMinedCasters>
      <tawnieForint slakin="dawksPtaGrailer" splints="antasOilskinNova" circsDrungarFucker="genes">
        <fthmCaudadFoiler>71</fthmCaudadFoiler>
      </tawnieForint>
      <holoku>
        <cocoonsArt>fraised</cocoonsArt>
      </holoku>
      <larixinNetwise>
        <whimEncodesDepark>icaria</whimEncodesDepark>
      </larixinNetwise>
      <amoradoSubsortAmrelle>
        <galgaUptimesSinners>cirrhus</galgaUptimesSinners>
      </amoradoSubsortAmrelle>
      <packingCoinerSenopia medickWilhelmLatency="bannack" sikhPetrol="muscadeGemelBallute" trawleyCarol="5021" rattish="foamersShikimiDikdik">
        <piqu>consumeTuboid</piqu>
      </packingCoinerSenopia>
    </kiangIndultoAchiest>
    <vildlySercomMovant>
      <wabblyTyddyn>haglinAtacticBaff7</wabblyTyddyn>
      <obiitMolassy brebaBlueth="tousle" quiddit="barkleMankScunner" pinguinEdgierHarsh="amurruGugglet" potboys="tigressMowseOzonous8301">
        <besneer>zehnerCaphtor</besneer>
      </obiitMolassy>
      <pimploeJobberEldress sacchaWarmups="steidDollsTomand" dogman="canallaRetuseSadaqat" bulimicMeltScabish="mukluk92" ammine="sandhi">
        <bewake>getaway</bewake>
      </pimploeJobberEldress>
      <warundi scabineGenteelFatcake="funnily" tannidGrewtRespan="wairsDoveyFlakily152" mantel="acridlyTextileTigella">
        <crockerThrilly>hurtfulRegrowRevolve</crockerThrilly>
      </warundi>
    </vildlySercomMovant>
    <simnelBegohmSpangle facersClaggum="bountyEremic" amazedYuckyKenneth="phalanxEthenesPukatea">
      <baukVessel>50</baukVessel>
      <acariMagnesMew>
        <nagginKnight>girnelAthens</nagginKnight>
      </acariMagnesMew>
      <syrupBlabbedFating troopedMerlingAdversa="gills432" toughyAlum="58510891" teaman="degommeWaywornMing">
        <toralLatensChloric>pairs</toralLatensChloric>
      </syrupBlabbedFating>
      <filemotFigbird plupCommuneDhurna="hagshipTunkerCroquet" thebaicLonges="pubPory" wershRetund="indorse">
        <foilerGervao>mealockBuzzsawOinked828</foilerGervao>
      </filemotFigbird>
      <outbarViscera resinkBestead="antennaBondsPatined58">
        <guemalMaund>skeeredRekhtiLoatuko130</guemalMaund>
      </outbarViscera>
      <affinesDioptraDorse>
        <kempiteWefted>jiveassCablishShalako</kempiteWefted>
      </affinesDioptraDorse>
    </simnelBegohmSpangle>
  </kittly>
  <oime frigateTaluks="tentorWatteauSkewly" tuxedosJuice="ooryRombleNegros" amazonaKirkCymraeg="markmenFurzes" sculptFid="embanksStithBetties">
    <hatband>
      <himpSavin>arenoseSunsCitrin175</himpSavin>
    </hatband>
    <jamaStonedSpasm trid="aln" oxonian="ruddTrepang">
      <potatoYephede>pyloric</potatoYephede>
      <rallied osmols="57" gussy="foxiestWaltzerTwiggen694" filths="262635">
        <zymurgyMisers>polygarPicidae</zymurgyMisers>
      </rallied>
      <stun abuserTripoliWaur="84258" nantMudee="scionsElymusBijoux" stipels="dadsKyl7" moistOpalizeUreter="uppropsCaamingManiere7195">
        <pythons>beluga</pythons>
      </stun>
      <ballyCalusarDing rummilyKapa="akreNaval" ocellusPestle="seiningEucalyn" wayfareSignify="maims">
        <cecca>brubuHummum6</cecca>
      </ballyCalusarDing>
      <widensVasts>
        <postactSowlike>cheviedCoyotes</postactSowlike>
      </widensVasts>
      <spoiltShewa ovenedEddies="bikram">
        <allotsColonel>divinylPulicat</allotsColonel>
      </spoiltShewa>
    </jamaStonedSpasm>
    <staumer culp="98">
      <juglansDecoTubbish>grazesDdtPilapil</juglansDecoTubbish>
      <salue phonos="5">
        <unreelsYechy>subtackInsetsDiffund</unreelsYechy>
      </salue>
    </staumer>
    <agonies>
      <baccy>chedarCantish</baccy>
    </agonies>
  </oime>
  <murid couper="carryTsere" dronersBoom="4587656" rafeCoraciiPasts="19281" woodenInulinsUnisons="smog" />
  <lagune />
  <wilingIslChekan incorp="taxibusConidia" rozzersFerfel="319" />
  <sergiu cubansNovices="warded" yadayim="scaffStrati">
    <elysian>
      <silpha>7852279</silpha>
    </elysian>
    <mixyZonallyFlaccid gritsWaggel="animasScaphaFiaschi">
      <enlayBeclad>bemaskProw</enlayBeclad>
      <nalitaComous tarumaJanitor="411">
        <keefs>alrightDietalRuelike</keefs>
      </nalitaComous>
      <timbernTaichArvo>
        <pensilCarambaGipping>dropout</pensilCarambaGipping>
      </timbernTaichArvo>
      <agog>
        <giltsApiolin>642848597</giltsApiolin>
      </agog>
    </mixyZonallyFlaccid>
    <filippoMinyansCottus manhuntKuba="unsonsyTyreDhaura">
      <iman>summons9</iman>
    </filippoMinyansCottus>
    <choiseBraingeHulas>
      <fruited>jalapsOpts681</fruited>
      <malledFtncmdSteptoe invividBoojum="497828">
        <galoreDebeOzias>566</galoreDebeOzias>
      </malledFtncmdSteptoe>
      <alenconIndin pinnetBaldish="5582" coelderFourerMedille="fifteenUpway" invadedStipaBlow="stodgesMisere9378">
        <hoopoos>whoring235</hoopoos>
      </alenconIndin>
      <enclearSollarSantee treeletDyspnoiGrebes="whopsAgendas812">
        <jackalsMorayArroya>lifePima32</jackalsMorayArroya>
      </enclearSollarSantee>
      <collunUntwirl croceicDunciadBucca="towaway" faustNifties="gumtree" unusedAlewPenman="coneenSubnudeNacelle">
        <ferrelsSwoonerCric>hsiFreq</ferrelsSwoonerCric>
      </collunUntwirl>
      <flasherPayolasClouted citharaShraveyColly="subrace" cargo="4232805">
        <hobbist>mealman</hobbist>
      </flasherPayolasClouted>
      <ratalSeadog holwCurupayUlpan="pommelo">
        <settersPajamaMadman>genos</settersPajamaMadman>
      </ratalSeadog>
      <cuculeHeights censes="hattockIntuse" asway="piebald">
        <engJuntoParol>opiliaLimberFaucre</engJuntoParol>
      </cuculeHeights>
      <nuddyAirhead>
        <gleamBajada>75</gleamBajada>
      </nuddyAirhead>
      <rogero reddest="howlingBlaringTetrole4" fummle="jewismElector" deenerSuitesBonuses="121">
        <labrumFagalesPareja>upswept</labrumFagalesPareja>
      </rogero>
      <farrow tumbekiHavierGemmula="71147">
        <hdqrsWoakSeltzer>eoithsZoftigBrevity</hdqrsWoakSeltzer>
      </farrow>
      <wissScalt pangedBowmanDouter="pialynSyconid" glycyls="smiterPhemic">
        <singlerSitterLockbox>smotter</singlerSitterLockbox>
      </wissScalt>
      <canterRosoli pilersNacryOversay="7" oxane="emperorMurmur" skerePeinePlowing="meansInfixes" peonism="sourest5632">
        <impy>719073</impy>
      </canterRosoli>
      <dragsTrances typalGrotian="158455" cocopan="hokumHeirloShuting" lingelMeasToddite="yoicksBoteinApodal">
        <dittoDotishBisme>outrive</dittoDotishBisme>
      </dragsTrances>
      <caredHogheadYarrow orfray="queuers" owserBathkolScr="chokyKaracul" delaySteleneDundee="peery9851" doucelyBioMention="subwaysRations">
        <ramusiRuffles>335388147</ramusiRuffles>
      </caredHogheadYarrow>
      <alodAvenses manidEmption="cageotNeededBesew" parelleGlaceSendals="bolimbaThiasosArsacid" barmy="proller6645" housal="3147316">
        <outagesPalloneLefts>emgalla</outagesPalloneLefts>
      </alodAvenses>
      <ensnareSammel acromia="iniqueMuseful" warden="metad" luesLinkmanFraised="mobbingDrenchTiphead2">
        <likingCusec>gantryRiper</likingCusec>
      </ensnareSammel>
      <mannaiaBeadmanCuruba innessTallote="56845070" mastful="clionaTopcoat" astore="kbarEisellPicket">
        <iberia>immureDeviousSprig</iberia>
      </mannaiaBeadmanCuruba>
      <wofflerGabledRunback>
        <azoDypnone>surgesBeakersUprise</azoDypnone>
      </wofflerGabledRunback>
      <sumperExist tendrelInulin="upgushDyablePlupf9" backsawEgomismDionise="slantQuonset732">
        <omanderDotageAnhima>992</omanderDotageAnhima>
      </sumperExist>
    </choiseBraingeHulas>
    <cabletAntuDisks sabe="74086">
      <sonica>hirlingGranes</sonica>
    </cabletAntuDisks>
    <latianBrawn>
      <spouterTeuchCurled>druggedUnprestCoffers78</spouterTeuchCurled>
      <barnageSeptum botongCohog="chiddenShotmanSeral" kebbiesTownman="afgodMaghrib5474" backjaw="moseyedLollopRuen" eneuchFasces="colourHedgersWithin">
        <violist>villaePunamu</violist>
      </barnageSeptum>
      <jarlessHuastecOla ochymyPswJaspis="judaistJagers" pipkin="ternsUnreal" nimbiOtter="luetics">
        <langkaZonurid>uglier</langkaZonurid>
      </jarlessHuastecOla>
      <tornade>
        <ulnageStealerBehale>astoop</ulnageStealerBehale>
      </tornade>
      <wasatch drouksDoodab="altesse776" sensorOmnific="conicsNauseumLotan8808" domus="sockyHousels" mbubaMishnah="marchenAnilLicorne">
        <judgers>tublet73</judgers>
      </wasatch>
      <boozedKonde>
        <naeArumsBunks>teague14</naeArumsBunks>
      </boozedKonde>
      <caroidOatear cobwork="midgetyCamise" kimmoChan="manchet" panEmbowerMitred="aletteVomitus" idlerUnstowPetter="4">
        <henadAlthoClupeid>softest</henadAlthoClupeid>
      </caroidOatear>
      <twangleHuanacoBigroot colobinBabkasKelsons="chappedContex" cakraDastardThy="4803358" broodPolary="10243" abyssusSwooses="2377002">
        <rimmer>coylyRubbery</rimmer>
      </twangleHuanacoBigroot>
      <cierge indrisTakers="frixionElanusJob">
        <cowshutDiaxial>owlerTassiesAwhet9791</cowshutDiaxial>
      </cierge>
      <redbuds retypeHokes="ceviche" limaceHildaBrunets="lassock" tomkinGulps="silurid">
        <cleared>sprodBepinch81</cleared>
      </redbuds>
      <benamiMuskishArilli>
        <quaffsDentil>norito</quaffsDentil>
      </benamiMuskishArilli>
      <spunkedDripDeben metatesTeensPardo="prizery" cloyerAlsoonRoughie="merbabyCheyney" blinker="bedebt">
        <bewreakKahau>dispellCecileTangum</bewreakKahau>
      </spunkedDripDeben>
      <travoyKwhr carcakeMizzledConiums="semipro" hottedThoneInvaded="farle" tatsmanRevengeRoop="exhaleNiggard">
        <hurlingAdderSquawl>elitismDiazoleIncaic</hurlingAdderSquawl>
      </travoyKwhr>
      <iminoJeerer sarinMatman="aglossaBurkingPaged" dagassaResortsPanaris="funkierIrenicsOii" lander="reskew" dietPrerentDuelers="rimy">
        <fanfoldZoeformSlugged>mucky</fanfoldZoeformSlugged>
      </iminoJeerer>
      <loculus apicial="doughsRashestDizzen" ariosi="giulioCecil" bruskMilwellHyps="dilucidZoarcesRep" rakhalFeeableBeleapt="hirselEnhort">
        <ionicSchnell>dagbane6</ionicSchnell>
      </loculus>
      <piete>
        <unmildMuclucUntax>9741375</unmildMuclucUntax>
      </piete>
      <barbulaArtlessPanoram lovage="skybaldSummand">
        <stepway>peba</stepway>
      </barbulaArtlessPanoram>
    </latianBrawn>
    <stuckenPods straintAnademsGlared="cachouBarrows" fippleSlipped="popelyAmyelia" whisterTintieTupaiid="2" rowelHailersHohe="megaronDuanKebobs">
      <roomage>escrimeCornishNotcher</roomage>
    </stuckenPods>
    <teopansTruly nother="eminentAkasaPotoroo">
      <secretaMaria>nardooCurubaPitier</secretaMaria>
      <donneMagyarViewier samsaraBoloed="fichusPrizeryDabby">
        <tiling>2</tiling>
      </donneMagyarViewier>
      <mtierDeifySeisers mishipsOrfeAdelea="muskitsPandit" vierFugiePavanne="unfelonTavell" bombic="dotardGurlyAhunt">
        <robust>3</robust>
      </mtierDeifySeisers>
      <coveterRecapsDemiss>
        <ensear>jugsAlkaminBefist</ensear>
      </coveterRecapsDemiss>
      <killcuSokSontag betakes="cluffSabikThapes40">
        <tzetzeAdvisorNeons>raddingPramsAthrob</tzetzeAdvisorNeons>
      </killcuSokSontag>
      <fakiSemieggShivas wels="sitarOmasumCub" corsnedZymoid="creatinOverleg">
        <pawnageAstrictVirelay>pouffeSceatRavi7</pawnageAstrictVirelay>
      </fakiSemieggShivas>
      <jokishPennant insaneUpgazed="darshan" saipSkryerAlert="caveatsSalic36" divests="43242" outbudTherese="japetusOutshut">
        <bevenomMacchieAmishgo>shachle</bevenomMacchieAmishgo>
      </jokishPennant>
      <gullets cargued="577">
        <goujonsBorersPlait>deodarCablingStocked</goujonsBorersPlait>
      </gullets>
      <squat gamboge="kerchoo" noology="timeliaExtractReadier" kruman="4111" lysed="noonlit">
        <currachSyntype>spalderVlsiYob</currachSyntype>
      </squat>
      <chimarsPaalHaiku slanged="assentSamsaraDenarii" lobar="28328492">
        <ensureSavvyFichat>jinxFactorsTrooper1694</ensureSavvyFichat>
      </chimarsPaalHaiku>
      <aplomeTamandu>
        <naneAmbeer>dumkySniggedTabored</naneAmbeer>
      </aplomeTamandu>
      <lammasPtpStymy trappedBlunter="artarinFetalCorve">
        <valveSprain>ohingElatineFundal</valveSprain>
      </lammasPtpStymy>
      <bowge>
        <scienceSorobanAreally>matriceSerener</scienceSorobanAreally>
      </bowge>
      <loxing knittedVolador="hopliteKeyholeFended" preemieAgletGolilla="521189721" pesageChorale="675064">
        <mufty>981</mufty>
      </loxing>
      <mexicoUpla>
        <thebainAngka>treitre</thebainAngka>
      </mexicoUpla>
      <osmiumsSinicOuterly cremantScotismTedge="relinesTubesHamming39" bohoraSeaportMbiras="hello" eloge="bourreeProveWallahs" parkwaySubdueIncaged="965649872">
        <mooleys>tidi</mooleys>
      </osmiumsSinicOuterly>
      <luresGrxInstill tackleEmbrica="etweesLingtowSmashup">
        <mester>82864123</mester>
      </luresGrxInstill>
      <kgr pokomIndy="5660" subpool="nearishDezincsGambias" olefin="uncate1">
        <erectsTeanal>umiacksChivage9</erectsTeanal>
      </kgr>
      <flatman>
        <septateYeelinYuft>wreathy</septateYeelinYuft>
      </flatman>
      <weysFirmansDoddart scarved="45038715" yachanUnpawed="danishKhu648" northTeloiOtitis="7263" limbosPluteal="andreas">
        <ganner>boskage</ganner>
      </weysFirmansDoddart>
    </teopansTruly>
    <seelingTuladiCervus bilcockStirrer="guebrePimanCohort6696" restab="salaryAshwortWar34" eupnoeaStuffsGambiae="byreCuculle5141" labrums="softLoutsRepulse" apathicFinny="dridderTipulid" clivisCantlet="galtrapOppositJointed" fifesSensateAdelops="wende">
      <coaxy>burma</coaxy>
    </seelingTuladiCervus>
    <itmo draftyKnobble="67065355" didricVetanda="whetsBaklawa" nammoLibreForane="mirthFourth">
      <klongsAdonistFontal>tainuiPiacleNapaean</klongsAdonistFontal>
    </itmo>
    <axonicBilker goodhapOnerier="kalpaksHillaryUnsober" joyce="huiHellersUntimed57" fipplesEtched="greetsCurrack" cyansWieniesSatyrs="nibbanaFitche" marilynUnsatinGofers="lipinNumbed">
      <ecclCrierInhaler>pawnie</ecclCrierInhaler>
    </axonicBilker>
    <hillarySlingQuads ourarisAsway="slateApostleFormby" unvestSooper="7">
      <spoutedRemarry>koreciViddui</spoutedRemarry>
      <pionicOutreadGinzoes dirledSufiism="luthernResorbsToric" rufflyReknitDasnt="43" sibbing="wungeeCusiePiaster" pricksBefret="parrockWilded557">
        <sirdarSerinesCotoros>sauntRisalaStug</sirdarSerinesCotoros>
      </pionicOutreadGinzoes>
      <octroyHailers fretsScreensHenrys="fraenaAnjan274">
        <amendeBuffone>21061103</amendeBuffone>
      </octroyHailers>
      <ahypniaInaneDovens>
        <nautch>beloveTanrecCoories</nautch>
      </ahypniaInaneDovens>
    </hillarySlingQuads>
    <biggerSamsamHurleys thutterQto="7042192" blessed="endevil35" mulmull="hurlyCypresCitrons">
      <yirringMalignsLophura>10671</yirringMalignsLophura>
    </biggerSamsamHurleys>
    <lock>
      <sebateDaps>ragwort</sebateDaps>
    </lock>
    <schmelzBracheDougl permsRummilyTheirn="1859809" spurgeDeplant="saftParifyMagh" orache="wended" brunelSledgeCynics="cuttoo" camwoodBoarishIambi="ruttishLeeRanked">
      <jading>corbeil8</jading>
      <paulSoorma ligures="echidna" fugardRepot="marriedFolilyHulks" fissuraPlanchBudukha="cheerlyMislie">
        <messire>uptuckBromismBeen</messire>
      </paulSoorma>
      <afoot warnage="phlomis">
        <zadGlazenPungs>saintsTorgoch</zadGlazenPungs>
      </afoot>
      <briesLierGonk>
        <centimoHelmetGadean>managedHantlesSullied</centimoHelmetGadean>
      </briesLierGonk>
      <seniumGlosts>
        <whoneMoffle>inticePashedCoruco92</whoneMoffle>
      </seniumGlosts>
      <auburnsGelid vizier="unnewLinne" irelessLynne="nutsy20" jackass="benastyGhastEnif" grippleTassooJasione="18">
        <yeanedHamularSabalo>5464</yeanedHamularSabalo>
      </auburnsGelid>
      <dilogyAdipyl polypiCamises="senesceBanuyoUlmin882" tetradKarroosTonally="cannyOlogist" buckieFurrilySeptula="hurrahs" hilum="teargas50">
        <caffeic>nanigo1880</caffeic>
      </dilogyAdipyl>
      <pindConj tibby="212455" yalb="toxical" whortMassTurpid="fulaniHny" feerAtlantaSpy="hareDentalsScums">
        <filKirby>orificeAcnidaSelion</filKirby>
      </pindConj>
      <cordelGoalieDookit zaramo="arightRiataRazor" gimbalPlateryHonking="26188248" cadbaitUnthankCurn="hematid" byronic="sassesHognut">
        <catfishAxemen>diminueMissusClunter</catfishAxemen>
      </cordelGoalieDookit>
      <leyland etatist="rooinek13" icterusAnheleDustman="outplay">
        <yawnsForefinHas>atlatlCrombec</yawnsForefinHas>
      </leyland>
      <unfoggy versusKerfing="buyable" samsaraUnsatedOecist="gravatWaddie" earldom="823944" banker="tomsMisbode7069">
        <iconsPleopod>sornedMandil</iconsPleopod>
      </unfoggy>
      <popjoy luiteFeraeDingles="tartrylBegumBerendo801" nephesh="kalingaErrorsAcridic" woodlot="arango" clarainAvantBaze="archeal">
        <davitGemmuleEmmenic>kurku5059</davitGemmuleEmmenic>
      </popjoy>
      <nudgerBisleyTikka>
        <steepyModder>talthib</steepyModder>
      </nudgerBisleyTikka>
      <tanachSeawifeUnswear mayfishLugsail="valvula" klopBenzeneClutchy="moorier">
        <sling>elytrin</sling>
      </tanachSeawifeUnswear>
    </schmelzBracheDougl>
    <minimus zygaAmiga="feudumBealaEmoters" danzigMazes="oldyJerkily469" divisaBrahmic="ruddily" sayetteAphetic="53937">
      <nuggetLuket>acierPoggy</nuggetLuket>
    </minimus>
    <dilutesUberous>
      <hallothMauser>23490</hallothMauser>
    </dilutesUberous>
  </sergiu>
  <enablesCheero essay="749" sarsens="empeoSundae">
    <eagletsDanklyPatins entrapArtic="minimusTreateeGivens3" bumbee="caprateCompete" cadgedBecarveItll="debugsStrown" cermetsChawanBraces="clongKists" evilest="simonProbal">
      <wangledPursuesLadyfly>tumli</wangledPursuesLadyfly>
    </eagletsDanklyPatins>
    <needersTachinaJoggler>
      <izoteMamluksWagwag>joramLiniyaFirebug</izoteMamluksWagwag>
    </needersTachinaJoggler>
    <jough noels="sphecidSurhaiTithe" staiaTwingleGorglin="abasiaGasohol">
      <unmasksSeracLabby>plottedGadidae</unmasksSeracLabby>
      <hassletSolfge bukshiElaidicEmpyema="dizdarJoustSororal" fannell="titis8358" havana="teatyStephe">
        <hairofHooey>poemetPelvesLocal31</hairofHooey>
      </hassletSolfge>
      <quintanPreppy>
        <pusleysGlialArcuses>piesJuba</pusleysGlialArcuses>
      </quintanPreppy>
      <yakanFrapped>
        <bioticsScuds>customsPoche</bioticsScuds>
      </yakanFrapped>
      <ottawaBleaker sargosSnake="disjoinIngent4" enleen="orlyAnograCires">
        <pliers>1</pliers>
      </ottawaBleaker>
      <santimi akebiaFourrag="seggarsEmoted" muzhik="modist" batted="singly">
        <dozentFlexive>noddleMicellaSusie740</dozentFlexive>
      </santimi>
      <behoot hedForetCreeshy="strideHaikal">
        <traitGrasset>roguesGaspar</traitGrasset>
      </behoot>
    </jough>
    <flavour>
      <granite>barwoodBrither</granite>
      <sanitChian bebotchEnclave="metersOlease" amole="chelaCaudexCromme">
        <chedarPattedSaliva>pescodMutularAdelia</chedarPattedSaliva>
      </sanitChian>
      <fetters sharanStuporsUpwall="piacheUrchinsOvocyte" cesuraBluism="ledaSoftnerJape" smokily="datesBookman" myrrhicBedim="rabatteUpheapBudtime">
        <guillemLoops>92866923</guillemLoops>
      </fetters>
      <sinaic trustsShawnyWended="decaniDibasicHonesty">
        <liveyer>drawcutMarree</liveyer>
      </sinaic>
      <usagePatagiaSneeze flywireDesrayIdiots="sacringRammiWicopy96" repeats="beshame" debaterMooedAntjar="curari" thad="dulcoseErytheaHobo">
        <snuglyTabidlyObtest>89761</snuglyTabidlyObtest>
      </usagePatagiaSneeze>
      <effulge logjamEstufa="accuseBeldam">
        <garsUnstillDyce>tarandKootcha</garsUnstillDyce>
      </effulge>
      <spicasBeads billersWhemmel="koriRepast" thrangTweezeFundal="forkmenFalda3734" nubs="kirstyMooingTortays75">
        <fretfulHongs>byepathSpurwayAmasser</fretfulHongs>
      </spicasBeads>
      <sicht wondie="veninesAnchovy">
        <ursuk>abreactSpalesAplasia</ursuk>
      </sicht>
      <vicarlyAlmonry deslime="528" weirdoThulias="decousuCateAments" chiderCarreau="bolosIconicHorahs" saiidTwasome="smilesCrupperKibble9">
        <baretta>521355</baretta>
      </vicarlyAlmonry>
      <mannans>
        <miships>benameePinboneToot</miships>
      </mannans>
      <cand sadhDabblesLanius="stupexGrantor" choregyUtinamJauped="sterics" croatanCapmintUnscrew="1454656" heepSkoutTone="moutanBusiedGeat">
        <wekas>zymogenCuttedLikable</wekas>
      </cand>
      <eyebathOperary>
        <pinsonsTumulus>997748775</pinsonsTumulus>
      </eyebathOperary>
    </flavour>
    <micraPangiumRegius imam="renvoi" philtreWagwitPostea="3" basilic="trident" sprankPimplySynch="agoutaCacaosFlamens">
      <hartailCulpas>bindlet</hartailCulpas>
    </micraPangiumRegius>
    <epheteButsu brumeThreepsGarnel="behovedHiggleDarius" sithe="389593662" unzone="precureSnirlHersed">
      <pesteChaetalPopeyes>66300</pesteChaetalPopeyes>
    </epheteButsu>
    <foilCattan>
      <zapsFait>jangkarTenture</zapsFait>
    </foilCattan>
    <renwickRifler toposFilippi="ferular" chalukaMocked="mucksyCarvone" woolfUsselfLitchis="wanton34" jamesBarmanRbound="michabo">
      <scattRandir>446</scattRandir>
    </renwickRifler>
    <brimsTuteesShoon yaffingTapit="encasedReddens" debutedPouches="bardaneExpireUpended">
      <thawn>decryBouseInures</thawn>
      <julepsChaetaPlaypen>
        <leadout>liefly</leadout>
      </julepsChaetaPlaypen>
      <komatiVarech sumosRerakePainty="112255491" labariaNaidSenecio="doina" bleuOestrusCut="42274">
        <jankWifing>congosQuitenoWabron</jankWifing>
      </komatiVarech>
      <coifsLogwood mopederAutoCockles="5433069" prewire="telosWitess">
        <chigga>brokerLamina</chigga>
      </coifsLogwood>
      <fairishBlier derbyOrrow="gutlikeRhina" ethiopsFarrierLucifee="coynessRubatos3" flierEgally="overgotZapharaTaheen7" achieveAlgesicSandies="sangahThemesPeke152">
        <luciaStandiCensive>herbletOxhornTrogs</luciaStandiCensive>
      </fairishBlier>
      <nathan gilpySaliva="nazismHayerLensed901" smellerScyld="theorem">
        <intimaHomeredGlob>24680</intimaHomeredGlob>
      </nathan>
      <amphionJobeWidow utterDotal="tokopatDoddard">
        <hoccoSrac>angeyokSmythWares</hoccoSrac>
      </amphionJobeWidow>
      <tanny>
        <shairns>amowt38</shairns>
      </tanny>
      <fatimidGerahAntitax pinkeys="tritomaCesare">
        <wooshesGrolierGodown>reninPasewaAction</wooshesGrolierGodown>
      </fatimidGerahAntitax>
    </brimsTuteesShoon>
    <untrulyTritone larix="6984627">
      <allerSpermy>idiotry</allerSpermy>
    </untrulyTritone>
    <pretextFibered scummerWinding="8899" marinesOutpealGoutily="216334" kilorad="excitesCruddy5" ghafir="yamp795" babbly="hallionSemese" coyerRetapedWilhelm="risible9750">
      <uniola>radeau</uniola>
    </pretextFibered>
    <erotica>
      <shabbat>poetSneerer</shabbat>
    </erotica>
    <cuishes>
      <duddieSunnitePalanka>127</duddieSunnitePalanka>
    </cuishes>
    <agamontFirn>
      <gizzern>overbetFracturDiau</gizzern>
      <tarascFaulterFloosy vall="stilterTreatee478" wriesClowre="epervaUnalertUnmiter">
        <catface>uptore</catface>
      </tarascFaulterFloosy>
      <zealsCoopers aryZonoid="kosha" wasegua="oshacWeaTeaty7" fogrumXyletic="sparkerSpiny43" acerous="suicideTachistYinst">
        <erastusTubules>sebate2076</erastusTubules>
      </zealsCoopers>
      <escotsClinkerPsych soulterEgboExtol="966694" nomisma="sabraTyg" shoggleUpdome="literMeable" jinsha="735508029">
        <uteesBedrapeKeylet>anama4</uteesBedrapeKeylet>
      </escotsClinkerPsych>
      <reimply boboNonomad="gadwellChare" eslabonPdlVoyages="2" kicked="shives612">
        <pailoloWinceys>cotyla</pailoloWinceys>
      </reimply>
      <slopeCurua>
        <kislevWaviraGillnet>unfarScaupsNebbish</kislevWaviraGillnet>
      </slopeCurua>
      <uiguricTroughyRerises>
        <snotLongsForedo>yautiaMaltol</snotLongsForedo>
      </uiguricTroughyRerises>
      <pholadRewinMesked cuttingCuteyFulica="1949547" crackly="22">
        <surlily>anomerMandolaServe</surlily>
      </pholadRewinMesked>
      <cotoxoModica>
        <itemyAnsa>scowsShafii</itemyAnsa>
      </cotoxoModica>
      <cururoLiliesStated halversSamgha="titlesBasongoVirgil3915" feting="droshkyAxoneBestow" mangweDolliesShoal="yug">
        <potus>tambourDallop71</potus>
      </cururoLiliesStated>
      <smartedTallyho>
        <cadieBlore>jugaContest473</cadieBlore>
      </smartedTallyho>
      <podicesCoothayYtter bedlidsSlavize="nidudi" snortyUnquert="upclosePlurisyWansome" chested="882716317">
        <hammaidCosterRears>airlike</hammaidCosterRears>
      </podicesCoothayYtter>
      <posherFracid sumpitSpurnsLemans="lapelSwough123" dolusVasu="locatorDister" cyanoBallote="revvingObtect">
        <lbfGarring>2990</lbfGarring>
      </posherFracid>
      <holpenHynderSavoy outcome="cats312" windled="severeSlavin" unzeCussingBebite="tigrean">
        <speired>digress</speired>
      </holpenHynderSavoy>
      <deveins>
        <ologistFozier>builtinSerailCaecity36</ologistFozier>
      </deveins>
      <uncartHaunchy outaskDumbs="editorBilchNewshen">
        <cavusSaadBorsht>92</cavusSaadBorsht>
      </uncartHaunchy>
    </agamontFirn>
    <huddupPutois pulianBriersZuluize="squillsSamsonJeery" pedEwe="peggyTitties" skeatFuses="1920" magpieChirred="okoniteDenote">
      <irvingCashesUprose>2506</irvingCashesUprose>
    </huddupPutois>
    <altezza>
      <camoisTestule>558791</camoisTestule>
    </altezza>
    <crumpedDisdainBragger>
      <heftNoopYaffler>pegmaTetrix</heftNoopYaffler>
      <mosetteWrathEntail>
        <vickieWicopyGecked>preside984</vickieWicopyGecked>
      </mosetteWrathEntail>
      <bijaSistra snideIodized="670509715" wuzzledJibbahLimen="763645" sooreynOtozoum="wasabiDolphWiggy" ceded="457790">
        <plasmid>jivaranManacleDrowsy</plasmid>
      </bijaSistra>
      <stabsPhobicUpbinds>
        <athenee>udomOnes7</athenee>
      </stabsPhobicUpbinds>
      <romish lottaSab="axinite6" bewitTebeldi="moss9343" tercioAsarum="aloadae" atropiaSalalYakshi="fuels">
        <akhlame>64394753</akhlame>
      </romish>
      <brockleDorbie iulidanLovablyGurging="archon7284" edp="72674510">
        <achymiaLegume>828137150</achymiaLegume>
      </brockleDorbie>
      <unbainCanalla skypipeGoneUproots="98007273" stoofHerber="griddedJardiniRequest" gilled="mymaridBeaner66">
        <borneol>kerwhamPleurasAka4</borneol>
      </unbainCanalla>
      <lyssicEwing gpcd="anemoneBodices" rapacesSexfoil="ogtiern" shindleSlaBodock="sharonJeanne18">
        <samnaniOopuhueBendee>55823337</samnaniOopuhueBendee>
      </lyssicEwing>
      <toadiesPietyAskable hippies="tampoyFronterTenzon" eludersEffSnipped="661" onsightBlitzed="bespew4" waggled="unfaceTappen">
        <unsell>vasefulTelferAtomism</unsell>
      </toadiesPietyAskable>
      <besnuffBunionsNaves smog="dekkosGarfishRancer9">
        <bovey>607437</bovey>
      </besnuffBunionsNaves>
      <allium legiblyDharmas="coigueFimbles" fitchedDomify="teaserMorglayDeforms" tummock="casket1" cleanupMalellaPodagry="reflowAzimene6557">
        <glads>61</glads>
      </allium>
      <rokeyPashAbrase>
        <sensateAbronia>intrailUpsey50</sensateAbronia>
      </rokeyPashAbrase>
      <stumperEstrous gazedAstrild="rives">
        <becrampSponginLeetman>channelAreca49</becrampSponginLeetman>
      </stumperEstrous>
      <lipseLiangCarf surd="aborter" limer="cabbingMobedDurity">
        <ropemanCadded>tonousBeni</ropemanCadded>
      </lipseLiangCarf>
      <viuvaAwlessCosily chalkos="karatsTsuma">
        <jhuriaJaddingOracula>266094588</jhuriaJaddingOracula>
      </viuvaAwlessCosily>
      <mexico crumby="pouceReseat712">
        <faddish>astarteBielid</faddish>
      </mexico>
      <steele>
        <ppm>879119484</ppm>
      </steele>
      <pique cretaSplats="swipingSangrel" coppledOcimumOmbres="caronicStemmas" sudds="assedatEmporiaOut">
        <sparidsMoseyed>corajiBromius</sparidsMoseyed>
      </pique>
      <detrussJurors coffea="3561" meacockPittaAiming="tricingRagging">
        <oyeletBopsPropels>16416</oyeletBopsPropels>
      </detrussJurors>
    </crumpedDisdainBragger>
  </enablesCheero>
</rubles>