<?xml version="1.0"?>
<corruptSigillAppalls>
  <carafeSwirlsEebree>
    <prowlerGrifts>
      <congousBezelsBabery>charvet</congousBezelsBabery>
    </prowlerGrifts>
    <lipicPrytany>
      <starkySumassParcel>brattyTepalExitus</starkySumassParcel>
      <terriesPurpled pbx="ninja" dedan="rerobe">
        <desugar>kefShardedProb</desugar>
      </terriesPurpled>
      <serails seedmanPioury="suckageSkers" karel="agreeRaband" ennobleGunyahLayer="belveBeetle">
        <itemyMezzosMirex>484770500</itemyMezzosMirex>
      </serails>
      <ruddiedCovidAldm>
        <chevies>spackle</chevies>
      </ruddiedCovidAldm>
      <ropeSorghum darefulPurdahs="healed" pizzleBondman="nobel" surtout="behoves">
        <mobile>culvertScagliaPoilus</mobile>
      </ropeSorghum>
      <ligand latestsCuboid="2064360" balkedCoyoSepone="scoutedPeskier" screak="muggy">
        <peroxidFloresLingel>actorsUnifiesOutrace4249</peroxidFloresLingel>
      </ligand>
      <sabraTranfd egoizerWoolyJungles="unnail4" nobbleChesterWyde="cyclose" dodunkGaupSomalo="2313449" whinnerPushing="coadapt">
        <sylloge>niagra</sylloge>
      </sabraTranfd>
    </lipicPrytany>
    <subside>
      <quininColder>oocytesSheroot</quininColder>
    </subside>
    <spiceryStenion>
      <kan>series</kan>
      <unbruteKlip chairFreq="69850336" homburgHomogenTicunan="66794334" billageRebbes="parotisScuddedEdestan" marteleSported="thankerWintun898">
        <rannel>zimbAnaxone</rannel>
      </unbruteKlip>
      <nighestIleitisTemples photPneuma="tineids" decidesPloys="semisesNibby" fungite="cometicThroeRecheer" algarot="windledFumes">
        <nymphonDawut>20708</nymphonDawut>
      </nighestIleitisTemples>
      <lookups intwine="unturnAlbruna24" latterAlfakiSered="unawayThirtySiest5" hippish="wicketsSice" hipness="jaybird">
        <sandraTurpis>loosest</sandraTurpis>
      </lookups>
      <papyri yoweHottest="gamingIsn" splicesFulthCrypto="1958190">
        <terciaBaronyAxilla>gromaOfferorPinlock7</terciaBaronyAxilla>
      </papyri>
      <futiley>
        <gradalTwankay>pended</gradalTwankay>
      </futiley>
      <adati behead="392" diasAnnuals="apace">
        <whoresBonsSastra>carveneCaumLanner</whoresBonsSastra>
      </adati>
      <risalaWhittenKamis natica="3">
        <feelingQuassin>situate</feelingQuassin>
      </risalaWhittenKamis>
      <becomeTieless hoodieBelibel="9934345" requit="fondledBedewed" ottomanGurkha="pollistToasteeZebu">
        <peppily>skoalSynergy</peppily>
      </becomeTieless>
      <tallageOminaChilly offendsBaston="sploshCulexCuban" unsneck="royouDuretto67">
        <legendaPlaidy>oweltyOdaxElisor</legendaPlaidy>
      </tallageOminaChilly>
      <earlierTassiesSnowl iszSandlotLunaria="ospreys" salsaSynodZonal="156687" happier="warmth" joinery="ceratinMehariPattu3228">
        <boogumPussier>doodadSallowyHominal</boogumPussier>
      </earlierTassiesSnowl>
      <tae valvesApexedJingle="trismusUnface8410" unadult="93254842" vegans="stablyLolled">
        <sitkanColarinLoftman>itemWatchet</sitkanColarinLoftman>
      </tae>
      <voicerNidiot jerichoPeonsMaugis="perca9" jubarbChooserPretty="bocherTunlandGoschen696">
        <unmoldyAzaleaMicra>leprineCreep</unmoldyAzaleaMicra>
      </voicerNidiot>
      <outnook cavin="synuraYielden">
        <subedit>27685875</subedit>
      </outnook>
      <apinageSmother pannierFiling="barytasNavetteKennels" threesPrepink="amylon2954" pareusCanvasAngloid="etrenneBakra" damaraHyaena="vealing4905">
        <sterol>kha</sterol>
      </apinageSmother>
      <elritchPricked kamiSubact="descryDreads5770" shipmenPomsterVoguish="dismast" skiersRaves="grovelBblsSemel">
        <eimerAmadanMisrely>tewsRatfish</eimerAmadanMisrely>
      </elritchPricked>
    </spiceryStenion>
    <feedwayUphillsFomites platineInfern="datumVenerosInsider9" desaltsRoleo="28543" stemmas="trumpedTaluka" quinelaPawningAgunah="novcicFess" araru="balneaeBelterPanoche">
      <jaguarPullout>tailzee</jaguarPullout>
      <missaidVotarySerum slopsFeminie="gervaoSnash">
        <gargler>patao</gargler>
      </missaidVotarySerum>
      <guiananBruce redawnMeldropHumetty="861" elapse="maoExhume">
        <putschBassaNewsmen>indrawnCapiasCrabut9</putschBassaNewsmen>
      </guiananBruce>
      <sommiteLidaHumus canopidCantlet="seerpawTanzebTylotus" bundiesAlatedDulcite="8796986" rebendEyresSwops="4153" lorAferHoard="alleve">
        <solenneDrimys>butanes69</solenneDrimys>
      </sommiteLidaHumus>
      <buenoGell nasaSkelpin="scepter" dickens="coupons2836" yukkedOlor="talipot">
        <houndyLimosiMacuta>96131330</houndyLimosiMacuta>
      </buenoGell>
    </feedwayUphillsFomites>
    <detestTingingOpacify>
      <bord>6812003</bord>
      <bogleRamass artySooth="beckettSpreeUneared" permixMunchBivinyl="dotchinEndship736">
        <yallockKaj>agavoseHetty</yallockKaj>
      </bogleRamass>
      <rabboniScreakShogi>
        <gyronnyClarine>sody</gyronnyClarine>
      </rabboniScreakShogi>
      <rotta suyogPosthoc="rubia" enceliaMundalFlanes="buttonGlintedFiesta103" elating="6024052">
        <nodders>44152</nodders>
      </rotta>
      <skelderOysters bokomImbondoCytol="91204" dognapsNoanceGurt="stygial">
        <sexhoodMusaeus>foinsSalably</sexhoodMusaeus>
      </skelderOysters>
      <shuteGarbedInjoint geelbek="468496" unshale="whussleAti" fiercenJecoral="meeceOopackUnyoked" girths="mosksHers">
        <mignons>typhonRaffleVeinier</mignons>
      </shuteGarbedInjoint>
      <pinard nitriry="itersMslWrihte">
        <jowlierBroma>vedicSkinfulDims</jowlierBroma>
      </pinard>
    </detestTingingOpacify>
    <crackupSanctum espanol="umbraeKerria" archdSangh="39917" arabs="solanosTriple" avidous="26237206" dernly="50786" mirach="covertsNeolith881" hommageMilkier="mismateScazon">
      <beothukAroLubes>simousHolloesYusdrum</beothukAroLubes>
      <coplotMattaro cauchoCocherFatales="comvia" cartels="finkingRevert149" choralsBoseRadar="3175140">
        <tirazPujari>simlinsMatheSouls</tirazPujari>
      </coplotMattaro>
      <golfsBaccateOxalite smally="coccoidEmbars" vinerAburtonSpheric="mouldyFlatbedTorydom1393" opimian="weiFestySaddik" rascetaArgentAriadne="artsyAlepineCurtals">
        <taataPresto>brawnsMislies</taataPresto>
      </golfsBaccateOxalite>
      <mollAurigoEphebus metamer="4" outbeg="leachyNatrix" kitabisBeadmanEnwinds="coupledCanes">
        <nooky>136142</nooky>
      </mollAurigoEphebus>
      <quiteve kelebeJuglansOldest="betonsSanded">
        <huff>upflash</huff>
      </quiteve>
      <cumidin meaconSperonIdealy="stowp" fled="boulterMungeUnmold" denserLohockCicad="gamgia" camelus="portassTeloiMutuate">
        <argotGliosa>355</argotGliosa>
      </cumidin>
      <cascan>
        <poecileBlahDuopod>eloahBoldedCarp</poecileBlahDuopod>
      </cascan>
      <anomia dingingDakotanHackery="arachic" wadmaalRestiff="drably" yulans="magahiBoozingTyrian">
        <torskCravat>555</torskCravat>
      </anomia>
      <spig norman="versinDenyColical">
        <pouffs>880267</pouffs>
      </spig>
      <efecksSorgho ogrismAiledAira="269749" dolosSissooTeed="soarersVarusBeery" antigun="regildsJundies">
        <plumesCoo>97169</plumesCoo>
      </efecksSorgho>
      <slakeShowed oncesZapping="skaw">
        <gelder>reductKeats</gelder>
      </slakeShowed>
      <saga denizeMaltolsBimeby="skilts" nocturnLaymen="diademaChurl" netlessClemmedMibound="agnatha6" concentKickier="durumsMuddlesMacaw">
        <deckerBog>unmount2</deckerBog>
      </saga>
      <wervelQuidditCurvier asiaticAheightDinking="gumlah">
        <wilingRebirthToners>reprSwoppedSerein</wilingRebirthToners>
      </wervelQuidditCurvier>
      <millineObesePuma dawksMorbus="issuersPittismHabuka" knarl="xylose17">
        <uphelm>8441513</uphelm>
      </millineObesePuma>
      <glebous implantZutugil="festerHavoc691">
        <dotardsCorance>421808</dotardsCorance>
      </glebous>
      <sadheUnlidBanuyo puranicOarweedRamal="herdessMuong" heapBordar="hackerRakedDialed7429" reposit="grooverRodsmenCru">
        <aenachGrossed>unlieTutwork</aenachGrossed>
      </sadheUnlidBanuyo>
      <aphesesArtierFaculae dks="santeneShottMotmots1242" cyanidsBaronga="alignSlugger" obsceneKawikaCitolas="wakefulStore" skandaSradhaOuze="26291743">
        <vibistLaminal>paradedImagery</vibistLaminal>
      </aphesesArtierFaculae>
      <knabbleCrazilyJobman loppardAlveoliSizar="tot" sirisUppedClow="pleas48">
        <daresComradeTanoan>mudfatCaroba</daresComradeTanoan>
      </knabbleCrazilyJobman>
    </crackupSanctum>
    <adduces>
      <salsaBlonder>syrettePepsin</salsaBlonder>
      <dottingOceanidCask dwinesVacual="molted31" bestirsPokom="63" drawlerJiltHacek="vaguish" skelInaner="entrezWoofing">
        <lopedColicin>shelterJaglessKaha</lopedColicin>
      </dottingOceanidCask>
      <satisAyont>
        <quechuaEngorge>skilfulSotsCalla</quechuaEngorge>
      </satisAyont>
      <giftsGosterPipkins dragoonRhymed="polite" arboret="67780">
        <aditalCatterySkete>rates91</aditalCatterySkete>
      </giftsGosterPipkins>
      <bestowsObadiahUntasty cranchCroons="turtlerTime" cheviedChest="hummiePodder" tabChabuks="990618" eogaean="atourHellierUnsound">
        <ratClintPhossy>7446398</ratClintPhossy>
      </bestowsObadiahUntasty>
      <palmiteGoosyMures grouts="jadyReedier60" redeedVaticSenvy="soybeanThanesWaipiro" asemCohost="souters">
        <sassier>1535</sassier>
      </palmiteGoosyMures>
      <heighBaluAurally canteen="pakawaPlashedOutsea" ospreysKafiz="bratsPanicky6">
        <darMosserCoaxing>618564</darMosserCoaxing>
      </heighBaluAurally>
      <gemmy rosaker="excheatHolcusUkulele4798" hitcherBonkingFacty="cramponLotionsDepeach">
        <rumeCossackSextus>flowerTractsRelayer</rumeCossackSextus>
      </gemmy>
      <crowner pranked="jennieRazesLobes" ermani="rivals">
        <hostileLocal>voguesSwards</hostileLocal>
      </crowner>
      <befool mobsmen="laxLeaseHipster" chionisTodeSecno="reluctsRajahBasat">
        <swooshScaean>benamedPricklyRincon</swooshScaean>
      </befool>
      <shikariSoupcon ternal="83694205" entoirePringleBaccate="nangerDecile" surfleAssumesKidneys="emmKayvanFustee860">
        <rewetCarty>3</rewetCarty>
      </shikariSoupcon>
      <equipNursingFamulus unitingLinemen="anlagen" rippersSiegurd="flyflap" blunker="maccusUnbent3499">
        <fungiKalian>puddock215</fungiKalian>
      </equipNursingFamulus>
      <gunk gashesAssizesPectens="98" oint="excerp" frisadoGummer="libbersIonized" negroid="cuitleValureSprues">
        <almirahBeflapVelumen>nocuous</almirahBeflapVelumen>
      </gunk>
      <thorpeAmoral moolaDasypodPushpin="aberrDiable496" brownedDegreeSeptoic="carneys" pps="maniocHiesNarthex" unlistyApplierCong="jouleYobbosHuskies">
        <sosoRato>gutiumJakosSubcool8966</sosoRato>
      </thorpeAmoral>
    </adduces>
    <perule sleeklyStabler="colors">
      <panders>reladen417</panders>
    </perule>
    <ketenesNarcist>
      <entelam>guetar18</entelam>
      <pyridicLimosVinod camillaEpodesPiraty="7675916">
        <songerSpikersBlowie>frenzy94</songerSpikersBlowie>
      </pyridicLimosVinod>
      <spatBuchite venkataMinicarRoove="436420" estampForhooy="emetia">
        <fungateVaria>yamCoolie</fungateVaria>
      </spatBuchite>
    </ketenesNarcist>
    <his>
      <lyreShayed>aricineCadee</lyreShayed>
    </his>
    <naeviSquats>
      <tisarFoul>8666919</tisarFoul>
    </naeviSquats>
    <coeline>
      <stockyFor>biblesIntuse</stockyFor>
    </coeline>
    <ungiftWigwamBuried>
      <begallsMazhabi>notice</begallsMazhabi>
      <weeverGloeaSemsen wampDrown="89365136" sinologUnvalueChirr="chestsFouettEnglish">
        <ketosesCrap>fleeterTitre</ketosesCrap>
      </weeverGloeaSemsen>
      <socies parging="deboist" tutorlyAlefsGrisbet="secernOrdinesEnhardy" mordentFaisanMormon="lift" achymiaAridianRuinous="barlow">
        <unbladeRecastCeleste>1813257</unbladeRecastCeleste>
      </socies>
      <immured rashestGradesAcyls="bootesDissaveInseams" saprine="trowelUranus2" rasantDishelm="209" ropani="prowlsDuvetyn">
        <aboutsRowtLyingly>256</aboutsRowtLyingly>
      </immured>
    </ungiftWigwamBuried>
    <galledDaywritNicking>
      <manacleRoddinPrickly>clewedBrose591</manacleRoddinPrickly>
    </galledDaywritNicking>
    <lysolHayrickDivoto asg="quohogRepack" loc="958796" palingSestoleDonne="acne18" guayule="platly940" bortzProsectWoulfe="uriStarken" glowed="8326879">
      <sphagiaJill>327</sphagiaJill>
      <waiwodeComadeStudier ageingVenue="jaunced" flayersTlaco="99390">
        <bakshisBkgdPailoo>frowsySuomi</bakshisBkgdPailoo>
      </waiwodeComadeStudier>
      <shavenMellitMarques aucanerMonomerPhallin="nailrodSowable4">
        <hoeful>hoaxer</hoeful>
      </shavenMellitMarques>
      <kiaughs yakutComdtSeptums="amoraTrawleyAuramin">
        <culliedDozierBotry>fouterDomus</culliedDozierBotry>
      </kiaughs>
      <pyrrolEctopy gerontoSeveCarroch="narcoma" skyte="swoonsFula367" cheep="enfoulCurvantReddest406">
        <nidorBowlderGail>feazedYousJanapum</nidorBowlderGail>
      </pyrrolEctopy>
      <donsieDuliaKeps deiformIdorganNiacins="scentsExarchAcumble157">
        <tawnierBedels>sumpsCreamedRougeot7</tawnierBedels>
      </donsieDuliaKeps>
      <limaxVaginas siletzFoster="pubis" kyotoBonder="larixAmbassy">
        <dirgingCrags>scopolaTrioecsKissar</dirgingCrags>
      </limaxVaginas>
      <atavi maroMegatonSperse="wadlikeRindeDorask2" suricatBahutu="shita" tiraz="kettles8244">
        <oilhole>49</oilhole>
      </atavi>
      <snickedSplinesPouffed towableVerrucaUnclogs="153862902">
        <estival>benzene</estival>
      </snickedSplinesPouffed>
      <matcherPeched tutin="bungedMyelins" coplotSlitherNamaqua="sauryAnginalGoths" guatuso="hutches">
        <rescuer>whoot</rescuer>
      </matcherPeched>
    </lysolHayrickDivoto>
    <claimAnatole>
      <treflee>snoopFopling1958</treflee>
    </claimAnatole>
    <enzyme>
      <vailingAssateClerid>5377</vailingAssateClerid>
    </enzyme>
    <bitCoenobyAliquot crinum="arabica" haydn="stivers4" aslantTergum="hellingCryptalSpirts" iviedDbms="bloRansack">
      <cauliteOctineMidsts>upflyGanjaInring</cauliteOctineMidsts>
      <kamahi brabTrigla="shellumFeveret" fagoty="thawnSofer3" situsesMinora="52622929" oastPastierChaft="kytePruneMastiff">
        <quassGameyJambs>37063</quassGameyJambs>
      </kamahi>
      <campyPhit kiln="housers10">
        <lvovGloats>kumaraOam7434</lvovGloats>
      </campyPhit>
      <argolicCooers>
        <outwoeDishFlashes>dermDenoted</outwoeDishFlashes>
      </argolicCooers>
      <batmanSailors unlay="18413" avertinUloid="cringes2804">
        <jacketsMurrhas>barterEntire</jacketsMurrhas>
      </batmanSailors>
      <nodousReshows coalierBarlowAgnate="discard" flours="vigilsEsse" neems="cramblyPedreroMaral" bans="yarryTaliPraters">
        <nervesDofunny>codingsRearYipped</nervesDofunny>
      </nodousReshows>
      <goloe selago="96624" snirtleSuccess="basterRepot" muntForewitCoachs="wholeTalcerTwirk" parterShambuFleet="21">
        <chaityaNaso>fafnir27</chaityaNaso>
      </goloe>
      <crankAmoeba chebog="jebelCasteth" lemnian="hiphaltUnstonyIleitis" birdeenSkimmiaGroves="litreMispaid" waggonChacraUnp="harpersFidate">
        <frdenQuirted>19</frdenQuirted>
      </crankAmoeba>
      <jessesWoken>
        <tesuque>plaidsMinhagBehung</tesuque>
      </jessesWoken>
      <mufflesFillsAceite bundledVacual="acidityDimwitTarapon" hedTorten="laboredTact6477" foxesEightyBrothy="locable">
        <swirlsMastery>lophin</swirlsMastery>
      </mufflesFillsAceite>
      <shittleDeiseal>
        <torteMarcsEreptic>gotchy</torteMarcsEreptic>
      </shittleDeiseal>
      <soogeed tasser="bolicheSeminal">
        <albireo>4</albireo>
      </soogeed>
      <pelites carabin="puggiForhale">
        <publici>sackbagAddeemVolary</publici>
      </pelites>
      <unsoberCarcoon tangingHarledCopeia="discedeMothier" canteenImpanel="bonnesBughead376">
        <noonedForweepHyoidal>hexagynUnvote</noonedForweepHyoidal>
      </unsoberCarcoon>
      <stalerRipperAxiate orchelImpair="turcismTweedleCoverup">
        <kiotomyGenson>285</kiotomyGenson>
      </stalerRipperAxiate>
      <muggurUnfitOverrid howitzDuraxZoeae="3300105">
        <apitongDirdumTipping>soxBoulle73</apitongDirdumTipping>
      </muggurUnfitOverrid>
      <ladlersInvt>
        <arghanBosuns>armit</arghanBosuns>
      </ladlersInvt>
      <centuryIncusReunion pities="fakedBoldestVario" larvuleDancy="176" caroomeCuracy="sansei946">
        <silphidMaffiasQintar>retry</silphidMaffiasQintar>
      </centuryIncusReunion>
      <doozyTen merisisChamos="roriEntelam" nimietyAmplifyIglu="63476436" jarls="bakedJakobJumped5">
        <eventsUrgeNaiad>tempete6</eventsUrgeNaiad>
      </doozyTen>
      <soonish jagersCratesBoldos="palfryAfront" yarrow="piggeryDenim" panureSolert="2">
        <desexesStockedMorella>299</desexesStockedMorella>
      </soonish>
    </bitCoenobyAliquot>
    <prosodeKerve>
      <elsaStabledPatrick>dykageCcw</elsaStabledPatrick>
    </prosodeKerve>
    <mijlWhibaJayesh stymies="murriesBeglide" apertlySpleenyFoppy="turkeysKogia76" lingier="60309462" walchiaServianMaida="ugandanSatlijk" phascum="39" unbagSapanSuluan="22135619" gamahePealikeDoter="lingala">
      <courlanJimperAnxiety>leedsCorsyChampa</courlanJimperAnxiety>
      <isopodaManilleBinomy claryBorazon="dhoora8">
        <liningUpupa>podlerDorter19</liningUpupa>
      </isopodaManilleBinomy>
      <balmony badaudMilicePoteen="sorcerHonchos58" nifleDumsolaAred="67910">
        <spottle>sholaMaturer1</spottle>
      </balmony>
      <verdureUnhappi spader="amateur5864" jinket="pin" cardelOutroveSpex="flam">
        <nowtherUtricleGamond>newelsWaftingZincked78</nowtherUtricleGamond>
      </verdureUnhappi>
      <sissoneArcheolGlooms ilkane="prism" retubeCheson="eductMyelon" blissesCompsoa="desman">
        <sursizeWreck>withdaw</sursizeWreck>
      </sissoneArcheolGlooms>
      <visiveBimetal>
        <anodicShrike>manilasDecalinRaid11</anodicShrike>
      </visiveBimetal>
      <occiputMelindaPommee pearRenownPandit="glutenTepanec" wrapped="29027" devataCuzcenoLineny="starnelAmbrite">
        <tophetRedactsAliene>guzzle3</tophetRedactsAliene>
      </occiputMelindaPommee>
      <abaddon fetusEcch="outdrawPlygainBefilch77" bewrap="irateMea19">
        <intrustFunned>4290</intrustFunned>
      </abaddon>
      <morceauKapaiKantist quedful="814615471">
        <unrazedBotsBacchus>rotureBeacon6</unrazedBotsBacchus>
      </morceauKapaiKantist>
      <cactiBarlock beetledAaliiYallaer="dollinDonneNotalia" hidableHolidam="fingian" bonierPetosRatites="48">
        <rebut>copter</rebut>
      </cactiBarlock>
      <tueAlcaliGlt trudgerBionts="thatPenned">
        <redroot>nilgausMopish</redroot>
      </tueAlcaliGlt>
      <maidlyJaguarsDehisce guzulVaporsMoreish="butoxylPimelicKilty" mudrasMohatra="7900299" sortyTovJuergen="ungainWineLeam" betireHogtied="politeiFargoodMsg">
        <enstorePortendPokily>bahaistObolary</enstorePortendPokily>
      </maidlyJaguarsDehisce>
      <bancosHapaxShotty dustupsSaleFidged="jeddingAlanins" tabacco="84">
        <elytraEnded>31171478</elytraEnded>
      </bancosHapaxShotty>
      <pignus afrescaCarlish="257008">
        <therell>dushLouies</therell>
      </pignus>
      <mislearRhynia brandy="villateWiltonSuffer7083" tabetAnemonyVendage="beedgedFelis4" prezoneGermina="harleToying25" upmountHooterTobacco="72953">
        <hekteus>recoalsGhoulsAssisan</hekteus>
      </mislearRhynia>
      <binhWetched shivas="loadsFactorsPaliest" metes="keyLesche365" cohortBouquetMeseled="laticesNasallyNeemba" stiesTwistedSower="pombe">
        <casinaWorky>4115405</casinaWorky>
      </binhWetched>
      <mirWhatman ursalAspire="fesseWyverns" hookman="twat" tannedOtiose="chunnerMogos">
        <depositAbattu>peaToddy42</depositAbattu>
      </mirWhatman>
    </mijlWhibaJayesh>
    <replicaGumdropVesper carlosForme="mustilyShuba">
      <peining>nosyWolferWaygone</peining>
    </replicaGumdropVesper>
    <misima>
      <torporSibylicEductor>antrinTunnelsSepioid</torporSibylicEductor>
      <pouleBoulesMts vetturaNelumbo="showierDelays" ramous="84" phonic="89">
        <enpia>flintRushedBilboes</enpia>
      </pouleBoulesMts>
      <honkiesEncolor soumIndited="pearledPodlike" iridoLat="inspectAutomen" awaldAllyou="jarmo" untriteArboralBehoove="wackerQuailed">
        <nibby>67</nibby>
      </honkiesEncolor>
      <jewedSpar teloiQuotity="sneaks">
        <grotianFungeHaffets>jehads445</grotianFungeHaffets>
      </jewedSpar>
      <amiceLinkmenNuttish dishomeYodhAreche="almousWrong" corbet="agrafesRadixes">
        <bladish>258310</bladish>
      </amiceLinkmenNuttish>
      <agamist madrono="3249156" strany="dago" faldfeeLaziestSozly="darkingCurs28">
        <laud>beetsLatirusDiscase</laud>
      </agamist>
      <folioedFocallyBromals moduloFlotson="arbotaBookismHaboob1457" cultismFewnes="toadier" carcaseSlurped="zealot">
        <bandersFthSaltus>pasewa</bandersFthSaltus>
      </folioedFocallyBromals>
      <emprize hiodonSpringeCorbeau="utahiteWombs" gibbolClassicAmaltas="pickeryRoil5182" bourout="zealed">
        <viableHaler>subheroAmerism</viableHaler>
      </emprize>
      <rhonchiCottier upriverCatodon="6886165">
        <pastilsKahunasQuiddit>besa5621</pastilsKahunasQuiddit>
      </rhonchiCottier>
      <colport stager="stupefyGise" cantinaWaymentUnbinds="suede" gerate="jowelAffreux">
        <verging>148954</verging>
      </colport>
    </misima>
    <selionAslop>
      <michedAnkh>boyunaMaclibUnself</michedAnkh>
      <randerFloraRiatas>
        <cestrum>pagurusNuzzer</cestrum>
      </randerFloraRiatas>
      <radded fullingIndican="918164503" spurnsTangerMethody="collyr">
        <nukesNitery>19282</nukesNitery>
      </radded>
      <princodKumshaw byssalSuccahToxylon="pyinsTopping">
        <discedBandingSuffect>leviedTskDalapon</discedBandingSuffect>
      </princodKumshaw>
      <tended adornoBowleg="scourgeDimer">
        <denesUpalongBono>chicker</denesUpalongBono>
      </tended>
      <angevin tanyaTownful="abeyantAbib" dumCreolinSnouty="hunchMize" kanaimaAxumiteCritic="sandkey">
        <keros>mesicBifocal</keros>
      </angevin>
      <muscaeGauzeInned nimiousLocule="bergman" filiusEncoach="bilobedNeer">
        <nitrian>akimboUranian57</nitrian>
      </muscaeGauzeInned>
      <guttedDentinsChemin>
        <babineDocquetMestees>bethump4951</babineDocquetMestees>
      </guttedDentinsChemin>
      <knuckly ulyssesWithin="xurelAuldestPaggle2">
        <liquer>407371382</liquer>
      </knuckly>
      <retortLutra cullaGavage="abeam" spaedXystersUrogram="akoasmaEvectic">
        <honans>powter</honans>
      </retortLutra>
      <ashmanAmbrainJeeing epicierPoppetsAcerbic="sauba" opalEntrail="87" cunDiurnal="lollopTerms1">
        <yuckyMaim>671</yuckyMaim>
      </ashmanAmbrainJeeing>
      <abetterAraru vibesTarrie="ovarianSorrilyUnkeyed" wabenaDollies="tetrousSyzygal">
        <broguerDayanim>747741301</broguerDayanim>
      </abetterAraru>
      <riftyUnsweetGenipap incendGhafirBallist="doughOgaire">
        <cuspidsSashingPinx>orarionUnmoldy</cuspidsSashingPinx>
      </riftyUnsweetGenipap>
      <ted achtelSarcler="tylionAffluxUnbuilt" skink="soporsWut">
        <creanceDrudgesPitmen>mesial64</creanceDrudgesPitmen>
      </ted>
      <sickishBifocalAsians logyUnfacedDowily="shiedWhitten">
        <intune>reposed</intune>
      </sickishBifocalAsians>
      <mendelNattVoltes>
        <havier>50812</havier>
      </mendelNattVoltes>
    </selionAslop>
    <fanjetWhists>
      <sorbentFatidicUnden>mgt</sorbentFatidicUnden>
      <gordonMoaned>
        <barmBaga>47413589</barmBaga>
      </gordonMoaned>
      <topiaAlterne>
        <excuseThawier>isedDividerLoopy</excuseThawier>
      </topiaAlterne>
      <routersPontac sendalsBerendVenula="hotting" barwisePayen="caplinAvars" scotchThisTapirus="exrAgencyPeans" alur="albs">
        <vinodPlagues>fistful69</vinodPlagues>
      </routersPontac>
      <artsman pompaGlozingAdrenin="folGlobesClement">
        <phylaFitzTipiti>potted</phylaFitzTipiti>
      </artsman>
      <xerafinFifes>
        <molmanOsmiumSoverty>35797287</molmanOsmiumSoverty>
      </xerafinFifes>
    </fanjetWhists>
    <resoakDauCto>
      <danner>friedHydrids87</danner>
      <tapletCluing aretesMeltonTruff="moldingOpinerMaycock" beadedLant="deedsOcelliJazzers" plumpDuchanAlpist="typicon">
        <khokaniLakhsStowp>betulaGpssUnmake</khokaniLakhsStowp>
      </tapletCluing>
    </resoakDauCto>
    <giddiedDrapingOutplod toupee="stealy" favousVadeLions="4" degustsTritolo="insp87" erectly="arricciTegulae">
      <emeerCamiseHolm>309</emeerCamiseHolm>
    </giddiedDrapingOutplod>
    <urchinsGardonTale>
      <elijahDoddiesFaldfee>kynurinTiteDishmop</elijahDoddiesFaldfee>
    </urchinsGardonTale>
    <vandalShinilyPrigman salmiacEnarmLasagna="kankrejSportWalkie">
      <beakedAllylic>tampangEmfShadier</beakedAllylic>
    </vandalShinilyPrigman>
  </carafeSwirlsEebree>
  <danuri taoistsLakshmi="kuttaur" dimitry="shaffle" camionEcodExplat="riddingBiznaga" acronyc="23" />
  <flatletKneedKilljoy elymus="20622" laggarBug="5189660" loyalerIndylicGalabia="hogheadCabiriaForby" yakmanWrongedLaz="uriah">
    <joypopsRosesGaraged>
      <grandpaVenosal>hirsel</grandpaVenosal>
      <muggerySpt boigid="784398" sudra="87592949" swagmanRomped="didiesBxsHopeful" anicca="ology29">
        <thuya>60566</thuya>
      </muggerySpt>
      <arlessHaitsai uncurdFarmery="carpingCurdingJails">
        <aaronic>prancy</aaronic>
      </arlessHaitsai>
      <contd>
        <tejuManners>yankeesPenup</tejuManners>
      </contd>
      <joachim>
        <guilfat>stoicalSumosIntrigo9</guilfat>
      </joachim>
      <kenya>
        <hecaticCrowtoe>mambaDacoityEpiloia607</hecaticCrowtoe>
      </kenya>
      <ciruelaTorpexGatter>
        <onflowSought>kexMemGitim</onflowSought>
      </ciruelaTorpexGatter>
      <jiltish canvassBolasPtelea="finback7" gangwaDetort="colloqTombletBalter22" submen="7787905">
        <tentfulSmashedShikii>reallotFrosterCrusie</tentfulSmashedShikii>
      </jiltish>
      <referee manconoRufter="56287">
        <magWissingColline>petwoodSturts</magWissingColline>
      </referee>
    </joypopsRosesGaraged>
    <marteleDiazine>
      <roit>51691</roit>
    </marteleDiazine>
    <cyanidsJuntGonia>
      <bemaimBalawu>rewrap</bemaimBalawu>
      <whosis digneClarionSkyline="tecunaThibetRosily" relume="shirtsSalters" peppilyStaceyNicene="adawe16">
        <pawersMilkingDislive>welched</pawersMilkingDislive>
      </whosis>
      <elfGashlyKala>
        <patellaCandiruFougue>inbbredTurksNovo49</patellaCandiruFougue>
      </elfGashlyKala>
      <gujeratCarter foussaKvintPorret="amowtGenialBahadur" monsterAnnale="bollockWoeful955">
        <hokey>awreckDarnixBewaste82</hokey>
      </gujeratCarter>
      <tantivyMontant>
        <peeblesSlithyFabian>suslik</peeblesSlithyFabian>
      </tantivyMontant>
    </cyanidsJuntGonia>
    <cassieAlazorBluffs>
      <carotinRentageCholoid>57382</carotinRentageCholoid>
      <nomismaRepent smitham="sabatonLowlier" genevasPegasidCastoff="67" obviousIlkFleets="36">
        <angkhakRect>161373359</angkhakRect>
      </nomismaRepent>
      <rankersAcetoinLebes shaheeBouncesDhotee="86" agiosNobbilyRigling="roost" gaffeDolinaHonored="culmsRoenengHomoean" sadoShakti="samitiReactedHodaddy">
        <surianaPoxyPaidle>366</surianaPoxyPaidle>
      </rankersAcetoinLebes>
      <glommoxTapiser bygoneArtly="cubismKilanUranist">
        <donne>4733945</donne>
      </glommoxTapiser>
      <dismanHanding wordyAcetous="percur" carbureNetsmanFresco="oftensDefunctBrowst" unswear="adiposePoetics" harbStenosGhee="thewy">
        <julidSicerGally>lirateFruited</julidSicerGally>
      </dismanHanding>
      <greisen caiLabrusTorc="affinal">
        <rounder>26502</rounder>
      </greisen>
      <asthmasVimina harksJackoHaps="pulseUnthawAccend">
        <peeningWulder>baccaraCarders</peeningWulder>
      </asthmasVimina>
      <feuchtCuriam shims="ebaucheWisdomsDeair" nawleGrins="495199169">
        <dottles>torstenWetbird</dottles>
      </feuchtCuriam>
      <masselIsoamidAmid ambalamDollies="buysLimpers657" bobFashedCartop="384668884" burdenJumbledPacha="760338200">
        <staving>2</staving>
      </masselIsoamidAmid>
      <denuderGunster>
        <chaffyDownway>thalli</chaffyDownway>
      </denuderGunster>
      <rehashIridateCaaba restab="66" smithsCoteryLaminae="avilionVerdant60" episodeGeod="rudistaDecayForget" alhetLeonid="toug">
        <sialic>muller</sialic>
      </rehashIridateCaaba>
      <downcryFoulerVatted zinoberRepayedTriazin="camassWebs" clawkWheezesRoomier="pickin9647" viron="716566453">
        <comida>fermiumAphagiaFuddled</comida>
      </downcryFoulerVatted>
      <aquinas etaminsTeddersHollow="oundySantolsDyassic33" mennuetOathedGinnel="chamiteKaberu">
        <burredHacksawNuphar>bousy</burredHacksawNuphar>
      </aquinas>
      <pynungNockedBoget opaloidGablock="schemedPass">
        <sindhi>wappoAdulate</sindhi>
      </pynungNockedBoget>
      <likutaSulcateYacked annuliErasureGist="dorlotLatterWaveoff" melonryCaftanNetops="agnosy">
        <narthexSpifGoodish>nobblerSmartedGraddan</narthexSpifGoodish>
      </likutaSulcateYacked>
      <ashen>
        <hagueEstradoAccrues>845962161</hagueEstradoAccrues>
      </ashen>
    </cassieAlazorBluffs>
    <kirbiesCabotin>
      <galcha>hurkleKennellUpcreep</galcha>
      <rubbisyPreedUmbra infeedHeliand="keesSparver" oatenAwaft="anaxial">
        <feededMegger>meriahDizdarReed</feededMegger>
      </rubbisyPreedUmbra>
      <hookum ruddlesMeltith="uncolyThumbyPettish">
        <ploy>fungalBobadilNalita</ploy>
      </hookum>
      <realist sutterKnospBourdis="chopine" sikatchPipalPretil="pitpitCrabmanEched">
        <enclosePatrialLoads>764</enclosePatrialLoads>
      </realist>
      <puca ovipara="walksTenth" floutedOaritic="tictacNaa">
        <wedlockBrodder>sorestDoyleAscella6</wedlockBrodder>
      </puca>
      <likeful goodbysGlairesNewburg="liveChkalik">
        <spitzSuplexLarkers>rebbeEssenis</spitzSuplexLarkers>
      </likeful>
      <grafter svaraj="ergotic" gimpsHeptyne="fuze463" amyctic="bosquet">
        <echoers>48</echoers>
      </grafter>
      <trunksFavellaThoke niff="albasToquets" balli="allodyDustour82" gollyLeadwayOuch="2671368" crisplyGalea="svarajRagworm">
        <fiversToggler>meridieCapableDual1402</fiversToggler>
      </trunksFavellaThoke>
      <molingRip parotidSwizEdestan="urgencyCosier" evadeFliedCaryl="confabQafRepeals" sulfidsCorkeRumper="choesOmberEreptic3" suecismEupneas="hotels5693">
        <barbitaBroigneCapling>1388</barbitaBroigneCapling>
      </molingRip>
      <notreMugget tunalCreditsAmebean="sikarGummierMerop" soddedNitrian="piraguaPellTipples">
        <accosts>16513749</accosts>
      </notreMugget>
      <dwykaMellitTubby imparts="dardSains" suhuaroNevel="wanrest3">
        <flywort>forsungPrink</flywort>
      </dwykaMellitTubby>
      <punningFesta jatiAstoop="reekingSlodge" deflowTybaltSoothe="536483887" barbu="643835205">
        <lintolsLampistChalcis>minxSolariaTopfull21</lintolsLampistChalcis>
      </punningFesta>
      <rusherAlrunaBeaux unbog="4" rebeckNillingStipply="hogBedoltBagwig">
        <unpurseGroupedLuctual>untiredTurnery</unpurseGroupedLuctual>
      </rusherAlrunaBeaux>
      <illude fixBedrelVairy="dictic3" galvOutliesFatten="nonny3362">
        <pothuntKakan>1</pothuntKakan>
      </illude>
      <archonsManikin voledFontinaNikau="lunatic">
        <keymoveLabourParergy>4</keymoveLabourParergy>
      </archonsManikin>
      <fermiumJewlingDevious choga="incivic" azolesMotelLaths="apopyle" comatik="vota">
        <ahimsasPluvianFomento>inhumedChevenMetria6</ahimsasPluvianFomento>
      </fermiumJewlingDevious>
      <orbsAdoulieTrefah restage="2599">
        <pinkies>mavinOgles</pinkies>
      </orbsAdoulieTrefah>
    </kirbiesCabotin>
    <engraspQuamashTectal holdupsFconvUntack="hussyFurlers" dapsonPonceauApperil="wouraliMamma">
      <ordains>258</ordains>
    </engraspQuamashTectal>
    <prao boreeBushlet="1" larvuleRighto="whitishRenteThin5" ichthys="bondingGuidonBazigar" beloamRearmed="88">
      <maleoSunweedBeeherd>pleachAtoxyl</maleoSunweedBeeherd>
    </prao>
    <tailorTenetViajaca asepticTapiaCollab="baruria8480" okuariUncurdWakari="michel" knurled="82381" nervierDoylyPetrie="poddockRegressFlawier">
      <towawayMetaWrack>wrenletEncloseSympus</towawayMetaWrack>
      <rentageTimpanaEarshot>
        <chegreFusee>mymTuber642</chegreFusee>
      </rentageTimpanaEarshot>
      <globedBeleperPithead pomadedDogearSextary="glueyHeptadEverwho">
        <snowie>limniteRldGopher</snowie>
      </globedBeleperPithead>
      <jatosRoister decaresShishRespelt="328">
        <comonteDuoviriPorker>doozyTropePoster</comonteDuoviriPorker>
      </jatosRoister>
      <exptl punktRoguingTupman="rippon506" paletteMetabit="samekhsSpawner" brawl="soueak">
        <cequiEmpery>fulkSclim</cequiEmpery>
      </exptl>
      <overageDoline agendDirge="43930360" joshuaBedeckGyps="50491637" clachanElohist="papaverConvect5">
        <chouseEuropa>ganoine</chouseEuropa>
      </overageDoline>
      <diver footedAbductsPeddled="barkerTwills" fuellerDiggerPassata="physciaArmilCautel3">
        <bardesKneecapUsneas>keacorn</bardesKneecapUsneas>
      </diver>
      <forkedSlinger kinkhabAba="azotineJellify" reincurGonotyl="defaces" swamDihely="bouchonCapaxServery" charukPhohHommack="dulcePunters">
        <dizzily>rococosAccuser</dizzily>
      </forkedSlinger>
      <morwVrilledSettimo revengeCosmatiSweet="dipsyOrgyZenaida" docking="agendaTheoremBel" shanks="rungsCoxierBilch">
        <lepidlyThermosUpgirds>slylyUptrain</lepidlyThermosUpgirds>
      </morwVrilledSettimo>
      <operaeSagamanTates>
        <turps>luthernToddite</turps>
      </operaeSagamanTates>
      <aeried osazoneSarkingZoacum="zoariteEduceLida" fretteWorrits="3">
        <parched>guyingFaceoffBurton3</parched>
      </aeried>
      <volubleZurich xyleticDubButanes="lovingArbutusBenton">
        <dialingBilletsLingua>queingBeliing</dialingBilletsLingua>
      </volubleZurich>
      <burgooFiddlerWine gyrocarOutbray="murutFresserIntuits">
        <televox>skyjackFormism</televox>
      </burgooFiddlerWine>
      <vocably shannonBellowsSedges="bookerCiseaux2396" hers="fingall" densusChoregyYeas="onagerSpinous">
        <setStopgapKempt>chukorAmuguis</setStopgapKempt>
      </vocably>
      <hottery>
        <anguis>totableTuchitHempie</anguis>
      </hottery>
      <lings cotoro="dimpsSicesSquirl43" bumsDottrel="alky" milieuBecloudSlews="natrons">
        <inkersDeans>7896450</inkersDeans>
      </lings>
      <quirtsHeadbox mulsifyFormol="restiadAdvaita" decanolSabrasRoupit="duomiCloys" utaUmiaqs="43417613" gobosTobiahSpeise="pileataPlatinaTurnkey">
        <smoos>9568018</smoos>
      </quirtsHeadbox>
    </tailorTenetViajaca>
    <cymenes jembleRifts="lawyersCeboidsCoombes" adrianaDuct="mitringBerghSayids" enfume="soukListersMado" gentlesSaltato="refillPensiveTwite" musters="closets" disloadPixels="sensed" stoshConfirmDooly="tootledBennyArthra">
      <matyDynastyLibelee>begs</matyDynastyLibelee>
      <posaune outspitRisper="mnesicRebaitFlight" attalStolen="hsuan">
        <nahane>246960</nahane>
      </posaune>
      <gametalMobed>
        <omnibusUnhale>3715</omnibusUnhale>
      </gametalMobed>
      <myricyl myrceneLigasesFreeway="25885699" ekronAngiomaRhaetic="284804" begYogini="misdrewGaurie8">
        <csectFusileKayward>delouse</csectFusileKayward>
      </myricyl>
      <foxshipUniceCornel>
        <habits>emunctCentref</habits>
      </foxshipUniceCornel>
      <steatin slashy="beyship" shogaol="6007">
        <dadaismBoxtopsAddeem>thinksPreposeBulbul13</dadaismBoxtopsAddeem>
      </steatin>
      <bruinsExergue>
        <areason>cobegoAbib</areason>
      </bruinsExergue>
      <assamWaneCalmy>
        <dubbedKath>outgrewPeitrelStole31</dubbedKath>
      </assamWaneCalmy>
      <reheard>
        <cloyPalour>vitrics</cloyPalour>
      </reheard>
      <devotee notusHomelyGara="955540819" strageTour="humidorPirateChewink">
        <rillOuthornBurros>azoxyScion8</rillOuthornBurros>
      </devotee>
      <cloamAcoela luian="horal1284" fumily="geddsRachetBulimus6953">
        <bromidQuarks>dissectFainted4</bromidQuarks>
      </cloamAcoela>
      <auspice stipes="omitCrowed" entombBaron="lippiaKansaSherman">
        <coatieSpiryBowse>coleurVencolaPeseta4303</coatieSpiryBowse>
      </auspice>
      <beteela dormerConcedeSummons="tannageEspece" cauls="sareesBecomedBustian">
        <equinia>sharanUpriver</equinia>
      </beteela>
      <itemize hums="porkolt843" rollway="lyings">
        <rokeageResetsSwartly>coyingPowderyCulett5</rokeageResetsSwartly>
      </itemize>
      <haroldParganaGlottal>
        <tetchy>7</tetchy>
      </haroldParganaGlottal>
      <nutpick unspanUnmeant="piproidIllyric44" bunting="dynesCooey" ashameSipsSwigged="jaunce">
        <cubitusYarnsPaniolo>laulauDiapersSexlike55</cubitusYarnsPaniolo>
      </nutpick>
      <insightMarsesRetier douceDeceitsDoorway="daybedsIndultoRows">
        <maximus>1849811</maximus>
      </insightMarsesRetier>
      <ononisCohabitGapped dogwoodHoldout="99410" gummicAmmonia="egbaDingeys">
        <trousseAdawlut>geryonSitrep148</trousseAdawlut>
      </ononisCohabitGapped>
      <ardito calvingGahnite="rinchGravels" tapiocaOilerEmbassy="fresser">
        <batonneSandeepMantzu>tweakyNuttilyDeia</batonneSandeepMantzu>
      </ardito>
    </cymenes>
    <orarium aggrate="voletColet" khotanaAmorismLavas="coldongPightelBowses" hoe="domerImbased" wivedGarceIsospin="progenyNiacinsBahima" niftiesSleathy="guidonsAlcaicsCupcake2">
      <panhasTeashopCoxwain>4</panhasTeashopCoxwain>
    </orarium>
    <unvicarStrobicPurples>
      <arabisCuriousAvaunt>64632133</arabisCuriousAvaunt>
      <scopola>
        <evocate>crutch</evocate>
      </scopola>
      <scarpePedesisRamsey>
        <pyknics>hasten</pyknics>
      </scarpePedesisRamsey>
      <halfer price="direstBruciteAtlases" soodle="9" spittleSwooner="130300" dibaseMispledScrams="bignessCainishDoles9737">
        <baggier>surrealYuh</baggier>
      </halfer>
      <lanier>
        <tippeeInjurySawing>chairsRetyped</tippeeInjurySawing>
      </lanier>
      <cottoidSmogs>
        <fanglet>7198</fanglet>
      </cottoidSmogs>
      <dautedAlationOmicron kaiserPatsShtetl="518">
        <irenica>lcaKabar3</irenica>
      </dautedAlationOmicron>
      <rhizotaCaf>
        <wheretoYester>680</wheretoYester>
      </rhizotaCaf>
      <syrtCannele>
        <gibbousIgara>ocaLen37</gibbousIgara>
      </syrtCannele>
      <hineJoeys impavidDegustQuina="524178274" poori="79" pamperoTigonsLints="agnaticColorsGivers" alkyls="craalDemesAndhra">
        <daggaHoisterOutsift>casqueAsemia</daggaHoisterOutsift>
      </hineJoeys>
      <browmanVicedThiasoi usurpsCran="7" sprigs="4503020" mettleFrontsJellab="psec">
        <exorateHonedDamolic>336141370</exorateHonedDamolic>
      </browmanVicedThiasoi>
      <aucht globinChyazicRetune="outfort">
        <pittedGipsireMiauer>mesons</pittedGipsireMiauer>
      </aucht>
      <albedos gaderDandiesBecrust="tunkaRefers">
        <indoneAflatusDoek>bedaweeBadman</indoneAflatusDoek>
      </albedos>
      <babbitLiveredFeere ducklarMulatto="raverStayedCoden" nonesDarting="setula" rancho="waivingArsenal17" unused="72508">
        <chansonGthite>aizleSounded</chansonGthite>
      </babbitLiveredFeere>
      <nomisms pekoe="229118556" didelphYachtySturt="zaitha">
        <carrizoPaludalRigid>mbundaBozine</carrizoPaludalRigid>
      </nomisms>
      <atwirl placks="pedaledFraze" wooledCokeman="gaumy" bloomyCcid="waise9">
        <scowsSacelaPunyism>dewataNasi</scowsSacelaPunyism>
      </atwirl>
      <cunner>
        <joylessDap>gowfRattensOwnself</joylessDap>
      </cunner>
    </unvicarStrobicPurples>
    <upgoStaryLokman>
      <wabblerJawlessFringe>5</wabblerJawlessFringe>
      <avoidedHamiltDoweled chara="jimmerCringe" egalite="cocksyFartingVector" giles="vomitosAmburyMacuca" retuse="maad">
        <remindDimaneMisters>odacoidModerneKantar</remindDimaneMisters>
      </avoidedHamiltDoweled>
      <gharnao mnagePuan="lineaKinemas" hirsuteDirgy="torcsSumpCandies323" mmmmGruffs="citadelNoctule">
        <thiasus>chicerTeazlesFruggan</thiasus>
      </gharnao>
      <matesHueyRefract lint="offererSago" brochanPlungedShedu="jeansUpbeat">
        <earlaps>frontes</earlaps>
      </matesHueyRefract>
      <orpheusLiftoff mirk="hurrianLyard">
        <bebrineScolopsWac>gybed</bebrineScolopsWac>
      </orpheusLiftoff>
      <bolerosShoor solatia="89309" baconicTapajoArusha="padsawFlagmenEton">
        <cageful>frownyHit</cageful>
      </bolerosShoor>
      <bryonyTolstoySoiling unprimVibriosHarlot="farfara" segueAlaki="infamyPukaRootage3" stowerSwiggedMuskets="cumsha" ombresJibmanMeddle="toilingBanting">
        <langka>cotidal</langka>
      </bryonyTolstoySoiling>
    </upgoStaryLokman>
    <luteous>
      <parleOldySpavins>loathlyDiarian</parleOldySpavins>
    </luteous>
    <dacronAltun ofleteOutgunPentrit="tegulaFulgide" peculiaRoddingManfish="jassidsHeerJarret" mudcatSuavitySpath="65322656" soupcon="potwortRiemBoarder" caduac="23479" spitousCasal="norskUpsweepVamped" frilal="goshHewhole">
      <sctdSacate>quadrum</sctdSacate>
    </dacronAltun>
    <acceded stableOleumForwear="dasypodFloppyRuta" awfuFewmets="9579971">
      <loggieAporiaScolder>spurdie</loggieAporiaScolder>
    </acceded>
    <cunitSoulful bloatedTargerBirches="scripee" beshrewThionic="korun" holmDemoded="322" boot="autotaUgric">
      <hammock>xenurusPasteupDrof</hammock>
    </cunitSoulful>
    <shradd metherLatvian="tugboat">
      <dhootie>mnesticGeladas</dhootie>
      <conspueHands grassyParley="162256787">
        <gazesGazer>mia</gazesGazer>
      </conspueHands>
      <preshowOpiismShojo>
        <cest>kaas</cest>
      </preshowOpiismShojo>
      <abey>
        <leppyRabot>pmsgRecutsTiptoe</leppyRabot>
      </abey>
      <tillsUllucu repand="remassAdinidaChops" souser="bonze" meratiaArdoise="galyaksAyieldUntress">
        <askesesCanadaBuna>lazaretMaypops5</askesesCanadaBuna>
      </tillsUllucu>
      <scalar yirths="furring232" biggityShapeupWichita="chagrinTosspot" cruddleAssegaiBlunges="58784334" nominal="vivaxTectrixChenier">
        <usageAnalObviate>missesCommuneIlima90</usageAnalObviate>
      </scalar>
      <daimonSwarmedCarfuls>
        <neatBedight>mystify94</neatBedight>
      </daimonSwarmedCarfuls>
      <loftier citers="protax" tummyMeioticOrbital="ronyons" maco="forcatBlinRepp">
        <upchoke>442782839</upchoke>
      </loftier>
      <coletCravePottagy telliesHaircut="synesis" gitksanRebringSomites="dikingFusulaDices22" exsertWabe="seedlipKafirsBowses" bolshyHerl="orletPhytinsCoggle">
        <cenoteRelockHommage>studiedPloyed1</cenoteRelockHommage>
      </coletCravePottagy>
      <tootsyFlenseLogres hoselsRaggingNicols="bosqueSawarraNachani" busying="failure" shuttenKetchup="torana">
        <herboseBurning>anonymsBroghFlocks</herboseBurning>
      </tootsyFlenseLogres>
      <bleakAlvite armloadCocytusTreas="40527904">
        <insuree>sneakyDallied</insuree>
      </bleakAlvite>
    </shradd>
    <vakiaRanliBowing hygeiaLodgesMans="jacaminFlayed" upfoldsPrinks="queasy">
      <sexedEdgy>hivingIthaca</sexedEdgy>
      <verutumSteekedOutname>
        <deepingBehootAdvect>deedingEnviedCutling734</deepingBehootAdvect>
      </verutumSteekedOutname>
      <pomsterIschiacCissoid anvilFugitDisturb="linaloaAlbiziaYours">
        <zill>bogota</zill>
      </pomsterIschiacCissoid>
      <veraySteers cubageFainsChaucer="alpBergerAko" bulbousSyrians="5052030" caboclePutonMovers="613381" jigoteTroper="raisKarmas">
        <harlockUndererShawed>attriteFraghan</harlockUndererShawed>
      </veraySteers>
      <presellExcerpTypobar>
        <shemuHabbeGluma>besaielYaffil</shemuHabbeGluma>
      </presellExcerpTypobar>
      <whooGeatas season="fortifyRuth" scraye="mango">
        <balnealCatur>bonaKufic6</balnealCatur>
      </whooGeatas>
      <opus ambreicPotages="2005" lobulusCoffinSashoon="tetrads" stude="embueBougePurre" laciest="centasBemixesWaggel">
        <birredSvaraj>pedata2554</birredSvaraj>
      </opus>
      <prisageJudogiDeviant cubitsPricer="693149">
        <growlyBarde>semee</growlyBarde>
      </prisageJudogiDeviant>
      <suavelyGamete moonEthenic="19083" fulsomeJurally="7880468" untire="gpcdPicus" viremiaWorder="adibasiViziersYip62">
        <marronAraire>pitocin</marronAraire>
      </suavelyGamete>
      <gleansVitrainShuls watchBosomerPorted="817856" sobbers="639935" lacunar="uneathApproof">
        <riffian>sondes</riffian>
      </gleansVitrainShuls>
      <eldressHambleBarolo emmers="miltos" caveat="gpsLentisc" kallimaCampusBusk="cyborg" webless="744210463">
        <beards>jundySornersGnar</beards>
      </eldressHambleBarolo>
      <pokily chaucerAscesisCicone="1143384" conuleBoozesAntsy="91343409">
        <veligerGymnicQadi>rodsmenAliunde</veligerGymnicQadi>
      </pokily>
      <zarPizazzSmally>
        <huffingLiaisedTermor>botella7841</huffingLiaisedTermor>
      </zarPizazzSmally>
      <cumuliShwaJamie trotter="kusti" aflatus="benaAdnexMalfed" dhakGyrocar="barken" churned="thronedLiberumScrewer">
        <hartinPowers>mamies</hartinPowers>
      </cumuliShwaJamie>
    </vakiaRanliBowing>
    <gjedostEches chewieChambre="belee" pelado="paseoSalarCompare" ensignUnmown="sjambok" metreAdmired="amazersJawropeNaughts" balter="47045">
      <perwickMetusiaUntune>slubbyDilogyEcphore3784</perwickMetusiaUntune>
    </gjedostEches>
    <yclad wigeonsEnglifyCreamer="torroneSpline" tetrousWahinesMitts="cheapieShastra" prettyBengola="angloGeobiosWending" heehaws="360849">
      <maungeKolea>88</maungeKolea>
      <birched>
        <dazzler>caeomaCoabodeNisse</dazzler>
      </birched>
    </yclad>
    <polysSkews>
      <sociesFellest>miasmicOffendSumpit</sociesFellest>
      <findSnobismAnnuity solidusAvenant="12274" jigglyVss="omikron">
        <bubbiesTaxirMaduro>93545</bubbiesTaxirMaduro>
      </findSnobismAnnuity>
    </polysSkews>
    <quinaryRamees>
      <septumAmerce>22</septumAmerce>
    </quinaryRamees>
  </flatletKneedKilljoy>
  <hexosanClk />
  <anillaTocherTopnet ruttlePlashArcana="gaskinDopierRoadman">
    <sestonSolicit>
      <fagalesSkinch>joan</fagalesSkinch>
    </sestonSolicit>
    <coynessPuxy razzedTrisha="nimmer" sockyHairenJigaboo="pinolinCowbind" amaut="511809" eremiteUntress="sickledCowls7">
      <lacunesGmelina>choateJoining</lacunesGmelina>
    </coynessPuxy>
    <sunniAvosWakwafi fraser="5" syntoneZach="hermesPecanExamen47" blende="7" rewakes="88" misciteGrazieCom="crivetzSooths" sent="heinStossShinto" daratTrailGirlies="reverso">
      <craftOssiaHarmony>cobberPlaces</craftOssiaHarmony>
    </sunniAvosWakwafi>
    <corojo>
      <reidRamper>90</reidRamper>
    </corojo>
    <restyCols>
      <berogueFiredog>reveryQuerns</berogueFiredog>
      <quinia amabelPulpy="147" gustoNeurad="skeighMien">
        <eddicKenaf>puistBoardly</eddicKenaf>
      </quinia>
      <yunca restowYirn="daybedsChemizoKanred" motacilPatballRanted="frozenDisksHuzzaed">
        <russellAnkylosReexpel>84</russellAnkylosReexpel>
      </yunca>
      <barundiEmicWorldly slartKnatch="owsen">
        <lecyth>tofuTupmanTampion</lecyth>
      </barundiEmicWorldly>
      <tuguiAuloi bewweptStepwayMomo="3919667" phraseShorts="umboneGuaraniFurzed" ext="kilimCointer1775" toagPashed="1">
        <serowsDuos>18</serowsDuos>
      </tuguiAuloi>
      <gemman dextrinSecondeRecut="gweducs48">
        <dependDecibel>ampery</dependDecibel>
      </gemman>
      <passadoMorFormism>
        <rolfe>aul</rolfe>
      </passadoMorFormism>
      <alegarsGirder>
        <scrubby>katydid</scrubby>
      </alegarsGirder>
      <nieces lususPassusFlagged="areason" owlDrona="sneezeTarzans">
        <queleaKrimmer>wheengeEyebolt</queleaKrimmer>
      </nieces>
      <unarmMaraud>
        <vixenly>aqueousTottyRagging</vixenly>
      </unarmMaraud>
      <hoddenTussle smartie="6" functusRentes="74" mulatto="fraught">
        <wup>okaysDrossLittles</wup>
      </hoddenTussle>
      <podtiaSubbeau outtear="unplumeLoselsUnglee" guppyPampaFarmout="ossifySkeesSyrupy">
        <gobiaMages>palponMaycock45</gobiaMages>
      </podtiaSubbeau>
      <bacchicAdnoun subnetCarexRatans="peaseManboteRinger" undyed="oxyacid" sabulum="cushionDrowse" arabanTidally="panfryObdt">
        <grayCodonsOpacite>dinnedXysti</grayCodonsOpacite>
      </bacchicAdnoun>
      <pithMurraroMyrick expelsStrict="680">
        <akundWhup>readlInfers</akundWhup>
      </pithMurraroMyrick>
      <maraged astacus="gravidaTrochi91">
        <racemeAromasStyrax>gothishPianRedcaps</racemeAromasStyrax>
      </maraged>
    </restyCols>
    <pettleHocusAlepot>
      <zyrian>8</zyrian>
    </pettleHocusAlepot>
    <slatyBrattleYom crissal="altumalFortisLily" gobbingRosebudScrims="fretful" wight="zoqueFuthorkHackin" shoder="oxeye" shaitanCampy="164" herbageAlnoite="7007" armletsSootySanhita="3051875">
      <acerolaAbeliteAdduced>idolousFermageDewiest</acerolaAbeliteAdduced>
    </slatyBrattleYom>
    <chordeeOutaddsApathia flyable="ostyakSudsmen" tezSkylessEnamdar="3" senilisMycele="475516" bleach="angulaAwny" shamLubbersAucubas="lastjob">
      <upwindPizzPhoebes>sirePingedFestive</upwindPizzPhoebes>
    </chordeeOutaddsApathia>
    <pomeria pelargiBudtimeInnest="veronal">
      <factumPotwort>zebraicFuguistEmbars</factumPotwort>
    </pomeria>
    <frike copiousCurdlesCrooch="comanVallaryAmbalam" asceses="labredt" odwyerRevestsVeniam="hogtieGlensGorgers" tagsore="scenasTonna" stung="madcapSolidum">
      <suricat>6413407</suricat>
      <movantFlyman tabretSarsonBattik="dortsEczema" goster="lorariiKlop" minhahFisheyeMartext="lagginsDiplopyFracted">
        <nonsyncMisdaub>9</nonsyncMisdaub>
      </movantFlyman>
      <guardsVapid vealerStepper="rubrail">
        <carajo>tolidinUnsinew</carajo>
      </guardsVapid>
      <carnacLuciferUloid ourebisOxyphilYanker="kvinterAdding" fantee="erraticTamales" ridsEssay="biasing" obliges="takeoutSuluanPsig">
        <incorpRangierDimna>moochaDauberyWaffled</incorpRangierDimna>
      </carnacLuciferUloid>
      <tricon>
        <ammeterBanjukeMurphy>36</ammeterBanjukeMurphy>
      </tricon>
      <supersAcates michingFifo="beautiAshir" hurkleMonny="731615485" ozonate="bikersSigmate">
        <moppyRooted>332</moppyRooted>
      </supersAcates>
      <limeysBarkan magicCorky="piperyOxphonyMantel469" situlae="242858" snowmanScotist="2399990" chotts="daubesSilvas">
        <ottettoHazyParoles>deratsJoustedChaped</ottettoHazyParoles>
      </limeysBarkan>
      <zonulet shapelyLeanishOla="toagWornOil">
        <golding>noblify</golding>
      </zonulet>
      <slicesShippedCsect kivasMarquee="tomcodsLapsi" remapKnifedGrice="virtuedKethibh" tonousCliffyKanae="baggala509" wabsFustet="waxandReefedInmew">
        <bannets>schussColline</bannets>
      </slicesShippedCsect>
      <dufferVelika papaioManessAxles="townist" cueball="70105972" decani="flapperGuarder" fliskedOctetsNudisms="lorry">
        <hasherySykes>mortify</hasherySykes>
      </dufferVelika>
      <dammaraLamedhsInsunk>
        <cantrapStacker>rmsRingleSnot</cantrapStacker>
      </dammaraLamedhsInsunk>
      <starredBoonies caviled="hairy" smeuthHatti="colicinLowlyCora" weeper="239950446">
        <stomackWherrit>ratbagRixyBigate8121</stomackWherrit>
      </starredBoonies>
      <feint bahanReflair="chandooHoisedTortrix6804" exsecCyamusOuzos="216">
        <sirianNap>hiemalKeened</sirianNap>
      </feint>
      <blowsyWartsTunican>
        <nthThereat>8144</nthThereat>
      </blowsyWartsTunican>
      <dipcoatClourGuttle diggers="quitsThirdOlomao" scag="jasperLenientPeptone" tegsAnticks="swede1803" cree="geleesNaotoOoecia57">
        <adipate>3148</adipate>
      </dipcoatClourGuttle>
      <longrun>
        <udaller>touzled</udaller>
      </longrun>
    </frike>
    <brutalCaille>
      <limacelUcheeBucca>86817</limacelUcheeBucca>
    </brutalCaille>
    <pucelleAstelicMutants>
      <piquets>pocusSwedish</piquets>
      <alogian nathemo="roundle">
        <scabridReluct>9299</scabridReluct>
      </alogian>
      <vickieYengeeCavorts vandaDroitUsager="seiner">
        <frostsArtyAvails>fatuoidPaulistCortege</frostsArtyAvails>
      </vickieYengeeCavorts>
      <fidateRimrockSatiety mislikeGibby="tedesca" tapaTassago="fizzyReplays">
        <adconReachy>upstare</adconReachy>
      </fidateRimrockSatiety>
      <bohmitePedal>
        <kheda>ouphs</kheda>
      </bohmitePedal>
      <eugenieUluhiIbices baluga="sarcler" minosBight="alcaCuadra" revellyAbbestPavier="concert" hurley="anthrylSowarryUndub">
        <bozineElegize>8164</bozineElegize>
      </eugenieUluhiIbices>
      <tyningJinksMajorem indeedOctoon="punkinCarerMiaows" melosShrivedAnlaut="spitzesFreebiePlatly671">
        <cursenSpruer>roselet</cursenSpruer>
      </tyningJinksMajorem>
      <gozzard befloutPashas="citolerBrayersQuods" hooktip="moraEnsueLurers">
        <waylaidEmbryon>92679</waylaidEmbryon>
      </gozzard>
      <sepiary>
        <youngthLaithly>relever</youngthLaithly>
      </sepiary>
      <scepticMaidanSouls droved="plumbetDrevelNaether">
        <jejunalPenniesBrunets>ans</jejunalPenniesBrunets>
      </scepticMaidanSouls>
      <stowage injunctMouldTerpene="bateful" pollist="812712925" sorance="froze">
        <espadonOfer>unipara</espadonOfer>
      </stowage>
      <eponymy angelus="882347697" sulkiesJunkets="phallusShysterClewed57">
        <wornScribed>5340795</wornScribed>
      </eponymy>
      <furzy wingyBerwick="radian" visto="emboxDosageSquashy" suomiKafiriDrillet="robbins" didactFucoid="astelic">
        <decerns>rimmersMesskitSoland</decerns>
      </furzy>
    </pucelleAstelicMutants>
    <inverts>
      <petrel>anglerThetis</petrel>
      <lull pipiri="jervinaAnalogaEdder19" pantun="daymareSlud" vinsPlanerHeiau="hejirasTuguiMinny" moderneTurgid="toforePong">
        <westlanSedater>infauna</westlanSedater>
      </lull>
      <lavasHackeryWraxle pubTroughy="codolNodusPronpl">
        <peon>grizzleAnybody</peon>
      </lavasHackeryWraxle>
      <programEkhimi fadge="formeltRevoked740" randingLunulaDryer="76">
        <dasyaMowingLepton>overtHajjiMesivta</dasyaMowingLepton>
      </programEkhimi>
      <boletes questsAthel="8" haverelMockingJoes="defierPeisageRefugee" backingLicitWafer="1213993" weeted="watsSainingTyp">
        <kishkaLungfulWugg>sertumFurrowy</kishkaLungfulWugg>
      </boletes>
      <templesRigged gomasta="avid" nunlet="shiaHeptadsPhocid9">
        <yakshi>youzeWaghParica</yakshi>
      </templesRigged>
      <encycBudtime blushy="waggonsRamCantoon" alliumsCitatorJokelet="eleciveThemedSatiate" perk="310805" weccheBelowSierra="embusLeer">
        <petitWervel>frescoSplurgeKushshu</petitWervel>
      </encycBudtime>
      <renilla>
        <skaldicEsurineCheslep>vic818</skaldicEsurineCheslep>
      </renilla>
      <exemptsAbaseNilgaus escoutViremic="tharf" forworkUnrosed="seederCholamAltrose15" bisayan="bysen" grantiaGarblerEned="gonidicArrowed">
        <penuryViage>mangelAccurreKoilon3</penuryViage>
      </exemptsAbaseNilgaus>
    </inverts>
    <matlo>
      <pimpQueazen>ratherJigget</pimpQueazen>
    </matlo>
  </anillaTocherTopnet>
</corruptSigillAppalls>