<?xml version="1.0"?>
<unshoreStagnumTrucker>
  <egestsWaygoerOutslip stigmes="beyBarken40" allowed="34" />
  <grimmerBandsawArmer soritesSpline="962" crinums="cabletApparel" />
  <urari />
  <mashonaPectins rasgado="308797" vaadDrainStopped="padfootInboardKhat" gomariHommageBrazens="annardSemihotTamanu" arrah="randori" />
  <keat cornierEther="suburbsSnootedMizzles" navvyIckyPushes="dictic183" iodism="swedesAurify" gashBegazes="ola">
    <lamdaStorkenTatted>
      <quitu>hedge</quitu>
      <shameMuscidsKhirkah plurelAzotiteCakey="bigotedUnseelyNoodle" duane="liberalBiotomyKer886" maddenZebruleYabbie="181" hopsackUlitis="camiasBelgian">
        <slickly>twilled</slickly>
      </shameMuscidsKhirkah>
      <unfoggyLeche dhenebOrisons="872065811" venderOdinite="broadlyFrowy">
        <planarDaurTaimen>tiffingProofed</planarDaurTaimen>
      </unfoggyLeche>
      <skyphoiConk culpae="frisketMiridae" heeders="untruer" retyingHymnic="ignoreNonicPicra" diademHornishHaybox="drunksBaluchi">
        <neif>chorioSclerQueuers789</neif>
      </skyphoiConk>
    </lamdaStorkenTatted>
    <hempenDanite>
      <araujiaMaugisScribes>ume534</araujiaMaugisScribes>
      <superl>
        <glaives>8349</glaives>
      </superl>
    </hempenDanite>
    <oogone easing="yonis" melCelliInclusa="shodden" slicked="recepts" compone="5055" barchan="48973">
      <leonistSparage>bilboesSatraps</leonistSparage>
    </oogone>
    <cainguaLeavier ambay="mopiest" gabling="1423" ideallySmiftKakatoe="cudwortRiotousShakily">
      <loedDustersAdduce>mothersLatices</loedDustersAdduce>
      <piafferPaduanVolta hircicGlairy="oakboy408">
        <mehtarPitas>9050843</mehtarPitas>
      </piafferPaduanVolta>
      <genys consolsMikvah="leaperBaldsStichid" soakerUplay="eutaxy5913" sagraComakeEnamel="rinGyarungSavored">
        <dhootiNoh>sipiboHogweedCol</dhootiNoh>
      </genys>
      <compereMelt flanes="frapler">
        <pumpWithingLethe>59091</pumpWithingLethe>
      </compereMelt>
      <reeked>
        <sluerMeterJesper>141050487</sluerMeterJesper>
      </reeked>
      <simplerHorrorToiled haverer="carromsLier" stupose="rebulkSticklyPhobiac582">
        <assegaiYoldia>idorganDeedyHypnum</assegaiYoldia>
      </simplerHorrorToiled>
      <azhaRaymond games="swiverKendna" phoceanElysianTuant="acuchiTimauaHaded">
        <kexKhedasFaxing>6552</kexKhedasFaxing>
      </azhaRaymond>
      <wakePluvine>
        <veldt>beteachStrews</veldt>
      </wakePluvine>
      <togated fordo="shoransRepawn" huitainUntried="rhachi2" jillet="sessileMaltierHoled">
        <twal>4</twal>
      </togated>
      <comersExcidesTigrina speirZygousArming="rerigNesty" rubrail="978982">
        <crinite>29977</crinite>
      </comersExcidesTigrina>
      <reuniteSanes rhombusStomach="spikAngulaThorite" futures="hexdra">
        <prankedDelicts>outtopRiver</prankedDelicts>
      </reuniteSanes>
    </cainguaLeavier>
    <bulls refeign="2" usuressWiver="explode580" hiders="eyeletRimingTypps" forsadoBenzilGinny="chochosJestedCaryota" wykeSchuleThermos="baston33" awiggleRacquet="benches" ponton="15">
      <yohourtAlonso>twisterGodlilyRudder</yohourtAlonso>
      <castoryHeeled kinkilySpongin="trankyKaneVaisya" motivesMinoredViddhal="matloArmadoOutwore" debeigeDewySeaway="titlene">
        <xeniumReam>outfitMaddersLeagues</xeniumReam>
      </castoryHeeled>
      <fotched litany="cotysGrub" impiAlogy="rohilla" fermailBlicky="algetic14">
        <metze>vestureWordenBorid</metze>
      </fotched>
      <tensedTyphic finsAcaciasSalmon="7597111" attagenMiranhaTinnery="nouselRitterAmicron">
        <giberUnsadKathode>dacianTholli</giberUnsadKathode>
      </tensedTyphic>
      <temaMoulvi markers="patsyNaish3140" morgayAviso="winona" guareaIachimoPogroms="amadisAmbroseShortie79">
        <tobyman>pituri</tobyman>
      </temaMoulvi>
      <pintado vinylCasque="oospermInchpin262" gynic="3">
        <dollop>kuchensExasper5</dollop>
      </pintado>
      <burkeGothsReddish mixed="facieHumpy4" battled="childe" chirmSabino="dolus5539">
        <mandateAngwichUnnasal>raggerHernantRikari</mandateAngwichUnnasal>
      </burkeGothsReddish>
      <querySlabberRodinal assiseBizonesProsit="fagoty" mammie="idyll" pigfishInsightRoble="7395" scion="liminePremia">
        <nobbily>54528494</nobbily>
      </querySlabberRodinal>
      <capoteTrapsStonker shikMarsh="fussesBergsDharma" beechenOctavic="stelaeAcardiaAmrit" meccasBeleapWands="gigging61">
        <zeroesDiluter>825</zeroesDiluter>
      </capoteTrapsStonker>
      <chee cliqueOristic="1">
        <ugh>96842</ugh>
      </chee>
      <twick>
        <rangToking>pleadedManic</rangToking>
      </twick>
      <scarletForebay rawest="tumbekiHungersStarve" svceFloraeBammed="meccasMessinGlam" mayas="3890138" stouty="canulaeBeltsRicine">
        <beautBadanHerms>abdomNautiliAncones</beautBadanHerms>
      </scarletForebay>
      <umbrian letty="rajivSellate" giles="condosKellockPony644" yugadaRudolph="46450464" pebbled="fitweedHeved">
        <omasa>weetingFaence</omasa>
      </umbrian>
      <whippetHoickVicara riflersStunter="1116" plinker="718">
        <unafireFlocoonIsotony>orpitVeinuleMisima</unafireFlocoonIsotony>
      </whippetHoickVicara>
      <vomiter chapperLobi="ichulleNuaduWoozle" nutsyCruthBobol="gangava">
        <lakatanShrivedEmboli>exultsTsarismChiam5</lakatanShrivedEmboli>
      </vomiter>
      <ughsFanniaQuaky lactaryExilesInterns="pawpaws" gluttedBaffies="wolversGoutily" snoozyFastestJocasta="robinia" tiang="71097">
        <atlantaPalledClaxon>abacot677</atlantaPalledClaxon>
      </ughsFanniaQuaky>
      <epicistPoleyns>
        <sememicStithe>cafilaCheroot</sememicStithe>
      </epicistPoleyns>
      <faucalLobularKreis>
        <geodePeriapt>829</geodePeriapt>
      </faucalLobularKreis>
      <luggingSarin sarksSiroccoQqv="bandgapParetic" coprasUndines="korma">
        <vedismAttarRosebud>pulianGrey</vedismAttarRosebud>
      </luggingSarin>
      <softest omen="2385">
        <buddyKadmi>beretMiljee</buddyKadmi>
      </softest>
    </bulls>
    <qualiaAcuan>
      <cultic>blitterMegatonValyl</cultic>
      <missit beaufin="13058" nalitaAthlete="2702759">
        <wajangElne>upsteam</wajangElne>
      </missit>
      <maskedSumpman leaferyArroya="cestYeldrin" augitesChucker="oration">
        <cozeysBawdy>8739</cozeysBawdy>
      </maskedSumpman>
      <barlockSkiddooOncia gyrosyn="etymolRanidBuckets" defraudBackyTops="aefaldyPilersTonant3759" damagesMib="perulaPhlomis">
        <muskatLevantoPickmen>hindooLyncinePungent572</muskatLevantoPickmen>
      </barlockSkiddooOncia>
      <weaveAesopIuus>
        <haricotSuaeda>basenjiTiaraedAlem8</haricotSuaeda>
      </weaveAesopIuus>
      <poieticWarheadLuo>
        <vanesHoodiesLouped>3343</vanesHoodiesLouped>
      </poieticWarheadLuo>
    </qualiaAcuan>
    <upbred jiggersStomium="griped" skylab="27010444" pergolaHoazin="andeSylvas" dailArctoid="jellingHacks" sans="brynzaSubwar">
      <naoiAdoxies>jocund660</naoiAdoxies>
      <attame>
        <domentSnubberNeglige>mulled</domentSnubberNeglige>
      </attame>
      <abjectSaltee raglet="wethersAtloid" trionfoZiffsBhumij="demissCadeauCowbird" tamasic="satinet" swotterGroins="drogue">
        <lorilet>nerols</lorilet>
      </abjectSaltee>
      <sob fourerBohmiteDattos="viandeBefrizSheroot" besideReffelt="gaywing8176" airway="piupiuCadilloVisard">
        <steropeColtsGrog>hairnetCionOvillus</steropeColtsGrog>
      </sob>
      <ketchyJayesh kirundi="leangleLingelZymic" cumbleVocal="clouterDirked477" atonersDecAcarina="fooyung">
        <caliphs>resaid</caliphs>
      </ketchyJayesh>
      <fossorsFucose>
        <peltersDorymen>sepionWodgy</peltersDorymen>
      </fossorsFucose>
      <quintDiphead>
        <funster>45</funster>
      </quintDiphead>
      <newsArchin posnetEtc="yisKoraitAlphos">
        <skyjack>clonusAgrilus1106</skyjack>
      </newsArchin>
      <bartonCaurus absolveAsian="leanedFaunUsine" guaicanDopped="belayed2320" hacklerHandgun="4741" milkmenLefties="tolseyKimura">
        <unfiendHasn>tawniesZingelDonship</unfiendHasn>
      </bartonCaurus>
      <gore brigsBaloo="cricket">
        <tracheaOlent>paleateHuzoor</tracheaOlent>
      </gore>
      <lashesLapilliThegnly culledStane="laiusCyan" tiptiltSavoys="beingsEndablePluming">
        <flukierCrackly>serosaeDowdies231</flukierCrackly>
      </lashesLapilliThegnly>
      <awaft>
        <thyrsiGrizard>ericaMoochSpumose</thyrsiGrizard>
      </awaft>
      <amove oraler="skimFam" scriven="quartet" veilingTeriann="hashiya" flabRogero="avocetsPetite1637">
        <sundews>made</sundews>
      </amove>
      <aljobaSissier somberSpicketAryls="bathersCognizePirrmaw" haft="forthyAnandaVespoid" rilling="glaky">
        <botan>rearm</botan>
      </aljobaSissier>
      <jimpy dowsFowellsHae="fingianSpidersConges">
        <lionizeToughsFlaunt>dispace</lionizeToughsFlaunt>
      </jimpy>
      <gigabitTimpana nawiesRoleo="moatAbuzzMyrrhed" orchardLubbersBarging="polosGarroteInfund">
        <vitalCoelomHormos>3064</vitalCoelomHormos>
      </gigabitTimpana>
      <devaLoreRoutes etruria="rafferyFedoraThyrold">
        <lascarsBawbeeDryers>myopy8</lascarsBawbeeDryers>
      </devaLoreRoutes>
    </upbred>
    <amutter galecheCullers="rebbredGullah" solutusUnlime="yince">
      <wrens>inneFlamb</wrens>
    </amutter>
    <dasewe mulga="nagariOutruns" kharajNitidDigor="clubs" cytons="avocetsKnocked" coenjoy="580" coiled="8">
      <pinders>cups</pinders>
      <hadadaWallows filsSouth="columnaGooders">
        <tzarismStumerEthnos>gieaway</tzarismStumerEthnos>
      </hadadaWallows>
      <endowedOeletMushes>
        <inbodyJoubert>bolide95</inbodyJoubert>
      </endowedOeletMushes>
      <debenSpraith tarpeiaOuzelSutured="677997988">
        <ramus>vineletDeemerGaet3</ramus>
      </debenSpraith>
      <dollopsSileneDeads fakirTussive="cathineCrepine6644">
        <oilcoatMashonaSinsiga>sicken</oilcoatMashonaSinsiga>
      </dollopsSileneDeads>
      <daseinVermian braggleGroaned="thrive6" quo="sealeryPodtia" ranketGujratiCouthly="tondi">
        <squatUppull>ladle</squatUppull>
      </daseinVermian>
      <elapse nijholtGossyAirplay="acorus" brickenDogboltDorsula="noriceNeedler" eesomePantsTamara="silageFishful9943">
        <cavedClung>piddleFudges</cavedClung>
      </elapse>
      <snopDudeen drouths="43047466">
        <acerbThecataSaj>blottedEnthuse</acerbThecataSaj>
      </snopDudeen>
      <noddi>
        <tripyCoryza>toxemia</tripyCoryza>
      </noddi>
      <bulbarCucuyoJarvie worlded="menacerHyteObjects" actiadPrutot="5545964" hight="9" doigte="clineBlaring">
        <adversaDefaceLeister>pannage</adversaDefaceLeister>
      </bulbarCucuyoJarvie>
      <myronic stadiaAnuricStepped="7265" gigsterGobbled="darkeysInfelt" impersSharpedPyric="979195" coshingRetrade="beadeyeAthar">
        <oneyerPrelacyJalops>orselleAzulineObital</oneyerPrelacyJalops>
      </myronic>
      <figureYardsNemesic outwalkRimingLaithly="torulus" spooksTineina="parmack" hazy="931739">
        <darkleCoursey>chola</darkleCoursey>
      </figureYardsNemesic>
      <naggerWhatnotSuidae vaguely="honorSambalBurez" sokulk="abrazoSamples" grithsGobbleShiloh="fealty89" warthDidies="wummanAnjou">
        <dances>kelimaSlope</dances>
      </naggerWhatnotSuidae>
      <zhmud yirkBlacks="9019842" drawoffOperons="ghafirDinaric" trolleyArabistEquinox="556290321" inangaSarans="rerollsGunfireRawin">
        <lacworkMoiestLeacher>terpaneAntrumNaa</lacworkMoiestLeacher>
      </zhmud>
      <poisedMambaGeared partedFoggageCaromel="slinteTeeveeThrawed" battelsGorlinVulval="wohlac">
        <unbakedPunnet>aldose</unbakedPunnet>
      </poisedMambaGeared>
      <genevas dora="55" aspreteCycloidScopic="27">
        <sprowsyTineinaUnspun>pholcidLacto</sprowsyTineinaUnspun>
      </genevas>
      <alfaje passion="hajLinpinPorns483">
        <fortake>aporiasBullbatLintels</fortake>
      </alfaje>
      <anginasRodney clickyVijao="dareallScufflyNarica">
        <mungoosRustingReask>abaisse</mungoosRustingReask>
      </anginasRodney>
      <smearyVibe puddeeReshake="amiciDollopsZesty" otalgyTapisesOutpour="jiggety" seebeck="uniques276">
        <matalan>willbleUreidesButch</matalan>
      </smearyVibe>
      <cosherOblast discumbCometsUnsure="beretBecreep">
        <warternPlotTripla>mincingUngain</warternPlotTripla>
      </cosherOblast>
    </dasewe>
    <careBidry duledge="roscianKirbyLyddite">
      <abatingQuale>adhererTitling28</abatingQuale>
      <sinianMoney>
        <hexagynPrevue>heatfulMoughtBricks</hexagynPrevue>
      </sinianMoney>
      <unlogic heaumesHasinai="5908339" heroicDills="tubifexDiauBaft" mugaOuttrot="trailsSucceed9">
        <bago>79753</bago>
      </unlogic>
    </careBidry>
    <flashly>
      <unurgedSorocheSolider>slided</unurgedSorocheSolider>
      <diapasm moderPewless="wallachSkoal">
        <sternsShuOnstead>agynicEstudy</sternsShuOnstead>
      </diapasm>
      <facadesRaspy ostia="crawlySpruesLucifer" eyebeamWarilyShucks="finedToastsErgotin" wringleHaen="35972" totumDowagePrenzie="swileGambist950">
        <kayoingDonees>winsomeCimbric41</kayoingDonees>
      </facadesRaspy>
      <searceDhoonCoppled vattingEupioneOverarm="491" yearsSensate="brabHeiress" dextrerTrogger="hedgingManqu">
        <laxestBedpans>bianco</laxestBedpans>
      </searceDhoonCoppled>
      <sharnKirker>
        <acarusIncised>scarabsDrou</acarusIncised>
      </sharnKirker>
      <stretch cerrero="96" sunniahSpite="yelpedConrad">
        <tinni>7023</tinni>
      </stretch>
      <clan cranniaEloignCookers="ice" morpholUnhabitMuleys="909683" bulbose="abusionParangi90" biderFerns="winnockGullery">
        <disman>bangala6</disman>
      </clan>
      <junkets sammel="woodwax" allenFosse="worsens" soli="118060" aminsNeozoic="aumakuaFrapeRebuoy">
        <puraquePiklePishes>culbertBurlapsGardens1673</puraquePiklePishes>
      </junkets>
      <fine amandinGilled="benimInsteam" bernEnglutTorilis="relendMewledFakery" thosAudrey="toffishDulseBenzol" chammy="clozeFubsyImpact7772">
        <evang>suttenExorateGyral58</evang>
      </fine>
      <arius caite="pangiSadrOutdrew9" freddie="40" slopedLogoutStair="foxlyTeamPeopler">
        <lacernaSyre>sublotRegattaGora</lacernaSyre>
      </arius>
      <katyNonparMamies spume="narrowyFilmishReunite">
        <xylose>nuttersDegame</xylose>
      </katyNonparMamies>
      <opiatedAsterinChia alhetPintura="agra">
        <rookingHarpies>36256099</rookingHarpies>
      </opiatedAsterinChia>
      <phoniesLeegte>
        <rother>mendersTupmenEpigee</rother>
      </phoniesLeegte>
      <sicsOctuplyTested>
        <popplesOsmosed>caduacCodwormWaivod</popplesOsmosed>
      </sicsOctuplyTested>
      <clamPreoralToupees>
        <company>gonzo99</company>
      </clamPreoralToupees>
      <moonieGibsons laudesFort="wouldstBalaicSauter" brotPonyCalista="cardium">
        <exotismRomaneOscars>cainianFenmanFine71</exotismRomaneOscars>
      </moonieGibsons>
    </flashly>
  </keat>
  <acreageCharked mtgLegretePrela="430" pannagQuito="sabeBayed" />
  <mittenAmalicMoan unfleadIcarusAbrash="kenneth" sole="ponchoTewsomeWhish" streekEvehoodHumist="peneid">
    <boyards>
      <inhumeBummery>aceraeWobAstir6</inhumeBummery>
      <tedescaFolium>
        <erodent>repayedUndyRerob</erodent>
      </tedescaFolium>
      <khadiPyrone swinker="burrJunctly8990" jackoVimana="etyNoggen" lensedWestersTrendy="20653077" neederPubianPipless="5">
        <mancono>actingsAmoving</mancono>
      </khadiPyrone>
      <uirina>
        <rasboraNutsKitty>lovingRadek</rasboraNutsKitty>
      </uirina>
      <fantail>
        <gobetTamein>consulUmberedPoikile</gobetTamein>
      </fantail>
    </boyards>
    <revomit>
      <noireBoart>coptersHornlet</noireBoart>
      <gormedPhonily acetyl="870320" bonteeNeemBiotite="sundaeDogbite12" owlerEmerantReline="5727">
        <trismusVirgoBeep>geryPhocineLangite</trismusVirgoBeep>
      </gormedPhonily>
      <alcaideFerialForfeit>
        <hemmelActless>zeks3</hemmelActless>
      </alcaideFerialForfeit>
      <orthiteTeles couters="sandakBalei" advect="corsair" definesTagalo="dopedShabbed">
        <castoffOrcasGreylag>muckyMuumuus</castoffOrcasGreylag>
      </orthiteTeles>
      <chilDhurna rekill="9" wearyPuererGranny="whitret54" cadetsHyeniaPolarid="7">
        <pansiesDhu>536</pansiesDhu>
      </chilDhurna>
      <violsMuttony lacingsConkers="68903">
        <spiffedFosset>cerylClicky4618</spiffedFosset>
      </violsMuttony>
      <solidoMatteryVenose spargedPisco="adadCibolaKevan" gaspsBedazeMadders="dennetBarytaRist">
        <cuspidShapeupTousy>sagaie</cuspidShapeupTousy>
      </solidoMatteryVenose>
      <bathed manuel="broomy5923" warpersClavierZingel="carolerBalawuSauries65" tussiveBugdomAsserta="below683" kiwiAches="shreddyFogsTogae">
        <jalop>plankyRun22</jalop>
      </bathed>
      <aciform warisonPutidlyBehaver="shifter" consign="chousedInguenGumihan9" galliAshlerHaviors="conks" geoidalLossierTripled="pebaIslandFold">
        <felted>49069</felted>
      </aciform>
      <bhikshuTokensPappies plankyAdicityBoatful="murexan" sordidThorons="cloudsUreicMatico" acarari="5162103" limbingStenchEngle="korovaWadmelsMarilla">
        <pampersSyntoneVoetsak>aslakeUnswornBanquo</pampersSyntoneVoetsak>
      </bhikshuTokensPappies>
      <ogaireCremorBonnes>
        <chewieThymine>frateryParentSegued</chewieThymine>
      </ogaireCremorBonnes>
      <sumac untrueTooted="agraria4942" flamer="quagGiller543" orifice="87">
        <toffeesTyphonCheloid>upshot</toffeesTyphonCheloid>
      </sumac>
      <comarca upwellBogmanMalmed="sphegidRhytina" cruck="baregesHusting">
        <adoorsRog>3496468</adoorsRog>
      </comarca>
      <tubig triduan="satyrsEssDisuse" glove="oathGabari" alaresAmintor="veryBeezer" kirnedCapsidsDisk="dismailAnime">
        <lodowic>jaunce</lodowic>
      </tubig>
    </revomit>
    <rites>
      <choryos>colon</choryos>
      <tyrrLibyans unfeel="vervet" biblismWill="abadaOleumShul" chorook="7590">
        <leversGombos>koasatiBollies</leversGombos>
      </tyrrLibyans>
      <minkopiChanson>
        <arock>verrelCrumply</arock>
      </minkopiChanson>
      <adaShojisSife knockerOddish="serbdomUferUcayale" oddsBumpoffSahlite="busedRecant" dronesWife="47">
        <casteSnubbeePremial>earlsMoxoOopuhue78</casteSnubbeePremial>
      </adaShojisSife>
      <bullock>
        <glennTiringHamated>preknewPulpier</glennTiringHamated>
      </bullock>
      <senoraHakka smackee="rendingMaximsLionced" exedraeHallanUnopen="buzukiDukkha" habileEluate="muillaPyxes">
        <daniFloydHech>regress</daniFloydHech>
      </senoraHakka>
      <modishSkibob dhooti="ohareCharuk">
        <faroBlasWarsle>luwian1547</faroBlasWarsle>
      </modishSkibob>
      <pterin bingoRooftop="8">
        <jagueyGeldant>gubbinsVentradPenalty</jagueyGeldant>
      </pterin>
      <chittakAnglesDoff sureshAlkideJared="boil" moansDamaged="snozzle" utendTimidly="simsonSoorahBlading9698">
        <laodah>closkey</laodah>
      </chittakAnglesDoff>
      <miskeptTrollol parfum="moid" ottroye="agonistBurny805">
        <vilityTurfmanIchs>gulleyUnpropBobeche</vilityTurfmanIchs>
      </miskeptTrollol>
      <hypnicRangers yodsLub="plebbyCongeeBastian">
        <chequin>1913693</chequin>
      </hypnicRangers>
      <betta>
        <hiltedHose>clairesAudioLooming</hiltedHose>
      </betta>
      <carpiWagogoBawty heremWaringPoppin="pectizeDabsterSubdit" nettled="bryonia" splodgySpirolReflux="actlessSkyportTag">
        <ozonideFeakedYakin>chaltaPlanted</ozonideFeakedYakin>
      </carpiWagogoBawty>
      <faun vayuHelzel="heild" waka="scarvedKatipoDian" sistingNobbier="bullaUngated5">
        <humect>sintuBecramp</humect>
      </faun>
      <centJerryWhippy>
        <hareemsAcicula>93442678</hareemsAcicula>
      </centJerryWhippy>
      <rebindPiastPigeons penniesIbm="rooedPercher" reprice="artsyBosniak" salianHousingSozins="3837">
        <jat>avouchEssede8</jat>
      </rebindPiastPigeons>
      <lethesKedjaveElatha brockGalera="komeLehayimInyoite" natalMilieux="bovate" poemletCattan="zanily">
        <psoaiFirsts>passayAbaisedGrossed</psoaiFirsts>
      </lethesKedjaveElatha>
      <courtyGazersShe bescornRekneadPursers="dummiesSpicier42" dibblesHyperonGarages="moorishRandierBoce">
        <rhythmTikes>flappy</rhythmTikes>
      </courtyGazersShe>
      <burlyCarouse antaFeedingGowlan="ananiteVarix" basilsCad="lenoPanna" slob="buccanFoined51">
        <prabble>60</prabble>
      </burlyCarouse>
      <termersAssay lessiveAnent="equiaxeHokums63">
        <introitPerron>epicarp</introitPerron>
      </termersAssay>
    </rites>
    <codger waffCoatis="576602" peevesFere="geckedApiecesTylus75">
      <airtime>chottsSplent</airtime>
      <repeg djinni="circlet" congoThickyWoibe="dithionUnboredLamia">
        <vol>formedProtideNeven</vol>
      </repeg>
      <pulsCookedSignory gawain="vampireFlavory" joyancyRubelle="141574" undupedTapings="comd">
        <fantastDebaterPayed>conjoin7478</fantastDebaterPayed>
      </pulsCookedSignory>
      <stompedDonutsHoldout dimsUnwayed="eurytusPcf" lecheaUnleanPipals="ebcasc17" opacityVicky="speaks">
        <amniotaAmyrolCamelid>gudgeon</amniotaAmyrolCamelid>
      </stompedDonutsHoldout>
      <pointPhysesBritts ambassyWot="2">
        <vomitedSidrach>53968</vomitedSidrach>
      </pointPhysesBritts>
      <runnethTallowyEpyllia achtel="98" sonSuffeteRepel="dawedDrawees">
        <downsFirebug>auhBeakierBileve</downsFirebug>
      </runnethTallowyEpyllia>
      <dirndlsTraneauInscape unflownToffee="betag363">
        <cortianTardleBounds>joiningTared</cortianTardleBounds>
      </dirndlsTraneauInscape>
    </codger>
    <erst tres="defusedSolved" grasCerote="wairsSinusesFrized" chaseAgazRivals="obconicCampman" pickage="borrowsPeele82" embasePlatansGoas="7151708" annelidPanadas="speckBagging">
      <slanderTapTindal>cubby</slanderTapTindal>
      <livetinKreese liegelyCibory="blazons">
        <gauraFimetic>medize</gauraFimetic>
      </livetinKreese>
      <brashesRessala beckingEdible="guarsSubicleNiyanda" hatsfulSpinedWhiney="cogent">
        <fen>votyakJuang337</fen>
      </brashesRessala>
      <giaoursMurreyLobe>
        <dailyMagasChimney>sputaAnagogy</dailyMagasChimney>
      </giaoursMurreyLobe>
      <debutAnnual pibal="nielsHespera">
        <saith>yeaomanDigue</saith>
      </debutAnnual>
      <kyanize busera="refletThough">
        <asarota>quark</asarota>
      </kyanize>
      <nuggarUnbaledNittier climath="dacker" tissuedDirexRavings="syrensSimballSynapte" titoism="7384487" destinUnilobe="milter824">
        <taxatorArrage>showman</taxatorArrage>
      </nuggarUnbaledNittier>
      <jukesKnurlsPlyers emparkPaging="claytonTilmus" ganseyShare="buicks210" coxesRiblessHureek="85628">
        <mss>cymling</mss>
      </jukesKnurlsPlyers>
      <grizelIricism gaitingOrdn="chola">
        <cesar>morocMucic</cesar>
      </grizelIricism>
      <bach staryPoachyThymier="petaliaMuscowNumb" yurtsHumusesWheens="rooseSopperHitch7243" pipyRelowerCerote="tath" mopan="nepoticCordons">
        <amirChilli>winly7</amirChilli>
      </bach>
      <alpheanJiveassWarsaw almemor="tiresSalve" betrail="unslung" hoidenAzotite="17">
        <els>hock</els>
      </alpheanJiveassWarsaw>
      <hubbubsDulcin blasonLogics="spreath">
        <leisure>plurelOutcomeCahita</leisure>
      </hubbubsDulcin>
      <geldOuze reflownShisn="pownieJenineQuag370" parlishHueful="phrenEmbrew51" claxons="870458">
        <tikiPutchuk>tablerMuscatCalcite</tikiPutchuk>
      </geldOuze>
      <gorges germanyPresealRouble="8524" glenn="988" crabby="60223">
        <murral>altaic</murral>
      </gorges>
      <draggedUnlaysDearest axwort="broncAerose611" flatcapCaptiveDarby="nisanRazzly627">
        <tryingChivied>1</tryingChivied>
      </draggedUnlaysDearest>
      <fiaschiFolliesRefilms aitionPelletsDimna="scavelColureCrummed" lindyPeppersMatins="orae" morning="loudensGuavina2" zipped="clipGramma">
        <purgersRestepSmooge>cabanGherkinHops</purgersRestepSmooge>
      </fiaschiFolliesRefilms>
      <tictacsUngluesRechate hypQurshesAsarin="chihLongesCledgy" fewnesAstute="steek" loggiasFissura="lasGaums20" aulas="73">
        <abature>brochPicricPhocine</abature>
      </tictacsUngluesRechate>
      <fincasVernonSilver biliary="67" liatris="tastingScapus" hexanesSkys="incudesInvokerSwirls">
        <weenie>abnetDopplerValency</weenie>
      </fincasVernonSilver>
      <satchelMadden agadSacope="898912" trypsinSeatingHefty="slideMamzer" jueces="mantles">
        <mashPhemicStroup>corrumpPreomit2373</mashPhemicStroup>
      </satchelMadden>
      <torchetHakdarCafenet>
        <aucubaStatics>loukasRecycle</aucubaStatics>
      </torchetHakdarCafenet>
    </erst>
    <biotite>
      <wickape>clientAndor</wickape>
    </biotite>
    <fusula cottonyYearlySprawl="7778" didlerSnabPiemag="2131" scalerBatanPixie="sayeeSquirk" wapatoGripes="7" baskingYoginForblow="majestyEpopticOsmund308" coptisSilviaSowins="danes" dimeranPrivily="tsubo3">
      <felup>eyebalmEuonym</felup>
      <bedrollCai sclimDipolesPesetas="blamsAtwitch" desaltButtonCurine="obeishSpinose">
        <wreathBaylikePalus>redeyeSwim</wreathBaylikePalus>
      </bedrollCai>
      <glisten poolingContund="shrifts">
        <cicoreeNovasWaste>trivant</cicoreeNovasWaste>
      </glisten>
      <tymbalWolfen soliSummistLayland="6" alants="vedika">
        <heaperMondesHocky>honorer</heaperMondesHocky>
      </tymbalWolfen>
      <fauces>
        <rillesNonplusRussene>standerRfree</rillesNonplusRussene>
      </fauces>
      <fecketVecture foglessAloid="snuffyBunko" quaff="sinople9017">
        <craner>alyssumCuriaraLikeful</craner>
      </fecketVecture>
      <minumBocheRanjit>
        <piute>8</piute>
      </minumBocheRanjit>
      <redbackMucuses>
        <epimere>phu74</epimere>
      </redbackMucuses>
      <anacesKikuExtund>
        <athyridPaddies>bettinaCataian</athyridPaddies>
      </anacesKikuExtund>
      <lockboxBedreadOmer>
        <bohTsunPoutful>1827</bohTsunPoutful>
      </lockboxBedreadOmer>
      <epacridRefineDraffs>
        <stonier>trebletDissavePain3</stonier>
      </epacridRefineDraffs>
      <foals skatMacuca="purloinSeriary246">
        <dillShowPrunase>outblow</dillShowPrunase>
      </foals>
      <ber>
        <depsideDoddedHickeys>umbeledCohanimRunkles</depsideDoddedHickeys>
      </ber>
      <loverlyBarbe bagroomPygofer="marahDavits" vesuvinClamp="ornesDirking" baldieGuaza="admove" arnotta="789977">
        <hogsDestain>oakums</hogsDestain>
      </loverlyBarbe>
      <toronja>
        <drazel>ganzaCirrhus429</drazel>
      </toronja>
      <ginwardCilices blastedMunifyRooters="21006" senitiTrefahAttacco="houselGue">
        <semify>eyeflapAdultly</semify>
      </ginwardCilices>
      <jobmanTroysIndigos>
        <aphidYuncaChinked>ictonyxWhitOutspin</aphidYuncaChinked>
      </jobmanTroysIndigos>
      <meggerBaltDobos>
        <chokesKomati>pistia1</chokesKomati>
      </meggerBaltDobos>
      <modocPhoticsArider twaes="vaccaryWombats" eclatTepefy="proteadEagles">
        <bilimbiSiphac>festoon</bilimbiSiphac>
      </modocPhoticsArider>
      <subplowCrumbsAlluvio helixinKillockHeloma="gentoo" dusklyAckeeBroaden="cummins">
        <ruins>baraniNimsNim</ruins>
      </subplowCrumbsAlluvio>
    </fusula>
    <fenTricksyCavetto>
      <beshodSciurusExturb>pitaGid</beshodSciurusExturb>
    </fenTricksyCavetto>
    <moile>
      <tetroseMissentBegunk>mugil</tetroseMissentBegunk>
      <senitiTanier burlyFaze="nepmen9" renoneCowererJostles="relumesCeliacReins">
        <bescornTittups>villeinArryIdion4363</bescornTittups>
      </senitiTanier>
      <cafoyHummeriTrack outholdCults="brushetNahuanLimidae" wakeupLeam="jehusWaukitUnnoted" rebore="manwardCoggie">
        <arkab>vatterFigures</arkab>
      </cafoyHummeriTrack>
      <lungesSimblum festucaAdvoyerBrr="242327103" azuresFakerSdeath="7" gofersDashy="brott" peakishCorpseCaribou="16">
        <amountMootmenCippus>cuffle</amountMootmenCippus>
      </lungesSimblum>
      <dikes saltus="lutraSculkKimbang" granterDerive="7" aristGhyllsCulture="sinkbox" fluytDuelist="willing">
        <bioAbody>alisoRespectSlowing</bioAbody>
      </dikes>
      <jayceesAaaIntune onstand="rapines" fizzer="uncageFleshSaned" daffyWalked="gweduck">
        <amarantNyanjaPoppied>carniesBraggerDopier</amarantNyanjaPoppied>
      </jayceesAaaIntune>
      <boatersDogblow lokiecAmbagesEncadre="tenaiSealyToxic">
        <casava>volcanoVows</casava>
      </boatersDogblow>
      <haomaRuptiveReamuse riflersRipalWicking="peculia" gitoxinOord="kayan" aspringHolidayGrecale="34981733">
        <tannoidThickly>7203</tannoidThickly>
      </haomaRuptiveReamuse>
      <reevesThroveWangala spumous="blooms" fuzeTungateEvent="doting" veristsCpuFip="sabian" shippy="6945">
        <squalusBlufflyPittism>matedGhebetaMilsie</squalusBlufflyPittism>
      </reevesThroveWangala>
      <unmaid pratedArraign="snackGader" ticklesBasicFibra="tuaregEristic">
        <noctuaCores>fucate</noctuaCores>
      </unmaid>
      <loxodonEtymonGrope moons="arbs1" piceaRatchetAsb="agenda" daringCumarin="weestCrowsRecart">
        <magani>anele</magani>
      </loxodonEtymonGrope>
      <voltiRippers clash="otcSmockedGenoese" decimus="flook">
        <caeomaIndowed>minarPyramid</caeomaIndowed>
      </voltiRippers>
      <harsletObispoGripman calaburPwca="gruppoSubsetsMedimno" circueDoreyAknow="falloffShrikes" sucrierOtiose="candied" sawfishAwlwort="halicotOllock8554">
        <citolerDesistsArmhole>zetaDhu</citolerDesistsArmhole>
      </harsletObispoGripman>
      <shorten naivest="akaakai324" orts="overawe">
        <britsSpinose>zanjonBasics</britsSpinose>
      </shorten>
      <cosedMaiduEnwwove paversZinniasGoumier="unwary" scaleniReown="mescalsItself" proofy="plumose3333" zenuFuried="527960">
        <sewLimiter>disfenGaelCliffed183</sewLimiter>
      </cosedMaiduEnwwove>
      <viny pablum="70">
        <siredon>8152</siredon>
      </viny>
      <repugnCaveatsFilles trowthJatGgr="stiversBeck3397" desugarGoxesEaster="mucicHalseClara">
        <zinebs>brack</zinebs>
      </repugnCaveatsFilles>
    </moile>
    <sloughForheed>
      <apaceHardlyCrc>ferulae</apaceHardlyCrc>
      <miniAssyriaConrey chauvin="caracoaSnabbleFarl">
        <kotowerMasculy>1263080</kotowerMasculy>
      </miniAssyriaConrey>
      <triole annulus="autarchOutstepArpent" amatiMohatra="7">
        <ariettaHuddlerSpake>criolloGuggletPrue</ariettaHuddlerSpake>
      </triole>
      <nitosDoyen toxMakoKnives="tun" biggest="sheared901">
        <stannid>pokesNipmuc</stannid>
      </nitosDoyen>
      <aliasUnkink>
        <enfiledCrangMonacan>pulwarTannestCuba</enfiledCrangMonacan>
      </aliasUnkink>
      <vinousEbriety vogul="brite" triaxon="skryerDueller3" agma="21966634" crith="80701228">
        <gallupCulotte>schemasArrestsCoshed</gallupCulotte>
      </vinousEbriety>
      <ringletSledge curler="skeinsPantunReannex" arrouseLurches="rappiteChrome" santol="4881" hameMisbede="sherman">
        <imbrueLaith>adazzle298</imbrueLaith>
      </ringletSledge>
    </sloughForheed>
    <oncosisYaupons>
      <diadem>wergil</diadem>
    </oncosisYaupons>
    <flumes foetusNihil="682294165" shawanoSwob="4" nunquam="43094363">
      <sangleyMantes>33</sangleyMantes>
    </flumes>
    <voltageMatha plotxAseethe="clotty2679" oldest="toga">
      <vulnoseCnemial>topropeVehmeFerial16</vulnoseCnemial>
    </voltageMatha>
    <shopperCalcateElevato>
      <accused>carneMincier</accused>
    </shopperCalcateElevato>
    <reyokeHack ginnierAnabataChan="scrollyPailoloVowless" pebbledTenenda="vainestMelosSuivez">
      <aikaneCoothayVorpal>redbaitPinny</aikaneCoothayVorpal>
      <swampsMantel>
        <aizoonCorm>mousingBeflap</aizoonCorm>
      </swampsMantel>
      <coheres>
        <krepi>setArgosyWirier6821</krepi>
      </coheres>
      <hasidicNaisAbronia apogeal="rebindsCistudoOdalman">
        <arkPalew>guiled</arkPalew>
      </hasidicNaisAbronia>
      <byssoid>
        <cisium>gurk</cisium>
      </byssoid>
      <lawings inermes="swipperEvap139">
        <glaucinIckier>kairin5338</glaucinIckier>
      </lawings>
    </reyokeHack>
    <kilnrib>
      <advectsDredge>dacus454</advectsDredge>
      <proselyBullule brulotsJurists="lewisesYirkAti" coreboxBeprayHeimin="bowneChiels1" cappieGyromaPyxies="2317" obeliOctSerifs="booniesHawkieMorgan">
        <phenols>mirledFarmostUnfated</phenols>
      </proselyBullule>
      <tomish snipeCryste="twatsRaptest">
        <kampong>17779</kampong>
      </tomish>
      <dowy retells="megmhoBredi" shurfBhikku="klippenUrea7" morula="alcumyAbada" renewedFeff="seltCuplikeQanats">
        <toupCedreneTelang>bertramCaviesRuelike</toupCedreneTelang>
      </dowy>
      <sluingSnigMorels scarify="phizogRosedCatsup" tubed="imprevu" ascendsGobioid="alya">
        <mettar>421894</mettar>
      </sluingSnigMorels>
      <sleeves leakilyUpriverOeillet="iztleSpinedBalking2441" triflySteadedSophist="bestadEimer" wersteMapacheOutwin="therevaSuddsDater8" bilbo="trizoicDorize">
        <pksAppete>warpedChikee</pksAppete>
      </sleeves>
      <horsyVarnish admirerKimboWurley="slurpsSouchieSelfly">
        <furrily>gladdonAfireNocktat</furrily>
      </horsyVarnish>
      <troubleIndenesEbony>
        <oilyish>803941</oilyish>
      </troubleIndenesEbony>
      <cedillaSeracsSpratty>
        <tty>minutedCodaTweedle841</tty>
      </cedillaSeracsSpratty>
      <sabir acutate="hundiMyna" jizyaTownly="646398" bracers="bemists">
        <navalRajesTurncap>tagaloJettons</navalRajesTurncap>
      </sabir>
      <horizonKiddies shojiAby="throddy" erogenyPlumyAgonium="krausenStrome" sinatra="fungian" choupicFerly="unspikeTooting">
        <insense>41</insense>
      </horizonKiddies>
      <linkmen porchRuffedGhana="lagend" anqueraPushrod="92">
        <nepitCanonicTriunal>unionicLingoum</nepitCanonicTriunal>
      </linkmen>
      <yentesMorish lippenSextryScuzzy="howfingStomate" eyliadKomati="budgies" jowlopAgialidEland="stockerAmasty">
        <abuser>scarpDassentDeft</abuser>
      </yentesMorish>
      <warmupsWingSleds alcaydeAsramaHabitat="aglypha">
        <abjectResave>rekingObitalFuroin</abjectResave>
      </warmupsWingSleds>
      <cloche bottomsJerlFreed="5462292" kentTraliraDamages="berley" gamdiaPlodded="yakalaIonone8856">
        <hourful>faithed</hourful>
      </cloche>
      <toyoModalJoinant kang="3" tubicenTalloelRorid="suntansSixish" taglikeMericeGoitre="etamins">
        <gooney>969160039</gooney>
      </toyoModalJoinant>
    </kilnrib>
    <zeksTuckner>
      <servusTrionfo>175457493</servusTrionfo>
      <bridledAlaite balizeThrang="pods28" radishThaneUraris="addoomSacrals" masquerMaarScatula="asperlyHurlpit" epeira="runtsForlainHoaxing">
        <dinnedSmudger>needslyUndrawn413</dinnedSmudger>
      </bridledAlaite>
      <doglegFisticAdverb sewsterHemp="egol185" morcoteLownessAecia="offeror648" adaAscetta="1" bahmaniIneptBegeck="566">
        <uredema>7364</uredema>
      </doglegFisticAdverb>
      <nymphly langleMushingWedlock="osoneOwrehipTambacs" booterNetless="macaronSprigs9" norah="rebekahKurku">
        <tmh>flowe</tmh>
      </nymphly>
      <anopsyHonora chuppah="pumpers" weepedPilch="houvariCwtRen6">
        <bassieKnopperEneid>harmonParanja</bassieKnopperEneid>
      </anopsyHonora>
      <westerUpwheel jowel="lingetHakeAline" bluntAntapex="cocoasCheseNullos" pelhamHyporitEvangel="dactylMisfate" feculaeGeranicUngouty="winklot">
        <warbiteSurance>tidbitsMaracaSuppled</warbiteSurance>
      </westerUpwheel>
      <mockerySabrasIdeist jerrie="hamotziMumble" regencyDerrick="3297" oraclerAsarumBalat="labeled" chukchi="gossip">
        <uphelmClerisy>aquateNeritaEnhalos42</uphelmClerisy>
      </mockerySabrasIdeist>
      <amebid lcdCyclo="deesisDought" outjestKwhrOptate="dropped" saharanDlvyKhu="kantian" flandan="7717">
        <miasSwipyRutin>gandersTaquaRiffi</miasSwipyRutin>
      </amebid>
      <winful>
        <zilchJeanie>noserAsramaSuasive</zilchJeanie>
      </winful>
      <mero luxatesCottyGaudily="moffle9" tolt="2639" lucked="drohPrenzieCaliber">
        <koleaAroints>celestaCrystOpposit</koleaAroints>
      </mero>
      <drawnet gumiOsmunds="kedgySparm">
        <hacklogSummulaHoys>reeks</hacklogSummulaHoys>
      </drawnet>
    </zeksTuckner>
    <boppedExcites yieldenParisesAvikom="lowsestMorphiaAmebic" iseult="paegel96" erosesReefed="71728455" vagromAdvices="810474388" ligable="salvosHellery" slum="555">
      <secretoTwaitSaluted>cetane</secretoTwaitSaluted>
      <epsilonRockishFlits hawedCumminElites="54">
        <bedsite>flacksRefr</bedsite>
      </epsilonRockishFlits>
      <smelledWeeks gerardBillySloe="inlierWraith8">
        <acta>5930</acta>
      </smelledWeeks>
      <acheneChurchCorpus paleFeezingMusjid="gunrack8002" kiladjaOglala="proxime3" tuqueHeald="lessestXiphoid">
        <beduins>somdielCis</beduins>
      </acheneChurchCorpus>
      <jumpySessile>
        <urnfuls>guzzleBessi</urnfuls>
      </jumpySessile>
      <hippiaDozenth nulling="kevynJugginsEurobin1665" skew="89" gastralSufism="seriemaGherkin">
        <patefyLatino>982715481</patefyLatino>
      </hippiaDozenth>
      <massaPhalli sneaks="3" forte="cabmenFerfetRotan" sickens="truth" gabelleRussulaJocuma="frothi">
        <bemixtMormyreMangoes>91</bemixtMormyreMangoes>
      </massaPhalli>
      <zaggedRebaled>
        <tukeGuslaCenti>8</tukeGuslaCenti>
      </zaggedRebaled>
      <katuka untimedSaguaroBowings="regrabDidactsMannaia" periods="6" violaGiga="682">
        <manganaVesicaMuckite>vodka</manganaVesicaMuckite>
      </katuka>
    </boppedExcites>
    <touchy>
      <bessieApishlyBriseis>toddleLeef</bessieApishlyBriseis>
    </touchy>
  </mittenAmalicMoan>
</unshoreStagnumTrucker>