<?xml version="1.0"?>
<amesiteDikeNonskid>
  <snarkRefel nordic="harelip" leapSunken="55019161" />
  <tenderCenseDegras oarcock="launcesPkg" />
  <syncedGrimmPengo drabant="tinkledCaro" endebtCoseThrip="shaktis417" empodiaPiitisMembers="allying">
    <eroseFeedboxTamenes>
      <friseur>10579069</friseur>
      <lairsXenos cessRiever="rectify" aphthaBoskets="pulka">
        <refulgeTemplumUplimb>stiversLierne</refulgeTemplumUplimb>
      </lairsXenos>
    </eroseFeedboxTamenes>
    <foetor>
      <hammockHammalEgilops>gaslike1</hammockHammalEgilops>
      <sneakCaraunaSilting hoopoosPelletIllust="beauts21">
        <veneral>palmus</veneral>
      </sneakCaraunaSilting>
      <tariqat amant="outhire">
        <smirkleBoffo>15493</smirkleBoffo>
      </tariqat>
      <emmenic>
        <celtismGladdedTang>695420186</celtismGladdedTang>
      </emmenic>
      <sendoffGraphicLusiad souchyKehayaDoolees="87353">
        <fopped>borderEluents</fopped>
      </sendoffGraphicLusiad>
      <alkyls>
        <yonisRwy>1065881</yonisRwy>
      </alkyls>
      <oxonicYquemPoinard>
        <uglyReeved>pentaceExcretaCpi</uglyReeved>
      </oxonicYquemPoinard>
      <triode>
        <icicledNape>935911702</icicledNape>
      </triode>
    </foetor>
    <drivingCoiture vausRaspite="580504">
      <pouncedBely>copeia</pouncedBely>
    </drivingCoiture>
    <neglectPsoadic repen="lunoidBana" sossleEidentSported="gonal1283" vesicaeDoted="kendyrIckers" olesMastrasExert="smackeeFlavid" our="votableScclera">
      <niobicFarsakhClasps>whydahsBitmapFaciata</niobicFarsakhClasps>
    </neglectPsoadic>
    <outsulkSchmoos>
      <tricks>304475124</tricks>
    </outsulkSchmoos>
    <beveledTeetyCymblin>
      <quittalLayneSummar>murkishKiaatCedrat4</quittalLayneSummar>
      <vocalicJosiahGingiva>
        <hisselfSunbakeDwelled>spoliumWotlinkExactor174</hisselfSunbakeDwelled>
      </vocalicJosiahGingiva>
      <phalera tingVicing="palaisQuartet9522" tektosRatti="13207" ochersHarbourDemobs="72046355">
        <areolesScalingCurnie>uptiltsLouting</areolesScalingCurnie>
      </phalera>
      <unlarge>
        <newtsPlatch>osseinGowning</newtsPlatch>
      </unlarge>
      <hacek drubbly="136738" furazanRuddChromas="nablusEsrogBlashy7055" hymnerMajesty="medusal">
        <unbulky>71655038</unbulky>
      </hacek>
      <octoberPyin loudensTreflee="scopic" rives="troussAtteryUngloom" fixersNook="lullsHymnerAdenous" arrowsCommy="rationsGarniecTottie">
        <immaneFurud>2601604</immaneFurud>
      </octoberPyin>
      <degass hoofFaltersUncoy="yabooShoppedTulipi" layoutAurigaWannest="iodalZoariteTifter">
        <proavisTended>sheeCambric</proavisTended>
      </degass>
      <jinn cretanBallett="bichos" zoniteSwashy="ennoy" opposedGamy="coteful" cerin="7452477">
        <mota>dadoesWizzensTroue3</mota>
      </jinn>
      <zincyLeptomeInfree punct="buccan6" conorQuisBuskle="oofierSulides" idleful="sekereLethalAcerdol">
        <courtPentziaHanover>99440831</courtPentziaHanover>
      </zincyLeptomeInfree>
      <vengeKaleege>
        <mousmeKim>unsoot</mousmeKim>
      </vengeKaleege>
      <thunarCumuliPatrice unflushXenurusGunne="kilobitOsseterBursate" alphornLigator="668998334">
        <anonyme>spriteRaster</anonyme>
      </thunarCumuliPatrice>
      <mincioLibberEaver>
        <saitic>auristFisting</saitic>
      </mincioLibberEaver>
      <leaksAnode xxx="calkedIsopolyLituus" skaterBonita="amortFacies" leptonImmanes="moltingKitchie">
        <valuersJugateYods>excusalBrocks</valuersJugateYods>
      </leaksAnode>
      <recrown mirthGelant="cocheroFeuter2" franc="canterKeckled" dyeingExciton="shammer" ghazelAsimmerRetain="eshin">
        <netsukeLamaist>630734093</netsukeLamaist>
      </recrown>
    </beveledTeetyCymblin>
    <sledRamiroRld undeadAstrayNitrian="pubianRedlineViridin" goniacBleb="tonsileToweled" strive="wongaraArimasp172" adaw="funsFeatish" idoism="934043">
      <iffiest>sloteMesic</iffiest>
      <bateaLocus dampensValvingWary="9" kuskosGlisten="601272">
        <toyingBulblet>550</toyingBulblet>
      </bateaLocus>
      <plaudit>
        <learoyd>volvoxHyphal</learoyd>
      </plaudit>
    </sledRamiroRld>
    <monuron foxier="regaldWrapperTholli" rewaked="alrunaBibles">
      <frankerBrae>cometEquine</frankerBrae>
      <fillyPostwar>
        <fellSunketsWaveson>2294460</fellSunketsWaveson>
      </fillyPostwar>
      <dulcetsSilage catalan="tratler" sagelyLectors="fovea" stearic="grobianVivres" alme="935069174">
        <fiscs>310403524</fiscs>
      </dulcetsSilage>
      <tetrane>
        <sondeliGaga>vomitosJalapsEfflux</sondeliGaga>
      </tetrane>
      <dramCuspids>
        <furzesLucanSinamin>modulusHornieAcone</furzesLucanSinamin>
      </dramCuspids>
      <elemisKantian kinBrasenWye="bamban" tupaiaSpurdog="axonostRashes" requinCandleCrasis="hibla">
        <grimfulBingies>carcakeOctEmulsor</grimfulBingies>
      </elemisKantian>
      <paba taurusAdevism="strut" outfelt="cosetWhister" tuningsOxylLactid="boutadeLecherMiffier">
        <freshJeeps>acrididThrifty7</freshJeeps>
      </paba>
      <boigid cobbPollensCornel="unhold" bivocal="dronersCannerGeum" fingall="beefish">
        <boxEpiky>leprid</boxEpiky>
      </boigid>
      <coirMolluscChiwere>
        <generalShethEvites>talckedDenaroBedlam</generalShethEvites>
      </coirMolluscChiwere>
      <sekosCutest thewsAperea="maya" mihrab="buffing">
        <dapson>caitiffEmpover</dapson>
      </sekosCutest>
      <ablute rodmanKalpis="1357997">
        <cobloafTukra>714</cobloafTukra>
      </ablute>
      <tabog cannatRox="berettaTritonsFilming" dissueKakar="crownFinjanGraal" oddest="566" swineryGaycatSensile="largesImpawnPersic">
        <rame>ocular</rame>
      </tabog>
      <margeryRosed anamite="9727">
        <bilesSlackerLujula>peon2</bilesSlackerLujula>
      </margeryRosed>
    </monuron>
    <odoursMimmest vakiaRato="bota" grizelWackesPereion="pulledSamadhi8680" beyondsSoapersAnareta="toherVolador" octoon="raisonScones">
      <tishriFinals>larinae</tishriFinals>
    </odoursMimmest>
    <appriseAncone pyaemicAndhraNeedly="kayPapawsAbrash" axisedCleanly="devwsor" annealPickupGleg="muggerKikkiCurship">
      <mistry>hurrianLogiumPups8566</mistry>
      <kurubaVerseReliver burniesRooibok="7" repine="spitten" cutlas="hitlerScoops">
        <wakenSpumierGeo>pimaMapacheTaxwax425</wakenSpumierGeo>
      </kurubaVerseReliver>
      <aheadCantish fullfilDetax="6850" egrets="logyWantons">
        <hards>ignifyJibmenNeifs</hards>
      </aheadCantish>
      <pegasusOctalPandura lianeTrf="anlagesGirdled" mullite="tagetesGlink4">
        <rugateTinier>guaymieNeogeneUsnea981</rugateTinier>
      </pegasusOctalPandura>
      <foisterDugoutsUtu cantonsTrapansJaypiet="ogrish" revulseAnimoso="ashamed" frimKiowan="modalStartsyJoint">
        <psec>4418</psec>
      </foisterDugoutsUtu>
      <fanamThiramAuthor pygmoid="decatylButyl" cimlineMizar="elmEzan" willy="tizzyGoody">
        <dammersStilly>265</dammersStilly>
      </fanamThiramAuthor>
      <pulingJecorinIsogen weebleVidendaBaruria="carpelCrowd804">
        <battels>blazedAquariaElissa</battels>
      </pulingJecorinIsogen>
    </appriseAncone>
    <feverKirtleSadis>
      <chayCrozzleBelfast>9</chayCrozzleBelfast>
      <pagodasGirons hoofedUptearsBleo="presiftGelded" suentBalau="ruddilyNolSkayles" swaler="tumbak" macled="agazBoylas8">
        <titling>ghosted</titling>
      </pagodasGirons>
      <sojournAeonicCyp bechernPiping="yidBaign" moodirStooge="creponAsiento685">
        <salamoConusor>526362</salamoConusor>
      </sojournAeonicCyp>
      <jibbersNamed muffLatched="sternum" visesTessel="schistsIlamaBelleek">
        <isotomeCalicutDispulp>distyUnchainGerund8261</isotomeCalicutDispulp>
      </jibbersNamed>
      <awingKhubberBasti jokedWeasel="bubbyFenmenBehew" dimaneMikrkra="travelCoatersEnderon">
        <menthaGrovesJudokas>reswarm</menthaGrovesJudokas>
      </awingKhubberBasti>
      <styline>
        <emerilCoggerWilting>amarinBesonio</emerilCoggerWilting>
      </styline>
      <statueTroakedCerites siddhiPoods="65" frogmanFraughtEnlard="sundial" betimes="unlucidWlityThimble" sieringLeery="clerks">
        <nosineChinny>classyGatesRatio</nosineChinny>
      </statueTroakedCerites>
      <exedentArite horselyPilaffs="stanesThae" bargeSetups="kinkly">
        <nanger>surlily8</nanger>
      </exedentArite>
      <coxalSnowmanHetaera magueysHermi="tonsileBrie9576" equuleiLexPumiced="upflingOrpheanChondre" emetineSewless="primate608" haltereDracin="rete">
        <judicalCangiaSirups>greensSanger1872</judicalCangiaSirups>
      </coxalSnowmanHetaera>
      <grouchoTouchedTidy airman="18147956" pollenWhipper="jaupsOchava">
        <agmaKiutle>bichir</agmaKiutle>
      </grouchoTouchedTidy>
      <halasMappenVest lususes="conchsPinger2148" starkleTchi="jazygesNonagesLeerily">
        <salamoCaridaSwagers>hellersBhadon8932</salamoCaridaSwagers>
      </halasMappenVest>
      <glands glozingAsseth="quenitePinite7">
        <enactBibl>entradaPartonRuddle</enactBibl>
      </glands>
      <drouthBeards herlingSpoofed="chained">
        <viduageSercomGauffer>mopeds</viduageSercomGauffer>
      </drouthBeards>
      <pronplEstral fibersBobbedRickety="pauperUtterer2" unroveElritchVerbs="saxeFeds6">
        <exilingStourieBeltmen>ninetyMaurist311</exilingStourieBeltmen>
      </pronplEstral>
      <garfishSmudgesFalcial ephedraIsodrin="zeuxite" gisarmeLonk="beemenKens">
        <gekko>mope974</gekko>
      </garfishSmudgesFalcial>
      <darciSadhes reamingCyperus="grainyLetchySugih" woolierAbovesSantols="kistSquawErrsyn" rondinoStealth="chilkat292">
        <minted>humilisCloofEthane</minted>
      </darciSadhes>
      <agrafes munjeetCryptic="hooye">
        <romanzaCoscetAshed>preshipGaleage</romanzaCoscetAshed>
      </agrafes>
      <geggFilmedCaste futuralSterope="uromere" pishesBarilla="choiredChudic" pishesVeninsBuncoed="11012325" bushyIssuesMaximin="flyways">
        <cowagesKittly>846</cowagesKittly>
      </geggFilmedCaste>
      <flaglet psstBracery="updiveDucesPlums" geneseeEupnea="langite265">
        <pigmeatTingles>icierDyadics240</pigmeatTingles>
      </flaglet>
      <sprunkMukluks birrsVichyPlumbs="775" akania="freddieUncinchVimpa" abrader="folioAlimaFoxskin" outrakeSords="84">
        <sokoIntown>taborinErronPicky6491</sokoIntown>
      </sprunkMukluks>
    </feverKirtleSadis>
    <pistil>
      <ventin>86781964</ventin>
      <batinoThongsNephew>
        <torii>recordsChateau</torii>
      </batinoThongsNephew>
      <deled toxical="suther" cheatrySpahisDidymis="rubefyRicracs" shogunsDessil="fandCalanidPoliter" dimwits="95">
        <cirrateAdjiger>squirms</cirrateAdjiger>
      </deled>
      <curuaPleckCwms riblikePanganeDourly="kinsmanMalaise" rattelOolites="physisNiagara" fossaneJack="pinchem731" lipemicRookusPyxie="troggs">
        <mensualWoodbin>furor</mensualWoodbin>
      </curuaPleckCwms>
      <apogamy bandagePutchenJoky="bernard" chrysalRickTrifles="prylerMyotome" ariseRebraceGregor="bultell" dhoorasKhalsaReimpel="wealth">
        <mbayaRivered>raptor</mbayaRivered>
      </apogamy>
      <tariana natrium="84482" kaitaka="meijiTeiidsSupping">
        <grazers>swishyBlighty</grazers>
      </tariana>
      <dimers weesheeKellyPultost="26241270" stiversKhatsMaws="686" agregePairs="9489043" windupParlAlmemar="entered">
        <mokoTaischPoulp>jeerCodiumNearish</mokoTaischPoulp>
      </dimers>
      <warheadMandola>
        <simpulaBobaRhetor>breezesGumbosWraist</simpulaBobaRhetor>
      </warheadMandola>
      <sporont sarcineGnide="catariaNapoo" pledgeWinnowMowing="hagadaCatsos" aproctaSpoonerBreakax="kefti" crimineResumedTarau="sieringCissoidDune">
        <dulatAlw>goateeClaimedUnwield</dulatAlw>
      </sporont>
      <cavey thumble="molify1" galipotEtrogs="yahoos">
        <begass>buttonyDolt</begass>
      </cavey>
      <dobiesDamnedBids outeateClew="gleetyGalenic" punctusMorishRecueil="daddumsKnubBrujas" cabaretPotassa="laosPerused" schorlyMoted="521036777">
        <pityingPoint>isodont</pityingPoint>
      </dobiesDamnedBids>
      <minsterManjak lacksRewire="slier" resawn="dismanTernizeGuahivo" waikly="banally">
        <ambariRedoes>puplikePommado</ambariRedoes>
      </minsterManjak>
      <irohaRyme grouf="gibbledCalesasChitin">
        <bifoil>totalSafrole</bifoil>
      </irohaRyme>
      <faradsDefects vipersNitery="decnetThyroidDehors86">
        <duppaSirups>abelesPiasterGypsied</duppaSirups>
      </faradsDefects>
      <hagseedUppullSledder patacaoCoppers="bagle" heparinTorsel="fordingRykes">
        <splatsPlumpy>aliothShaderTilters92</splatsPlumpy>
      </hagseedUppullSledder>
      <decades sheWarbird="630">
        <cogBepaw>9230602</cogBepaw>
      </decades>
      <surnounCrucily kroonMalee="shool" fuckStuntsVault="metalsErasmusPipings">
        <howkerWifishArains>torcsNighly</howkerWifishArains>
      </surnounCrucily>
    </pistil>
    <crackle>
      <pirog>7352</pirog>
      <goldang palpus="ravined" adalat="768549309" zinked="kalamWhister18">
        <inrub>philiaHoodmenFurilic</inrub>
      </goldang>
      <seepageKaolinsStupid faqMoletAcetals="24141" amphoraPinnace="8406" tragalGldWristed="xerox">
        <tritolo>sagesse</tritolo>
      </seepageKaolinsStupid>
      <befoulCrumbedCattish blamer="setoffTightly" chokiesLadakhiMistook="violineJusten">
        <eagre>arboryNaikJimbang</eagre>
      </befoulCrumbedCattish>
      <stadion roseryIxodids="regimenSynodBermes">
        <bousingBecco>foplingBatsmanAlvus</bousingBecco>
      </stadion>
    </crackle>
    <baria>
      <arzunWhemmel>nestled</arzunWhemmel>
      <pekanFlingBunk pochadeDestrerHuller="77946450">
        <upgoingBouncyUlonata>488838</upgoingBouncyUlonata>
      </pekanFlingBunk>
      <ronco coempts="raghuObelizeKarren16" nurryFaculae="ousts">
        <belfastGibbarReusing>galea</belfastGibbarReusing>
      </ronco>
      <oikCosh>
        <semianAralkylAbsorb>aulical</semianAralkylAbsorb>
      </oikCosh>
      <sarcineTautestBegass inkwellDuello="5189076" wakefulPassado="ootidsKanaimaFarrage" beakedBolted="loaningResmellKalis" posher="trianonAlmnersPretend8749">
        <maladyNixingUnona>pepoLoveeMoo</maladyNixingUnona>
      </sarcineTautestBegass>
      <subbank hemineeColent="hurliesCaviyaUlulu" yecchyCocked="ecol" alevinGrugous="namingSwingesArgals">
        <repugns>emeritElate</repugns>
      </subbank>
      <yobbosHabu hazeYobbo="luckfulBrosyJerrids5767">
        <talky>ecolesChintzDynamis</talky>
      </yobbosHabu>
      <riskerCacksNeskhi coticeGurle="ephoricMole">
        <reglows>541694</reglows>
      </riskerCacksNeskhi>
      <aphyllyJaga>
        <earnieOmaniTusker>grayishOotwithBeating</earnieOmaniTusker>
      </aphyllyJaga>
      <exogamyPatdRath indrisWilds="ticThewySharny" bourranHarenutMyra="681" stuporsGavot="mimmoud296">
        <proagon>revokesRoterMayest</proagon>
      </exogamyPatdRath>
      <arenousMisseatHpital caveatsMammals="retypesGauchoOxygon" preseHauflinUnkind="premune" firearmSlittedHohokam="3280" doily="test345">
        <senegasCalkers>musty62</senegasCalkers>
      </arenousMisseatHpital>
      <panocha ungrip="asturCovedChiasmi">
        <reenjoyTarraba>stuporsWanesNonuses</reenjoyTarraba>
      </panocha>
      <fushtNakir gooses="casquesEstheteGambas802" niflingLumpman="yowlerRandBumicky" mohairs="mormyreCunzieAlibi" anandaPyramid="aripple">
        <numbest>sonatasRadulaSamara</numbest>
      </fushtNakir>
      <nostocLummoxGrivois whopperCaracas="57692" content="54491881" indin="ovologyTrochee">
        <patrialKelima>deashGilpey</patrialKelima>
      </nostocLummoxGrivois>
    </baria>
    <tiresolYaffilMyopies>
      <oakOpianyl>gamdiaLoliDoomful</oakOpianyl>
    </tiresolYaffilMyopies>
  </syncedGrimmPengo>
  <rewinsFadingScreet />
  <bentingClint sabras="cabbiesBackup" posedBoaters="unspiltPrimulaBashlik" eerierIncisorFrowst="1842423">
    <boundsSkewlTetched>
      <hurrian>tagsore1930</hurrian>
      <spavit zonaryMaras="331" fazenda="unnaptBromoil1877" baccar="payenyMilages5863" taros="ablerPokedTuxes5978">
        <feudumRetherObeism>capsuleZarNorard5453</feudumRetherObeism>
      </spavit>
      <ausuboLouseAddu>
        <ausformDubbersSmacker>3009</ausformDubbersSmacker>
      </ausuboLouseAddu>
      <simileCarves uncap="1838284">
        <piafferHaji>62870</piafferHaji>
      </simileCarves>
    </boundsSkewlTetched>
    <levelsMoca cheloneQurshFossate="613686" questor="cyrilBrogh" readornEvovae="974" toonsMhz="deposit7" mazhabiUpslantHurden="keitloaSpadoDarzee">
      <waymark>tupunaPinholdCurbs</waymark>
      <caca unspokeSubdual="coilsNubbier" axal="vichiesShaheenRupial">
        <locheRecroonConvert>louiqaTailors</locheRecroonConvert>
      </caca>
      <turrionLandausGambler nauticaNeegerBalabos="epodesLagna" tahsin="slippyChuckyIconism">
        <quaffer>purdyNumbs</quaffer>
      </turrionLandausGambler>
      <huffierUnlineVogul>
        <uniflowToffingKnucks>coyosRipsackCupeler</uniflowToffingKnucks>
      </huffierUnlineVogul>
    </levelsMoca>
    <ogrish>
      <hircicStony>bittProser</hircicStony>
      <tremie spirlieFibroid="reyouth">
        <garth>progeny9851</garth>
      </tremie>
      <loofasPulques>
        <foggerVillanShams>heiringSous</foggerVillanShams>
      </loofasPulques>
      <whetsShimose>
        <haredTapling>beld</haredTapling>
      </whetsShimose>
      <chouanLooneryCosily>
        <betrim>34253</betrim>
      </chouanLooneryCosily>
      <culchSatireWurzel rondinoPingo="thriftyUnease" velariaInline="topazesFlossPosed4198">
        <fliestSaeumeBashkir>543425</fliestSaeumeBashkir>
      </culchSatireWurzel>
      <togas secohm="boggyPurgedInlaw" boikoShelvedArgle="383675" sculkMetifTuke="33680" fatherTeniaBedaub="comb">
        <pelotaKeyletShard>magrim142</pelotaKeyletShard>
      </togas>
      <shanti sabringChildesMotmot="gambled22" indigoPrizedVestee="noilerRevince">
        <hoarseSegnoDoozy>597</hoarseSegnoDoozy>
      </shanti>
      <hushel>
        <caufSignoiTranvia>arabia33</caufSignoiTranvia>
      </hushel>
      <enlardStomionFiscals>
        <outkingDevall>cannonCoeditMidgets5</outkingDevall>
      </enlardStomionFiscals>
      <nahuaGuiserAnorchi lintol="stylist">
        <sankhaMelds>399904</sankhaMelds>
      </nahuaGuiserAnorchi>
      <isoptic bialyCarylOpposal="rooster" suncupVinata="balmierSecundAphodus" citolerMibsFresne="cardiaeSpyHoner">
        <unmateNooky>893</unmateNooky>
      </isoptic>
      <kiutleFortuneChianti>
        <blocageDesmon>yoginisDirndlsGeneal</blocageDesmon>
      </kiutleFortuneChianti>
      <scapulaBitoreFaintly diaene="tellachTableUpsent10">
        <hurtTentletRechart>5673769</hurtTentletRechart>
      </scapulaBitoreFaintly>
    </ogrish>
    <sippers>
      <carambaArsons>blinkAuftakt</carambaArsons>
      <smoteAmusia sneeAcidy="becurseDuplexsRouthy6305" phenixOsmolalDeckie="dunno" tuareg="triarch" whilstMulches="6079">
        <epitaxyAppall>teasersSaudi</epitaxyAppall>
      </smoteAmusia>
      <miskyWithteeTirls>
        <nitidPremenFinity>mizpahGainly</nitidPremenFinity>
      </miskyWithteeTirls>
      <matroid>
        <sprayer>170241</sprayer>
      </matroid>
      <equidAlfaCarrom eyersHutzpah="knollsDotardyBurele" salaamsAmoraicArtie="2" duckyLantacaPinites="76892" noisilyGanjaTabel="annexalChromoRosbif">
        <daysideBisk>logoutWacksHotrod88</daysideBisk>
      </equidAlfaCarrom>
      <feasten tuyere="poxProwestBala">
        <shittimExtrasBlowse>deepestShapNeif6133</shittimExtrasBlowse>
      </feasten>
      <tushingManzasTineman facund="toatoa" spexAkerite="sabaeanEmbelic81" howishUjiHylidae="racketsButle">
        <occultGossipyCordery>bennesOmaha</occultGossipyCordery>
      </tushingManzasTineman>
      <antiwarUsurers foulageMawseedSylvins="brulesRascalsFootful" igniteBedur="morselSees9898">
        <phajus>outtire</phajus>
      </antiwarUsurers>
      <geggeryAirways homingTwelveQuill="frostCojones">
        <actionsLaurent>smeer</actionsLaurent>
      </geggeryAirways>
      <jounceOestrusMakara blitzVigoneForkers="thoghtAdrenal" sparseQto="calcium" konkani="lusherOutfledHir" blearyNeper="7679011">
        <zoniteHabnabViscose>beardy86</zoniteHabnabViscose>
      </jounceOestrusMakara>
      <gibBidding>
        <ascetta>krautEsculinLicitly</ascetta>
      </gibBidding>
      <lydditeHotelsRoshi distendEthylsHammier="limneryBtise" maestraDesiredApass="enhalos38" elegy="wimblesFeastly" drimysCaseate="nasion">
        <gaddedLoxodonBathes>pasiHumate</gaddedLoxodonBathes>
      </lydditeHotelsRoshi>
      <choirMarrot cerionDubbins="hotboxAspire" dated="theedom" tug="4904">
        <builtinWracked>troggerEocene</builtinWracked>
      </choirMarrot>
      <rootleRestfulWhyo shutoffCreasotOsmond="boldest">
        <reslot>centro</reslot>
      </rootleRestfulWhyo>
      <hamboneAnaboly folksy="gyp901" rhodingYeechSugary="459" quartsBecrawlCrumbly="ejidoSonghaiEngrams">
        <andhraPoweredLot>1115</andhraPoweredLot>
      </hamboneAnaboly>
      <toddledLopersKewpie unlacePortenoUncock="poster5408" manlierClannedDonnerd="peltate" automat="508016692" uncleAskewDimeric="cubersPielike184">
        <missal>abyssalWinnowBlarny</missal>
      </toddledLopersKewpie>
    </sippers>
    <thats alan="705829">
      <appdAbluted>sexual2</appdAbluted>
      <hoarse chalotTid="excave" byrls="yield" unreadyDammarTorero="nosegay">
        <preyEelback>wobblesFeudary</preyEelback>
      </hoarse>
      <tenaces>
        <devvel>systoleBirderPeptics3</devvel>
      </tenaces>
      <etyma reline="vitrauxOatear">
        <passSplints>sauraNapoohScenite</passSplints>
      </etyma>
      <porculaMistedTantawy rahdariUnweft="7" ornateTantric="kapoks5" ahypniaLevulin="4707518">
        <clapnetSensifyPendens>couterTriture</clapnetSensifyPendens>
      </porculaMistedTantawy>
      <leewanOliviaAmellus laquear="evillyMaggleColomb" ubangiCornix="gouaree">
        <torenia>awing</torenia>
      </leewanOliviaAmellus>
      <mainsPerdueHayer sloomExitus="tearedLucifee" appendsTribrac="tasty5">
        <glintedCretin>ceilingTaillieMool</glintedCretin>
      </mainsPerdueHayer>
      <wadlikeLeashBobbing topkick="icosianBummleDrizzle" brashyAnuses="deckenToozooShrimpy" thunderHeptadsAdornos="mood">
        <wishEncauma>apetalyFleyInsooth882</wishEncauma>
      </wadlikeLeashBobbing>
      <maoris silexes="bebayBerneseBoats" imamicTortor="leafLipaMani" tillage="curries" trippetBarratSwythe="339729">
        <tolleryAdradThicker>poulpe</tolleryAdradThicker>
      </maoris>
    </thats>
    <fillyBlowflyPercha>
      <vacatedUnhang>goddingJinsingRly1929</vacatedUnhang>
      <worthyLouisClaroes trance="aftosas" therian="xinca" ostealMixed="23700938">
        <pajamaUroceleWhigged>caridaSpyship</pajamaUroceleWhigged>
      </worthyLouisClaroes>
      <bigas leucite="monishScuffy" sowish="dankeScarabsSnaker">
        <rakeful>muttons</rakeful>
      </bigas>
      <durrinCasinetGraplin eudaLegacyCompd="vices" ponierMacupaDegener="bilosSubletGranza746" reemitsMestJokelet="stambaPenaea" propos="sappingPooling">
        <owerFittedSuimate>dickty</owerFittedSuimate>
      </durrinCasinetGraplin>
      <miskeep>
        <decadalKapokAceric>svelt74</decadalKapokAceric>
      </miskeep>
      <amyeliaPayers njaveOneill="sydneyDeistRaines" misticSoferMakari="peruleAppaume" poditesLisetteOrcas="fidosUrodeleSmutty" gumbos="ate">
        <matsuriDillierTercet>venyGluierMane</matsuriDillierTercet>
      </amyeliaPayers>
      <croatRefeedsBranned marranoTombaksAnansi="otomian" starful="3811166" mealilyTufa="1150012">
        <yamp>49369</yamp>
      </croatRefeedsBranned>
      <fuguistTufanSegos lekanaiPoppetsFellows="muletTangileAka" toheroa="dharani">
        <slicksVarella>6914</slicksVarella>
      </fuguistTufanSegos>
      <enclGramps andyAnanHardhat="63" whirlsOuttoilMeo="acquits" toader="doyley17">
        <kippage>2747</kippage>
      </enclGramps>
      <idealTerzioBeseam jokingMimpeiWoulfe="proveneIdoistTomolo" skeed="misbornMeaseHyoid" quinizeLitaiSexuous="philineGraianUnlowly921" aigletsJeerer="latinsSqueaks">
        <patrolsBowsie>11</patrolsBowsie>
      </idealTerzioBeseam>
      <simoolAnyoneFoliole hoggetSnavvle="1259513" mesallyForbare="2903461" eagletsAxites="codilla">
        <legally>thecia</legally>
      </simoolAnyoneFoliole>
      <maiaccaFreaksAnoine agroteGeotaxy="fucusedFuscousVaporer">
        <novity>mos</novity>
      </maiaccaFreaksAnoine>
      <foeman celotexAuntreJunking="94535099" tarpumBurmeseSiddurs="fretfulSipe" sonantEnjailDelta="uncoopFrutifyWammus">
        <joltBeneme>bankingSylphy</joltBeneme>
      </foeman>
      <karelaTushiesHookey bestrid="cadresPlewch" intombsFondon="scrimsCanfulsReflush" rumbas="aztecanPotent" befellRhesisComtian="39416">
        <grillsWarditeErlking>clamber</grillsWarditeErlking>
      </karelaTushiesHookey>
      <potbankMalagaRiposts buckram="florLatera" portalMerle="tagged" chaumerCusses="50">
        <bein>hoggs</bein>
      </potbankMalagaRiposts>
      <beadman aldide="tecominXenylGrumium61" niseisFanonsParring="renewalWashakiTabes">
        <tokesOvinae>13</tokesOvinae>
      </beadman>
      <clariniFacto>
        <perigonSissu>8</perigonSissu>
      </clariniFacto>
    </fillyBlowflyPercha>
    <numpTsadeVestal ohioans="gloversAnuloma" adjigerJunk="magesBubaleMedoc" whorlyBawdricMalambo="cookingPell" keefsFlorist="debadge" mammut="akimboNeonate">
      <starlet>armrestAcridyl88</starlet>
    </numpTsadeVestal>
    <iodized emaneAmusiveEntrant="40571531" procere="coffinSlowed" antarXerogelGourami="quelmeCrosserFletton" decussCondor="39460789" trikerYackedPannery="plushedFossorGuango" beteemHirst="fastiiaHabenar">
      <honied>undweltIdealy</honied>
      <homagedNiris taeniasClonksLaender="shaptanBipolar" unjudgeFlexity="thrust7222">
        <weightyParged>wadmels</weightyParged>
      </homagedNiris>
      <leucoidHangoutJackass wapitiOtherEnwomb="cystalPendn" bewidowZhmudSchrund="8009726">
        <orbic>isotacSleekedRivered</orbic>
      </leucoidHangoutJackass>
      <checkedCurse>
        <forhowSituate>nogadaAguilt</forhowSituate>
      </checkedCurse>
      <koulanGewgawyBudworm mucopus="volapukOutfeatNegundo">
        <mnem>edifiesSoogeeBadder</mnem>
      </koulanGewgawyBudworm>
      <vengingGeranin knurls="730362" hemic="buat412" goatpoxIronyZincid="oxalisEnsiledHappify" enweave="uvresMeward101">
        <unplant>28503</unplant>
      </vengingGeranin>
      <linga sculptsWidegabPlumbum="deblaiRung">
        <duoviriChatter>papish</duoviriChatter>
      </linga>
      <chew pisk="dumpGervao47">
        <forbare>malachiPicryPuky</forbare>
      </chew>
      <palmarWodgeRooved foliage="859" swiddenTenutiRemetal="serapis">
        <narcissTads>curfs</narcissTads>
      </palmarWodgeRooved>
    </iodized>
    <stridorCourtin mudlandRantedOhioan="7357" miriest="badgedFoxholePeyotls" lambadiOutwing="mongoZuluize" pander="cottoidStamperBewall" recuseWintle="ars7490">
      <oldenedSarlak>anibaMoseyedMonose</oldenedSarlak>
    </stridorCourtin>
    <amyrinKreis lauhalaEugonic="milageUnlord" rheicNemesia="continTheyll954">
      <fubbedXerogel>yuncan</fubbedXerogel>
    </amyrinKreis>
    <matchyHikedInane medeOutmate="styline6" chamiseCuorinAlkoxyl="refillGratton" beadrowUllucoPasear="6" chil="gagCecitySoucar" avows="tapitTonier" kendyrAboral="amparo" impen="karosWhar">
      <cajouPikeBogard>corser69</cajouPikeBogard>
    </matchyHikedInane>
    <faddyPurtyEmbowel>
      <chabuksTueLesiy>pimlico9</chabuksTueLesiy>
      <nifle anconeiNewsierBambusa="heeledRebraceOrdeal35" awinkWagwag="pigless456" hichuIsize="brulyieVivreSeaghan">
        <vocular>gnawedWormedAnakes9908</vocular>
      </nifle>
      <tereuCul>
        <adrenalAspreteCored>dozes</adrenalAspreteCored>
      </tereuCul>
      <busboysGutsTiffin beclapClangUngirt="1" moudyPneuma="esopusSignerPoonce7" daniosUnneedy="unitedCory">
        <karroos>studies10</karroos>
      </busboysGutsTiffin>
      <append>
        <holmium>friese</holmium>
      </append>
      <prowarCelloid>
        <arishAcinarTinaja>proreanSpattle</arishAcinarTinaja>
      </prowarCelloid>
      <undureOrbed createdGundyLubrify="alaiteFrackRiptide" virgilHiems="etypic5" iresineGruel="reduxWeddingPeatman">
        <sputa>rebrown</sputa>
      </undureOrbed>
      <sarkfulScryer>
        <rolltopEnteraStrepen>scrapie</rolltopEnteraStrepen>
      </sarkfulScryer>
      <fondu redeIrones="furiosaIdolism">
        <reframeWesSpninx>4161</reframeWesSpninx>
      </fondu>
      <purins siccarCroolCitric="cundum" yakman="3349729" sanjibAquilia="kvintGroutBarbery">
        <stickitUnupset>deja</stickitUnupset>
      </purins>
      <keto surgyAnanke="11" poditicAteeterTictocs="bushidoStipa" yankedLidos="pindersJunkingSodamid">
        <germonHellers>roastFieldenPipeage</germonHellers>
      </keto>
      <tectona repairsTangue="inwoodAgraria" jargonsBhistieMovers="corporeSpurdogCobra">
        <soursop>9070758</soursop>
      </tectona>
      <adiosDhooras bhikshuHeadcapUnfrees="ameersAbloomCiliate54">
        <evenerVerbalsCassias>inchestSolay</evenerVerbalsCassias>
      </adiosDhooras>
      <cumeneTiribaBiases cohow="righted" jugs="biscotSapajouAlmacen" meeklyFerv="tabicSergiusSnaps449">
        <debagBonbonsCunza>shticksTrisemeSavorer</debagBonbonsCunza>
      </cumeneTiribaBiases>
      <tammiesBurrowHayweed smithamNanger="pams" hiperUrgersTocher="rainy">
        <tribunaQuash>pushGoldang</tribunaQuash>
      </tammiesBurrowHayweed>
      <chutesJovaApodal crudest="tarauJamnutDitali2" patagiaCivie="armbandKolobus">
        <handfulParrels>chaitya</handfulParrels>
      </chutesJovaApodal>
      <bipedsAphodal>
        <exingCrenicNeighs>stupefyTiou</exingCrenicNeighs>
      </bipedsAphodal>
      <turvyDarii meneWallie="8">
        <slubs>8699937</slubs>
      </turvyDarii>
    </faddyPurtyEmbowel>
    <abhenryRussenePaip>
      <seimasCirlBufidin>23</seimasCirlBufidin>
      <egeriaAruacPacos>
        <vowelFloorer>cervoid</vowelFloorer>
      </egeriaAruacPacos>
      <unlush>
        <vinculo>laterTryoutGolem</vinculo>
      </unlush>
      <blowen>
        <corinne>pouceAsseMaed</corinne>
      </blowen>
      <ortrudChoffer reckingMadship="mydausBlendes" sheller="groundy53">
        <phragma>payorsBiaural4751</phragma>
      </ortrudChoffer>
      <pawkilyBinits>
        <renames>prossGyges45</renames>
      </pawkilyBinits>
      <drieghSellingRancho burrierDtenteHajjis="facula" chalky="raifDicebox1" louiseFakofoSponger="megboteCromerVison" tamedOutviedCokery="bridPiefort">
        <chuttie>exurbanBurnup</chuttie>
      </drieghSellingRancho>
      <pencils akeneCustIdlety="cowpatUpyokeAught" stridesPuppily="marshy97">
        <nosemaHeavyLamish>rimeCroze</nosemaHeavyLamish>
      </pencils>
      <combed chetrum="tittle">
        <slides>15</slides>
      </combed>
      <bigwigs idoseSalUtahite="giltcupNoseyRepick" subcool="dinedTallis">
        <crivetz>cawing</crivetz>
      </bigwigs>
      <alkennaBookish sunroof="578328" campman="lorenzoAbatonCancels">
        <profuseTeaey>replierMalleesRaises</profuseTeaey>
      </alkennaBookish>
      <commers cavatedMetwandGhebeta="636469">
        <varve>sulkedAsdic476</varve>
      </commers>
      <unsplitFugaraRewarms>
        <knowePoiluFakofo>78618</knowePoiluFakofo>
      </unsplitFugaraRewarms>
      <shebeenPehoClyde success="4125457" vaughnMolle="gonk" gerontAttacus="69202">
        <glagolTwayDiam>draymanBridalsGenders</glagolTwayDiam>
      </shebeenPehoClyde>
      <tetrane belaudsBronx="charismUptiltCleans64" septaInfanteDromoi="caudad">
        <fosset>palomaPalaisImpis</fosset>
      </tetrane>
      <polarly affretDrailed="pissingSchnellChais" ewers="annuentDyadic" cuisineHsien="unblestClarionTansel">
        <sickbayYblent>aroon</sickbayYblent>
      </polarly>
      <moujikDescNanmu>
        <rocolo>estivalMaestri</rocolo>
      </moujikDescNanmu>
      <areteHyphal mudlessDwindle="pulersMarchesStichel" macular="eyewort" bogyThiefNervii="783517">
        <quiz>tinglySnooledImpacts</quiz>
      </areteHyphal>
    </abhenryRussenePaip>
    <scrideKusamCollada caoine="curer" furcula="67" oxlip="5714">
      <vaguerJobeFilical>warworkAmoleEnvapor</vaguerJobeFilical>
    </scrideKusamCollada>
    <tatamisKreilHairs felonryPiques="pallia" squirkEmydePortage="grainReffoMasdeu" sutor="grubTripyStewart" diurnaBluets="shunnedFuses" embruesKirstyAevum="corgisFlaunch" thecla="subslotInputs" theoria="talleroSeptetConsy">
      <kiefSqualiRoupily>57745229</kiefSqualiRoupily>
    </tatamisKreilHairs>
    <bubber>
      <sagyKibitka>laveche</sagyKibitka>
    </bubber>
    <alypin imaum="iberiaMillage" bedcapGrafts="frises" gildsFallen="peisant" beechFluence="grands" broll="sancheThrutch" cornfedIsotony="poss">
      <dotiestStrownKaragan>ablowCoupedAerosat</dotiestStrownKaragan>
      <fedity sophora="4825410">
        <diggingHerpetSheld>acrisyEstival</diggingHerpetSheld>
      </fedity>
      <travesBauleahDaunii twinnerLierreBerlins="cannilyQuieti" mewls="cakierRoosa" hartsTheorbo="huck1">
        <wallsHakamimBasaree>tomb</wallsHakamimBasaree>
      </travesBauleahDaunii>
      <penticeCleanerBesses oxeoteEdgemanRanulas="jackedBruised8124" imanKafiri="isohumeProxysm">
        <accreteInbreak>freety</accreteInbreak>
      </penticeCleanerBesses>
      <ijoliteVersus stemaWisses="aquake" unbroadTiled="yiltBroths" stolonForgat="fumeuseAwaitStatute">
        <fewerLarks>mahoneDisher5</fewerLarks>
      </ijoliteVersus>
    </alypin>
    <setbolt heruliStainerCirsium="wadiesAplome" dissave="apneicNigrineVoicers">
      <abodyFerox>meatedReevoke</abodyFerox>
      <thunnus gonophsSarapesSeepage="2010">
        <urnfulPakchoi>recockCupsful7</urnfulPakchoi>
      </thunnus>
      <semiapeSinzer gratias="capeletArdrighAgaz" iridial="toyons" lithiYorkistHinger="1">
        <caffaPkgArchsin>retails</caffaPkgArchsin>
      </semiapeSinzer>
      <monthDansantCourap>
        <pokomoIrised>9168</pokomoIrised>
      </monthDansantCourap>
      <uriaCitoleBloomed serest="chuterMesonyx">
        <crowersTass>sapsAlbites</crowersTass>
      </uriaCitoleBloomed>
      <dashVendorMeridie insultsPteronDalasis="toop">
        <gozill>garniceAltairChiggak</gozill>
      </dashVendorMeridie>
      <quaggle tagelExomisDaffs="vesanicThunderTahar" sonoran="didlerRailingPuddock">
        <toxcatl>stoonMesial</toxcatl>
      </quaggle>
    </setbolt>
    <theoScufferBevel feazesPhooeySlimer="600054377" eludersAmended="4" kamasRemipedSclerae="686248975" gorgers="wedfee">
      <additur>clayierGolgiNeele</additur>
      <refunds ephyraGoxesApteral="josey">
        <thiefly>7933</thiefly>
      </refunds>
      <cogitRandom veristMisbode="hankiesAbolish" spriestCanautAthing="maneUnsnaps" churly="estrays">
        <snasteBasemenCliched>mentUnfit</snasteBasemenCliched>
      </cogitRandom>
    </theoScufferBevel>
    <impart penounLukan="703" lumineFavn="compert" farleuGittithCracker="poliesOdylistIhleite" algaradEmerods="otarian">
      <gromaKilnmanGuppies>skywardWhiskin</gromaKilnmanGuppies>
      <knittleTrivvetUmbilic kyeIberis="liest" umbles="pina4971">
        <sidneySonlessDragees>babishChanter</sidneySonlessDragees>
      </knittleTrivvetUmbilic>
      <goryJambon spellVacant="succubMatzas679" raffleInarmed="jalopyEsses" reborePolyp="tepas" nymphaeGear="flocciTentionArtel">
        <lunetsBusing>floeAtossaAse294</lunetsBusing>
      </goryJambon>
      <baptExpAbducts wizzenSlokenVivific="3535" disjune="kiddieMulierWailers" pennonLoach="774304">
        <ikeyHonedViveur>impaneFlaringHienz</ikeyHonedViveur>
      </baptExpAbducts>
      <antigenSackersReprune>
        <deggingAbcess>lacuneWincePtinid697</deggingAbcess>
      </antigenSackersReprune>
      <hieron shelvedFraktur="bad" pimpish="duellosUnder">
        <ribozaEssieCroc>57</ribozaEssieCroc>
      </hieron>
      <puntyTerriDodder ayletForDisrank="cynodon" munsterLeatmen="styeCobloaf" mayfly="frijaLases" isogamy="pirnie">
        <unhastyAcceder>24493</unhastyAcceder>
      </puntyTerriDodder>
      <coiled catsoRunwayMercies="padella9668" fairerImpaleMalayic="khattiExemptDibbed" formolHidableThighed="averredTenacyMazing">
        <chinook>47010252</chinook>
      </coiled>
      <vagalPuggi whsDruggyPrf="kunmiutOutnook1613">
        <triacidPhymaFisetin>baconsTassal</triacidPhymaFisetin>
      </vagalPuggi>
      <warrynSaddishPacks accurreAzureDenom="ensweep" efikBenjoinBoswell="244448887" foetusPausing="664744385" granaSweltyMolet="abbozzo">
        <perkier>floggedFinale9920</perkier>
      </warrynSaddishPacks>
      <bovoidUlnas haybandCrashes="haysGibsonsExcud" aminoDaeSled="temptDees5033">
        <violon>trigoneFortes</violon>
      </bovoidUlnas>
      <quoter juicingBeluga="jail" ohmageOecistCronie="repunch" ennuyeApina="3769767">
        <pinetumEfecksOsmatic>viandrySawbackNursle3</pinetumEfecksOsmatic>
      </quoter>
      <scurrilDimer undrape="oralPetkinsDeirdre" sajStereoGum="storesSciousAcana" isicleUpgoing="848">
        <lottoVerso>harking</lottoVerso>
      </scurrilDimer>
      <leydenDacitic ginnIsatins="jabulesBebaron" oreganoScanianWinze="defetEarheadEsculic">
        <cooedIniomeMartin>ibilaoElaeis</cooedIniomeMartin>
      </leydenDacitic>
      <loitersKedgerRie>
        <maharTowbarMicher>53697</maharTowbarMicher>
      </loitersKedgerRie>
      <hodfulHawokSemence duroc="balcheBoast">
        <loviers>mizzensPeytralMarah</loviers>
      </hodfulHawokSemence>
      <rugousHealersVocalic varve="fabesWelcome327" glumose="smarmy2" privacy="9" bonasus="coquitaPalsifyOctadic">
        <heronry>6</heronry>
      </rugousHealersVocalic>
      <bortsch reshodWelsomUngrow="655">
        <comiteTemaNoising>mealingSpaeBeloid</comiteTemaNoising>
      </bortsch>
      <mediiVilayetBeshrew>
        <discussGeisha>tebethScuddedEntomb</discussGeisha>
      </mediiVilayetBeshrew>
    </impart>
    <dawe chawl="milieuEli" vageDaukinBlatter="dimout" guttle="7221768" fliffus="debaser">
      <ramealOrcs>secondWounded</ramealOrcs>
    </dawe>
  </bentingClint>
  <cupulaeReportsFlecks myself="arrayed27" stunner="dudmanJaunts" hocked="fetas" />
  <yirred turgidPogiesWhore="langret" faggot="apprestPanade">
    <carabid malmsWhappedCedens="phonateHerile" kleptic="tricar" gautBaidarPurs="55" peeliteGnashed="sapleFreckenBarkan" oatyAmentaCaraboa="threesCrengle3">
      <manacleFaille>redwood</manacleFaille>
    </carabid>
    <med>
      <osages>savolaCravo6370</osages>
    </med>
    <poiseGurglyManners dartingPetro="cedrene" exsect="rhoda" putchen="465853725" embloom="kemps" talisBeloid="badgerDilos">
      <calmantTubesRhachi>censersWelts</calmantTubesRhachi>
    </poiseGurglyManners>
    <choraYamalkaWennish>
      <zantiotArbutePrinked>harpoonGashest3538</zantiotArbutePrinked>
    </choraYamalkaWennish>
    <tiaoOuf tugmanCalaberAnova="474670195">
      <pouch>emeraldGavialsSucces</pouch>
    </tiaoOuf>
    <leonora fresnelPercid="sowleCarapaFozier" bourgs="yerva" holidayBruisedRoseal="idleby" comediaGulaman="recodedGiggit" shame="gerresTactual">
      <epoxyed>swimsHightsArite</epoxyed>
    </leonora>
    <arborySaltilyLep>
      <itaNimbDeflate>lobalSchul90</itaNimbDeflate>
    </arborySaltilyLep>
    <iotizeZygote>
      <shader>luteo10</shader>
      <genialBorak ovalishJavelot="94993298" tungsNibsomeMecums="greedsBuranGagroot" spaysWary="crackyThiolCloes">
        <neurula>nawEngluts</neurula>
      </genialBorak>
      <somaloShowy gualacaCommon="5509" bassoChard="kamsinsVibexBandlet9" ulusFoyerTinge="hazesJustoAvives" satan="whekauPotsie7">
        <filthPlyEchinid>dingled</filthPlyEchinid>
      </somaloShowy>
      <voicedTownetReleve exoticVendaceFandom="5895" slotGryReborn="53044" anchaNablaAramids="stheniaFalusMousme" methodsRedsOutrap="33441">
        <bobblesPelicanPunlet>tananCheneau</bobblesPelicanPunlet>
      </voicedTownetReleve>
      <beclipCunza orlageFedityOlycook="33118" retimeMunt="7333" garnish="lopseedCatena96">
        <ingrowLiest>tabetWumman1664</ingrowLiest>
      </beclipCunza>
      <verminy locknutMacrliMallows="burrito" laighOrotund="rascetaSigurdLowered" otoGulfier="dupionNiogTiglon" maffleDoddingAnginas="2883242">
        <smutsAtame>rondeauDousedMahewu</smutsAtame>
      </verminy>
      <flakeRamsonPhora>
        <globeAinusSubbias>boxesMinuter98</globeAinusSubbias>
      </flakeRamsonPhora>
      <lari>
        <subatomJamesKalkvis>tips</subatomJamesKalkvis>
      </lari>
      <skegsGrufferSamish>
        <fundMooseyWraithy>4109954</fundMooseyWraithy>
      </skegsGrufferSamish>
      <macheteKerogenSoar>
        <mussal>vigaDish4</mussal>
      </macheteKerogenSoar>
      <acepots quop="2947">
        <yowled>eudaFliped92</yowled>
      </acepots>
      <favoursOxalateMoisty tignonTrub="clunkCaryota" uniterHalfly="taroDraggleWheam" mohock="brinishSubkingLitz4664" walapaiPassive="paseMaba">
        <patt>46</patt>
      </favoursOxalateMoisty>
      <gabbardOleoBelute nabs="req" amateur="jennetsSclent">
        <imbrue>patched</imbrue>
      </gabbardOleoBelute>
      <seppaSquamaeZonula>
        <apritif>6799</apritif>
      </seppaSquamaeZonula>
      <rotundoMickiesSaurel pommelsWitePectron="jurallyRaiserBotoyan" oohsGalluot="grassetFacks" croydonMyocyte="triacidValetrySmickly">
        <emceedJanuary>cogencyShader</emceedJanuary>
      </rotundoMickiesSaurel>
    </iotizeZygote>
    <steeledBirrSoapy>
      <axil>4883881</axil>
      <glebous creaghtAliquidCuddles="7">
        <pacateOologyNavety>48274613</pacateOologyNavety>
      </glebous>
      <godsent iminoShantisMahesh="tutorWivernsAshkey">
        <smalm>pinches</smalm>
      </godsent>
      <fringyAhsan>
        <puteleeExplode>organKhuPrinter</puteleeExplode>
      </fringyAhsan>
      <loutishJoannaAht reratedThereon="norna" marasClayen="kaftansAdpao" feuderWiggyTidiest="gasted" grisardHet="2">
        <trestleCarks>mbaya</trestleCarks>
      </loutishJoannaAht>
      <twas torvousPollingServal="cankery">
        <chauvinRelast>pressel</chauvinRelast>
      </twas>
      <sped gossansKoalaOrmer="feelersSolace">
        <zingara>cockledAryan</zingara>
      </sped>
      <istrian bhotiyaPumpedCreped="tweakyOoecia" kmetEagling="millileFishfulPeonize" skalds="porkinCotys" urbanaGien="figlike">
        <hopping>2030</hopping>
      </istrian>
      <acyloxy duffers="iradesCougher" smocked="lucombeDithion7">
        <dignify>erminee75</dignify>
      </acyloxy>
      <vedismPistols eatings="quisleGalapee11" arimasp="adultly" licetScrawl="infantsStaved">
        <bidsOctavoZeal>your</bidsOctavoZeal>
      </vedismPistols>
      <basketAttractWakiup outtore="campilyViators" compts="lomentaInpushSnocat56" wirosFaunish="gnetumsPaganicGossans39" belfastRamanasBrained="pinacol">
        <tuskierRisper>bronzerFidgeFeinted</tuskierRisper>
      </basketAttractWakiup>
      <dacoitsBlooms prepays="scuttaUpspear" assuageDronet="gravatSelleBilljim528">
        <planful>fistEvomit</planful>
      </dacoitsBlooms>
      <naigRoutersLosing unlyricDisbaseWeft="bedirtRevueUfer" haorisRoebuckMsg="925936" lumbangCesiums="jobbedAlainPulian" ataxiasGrisledEfflate="unhauntPhytylVainly58">
        <cuculeRosabel>sulphinBiface</cuculeRosabel>
      </naigRoutersLosing>
      <omnist dusks="mobcaps" messmenMatronCroupe="565777298" bemireWombier="sabringDiauliBillers8" hamadanKeach="abend">
        <corm>flanged</corm>
      </omnist>
      <rassled>
        <passelsGradingStold>blinterLotosReflow</passelsGradingStold>
      </rassled>
      <wintunPangiumWaxbush>
        <claikCongery>charge</claikCongery>
      </wintunPangiumWaxbush>
      <minorsSelionZodiacs ungloryMashes="misoWiyat" argoletMartes="deilsJoveNewcome" samfooSuraheeSeta="dyasDavochUsaunce">
        <guardsOjibwayChimera>bonnieTannase</guardsOjibwayChimera>
      </minorsSelionZodiacs>
      <matraceSaviorCrowd libersHobnobTanzine="goldenQuackle" culmy="65295" firstsEaselSanely="saprinResoakEmir">
        <juniorsNomadOssea>opensFashedRowley7</juniorsNomadOssea>
      </matraceSaviorCrowd>
      <twangedDingoes kandolMoist="surreyPadgeAkim45" prizerSaddest="bars" dasLevied="bathmanCessantSpawn">
        <ketonic>flowoff</ketonic>
      </twangedDingoes>
      <amenity gamboge="61923175">
        <haboobThowel>bluely6</haboobThowel>
      </amenity>
    </steeledBirrSoapy>
    <sild>
      <sundewHoaredRanted>tyrosylRedareFalsary</sundewHoaredRanted>
      <fullamSenecioTripped scybalaHefterFrenula="chorda8286" sixesGuglet="capitaKrypsis9308" quisbySiecleBrasils="haviorOversaw" bugwort="gigsmanTumblesWastier">
        <riveryCeromez>sasanScrimp</riveryCeromez>
      </fullamSenecioTripped>
      <seggromLimina pinkishMaffleEyewear="gestaltSovkhosDauner" bedside="payroll" ranAletris="serificRimmingFrijol" nativus="prissyOleic">
        <sloggerSoleusWirling>regionTorvidAeries</sloggerSoleusWirling>
      </seggromLimina>
      <mothersTalckedBaka deripiaScraily="cleaved" subtend="referMulct">
        <tribuneDatableGonzalo>79</tribuneDatableGonzalo>
      </mothersTalckedBaka>
      <culexSleekedRosario overeye="730648530" schleppHigdonSkance="tarries" ginglesHoopla="unheler" dewaterJollyDislock="hideousPalisfy">
        <druckenTorchonGypster>aucanDolf</druckenTorchonGypster>
      </culexSleekedRosario>
      <tronerPhylicHandles nandinsTarsi="purdahs8078" eloah="130338" cleeFovilla="uncitedLushly" phrynid="73">
        <bewidow>feazes</bewidow>
      </tronerPhylicHandles>
      <josipNotable chettik="bespoke" sermons="9" twintLeave="dime7164">
        <demesne>valine</demesne>
      </josipNotable>
      <badaxeCoppasLagoons fidele="clannedErodes20" biologyDronersAnlaut="hatersZariba3621" fetedAmatol="soutageLoonTornesi" carpsDino="tckCinchesRachel">
        <valve>lasVaulterFarcies189</valve>
      </badaxeCoppasLagoons>
      <orbital dulcoseCossKauri="pyxidesRoak" curieHeiress="squushyCementaKundry" whelpsCabbySconce="hordeinArtlyBarrage" drownSoaping="45369">
        <forwarnJuneauCanna>beflap</forwarnJuneauCanna>
      </orbital>
      <alasTelexes>
        <ryotwarCoaid>8755</ryotwarCoaid>
      </alasTelexes>
      <mphpsSyndocDragbar>
        <steamerWethers>tama2</steamerWethers>
      </mphpsSyndocDragbar>
      <moonman munshiAirdropSlich="mitiest" apogeicKnarkInkwood="51311" octroyToxamin="nitonsModuloSticta3591">
        <gammasRemoterBedamn>34672</gammasRemoterBedamn>
      </moonman>
      <palmitoAroliaNeil annexalFremdEstive="abbyNairaToadlet" ramschHoppledCredit="costataConstrOcypete">
        <damozelIsraeliSeal>pidgins</damozelIsraeliSeal>
      </palmitoAroliaNeil>
      <rodentSoupingGaby>
        <wallahsMidnoon>1193286</wallahsMidnoon>
      </rodentSoupingGaby>
      <montu nettionGypsyry="locatorBarihWinner" nobatchTasted="comadeCaroliGounau" tektosiHenryBarcoo="magismJericho6240">
        <napronUrsula>asculae</napronUrsula>
      </montu>
      <kurgansUnmodelConches yeravaUgtPleader="biosisLumpenCalifs3" grasped="81140412" infusesBegunk="rheas" tweegEnuring="815151">
        <sluffPesoMignons>fewnesDizzies</sluffPesoMignons>
      </kurgansUnmodelConches>
      <impoundBelikeHardier anglos="9" saccusSaline="vacuitAgrope" mopoke="folks">
        <defiedBouchee>anotiaQuiapo</defiedBouchee>
      </impoundBelikeHardier>
      <bodonidDubbin wainfulProvoke="proa" garudaZabermaArray="362990" kinds="libbraGiving" jupati="katydidGerahIsatin">
        <patriotOometer>bedreadNoumena</patriotOometer>
      </bodonidDubbin>
      <lerotBouquetBedgery>
        <civitasTicchen>laevoGrecize</civitasTicchen>
      </lerotBouquetBedgery>
      <pouffesYamatoMegilps swarmsBodedForepad="depurePlattedSpurred" miswordClaspt="nuraghePaths" dargerAcquentMythol="paupersSizars">
        <uncles>114</uncles>
      </pouffesYamatoMegilps>
    </sild>
    <zedsToyotaUpgazes>
      <unslit>alticaMatrahIcon</unslit>
      <gabletArrearsSwayful kraft="unsharp" ablatesBonsPonos="71" logship="acceder">
        <yackedMandapaErrata>belaBeadSnaths600</yackedMandapaErrata>
      </gabletArrearsSwayful>
      <mirklyJangly>
        <toteryArteryScapes>retains6</toteryArteryScapes>
      </mirklyJangly>
      <crura nurserForced="vickUraemia" aufgabeButtockItaliot="sowbackOrificeIces">
        <unsworeElohism>minimisKilpMercies</unsworeElohism>
      </crura>
      <revivorPrest blupThawing="adownCastra">
        <rugCropman>kaharGulchGhebeta</rugCropman>
      </revivorPrest>
      <stenogKnappedVoyaged brevitFeuingJarble="freefd17" ouvrage="scythLentous303" zumaticDepotsTinily="peagCalkinDhamma">
        <chimarOozooidHexing>squaccoTentorCangan</chimarOozooidHexing>
      </stenogKnappedVoyaged>
      <hippia buildupLadkin="214826">
        <formJoonKipping>pasch</formJoonKipping>
      </hippia>
      <pyreninKartConidia>
        <quire>iceboxSubwayNothal</quire>
      </pyreninKartConidia>
      <cargued ettarreOrnithThurt="mirksFuglingEnsigns" gallicGrippesDisamis="5423" outrageFewmandJoinder="dioecia9" adnexalRebaledAblins="rebbePernor">
        <tombackAeolidMustee>375940512</tombackAeolidMustee>
      </cargued>
      <mudding deified="yaxche">
        <pertishSickbay>naghtUnhid</pertishSickbay>
      </mudding>
      <lobeliaTabret goodmenLiquorsCrawls="hoorahsAntiman">
        <dadu>skelvy</dadu>
      </lobeliaTabret>
      <draggedAdmixImpugns xintNiobous="24597">
        <tsubaUmbrae>failingBarytas58</tsubaUmbrae>
      </draggedAdmixImpugns>
      <sakkos gurletYatterCibol="sadisms" arrish="ripalDtenteLarinae" delugeAcetoseSpatula="crazily" reddsUnbegun="pholasGuidonMutable">
        <muskMaraeStrike>dreadMoola</muskMaraeStrike>
      </sakkos>
      <imparlCaracal benjyDealsEndome="daidleVolvate" brookGulpyNitro="tilikumYoghThallus" hadrom="cannatIdaliaGeom">
        <cotter>flusher</cotter>
      </imparlCaracal>
      <pelonTrogonQuavery stroutBlowthJeerers="splashShaslik">
        <coppaTavastNat>slipmanGlaveSculk</coppaTavastNat>
      </pelonTrogonQuavery>
      <windigoCurship samarasRegt="insculp" deleter="slooshBunking" polyadIzafat="kytoonDevalTimes">
        <valvesHolists>goopFictiveArdea947</valvesHolists>
      </windigoCurship>
      <unstuck creantBerm="vss" ryalUneaths="clinicsLambie" ribPikyJarl="shareef16" towzieErrsynTricky="chelura">
        <grigrisMeu>187929</grigrisMeu>
      </unstuck>
      <youponsBegonia wordageMetepa="nighterSpeedupFaciend" naegateHabWhile="tameinsTorn">
        <myelinsRethankEyn>chargeSpermsPoinder424</myelinsRethankEyn>
      </youponsBegonia>
      <gheeCarderDualize etrogs="dasypodShoemanAbasic8720" snailedViewyDogmen="wac" musicryDrupa="7328970" regnum="mahuangEstrumCoconut">
        <vainestDatsw>khlysti</vainestDatsw>
      </gheeCarderDualize>
      <unsoggy chungaLunts="oddsidePitris" sadite="carport" garuda="rhabdus" jacateBlazingSparch="72506295">
        <tattersXystoi>110959433</tattersXystoi>
      </unsoggy>
    </zedsToyotaUpgazes>
  </yirred>
</amesiteDikeNonskid>