<?xml version="1.0"?>
<thoughTaleful>
  <maumetsJavan phebeAbjunct="manqueSich3862" parted="mackins" sharpyBeento="rereeveTareq48" uptrend="fanal">
    <diotaHarmost>
      <seymour>unroomyAxilsBifteck</seymour>
      <amdahlBasto triedlyWholismOuverte="barotseOttaveLoves8">
        <iveRutWoader>overfixRampire</iveRutWoader>
      </amdahlBasto>
      <muffUnclear signumMirth="685" carperBonducsWrigley="laudismNuraghi" corneumNonlive="touart" virgasDickeysSkulked="captateCenizoBombard">
        <chumpHalkePellets>argylls</chumpHalkePellets>
      </muffUnclear>
      <patricoGumwoodWitham shunterLutetia="forgieBlabbed" falbalaOxydaseJinriki="iapygesResales9">
        <razzedDomineGoxes>pottageMother</razzedDomineGoxes>
      </patricoGumwoodWitham>
      <fulvousFabular koumysBreiOverweb="miaouCoopingLoxodon">
        <alawiNascapiTrehala>femininOncome</alawiNascapiTrehala>
      </fulvousFabular>
      <fluBeantSarlyk>
        <palingBirthyCedi>fanningRehangAbiders1871</palingBirthyCedi>
      </fluBeantSarlyk>
      <parte>
        <prizing>plage700</prizing>
      </parte>
      <urnaBattute klongsAimersUngone="tagassuMedliedCalcic" voiderYowling="4535474" pianeta="eucalyn" copple="splodge5474">
        <reredos>408473</reredos>
      </urnaBattute>
      <doorwayNainsel woodhen="curranHumeri" enduesEcadEugenia="xylaPlusher" obvertsNoterse="geolCyclosPummice">
        <clart>plurelSpanner</clart>
      </doorwayNainsel>
      <jaghirRerunsOared darbs="citralsMurlyMico" bultNodose="lavedAneroidSimulty" livianSagySonores="surplusDarnCuries42">
        <joysBimorphTouses>rowedLastyMahuang</joysBimorphTouses>
      </jaghirRerunsOared>
      <randieLateensPellage kintry="grunthSkenScalena" lazier="349382516">
        <aeonialSeckPlink>haggeisSwoony</aeonialSeckPlink>
      </randieLateensPellage>
      <couleesKittledMolest malvalDunneEuchre="miminaeRooker" upliftsPunchMoran="vvllBigburyNudely" greedsShooing="slaNitriry">
        <hyraxesBowlers>gradinsStalder</hyraxesBowlers>
      </couleesKittledMolest>
      <strewn poseuse="darylDoggleRabboni" fifeSwashed="casheen">
        <empeine>cosmosRegencySagum</empeine>
      </strewn>
      <yaquina foreuseBukh="446193150" miscookGolfs="3" sabinoDinmont="crechesUmbone27">
        <smatter>345463611</smatter>
      </yaquina>
    </diotaHarmost>
    <nauseasStipelsNousel grenada="cloggy85" spacesKeas="pavises" gingiliChimneyMordent="774205507" humoursLubra="hystrixBummersSloken" taqlidOwn="cadusPrecaryMeanie" bablohFalse="2729096" calistaEcteronPygofer="immuredBalderMurexes">
      <sapping>kedgesSiccate</sapping>
    </nauseasStipelsNousel>
    <waubleLudibryNasions>
      <oink>rerivet</oink>
    </waubleLudibryNasions>
    <arrideDiasyrm rhymers="airmassVina" buffleTussle="sourishUparnaLongbow5381" claspSchoneVance="cozener" unpanelComiqueMaltese="madhab47" riveGavallAeonian="3">
      <weri>tabira</weri>
      <greenRagged rokeeLogwaysNdoderm="caldera">
        <touartBunched>toilersMunjeet</touartBunched>
      </greenRagged>
      <cuculla whoneCumbreSwinery="matt4" aurumsIssuesSlapdab="upshearBefogsNauseum" biosisVisored="repicOracheSewed" forgoneIdem="squallyIdisticWeeda">
        <apioidSequa>metalawLeelang</apioidSequa>
      </cuculla>
      <tamineJumba acateSugamo="93395001" limited="therian">
        <dingierGabbled>6405</dingierGabbled>
      </tamineJumba>
      <tousleJaggeryMarrowy manfred="drumble5789" soaper="fluteDjebels" unbornePindal="fahamOrioles">
        <outpollMournerDewy>chumar</outpollMournerDewy>
      </tousleJaggeryMarrowy>
      <armerDelfts>
        <aetDhavaUnnovel>camerae</aetDhavaUnnovel>
      </armerDelfts>
      <hoickLenaea outfortCaitiffAdnexed="squeelBoomkin" putridClasher="moier" barbre="expirerCorrieUnnest">
        <queersGuachoUndue>spathaImpale</queersGuachoUndue>
      </hoickLenaea>
      <gadidae loukPksPotlike="kotyleGaffes" twazzy="5105109" entrFeceris="jadding9">
        <outdidNohexIracund>attourZoogeny</outdidNohexIracund>
      </gadidae>
      <kenyans allooDeductPoi="suttaOreadTahua714">
        <hellersAnlaute>squelchWakamba</hellersAnlaute>
      </kenyans>
      <justlerAdcraftCogons mucaroCesuraeVetust="312">
        <deltaic>locularAmblersAseity</deltaic>
      </justlerAdcraftCogons>
      <gliffyFarceur>
        <durio>ladlers</durio>
      </gliffyFarceur>
      <bakerly connuWhiny="wiremanUnism" corupayCaller="dyeable" slots="inshoeCneorum" dhauri="52619">
        <simblum>discindHornistSlow</simblum>
      </bakerly>
    </arrideDiasyrm>
    <clemTagragsBorith>
      <turvy>63326114</turvy>
    </clemTagragsBorith>
    <cacaxteSonarsOdor smogApatelaPannier="idrylPudda91">
      <snivy>daud</snivy>
      <thumbedSubgens rickleSlubber="kobuHoarserYaoort17" spreadsTartare="versifyRhexis" regalio="layoutLytic">
        <odelSigmateWhaler>3536</odelSigmateWhaler>
      </thumbedSubgens>
      <allanMimir rorippaSoutaneWuther="sizzlesIsegrim" resteal="tenonerTokaysMonotic" tripodBulrushDihely="saithBillionPieta" lampflyTalcerCrewels="tigrishLimeadeUncross">
        <abeliteYapocks>autocarKempleRutty6</abeliteYapocks>
      </allanMimir>
      <triurid>
        <tucketsPolygon>lutealCaph</tucketsPolygon>
      </triurid>
      <mislit>
        <slabbedUngloryScaup>slopyCodeinaPummel</slabbedUngloryScaup>
      </mislit>
      <intrusoClapFgn abregeCausataGneissy="cauterJareed" adzerFrotherDassent="joveAchromaInarms" chemics="foresinFrauBrahmas" oferReagan="210">
        <cambuca>detur</cambuca>
      </intrusoClapFgn>
      <inchaseSchola halkahs="87542">
        <agsam>9749258</agsam>
      </inchaseSchola>
      <flavinCunning dolcanTzetse="plaits" impalesSnivelAide="mahseerMudderResever" bustles="ediblesSaimPanmug845">
        <inneCationLeetmen>subornHulu</inneCationLeetmen>
      </flavinCunning>
      <wizenSandy changer="cortezHookahs74" deliceCyclismSinae="stogaLeangleBhaktas" naegaitSematicGlochid="tielessSkiwies" triableBusk="825">
        <gaboonCoatSprong>3023</gaboonCoatSprong>
      </wizenSandy>
      <umbersMascon socialBoskageTucking="annoyedDiptych">
        <colliesNatterCaufle>roedSkeps</colliesNatterCaufle>
      </umbersMascon>
      <sinlessSmidgin>
        <edifier>asseourAddiceCamelus</edifier>
      </sinlessSmidgin>
      <moluccaMendiNhan kinoos="wersteGuyerArseno" fellenNoncomsPeziza="minyasGrecoue" oxideHalibiu="addlingBigramUntooth" todsUnsolar="anapsid">
        <pouletSlod>minetteJirbleUnhardy8</pouletSlod>
      </moluccaMendiNhan>
      <savoury prosilyTeleiaCabiri="howker" ferdwit="warrtySortsWrister" dermasStempelValency="47832592">
        <unvoidElamp>mitoticTeresa</unvoidElamp>
      </savoury>
      <eathlySomaticTeapot webeyeDawkinAvenida="musangAldimin">
        <tardleZesty>613817</tardleZesty>
      </eathlySomaticTeapot>
      <nain deonticTacca="xerafin">
        <lobfigKeliaUnwig>gallonsRekillViolon89</lobfigKeliaUnwig>
      </nain>
      <shaiCsects harmins="wodeSenaah">
        <staynilStekan>beleperDowfart</staynilStekan>
      </shaiCsects>
    </cacaxteSonarsOdor>
    <blahLogrollIranist>
      <widgetTapeman>phobyHejirasDenying1</widgetTapeman>
    </blahLogrollIranist>
    <stambaKimnelDirtily numacLiv="ragusyeGangsa" milderOxesFixer="embelicEndgateSquint" loe="metsCeladonSepiola60" mucaro="navetteLeewillVermil217" caviarYarmMudders="obtestMineralFabella5" pupate="saningFerrierJade7">
      <outlaid>amentia</outlaid>
    </stambaKimnelDirtily>
    <mazes jerkierKerel="90" aixTinner="minibus" uniting="elutionFaxesDeceive" caffle="morrisAlswith" syllabePrecipe="stumpy">
      <yeaned>macaronSkip</yeaned>
      <kasherEncurl heweTiffedMegerg="yummierMiaowed" wotPolesWets="77564389">
        <jms>diiodid</jms>
      </kasherEncurl>
      <roachEnwinds gluesGlires="plinks" lurerDefendsEarthen="16">
        <taupouMultum>aplasia1671</taupouMultum>
      </roachEnwinds>
      <palour>
        <zosteraKhajaNeffy>marblerVoceHouses10</zosteraKhajaNeffy>
      </palour>
      <dustblu miching="yoghurtUndaubKookri" whigTaglockDial="3183" gammer="spiting" bathalaRemaps="kahaVisaing198">
        <colomboValidlyGurges>scraber</colomboValidlyGurges>
      </dustblu>
      <psovieBouffes snare="vampeyTopmost784" upwentChloryl="amigaBescurfLatents" muntingGemots="36">
        <allot>auralGrooms</allot>
      </psovieBouffes>
      <unmerrySloesSwarths pasmoTrapeze="hashingGradateDioptra" powdersStacc="883678" exeatTerzina="pummelRopable">
        <nocuousMyrciaCuttler>drapersCondoms</nocuousMyrciaCuttler>
      </unmerrySloesSwarths>
      <purushaAmtrak injoinSavin="peer" amidinsAidman="nabbingImmixesForm3" ditchedMuangEdwards="biome">
        <primmerStartly>wharve</primmerStartly>
      </purushaAmtrak>
      <jesuate redfinEnstamp="67842" zaffresKolis="pucheraTaxyHandjar" canezouAspect="relictiUnness" cronianAmendsSnowier="scampi">
        <steekedLiefer>zilpahImpedor</steekedLiefer>
      </jesuate>
      <meatmanMeetly tribaseUpsteamSpete="griefsFaweArbour" vinterMolifyHecuba="ratchet" binghi="delayer">
        <concedeRatbiteMidleg>neeseKufic</concedeRatbiteMidleg>
      </meatmanMeetly>
      <gomavel>
        <brander>ensient</brander>
      </gomavel>
      <vyrnwyFixture gunks="mirdahaSyrPraxis" pontage="skunAdore" validlySceptryLaddock="diting">
        <maskedHiroOutas>steamVaried2</maskedHiroOutas>
      </vyrnwyFixture>
      <carabusNablaCrash>
        <arikaraDetacheAgasp>bringalCafizBypath</arikaraDetacheAgasp>
      </carabusNablaCrash>
      <slavifyShilhaBlurred parrotGeodic="grizel1" popeyeGigoloResign="27060019">
        <longrun>313570876</longrun>
      </slavifyShilhaBlurred>
      <hosels pence="rutsRosed" tambacsAglaia="retierTuttiesMeowing" educed="41">
        <unspeedMoileyPalpal>delawn</unspeedMoileyPalpal>
      </hosels>
      <chidesKeelie parulis="zinzarIndra">
        <cashingDansk>glair</cashingDansk>
      </chidesKeelie>
      <segarJogging totaledKoryakRude="sheerlyBontok" evasion="finnacSkeoughMulls" tardilyAmyrisFulgora="soldanSeattlePaleog" gobioBescornOlent="messans">
        <dirkedDhurrie>vance</dirkedDhurrie>
      </segarJogging>
    </mazes>
    <azo haughtWhiffsRhodora="moabiteTenour">
      <bejelFelinesTercel>exurbs</bejelFelinesTercel>
    </azo>
  </maumetsJavan>
  <hunchAstarte donnard="kyathosUnidleTireder" unparedDublin="steelen" fissuryWormed="64306071" boonkStrage="needing">
    <bezilsCongeed>
      <wrackerWonned>mulierDimesGawked</wrackerWonned>
      <criers nonterm="depositAverish">
        <figwortJimperTanguin>hashedBedsitPianos2246</figwortJimperTanguin>
      </criers>
      <frazedTaraf trimerMincedPanamas="9569" ochreaeShambuRigling="tapemen639" sickishLwlGrittie="slokedRefuter">
        <thisnWaxworm>moonjahCrampStages</thisnWaxworm>
      </frazedTaraf>
      <popcorn guebucuVoder="540">
        <glaredJubhahOvals>stovenHols</glaredJubhahOvals>
      </popcorn>
      <schickSwahili allylsSishDukely="eyelastEnergyBehowls" serialsEelfish="149945129" yethTroke="idlersRondo">
        <amoebicIdleby>920776023</amoebicIdleby>
      </schickSwahili>
      <jacalesRains jacalesMelders="seawardPanade" pinkeys="seedbox" spirlieAureusIngoing="efph">
        <intrans>beanoJiffyOkta</intrans>
      </jacalesRains>
      <stunterTwaNeep wandsMalinke="63" tdrForlet="featureMuscoid">
        <jonque>leahFumaric</jonque>
      </stunterTwaNeep>
      <knivey>
        <belugas>telexes</belugas>
      </knivey>
      <swiggedUntomb afernan="whattenInfirmsMicah">
        <gange>715</gange>
      </swiggedUntomb>
      <tieredCurtesy costing="marriesFellageTitter17">
        <softnerVelaMismeet>422183102</softnerVelaMismeet>
      </tieredCurtesy>
      <didricNitrilTranfd scoliidCoaliteHirsled="rebarSnugifySwazi5" poggeFuchiCurdoo="foreuse61" hanses="smirks">
        <sigmund>dtenteQuamashWarmest</sigmund>
      </didricNitrilTranfd>
      <exhumeFurious baueraFleyingJurels="biasLeydenTaffy" cussosTinsman="9484" crisesGodwardStaters="guidesHowledPungy50" romykoParlOllock="2721">
        <tankedBoobookFlying>ailsyte</tankedBoobookFlying>
      </exhumeFurious>
      <kyrieNewnessSei rentierComptly="32" berline="tubular3475" koswiteHealersSebific="chipletCotlandTittle">
        <moviesTrampot>russetyFakiAskant</moviesTrampot>
      </kyrieNewnessSei>
    </bezilsCongeed>
    <haratin carianCampe="yentes759" packman="5653" kakiPonto="malurus" fleakHostal="debitumFopped" ungirdsGeminiOdiums="nogalLoukReboil" entasiaJefeGelong="evite7">
      <niaisAmusing>agadaEntry</niaisAmusing>
      <blusherChurnTotum lardyAlgineKetting="jostlesUnplace" paletzBowk="20687">
        <coulure>9</coulure>
      </blusherChurnTotum>
      <washedSepiostPegman>
        <gadoid>overpayEpigoniAye83</gadoid>
      </washedSepiostPegman>
      <starnBewidowDucklet birlesTittles="3427" deserve="wrathedEnkiduUnduke" dontVedic="605135">
        <lousilySubjoinMengwe>galere</lousilySubjoinMengwe>
      </starnBewidowDucklet>
      <xintGouda roomieWindjam="963867">
        <cambuca>nareDeededGryllus</cambuca>
      </xintGouda>
    </haratin>
    <ayyubid cancersSkeeter="ushererAnymore8" dorkingRootier="913192" mosanTeaks="4735">
      <bawlsAbjunctGlossae>addoomForleseAnnuler</bawlsAbjunctGlossae>
      <equantSnurl hidlingSpines="quietsCyclic" paunchyToweryAffable="laniate610" acacianUramido="kolhozCornfed">
        <droh>59</droh>
      </equantSnurl>
      <jaburanAhaunchOusting salfernRefoundSpating="6" indoinTirret="8200">
        <castoryBardierEmote>acestesJugglerShilluk</castoryBardierEmote>
      </jaburanAhaunchOusting>
    </ayyubid>
    <keawe dingeyUnshodChappin="mirexesIrishryBessel" lairdsBysackiPodical="embrakeAccepts">
      <tactusLookum>mast46</tactusLookum>
    </keawe>
    <airplayInlayerJunkie>
      <scriveCareys>193358</scriveCareys>
    </airplayInlayerJunkie>
    <whoreGradualHeroic>
      <trs>hilloas</trs>
    </whoreGradualHeroic>
    <tuskyCrackle>
      <sum>190764</sum>
      <aero dhurraSchema="642" carney="ferretyBlasts" hontous="gulesKetipic" vapouryLordanAmueixa="hieland">
        <around>447</around>
      </aero>
      <pronota>
        <spanedAmtrak>barsomMico74</spanedAmtrak>
      </pronota>
      <olaxDarked asialiaDikeletJerries="pent" develsTeuchit="1">
        <scornVampsLatebra>70282</scornVampsLatebra>
      </olaxDarked>
      <uniola>
        <knez>tubbyWhishtsCorrump</knez>
      </uniola>
      <coloryBagmen ecphory="flidgeBaldest" premiseOldenedCrowder="eschelCarouse" cymbid="entallyChn" angelin="djinniHumist">
        <chevalNereids>tarter</chevalNereids>
      </coloryBagmen>
      <clericsChunamDaises>
        <mistbowDuskishKaska>2</mistbowDuskishKaska>
      </clericsChunamDaises>
    </tuskyCrackle>
    <pusscatBrodie plage="lathierPetate" nobblerScatty="edemicAcronal" rarefyZonules="refrainCestoid">
      <sterletWeldersBlatter>975</sterletWeldersBlatter>
    </pusscatBrodie>
    <ruggownPeacedSewan>
      <rathite>zoysias</rathite>
      <patriot keyageKabob="distent" abonne="efflateHunnianElshin" sibiric="lucreceUnsnarlBivane119" loxScalzPassado="muskieJokishTousle">
        <redrive>crinklyMoppedZingana</redrive>
      </patriot>
      <cordon crustLoamGoety="rousterTamulic">
        <organOutbade>91168388</organOutbade>
      </cordon>
      <unmightBraker myrrholMetisseCreel="darylPopjoyImping" debutEnlimn="drunksTeacherGodkin">
        <nerolis>gnawPatteAglow</nerolis>
      </unmightBraker>
      <bhimaTestons ludwigLeftestPikey="ghawazi">
        <klop>aglintArdeid5</klop>
      </bhimaTestons>
      <bechirp amorini="dullifyLanaDehwar">
        <wapperMogsGriever>marronSeqfchkCamias</wapperMogsGriever>
      </bechirp>
      <buffersHayerMobby elenchiPallu="598" googul="berry" videos="flareRogero" thurl="prys">
        <pigs>916607856</pigs>
      </buffersHayerMobby>
      <fazeGibbol dipodeWaganda="439289618" hampers="closersWeeping">
        <muckierNonoic>corved</muckierNonoic>
      </fazeGibbol>
      <icemen cassata="asuddenRemassRelater527" subbeau="gassyCulebra" bavinWatererLunas="asternWaddentSheets953">
        <gemmedCaban>30</gemmedCaban>
      </icemen>
      <platoonDolaTruster jeanie="daciticDignity" obbQuillerPhaedo="parents" unfunnyZander="397234367" scaldy="dolousCringeBalete5778">
        <lowsest>chendeButlingSemian</lowsest>
      </platoonDolaTruster>
      <resink kivuMachinaBenin="swivetAntigen">
        <outsoleAkazga>crampetUnflockMissish</outsoleAkazga>
      </resink>
      <papishHewghKhitan pinfishVenialNappa="pechtCentrad" unrove="989622170" betutorPulayaCotoros="outeateUmlaut" visierCarhops="clipsCumbly">
        <atacticCangy>foxieChutedDobbing</atacticCangy>
      </papishHewghKhitan>
      <minusesUnsnib vetoesBaieraKneel="civil" coannexSheenedFells="67211" bochur="acetaRifterCollat" genital="868256331">
        <augArgals>abuna</augArgals>
      </minusesUnsnib>
      <trisomeGrailMantles fstoreWilrone="escorts" prowestTrog="educiveWaftageSaughs88" sliver="gizmos" makopaMyosis="yillsZenaga">
        <cineolGlearySofia>larkerSieclesNasty66</cineolGlearySofia>
      </trisomeGrailMantles>
      <zymosesBoxhaul fennecs="anoureBustled" resewNiggra="notreSensaAttrist">
        <brandiDelubraKurt>inkpotsFraile</brandiDelubraKurt>
      </zymosesBoxhaul>
    </ruggownPeacedSewan>
    <gigsmen beslowIcinessSooner="13651272" lym="weenongUnguledTorchet" teuchHoodoo="3334363" pithsKoreciYangs="umps" pakehaThurleSynapse="formfulQuintadEmbers8443">
      <farcesTosses>gambledSiggerSutlery6474</farcesTosses>
    </gigsmen>
    <amtmanTankertReaward>
      <pudencyMantapaBiofog>caltropAwat</pudencyMantapaBiofog>
    </amtmanTankertReaward>
    <wienerCoosuc>
      <pinoVaadLippier>50</pinoVaadLippier>
    </wienerCoosuc>
    <girdlerIzzardsDilo>
      <huelessYarrows>dowmentBrantaTrended</huelessYarrows>
      <hapOffersFunje>
        <labourBuvetteMerls>waggingWickets</labourBuvetteMerls>
      </hapOffersFunje>
      <begob ghoomDorobo="festeMulsifyDrolls" wetUnswornDrapet="serine">
        <windwayPhizes>angulus</windwayPhizes>
      </begob>
      <grunziePenrack koscheiPudgier="lamiterEnsearPachons" mooktarFlashy="dears">
        <sectiveSineProper>houstyWipes328</sectiveSineProper>
      </grunziePenrack>
    </girdlerIzzardsDilo>
    <duncanCoypu>
      <torsileSpondyl>167</torsileSpondyl>
      <truckleFurrowsCircum destiny="aramids" aplaceAzox="toledo" quintoPupfish="1916918" ablest="cypress">
        <pranktOutplanFlorae>commyBemire</pranktOutplanFlorae>
      </truckleFurrowsCircum>
      <brannyOxbrake whorageNocuous="cocotte658">
        <became>stadiumBanduraAbatic</became>
      </brannyOxbrake>
      <virtus rinses="6109" unact="4" butenyl="49711" dossalsPapyral="candles">
        <brinjalSiuslawBoob>2485</brinjalSiuslawBoob>
      </virtus>
      <uncialsJokerZeroed dirtenWandyGlenoid="774">
        <grindsShines>754</grindsShines>
      </uncialsJokerZeroed>
      <selfistShearsSophic mirificPrecast="bonzes" scapesEndives="shah" besomerLumpenGoldest="sandhisWindowChaotic">
        <divorceAnarya>clovery</divorceAnarya>
      </selfistShearsSophic>
      <tartarCruetyPathed>
        <tarponReligBrisket>stradl4</tarponReligBrisket>
      </tartarCruetyPathed>
      <brocheLindies drossImpisUntold="envoysTarryInglut" treacle="nutriceEssieCogence" ottavaEmpress="thyMyzont80">
        <cushatsOutwishSphacel>curaghsBafaro390</cushatsOutwishSphacel>
      </brocheLindies>
      <retameCheetalVijao recipe="colinusMulletDazed" elemisEnjoins="salsifyHora" octodeXyrid="scappleSecrecy" caserneGadariaKisan="eggmentBooterPlacing">
        <axemenMikael>bifrontVanilleMahajun713</axemenMikael>
      </retameCheetalVijao>
      <nappersKiss ramismBowpots="maraged">
        <noctua>emceeRoshiSosie</noctua>
      </nappersKiss>
      <danaite>
        <bread>flowery</bread>
      </danaite>
      <quinetSmilesRunby calmly="canine" civisms="cadetLituateConand">
        <asepticSociateDices>5106591</asepticSociateDices>
      </quinetSmilesRunby>
    </duncanCoypu>
    <rakeHernial>
      <braxyEnleaf>butchaAcpt</braxyEnleaf>
    </rakeHernial>
    <rissoaQuintoSulfury gyric="homonym" satai="darnelDave" canaceeMumblerOpposal="knellGurk907" rubberVerdunYawned="enhappy" laminar="chiclesAss" embogueAnthrol="42103208">
      <awakensTask>5</awakensTask>
    </rissoaQuintoSulfury>
    <zoningPalank>
      <orphanMouserDogmeat>6223660</orphanMouserDogmeat>
      <tergum jobsOmnibus="337" gyral="ornoite3912">
        <same>entour</same>
      </tergum>
    </zoningPalank>
    <homey abiddenNudniks="pompeii" foemenInitisStane="connerRuelliaRamee40" carbonaDonatesFreshen="aisleMapuche">
      <rink>meio</rink>
      <dungingRaptor samlet="3673659" skopetsPardJipper="alloyDemerse33" emda="7" fogeysPuniestSciarid="cavusSores5397">
        <friskedPoddies>boorish</friskedPoddies>
      </dungingRaptor>
      <acryl phymata="mirak">
        <portail>12404</portail>
      </acryl>
      <calzone bonism="182639" intwine="leucylJaseys" thiazolCopulae="hatable" phtalic="skilletTrompesPhies122">
        <haafEclogue>6</haafEclogue>
      </calzone>
      <fenterDriftTigon trinkumKnees="casaPlaguerBotling7320" dungerJewed="reakSarinda">
        <eyassRemorasAnnulet>tuscanGnast</eyassRemorasAnnulet>
      </fenterDriftTigon>
      <gyppedTailge>
        <mintersRoto>cripesTangentStraw</mintersRoto>
      </gyppedTailge>
      <nevoSunback lanumPetum="haumAculei" corbleu="contune" readdsOoze="exodosOpting1">
        <pithosElec>longs</pithosElec>
      </nevoSunback>
      <indoorsSaugerUtile aussiesPoachedVoiding="shmoesHidableLeetman">
        <beepingSilurusBebang>lexicon4</beepingSilurusBebang>
      </indoorsSaugerUtile>
      <gurnet>
        <azuredAdmixIncuss>cultive25</azuredAdmixIncuss>
      </gurnet>
      <stean amend="wanglerSapwort" regiaScroo="roastedTretBailing" starnieTypobarNewar="emitsPrepBasson">
        <paillesFlcheMulct>52206</paillesFlcheMulct>
      </stean>
      <isogonReopenWobble cacodylChimley="incor" swamper="quelite">
        <wallowsRewrapsProle>aeronat</wallowsRewrapsProle>
      </isogonReopenWobble>
      <sterileNeafUnhangs relotPhugoid="9361">
        <intrait>kharwarAfifi</intrait>
      </sterileNeafUnhangs>
      <alemiteGledgeRatify futhorc="opiumsHavent" spryerAyenstPristav="enfonceSuldan" unalertNeckletAdagial="raisedShapesLipoids">
        <brattyCoagedGrum>balded</brattyCoagedGrum>
      </alemiteGledgeRatify>
    </homey>
  </hunchAstarte>
  <laeticDacesVesania mbundaIllumeMacies="99266137" plonked="ketenesOarweed" stigmeSmurBirths="yauping">
    <tragicRedskin>
      <oiliestEdhs>935601619</oiliestEdhs>
    </tragicRedskin>
    <chianAbater mudflowExurgeMarlin="hange" choffer="koumyss74" contrFinific="lemonySkiving" mummerBursaryBidens="workfulBirched641">
      <citrinMangeyBriefs>beadySenioryInciter</citrinMangeyBriefs>
    </chianAbater>
    <ovulesPeptizeAcates>
      <streakDumdumEngem>apium</streakDumdumEngem>
      <filletSegnos rengue="merligoEpigealPyrotic">
        <cudMerlins>854438302</cudMerlins>
      </filletSegnos>
      <cipherEiderBridale acture="fango" harvestFleamy="pixesActuoseCougar" contraUpsend="teukSurnapeBackout" messans="kronurSizar">
        <rupture>randori2</rupture>
      </cipherEiderBridale>
    </ovulesPeptizeAcates>
    <cabiriAssumedPaunche reblock="9342" probata="510049" meats="552333" soorkeeFretter="sevierEgglike">
      <encreelVigoneDhaura>yearnerInvoker</encreelVigoneDhaura>
    </cabiriAssumedPaunche>
    <nephronReload clecheVeinageGlunch="2375" miacisStanged="droll" unlivedUnwaresCuckoo="rattons" mezcalBackoffTalcing="spousesZonnarUptree" loggers="jackoDiodont">
      <peaveysHockey>ukeSunnier</peaveysHockey>
    </nephronReload>
    <prefer sharingGrenadoRadix="village" cursenImbrued="squashyMidward">
      <kissageAgrief>fluericDousersBrayer857</kissageAgrief>
    </prefer>
    <sangarSuranal>
      <janeRoadman>cuzcenoEvokeSimmon8</janeRoadman>
    </sangarSuranal>
    <romaicRavinedEthnic>
      <noesFairish>divotTiento</noesFairish>
    </romaicRavinedEthnic>
    <abodes edenize="88" stopenMessKumari="piffEmboli" preactsFemoral="firsts">
      <comites>72637112</comites>
      <dhanRecusalSite sloted="swoundLabel" deafestManbaMeridie="batelBeadeye" peruShawmAvenues="podder" tinemanBlurryAnova="kushshuDeedeed">
        <urningStample>lidosArborsVejoz</urningStample>
      </dhanRecusalSite>
      <ceratinHennishCapstan yogurtSephen="762">
        <dossmanFourgon>menthan38</dossmanFourgon>
      </ceratinHennishCapstan>
      <expelsJailed burp="acknowLumens" bepat="12905631" laponNickedHarpin="zestedRiantObjscan" algae="masselPerrySnarl910">
        <zollRabinLak>haulerTimber</zollRabinLak>
      </expelsJailed>
      <farrelTonify medicCudeighTucum="famefulKevelBluffs" hyleTopful="freaked">
        <sternly>collectSanpoil</sternly>
      </farrelTonify>
      <unhentLoudestCuds casquet="chalderCowan7187" rochetsCrazingFilius="alannahMidwardElk" airless="5409998" motorTov="mantoidPehTamise">
        <grailBasedGorals>curlilyRoadingSolaced</grailBasedGorals>
      </unhentLoudestCuds>
      <fluorylRasJobson tollmenTatouCadeau="87">
        <meatheMouthes>unfilmFranc</meatheMouthes>
      </fluorylRasJobson>
      <stowseWending uppluck="5" brocadeRewonApocha="toylike" anticFreezeHuipil="feign" floatedPiffles="43861703">
        <hemoidLygeum>cistaTilture</hemoidLygeum>
      </stowseWending>
      <birkVoiding louter="racePense" randem="fixingsInks">
        <kludgeJambartWinrow>rondlePatandDelist</kludgeJambartWinrow>
      </birkVoiding>
      <kapas blawn="dulias" nickerPuddler="709145752">
        <rousted>4858</rousted>
      </kapas>
      <ponePulmentMorceau droilAlkanal="9007778" aboma="drinks73">
        <byplays>251652</byplays>
      </ponePulmentMorceau>
      <cetylicCoulageDatch gazeful="bagieTouselSestiad" abscissFlagger="9888224" laang="rameMythol" scullerTuyereTunics="doolie">
        <demes>orexisStutter</demes>
      </cetylicCoulageDatch>
      <wreakedKrama>
        <roberdMises>glunchStraussOrphans</roberdMises>
      </wreakedKrama>
      <reflets gadinicCoolantOrfgild="sextaryTablet26">
        <excerpMooredBudges>leistenPrivilyKoala</excerpMooredBudges>
      </reflets>
      <zanoniaBendee myiasisLochan="4" nazePaular="waywort" narineGalumphConsumo="beatus560" senzaTebeth="oxidantGardens6">
        <looting>laceryHorsteSokemen9352</looting>
      </zanoniaBendee>
      <plainerIliau durdumHoldupsFibrin="coiledBollenBowered" breederInsitePackman="haiverTurnpinForayed796">
        <fusulae>rickedRealismGluiest</fusulae>
      </plainerIliau>
      <crustDeifiesAverse dozentOvereatRamies="tiradeWhiney" dries="latinusViolinaNagging" bezoarSackerSleight="tradersBegorahBlebby" khatBulletConnex="10353856">
        <nebiimHexaceRubeola>syringeGabbersSigrim</nebiimHexaceRubeola>
      </crustDeifiesAverse>
      <tenioVerminGowdnie>
        <shabby>arrisSistineScraw</shabby>
      </tenioVerminGowdnie>
      <alerterOverlax mooedDeworm="elasticRecant4935">
        <coulier>kamiya</coulier>
      </alerterOverlax>
      <shredBusyingMoundy asitiaEvacue="ryndsSecluse" wairchBielbyCarfuls="nookingAmsath">
        <ichor>codilleParging</ichor>
      </shredBusyingMoundy>
    </abodes>
    <waddyTigre>
      <ascentBrocade>towiesDae</ascentBrocade>
      <exurgeGade querelaLunasArmrack="coryciaAcediaCair" criantInisleDecayed="cimlineSenior" bochism="quorumsBollerErepsin">
        <flushy>turgorsSeatsDemiox1</flushy>
      </exurgeGade>
      <bassyExcised>
        <wireCade>hotrodsPaneBespurt235</wireCade>
      </bassyExcised>
      <coloryTherebyToledos wordyHarled="floruitGorgingBangled" seeings="775" cantons="wooshesJibstayNunning7">
        <aplasia>unpured</aplasia>
      </coloryTherebyToledos>
      <blandlyEssay oomiacMartes="157924" touzleCheatedRivel="westsAgameteMoorier2">
        <woodsiaPeenCnicin>ideatum</woodsiaPeenCnicin>
      </blandlyEssay>
      <woke>
        <sloshesKrapina>6453</sloshesKrapina>
      </woke>
      <ectopicHark quotumZonules="4" emgallaEcbolicHied="tanninsTurquetMazeful838" painingAlmud="kegTopcapDelilah">
        <bestianMurly>geeingEmbowedChive</bestianMurly>
      </ectopicHark>
      <pielike motionsTariffsCrankum="boagane">
        <repageFurzy>whinnyDewclawTabored</repageFurzy>
      </pielike>
      <clechyBrawny brochtScowlsSemipro="gadwallHearty" bitonalGabbros="chincheForkman" sandlot="clicky" tarieQtrVaudois="lepreNguyen">
        <kif>psycho</kif>
      </clechyBrawny>
      <sartorsSoapsRum scotizePawned="neapsDeeperAttacks19" stagyHolsterIdest="torfelClash" pangful="alhena">
        <woodooSussexFoster>4909</woodooSussexFoster>
      </sartorsSoapsRum>
      <orale lobingKebbie="khakisNahor" rattlyBantuBabus="oblatUpdated" wersteBigroot="mellowyUsward86" widegap="blackey">
        <pshawsPhage>2420016</pshawsPhage>
      </orale>
      <weerishDiceras>
        <weriClumper>388</weriClumper>
      </weerishDiceras>
      <piggeryRenoHuly namma="overeat51" warnsGeladas="gurryChorialBogfern">
        <respaceAnimiFlotas>3410</respaceAnimiFlotas>
      </piggeryRenoHuly>
      <ticunaOuthurl musal="26329987" bromianNudiped="stoundsDatable" starersHabenalBeni="pelotonChalkedJayhawk" withSloanea="licksFunds519">
        <dorper>mirs</dorper>
      </ticunaOuthurl>
      <fimbles>
        <logman>oolak</logman>
      </fimbles>
      <ungillDewrotBlarny>
        <furzedAghanee>upblastFicus</furzedAghanee>
      </ungillDewrotBlarny>
      <loonsDenis gledyImplingPlena="entadFizzled" tsubaLitersAlist="scuffyMogs" archfoeShiatsuAdorsed="dhourraSubnoteAribin">
        <cruelShaffleCaimito>duledgeMulettaWoods30</cruelShaffleCaimito>
      </loonsDenis>
    </waddyTigre>
    <fondakWombyTandava>
      <prairieSchwa>fretsawTairgeCounite</prairieSchwa>
    </fondakWombyTandava>
    <greboChunked>
      <tartagoSpiksUntrill>isochorMunCretify</tartagoSpiksUntrill>
    </greboChunked>
    <ione>
      <gunlineKina>7696</gunlineKina>
    </ione>
    <kidletSusianSoss deedboxCheaplyShewed="putlock" halloesValeriaAlgesis="midstManjakQuiles" combustTardilyUlidian="roleAerugo" ferterCornutoYaupon="pastry" dullity="9706" escrimeMoorsLockups="trillet" degageIssueCoplot="404360078">
      <sidney>morioriSnuffer</sidney>
      <agisms>
        <chymicsEgests>danioAneFecket</chymicsEgests>
      </agisms>
      <lithol sawdustUnsteps="sykeStuddlePteris" coignLautiteFlapper="94" wenchelGarotte="bunduBabes" geldantCodlinsTambacs="unravelTaiga">
        <ameed>dwarfedLightyInjures</ameed>
      </lithol>
      <mockage andriteRetack="yakutDreeEmirs88" rubes="weazen4132">
        <shnook>felter</shnook>
      </mockage>
      <gastric rewaxesUnpared="laioseNoduled">
        <danelawBread>349639</danelawBread>
      </gastric>
      <schuhe oswego="arboretRings" gloatsAug="dentesDaricTypic">
        <ratitesPianistEndleaf>7959</ratitesPianistEndleaf>
      </schuhe>
      <chelideJnanas>
        <suzuki>kueh71</suzuki>
      </chelideJnanas>
      <cadencyCalkingShog cymoid="dowdilyUnmaze" sycock="atekniaEireYolk" ansae="antacid">
        <kirn>jelske</kirn>
      </cadencyCalkingShog>
      <ephahCarlesBrocho peglike="coedColmars8" trets="63" tacking="earlikeUnhull7">
        <ratchetSamoans>wooshesReshoes</ratchetSamoans>
      </ephahCarlesBrocho>
      <bksTeemed proofyGriqua="mohos540">
        <toxemicSmarterBerret>246913685</toxemicSmarterBerret>
      </bksTeemed>
      <parrotsKurumba northerPhasemyDuroy="35816353" gledesBoutQuanta="chits">
        <tidingDatakitWeavers>705565</tidingDatakitWeavers>
      </parrotsKurumba>
      <quested sitterVext="9683740">
        <oakumUpspin>koph80</oakumUpspin>
      </quested>
      <miloPorella cheneyArchontCocking="urohyal" aulicLande="339729465" paizingAwhirl="doperJessedIntens" unroofsOutdureNeuk="charka">
        <nongreyReearns>anarchVinery</nongreyReearns>
      </miloPorella>
      <adventCurbingAlular spoiltEntune="anne">
        <mocmainSwapsFulvene>iiasaGasconsThrombi2572</mocmainSwapsFulvene>
      </adventCurbingAlular>
      <rierAzotedTay quellerClosedBleaty="sheetyMuhlyThring" caupo="sepic">
        <ardencyUvicUnlike>finewed145</ardencyUvicUnlike>
      </rierAzotedTay>
      <cattingMuga potcherCousin="1557" zophori="9461633" cledgeCayuse="pampeanConcha">
        <bowboyPanmanDevours>pavisor</bowboyPanmanDevours>
      </cattingMuga>
      <recurBeflagsSaltier>
        <snuglyWrongs>40591892</snuglyWrongs>
      </recurBeflagsSaltier>
    </kidletSusianSoss>
    <arlesScotino sippingCarateRemends="logosUnsexes" gingalsMoiseJadded="8782" dotty="wiverns">
      <coyishInurned>forcetOrbitalPalmito</coyishInurned>
    </arlesScotino>
    <hondaDillyLacrym moggyUnspeedPyxies="idlyFurringAstrion" mildewsWoolmanUndark="turtanTema" males="lavecheSalvingCharge183">
      <blotchyUnciaeUnegal>9149359</blotchyUnciaeUnegal>
      <bulkerTortesOmicron cileryModulet="beany">
        <kitSwipy>saferPostman</kitSwipy>
      </bulkerTortesOmicron>
      <brisketSpitkit>
        <engluts>serfdomNonagonTapioca</engluts>
      </brisketSpitkit>
      <cor choristEelfish="japes" dingeeLoxodon="ctimo35" quibbleZaramoUsaunce="venisonGraysbyMayfly" racismsFancify="44">
        <bickRedearsAmmo>twillArcate</bickRedearsAmmo>
      </cor>
      <colMargeryTravis dominus="silking27" wyvernsVariant="canned" rewoveTheasumArgons="seisins">
        <ganoidsMalines>washen</ganoidsMalines>
      </colMargeryTravis>
      <enamorsCoumaRequote beneficDatisca="buffets">
        <muggingSoarer>misship</muggingSoarer>
      </enamorsCoumaRequote>
      <beachyLipidsUnwifed bobwoodArrie="dishedDemigodHereby244" bialisPashed="ricottaOwlsOustee8" doegJobbers="flavour">
        <vapors>43725</vapors>
      </beachyLipidsUnwifed>
      <alfaqui bimotorNittierCoshing="plotsCarom">
        <conchy>ptaWide</conchy>
      </alfaqui>
      <locosQiviutEmerize>
        <clochanCarauna>messansKalekah439</clochanCarauna>
      </locosQiviutEmerize>
      <rozzersStipplySnood dautIzing="fangledUnlute" cicoreeCrypta="85843" tartaneOrisonsClimant="deworms55" apathicStampee="dullsYankeesMesely">
        <proode>xylyls</proode>
      </rozzersStipplySnood>
    </hondaDillyLacrym>
    <grassetCaulds>
      <asseMisactsTurkana>chingBroochYeuking</asseMisactsTurkana>
    </grassetCaulds>
  </laeticDacesVesania>
  <zemeToolsTipply hulsiteAlapaMinhag="upshotEluated80">
    <arophEncraty iodolUpdried="gigolosApachesAmorosa" roberGlucinaQuop="tahsilsBrickenBritish96" toledo="haikun" hechtCheap="coursesAusubosTeet" slumgumStamina="nidiotTummerUnhex" kophs="carcakeTowneesAlette" vamp="529926">
      <strayIao>94</strayIao>
    </arophEncraty>
    <ectopiaChandul>
      <stondSudateStake>boos</stondSudateStake>
    </ectopiaChandul>
    <cluppePrehaps>
      <cavidaeWoreAnimis>europa</cavidaeWoreAnimis>
    </cluppePrehaps>
    <bummers sardarRaffee="strymonBirdmenUmpteen" phage="endueCrotch" tikkun="blemishEjectedWaylaid">
      <gabbing>lakatan</gabbing>
    </bummers>
    <aliptaeTubber quinoasKirning="silicle">
      <meggy>sookyBeelol</meggy>
    </aliptaeTubber>
    <illuvia winer="crotaloLanais" cecaSudani="sarsarNodedZander">
      <bunchyPind>cardium</bunchyPind>
    </illuvia>
    <whollCyprus juliesMahonia="shalyGuran" moplaSinopic="wantersRadaOrkey" clericsBotanic="wichitaAmercer25" machar="247">
      <chuvashBraveSource>66655</chuvashBraveSource>
      <novellyNims pluchea="hawseReqTeatime" strainsUvreCanada="granger" hunnianKillock="secernsHcf" seaghanModifRavi="jebatPoppeanJawp">
        <succumbCleomePodgily>82979</succumbCleomePodgily>
      </novellyNims>
      <meatily dunderPoddingGassing="artfulBotony" eightAvisoBoulter="gaet" madame="prower" oracula="pimCavilsMalines">
        <skellat>unfrostEgretCoden4</skellat>
      </meatily>
      <pap fount="12461539" saiidMangos="72773">
        <mochicaLaurone>voivodeMakonde</mochicaLaurone>
      </pap>
      <shovalGoniacExist wedding="kulaksDisamisSnickey">
        <seisers>mundaneTonsor</seisers>
      </shovalGoniacExist>
      <bocageHowf dawted="prososYonkerPashing735" showup="niecesAdepsFilets">
        <nevada>palea34</nevada>
      </bocageHowf>
      <baygallSponsorHamble doughtWhilterDoline="hawkiesSexKidders">
        <coucalEvidentWherrit>onwardKitchenBoti10</coucalEvidentWherrit>
      </baygallSponsorHamble>
      <gutweedPlisse dreamyScazon="liquorDress43" abimeNyxisLacatan="outgaze">
        <frenne>plagula17</frenne>
      </gutweedPlisse>
      <anarchsMaytimeNants turbehPinball="asylumMaltose94">
        <plexure>baroquePhacops56</plexure>
      </anarchsMaytimeNants>
      <slutterButomus cormel="scopetSubsignSlabman77" godlily="provandWoolfDebased" snakingSubers="turn7" pardaosRemise="9557">
        <drier>72237749</drier>
      </slutterButomus>
      <kraaledOblast lykenShumac="headcap" polymerGouterGarroo="addulce" eigneGammonKero="slewsUmiackRix">
        <moa>deaveDeevey</moa>
      </kraaledOblast>
      <guillemPlayed refrontLochlinPigful="spicksBaizingLoafs" serment="biggetyElegitDefends" orrice="baubeeStengAbbot">
        <tarocs>matara</tarocs>
      </guillemPlayed>
      <cosineBassine tippeeAbove="twitCroatBelast">
        <samiriSnobby>pastedMuskatBarrer</samiriSnobby>
      </cosineBassine>
      <ligatedFinnickCompage laughyShroved="29227" elemisChateus="carrelsUntawed960" ventana="precisBustee">
        <thrinax>breakaxBatzMomuses</thrinax>
      </ligatedFinnickCompage>
      <guarFervent rousterZircon="kumissRumina">
        <seltKonseal>tinnockTureens77</seltKonseal>
      </guarFervent>
      <callaHimself ingluRekissImpairs="complinProtomaFrowsy" adinidaBechirp="5902" stoner="ungiven17">
        <dhalDisamisEntom>eaglingLuces</dhalDisamisEntom>
      </callaHimself>
      <sprod>
        <alengthAssoc>solanosTertiiBriards</alengthAssoc>
      </sprod>
      <pardineBodiesAskar stokes="jukedCandor">
        <beerSthene>dwaibleArharSheathy</beerSthene>
      </pardineBodiesAskar>
      <awaited barefit="aswithe" outfold="5435449" kazoo="molkaLisiere">
        <ephors>unsorryRealterUnresty</ephors>
      </awaited>
      <sworn unfiredIncagePsaltes="wombatsTilthsGaron" persicAboonWaffle="slackenInta589" mavisesXerosis="433735711" atropa="lovageGhainKinbot">
        <indictThongyDurity>eolianWavily9198</indictThongyDurity>
      </sworn>
    </whollCyprus>
    <nightly>
      <parotid>gummataGriots272</parotid>
    </nightly>
    <milfoil>
      <sapors>milorDolourPennon7</sapors>
    </milfoil>
    <wilkinLovableStopa troakCovens="maladyJeanie" humptyInfareBearlet="14" blameCrimean="89">
      <cauked>reclimb</cauked>
    </wilkinLovableStopa>
    <bromize>
      <zootypeGothishInscape>3352808</zootypeGothishInscape>
      <barbesCimaTalpify sampler="hindgut" dakotan="injunctBluntlyMapped">
        <epuloArylsPalla>dimmed</epuloArylsPalla>
      </barbesCimaTalpify>
      <chymes fieriRubies="zoosisDiner" krigiaGiglio="presser" composeIcemanBasts="mimicalGarbageDauber">
        <pretCeramalUpwall>210520</pretCeramalUpwall>
      </chymes>
      <deduit oilskin="jiggishHisserMiswire" philipTail="yukon" sciageCigar="madness">
        <scat>reavailCourche118</scat>
      </deduit>
      <stasis anreInmate="corneasBronzer">
        <endfileCotypes>amaga</endfileCotypes>
      </stasis>
      <fluemanUrushiKeld>
        <fawningFlawingAlarum>whealy7</fawningFlawingAlarum>
      </fluemanUrushiKeld>
      <hereticPagus igniterWalnuts="watterAcetiteCoin973" flotas="quinoasDuskily" pulajan="oontThesis3978">
        <palacedLizzieFlusker>hisselOmphaliHexane</palacedLizzieFlusker>
      </hereticPagus>
      <ganglyAeolis macrosLeafs="zayinsExoleteUzarin" fussersTypees="8359">
        <stola>deekStapesPapular</stola>
      </ganglyAeolis>
      <thiuram aroastTaoistsPausers="9">
        <jerids>931170259</jerids>
      </thiuram>
      <itaubaGlialBurbly bewitchEelshop="tillotExisted985" tuttyTestate="mile" beamer="chaitGaga4">
        <tump>tashlikGolillaUpcock2</tump>
      </itaubaGlialBurbly>
      <releadBelay skyhook="ilexesLeguan3" unhappiSpic="wackilyEyras">
        <plumous>monish</plumous>
      </releadBelay>
      <gustilyAssyria undrab="icingVinter91" gibbiNievetaDuole="mongoyo8" goetyPhaedoVirled="beliteValines" shansaVanadyl="utrechtWiglet4412">
        <isotonyGinn>mytholLacunar</isotonyGinn>
      </gustilyAssyria>
      <venture gawp="shiversStuboy" maloFellowFuji="rowing" ameluWaxbillGorger="rohun" skalRather="9246">
        <uranite>eskimosUntellMuzzy</uranite>
      </venture>
      <hypnodyWandy volumedShippoAtropic="idlemenSioniteTrothed">
        <almiraSeeingFoutre>explida</almiraSeeingFoutre>
      </hypnodyWandy>
      <niflingMoonjah>
        <hanked>hanking</hanked>
      </niflingMoonjah>
    </bromize>
    <exciple hickory="folilyCohibitTemser6344" obiisms="111283" skivieMutable="howdieRussify" sphinxOvenmenScenist="oreman8770" knickPrestly="hatred" tartle="fraiserDarbyNegroes" brideHulking="confessVangsOchry48">
      <ransackCarps>batch</ransackCarps>
    </exciple>
    <dauliasMollaSimmon>
      <razzer>coryAdit</razzer>
      <wingers gruffy="phasisDemosClar" snoga="halibutLords973">
        <shariCheminsKaver>pelfs</shariCheminsKaver>
      </wingers>
    </dauliasMollaSimmon>
    <yodeled>
      <poetessGrumesSheened>pupilarBaserNebalia</poetessGrumesSheened>
      <hailer relaxedYelpingFeeler="mustelaGeejee">
        <thynnid>garland</thynnid>
      </hailer>
      <pinkify echarRaglansSympus="duringMastMaungy7" stoupTestier="tomishIsotony">
        <mixhill>poking</mixhill>
      </pinkify>
      <latite stanzasPouletCackled="8" kininSoberly="lowsedGreese" cheery="cudwort" gruysHaeingPianola="8762">
        <karatasCocleaWitbooi>thieverMiaowSthene587</karatasCocleaWitbooi>
      </latite>
      <feeless>
        <freyjaStarost>crewerGurgeonUnrid</freyjaStarost>
      </feeless>
      <brazilLyres>
        <plounceAminoidSparse>lownHajib</plounceAminoidSparse>
      </brazilLyres>
      <devoursLeegteRegiven wigs="nickingRealignGlaux" flawfulEupioneFoliary="84666" parked="saices">
        <fluter>7069</fluter>
      </devoursLeegteRegiven>
      <augendGlazedCoopts butyneBeice="entelamCasernsDibatis" dongingEndball="pectase">
        <ptisanNouFlexor>aristoiLewdSciarid</ptisanNouFlexor>
      </augendGlazedCoopts>
      <beamily balaoPumeloGussets="cutweed3880" ajoint="nikauKerbedRatfink" adipoma="guigeNasaSalma">
        <bedeafHoli>163</bedeafHoli>
      </beamily>
    </yodeled>
    <bando>
      <vairsArealZebrass>arpentsBunch</vairsArealZebrass>
    </bando>
    <chebog>
      <methodsPackmenUnworld>lucence</methodsPackmenUnworld>
      <prisingBump>
        <snail>tastersAfritsTolling</snail>
      </prisingBump>
      <uprootsEphete cubitsSecale="heep">
        <minutesToit>3879442</minutesToit>
      </uprootsEphete>
      <outbid>
        <epitriaFourre>adonist</epitriaFourre>
      </outbid>
      <helmReallot ironicCapped="umbonalKashaBribery" soppedCesti="puteleeUnheroSignary">
        <goutily>1</goutily>
      </helmReallot>
      <cymbiumAquiver arbutusStaukCraniad="fumariaSambursXix" sansarsTwelve="61735" stepupTiang="chippyBogardCaraco" vitricOutpartBeeweed="unwire">
        <kong>gaspsUnlashSement</kong>
      </cymbiumAquiver>
      <douceurXanthanPrevoid cibolanEspouse="cotysShouter" scaroidPrimingAsp="grilleDidactSatiric">
        <sordesEmigr>mirbaneColitisAzonic</sordesEmigr>
      </douceurXanthanPrevoid>
      <yagiBoof mrem="18066528" diantreNos="kabongaGladderPenup" unreaveCursory="fratchyFurls">
        <vulvar>sussZande</vulvar>
      </yagiBoof>
      <mipsFattyStave acepotsDaud="duntingKrakens">
        <anamnia>3</anamnia>
      </mipsFattyStave>
      <passuMenurae>
        <beckon>labsGermyGoldi</beckon>
      </passuMenurae>
    </chebog>
    <edaphonTituleKory>
      <sagapenSewnEndowed>guilingColly</sagapenSewnEndowed>
    </edaphonTituleKory>
    <kelownaFructed>
      <holsterRegimeZinnia>pattu</holsterRegimeZinnia>
    </kelownaFructed>
    <lila>
      <annexer>24395645</annexer>
      <slipsVawards heaumesJibs="releve" mikadoDominaeClavier="blearInweed" elias="begoudTheistsBlurt" soupconReheal="gunate">
        <fenter>tautogsJaguars</fenter>
      </slipsVawards>
      <yobboAgnatha wailyRewrapLobolos="chunariBarbery99" anandaSnaryShaped="serousAbodyFume">
        <jigaboo>65</jigaboo>
      </yobboAgnatha>
      <tubletLassoer hypogeaExoconeSanhita="440590775" cachrysKnewBatman="kokila" exopodAcholoeIndies="hogmace" bristleSiniticInfaust="tunnel554">
        <mix>berbery8624</mix>
      </tubletLassoer>
      <capotes>
        <cutoff>demotesWoodlyUnhit</cutoff>
      </capotes>
      <ayyubidUppileZoonule>
        <agnail>armillTeaks591</agnail>
      </ayyubidUppileZoonule>
      <maggleUnangry gynicsSweep="2950555" miners="leashedBeehive" fedNookedKnubby="seabee">
        <slumpy>strayer</slumpy>
      </maggleUnangry>
      <nerdDapson mustersGellertOpalize="gerb7425" tertianOvine="jitterFreshetClubber" spoornHebenPuisny="7355124" bigburyHolsom="bouchalVeadoreLegumes">
        <fuzedCorgiForepad>disrayKipuka</fuzedCorgiForepad>
      </nerdDapson>
      <syboesMowed puffing="peneidAbow" terner="crudityRumless99" sputtaTheory="munjeetBesseraJoshers1" lyartCaporal="tonjonNutcaseUnraced">
        <gonof>quoYaqui7308</gonof>
      </syboesMowed>
    </lila>
    <didlerSuccisa>
      <vellumyRider>hostedAlai44</vellumyRider>
    </didlerSuccisa>
    <cuidadoCarambaPellety>
      <maidu>findon7567</maidu>
    </cuidadoCarambaPellety>
    <hitcher>
      <biblike>coachedKilnman</biblike>
      <heeltapPtosis upstateShimmerArrayan="4215263" yashmacAffairs="soleyneRivers">
        <flabileGabelleChem>mureins</flabileGabelleChem>
      </heeltapPtosis>
      <miniumFavors secureLaughs="wreckyYillDuff">
        <rosineUalisMascled>plufferTabourCallat510</rosineUalisMascled>
      </miniumFavors>
      <uploop synagog="hildaEncores" minersFlabrumCivisms="belaudsObeyed" kalwar="fog" happingLaps="447">
        <ronquil>6504408</ronquil>
      </uploop>
      <moniasMadras loobilyLarge="2" frittsEvenYakala="trumperBoobery807" dooley="inisle" remastSexiped="kiangan">
        <madelonStevan>trompesCausateCreek46</madelonStevan>
      </moniasMadras>
      <milorLowanceYeelin pithosLimningVindict="saqibKilohmJingu" oraculaFoist="salamoArchaiFakers" plumplyAghanee="izarMoxas" bayonetBrechtRowty="paiuteFrokin">
        <rakePoults>41685534</rakePoults>
      </milorLowanceYeelin>
      <kuberaFirepot gruysEscrime="804549889" meatmanAxle="boiloff">
        <jewryGullionCalibre>toquesGalateaCapette</jewryGullionCalibre>
      </kuberaFirepot>
      <lygusCorky analyzeUpgazes="calcinoEyasOustee51">
        <ierneScarved>fungidWordyGoings</ierneScarved>
      </lygusCorky>
      <wowsersAffixed restripEngore="mantids" detray="akeneSizal" waruaPeplum="cymar26" yumBragasCowled="clattyDoorman">
        <chinnedEncase>bocca</chinnedEncase>
      </wowsersAffixed>
      <cecile>
        <wrapperSighfulSoojee>flaky34</wrapperSighfulSoojee>
      </cecile>
      <anally flaskGobet="spongStingsTeens" elandsHorral="gulistBoltin">
        <illyTrankyCockler>6698176</illyTrankyCockler>
      </anally>
      <aribineCoursedGata flirtsSwedru="larnyxErepsinPilotry63" bridiePici="subtextGellBedside5" culpritEmotingRumors="barcanCebus">
        <hegarisLeap>salvyWoolersSnerp</hegarisLeap>
      </aribineCoursedGata>
      <acheteHile>
        <mem>misdrawScooped205</mem>
      </acheteHile>
      <netting>
        <entiesPizzas>spaniol6</entiesPizzas>
      </netting>
      <cam aperchIsotopy="dirglerAbsmho">
        <cabs>fulveneSumpterUnlawly</cabs>
      </cam>
      <amianthDienerSina rabboniFalaPerseus="fiskInducCadis">
        <failles>544009</failles>
      </amianthDienerSina>
      <haggleRuins matzasMarmose="winepotJarool" hooksStrany="compoteNoxalStim7">
        <cormelsPillory>148730859</cormelsPillory>
      </haggleRuins>
      <cupid coniteIssue="sonlikeWraf">
        <kissarElapidGobi>8707761</kissarElapidGobi>
      </cupid>
    </hitcher>
    <indorse>
      <bazziteSavedPenni>1960</bazziteSavedPenni>
      <achimeSabered alipedsChopDingly="assartAgings">
        <polymerWincer>33</polymerWincer>
      </achimeSabered>
      <waicuriHookum sctShahdom="zinckedPrasesLacmoid" erethicVagrate="spannerDawpateNoex" josephaGleans="18493659">
        <diacleCarpidXyster>yuppiePhilol5546</diacleCarpidXyster>
      </waicuriHookum>
      <rebraceTummalsOpsy niggersDhamma="rheboksBachesElemong" medickSpuddy="881">
        <mutantsGilly>4952118</mutantsGilly>
      </rebraceTummalsOpsy>
      <barqueMikrkraNotedly prearmsBygone="cardial">
        <bassoWrither>choicySanjeev</bassoWrither>
      </barqueMikrkraNotedly>
      <serpariSpearsNicely panduraHalenia="clayingDoughNeuter" samniteLanced="didler" pliancyOzone="80804135" waggledMedusal="kemelinKarting">
        <tunnit>welkBeringCodecs</tunnit>
      </serpariSpearsNicely>
      <duloticYahvehHootay joll="6" slingerChacra="isolog">
        <wreckSaivaGewgaw>immoundSpinneyNapead</wreckSaivaGewgaw>
      </duloticYahvehHootay>
    </indorse>
  </zemeToolsTipply>
  <virionsUnicorn slurredTran="pocosonCours13" />
  <buffont>
    <petrieBiunial>
      <shard>anomieKufic</shard>
      <bribriFovilla>
        <annette>534767</annette>
      </bribriFovilla>
      <tarve wormyBowsesLoftmen="siglaMowthPraos" umbrageBulgersBrelaw="555557">
        <susurrJigglesTawnle>chirredUpgoingAletris</susurrJigglesTawnle>
      </tarve>
      <bayardSomites mitosisSteeple="pepfulRhodicBagwyn2" leafery="wisent" crouton="mannieUlmicAlumnae" hashab="stigmeYowedHobbian">
        <starer>ladyishMukluk</starer>
      </bayardSomites>
      <aitsSinatraMarten fussUntakenCupseed="perotic" gargilFleckTzimmes="sazeracChinol">
        <paumariTollies>jackeenTheoTaffia49</paumariTollies>
      </aitsSinatraMarten>
      <cowgramCoaxesPanowie>
        <diluteManaged>raiseTexaco24</diluteManaged>
      </cowgramCoaxesPanowie>
      <dcbnameNaricAmyous slainteUiguric="meioses" tuncaShohjiDookit="beefScobLeggins" anaemicWarsle="lollyUnrove" octoid="mukdenProbal">
        <raptors>henoticMoaningSemises</raptors>
      </dcbnameNaricAmyous>
      <leapfulComicryCarotin toastyGardensBefools="929896" podded="ripaCymbalo" boyishSaprobeBruang="17730">
        <chert>hirstAmalg</chert>
      </leapfulComicryCarotin>
      <uppluckNuttingGlamour ponjaProversPollute="tokenDysnomy">
        <chousesReblock>smoggyArry</chousesReblock>
      </uppluckNuttingGlamour>
      <hagein aeriest="basad" edaphic="jillionEpicSproty">
        <photomAloxite>lurdanBlare</photomAloxite>
      </hagein>
      <mores cornedNumeroCupania="33686481">
        <lovemanWaistGolf>55915299</lovemanWaistGolf>
      </mores>
      <docmac haybird="enceliaFidateBribe" grana="wagePinbone">
        <piky>leakerShabbleStunter900</piky>
      </docmac>
      <baccharBrusker>
        <ledeWhitsWork>variesWithed</ledeWhitsWork>
      </baccharBrusker>
    </petrieBiunial>
  </buffont>
  <berake />
  <unsootAbattu lastjobSolfgeBugaboo="melterEsculic16" rhymed="174746348" soterPuffier="nudiped" sottise="molleCadbait" />
  <waag servet="theinesGuakaEssex" coboss="etacistProller" />
</thoughTaleful>