<?xml version="1.0"?>
<agendumOutrick>
  <brebaTogues>
    <marybudParrots>
      <sayyids>104536</sayyids>
      <tansiesTrivet glickCad="sakelRanMesse" airn="pyemic" traguleTruman="weeverBaggyHumidor">
        <puteliFaeces>enabledCowgram</puteliFaeces>
      </tansiesTrivet>
      <iviesMedica winraceOperonOwrehip="lambers" rhymersDispopeDotiest="brazer" filippoLessens="onzaEnsete851">
        <lochusWetterFlabra>27032742</lochusWetterFlabra>
      </iviesMedica>
      <spathicCuadra backen="feistyReversi6">
        <tirrlieNaricaHaws>antumLemurDanism</tirrlieNaricaHaws>
      </spathicCuadra>
      <timmer concent="9">
        <ireAchenes>dubioContestAssoria</ireAchenes>
      </timmer>
      <gliomaAlnageBlandly mayey="8452" braisesFotui="376513338">
        <frithyCepsRetire>divans</frithyCepsRetire>
      </gliomaAlnageBlandly>
      <boobooCodlinsCledge>
        <infamySixteenBeowulf>coartTartanaBurrish1438</infamySixteenBeowulf>
      </boobooCodlinsCledge>
      <defusedLeggierOch legibleKithing="98838" boorishVastyRepl="spatterDhurnaBerger7">
        <dhobisGroomyExaudi>rimlandFubsyEponymy</dhobisGroomyExaudi>
      </defusedLeggierOch>
      <immanesRowdies>
        <kenafs>boxballPromsDiscute</kenafs>
      </immanesRowdies>
      <dorsel vivify="95806" cigaleIntrap="9" galyakStructDesk="naplesMezquit" bramCoruco="64">
        <abjuresAralie>pilferKansa</abjuresAralie>
      </dorsel>
      <coppedRepruneVaries poppledAnoaOutcept="sparpleRuminaAdipose1">
        <dandies>bromiusVirion</dandies>
      </coppedRepruneVaries>
      <molt coupsEwestSynaxes="mirthsEloine" agio="bracket">
        <keblahsProng>faffleIncense</keblahsProng>
      </molt>
      <hortScart trochidLauhala="iron">
        <ixoraBeakerPopes>755</ixoraBeakerPopes>
      </hortScart>
    </marybudParrots>
    <whangedGladder>
      <elution>bookendBits</elution>
      <shorans>
        <ciliaryGangueBurgus>unusageArgans</ciliaryGangueBurgus>
      </shorans>
    </whangedGladder>
    <phacaDilluerReasy>
      <totientPouchImines>cannas1</totientPouchImines>
      <coyotesRoucouRingers mosteActinalRemove="sazenEarwigs" dreadEtypicHamper="7">
        <meecher>266032637</meecher>
      </coyotesRoucouRingers>
      <messesManumeaEnchyma unbloom="roppCobolAncle">
        <slavicPottles>3258</slavicPottles>
      </messesManumeaEnchyma>
      <debits boobilyLoglikeCushy="cimier" deddy="xylonYaqona" bestTucanaCleuch="causeys614" trackedPulseBrarow="manufAnuraSuff6">
        <duhrBusiestLowlily>whirley94</duhrBusiestLowlily>
      </debits>
      <studys feerie="gardenyPalmitoDistad">
        <enduraBouet>185</enduraBouet>
      </studys>
      <manuaoHobbled>
        <firkingCaddies>4</firkingCaddies>
      </manuaoHobbled>
      <harim wheenge="boingNowderDweeble">
        <gabelle>37554</gabelle>
      </harim>
    </phacaDilluerReasy>
    <intimaSynesis unjoyedHoersMonnion="utaiScaffQuerent" latRangeyEwing="plfHexadicKyabuka" trescheEgghot="adeonaColleyRowen" yokageInkster="myocdiaHutchie" ketenes="yildunSitfastKnells">
      <braggedOvicide>scorerGrangerPrimers9</braggedOvicide>
      <phocidWiste>
        <brigadeSmocker>balasChivageHuffler</brigadeSmocker>
      </phocidWiste>
      <peg>
        <setupsAigerAwoke>pinker</setupsAigerAwoke>
      </peg>
      <admass>
        <guilesArnut>linseysDefied</guilesArnut>
      </admass>
      <lashCoupons>
        <nancySquirmySnooled>ibilao</nancySquirmySnooled>
      </lashCoupons>
      <carica twaiteUseRhuses="unleaky">
        <goldingZantiotExactor>rippleIchnite</goldingZantiotExactor>
      </carica>
      <gyvedAutist brucineHallwaySeepier="heilingIngrainObadiah">
        <squatly>68501</squatly>
      </gyvedAutist>
      <vrochtUnlocalPurpart ilissusMotonAppaume="ghiIcariaOoralis">
        <rosiestCabletsSirenia>abbatieFormfulActinic</rosiestCabletsSirenia>
      </vrochtUnlocalPurpart>
      <dibbukProwlCotty banaDippier="ramusGliblyNotable" hawse="slowfulGypsies" zone="84468323" cottaArchean="unurban">
        <milrindGozill>encasesPionicAsthma</milrindGozill>
      </dibbukProwlCotty>
      <criancePrakashCalyon hingleVoesReacts="subgetRaguleDishes268">
        <epithemKazakIncubi>granchFelled122</epithemKazakIncubi>
      </criancePrakashCalyon>
      <todsPeruleSpecus ticticVowely="enzymsTwinersFanwise" nougatFuscinSharded="3" joughSampsNaggly="19" archieCappie="phagesCoyish">
        <spavinCried>fretish156</spavinCried>
      </todsPeruleSpecus>
      <kiliareGodsons>
        <bravuraDephase>sfmAskedMannan</bravuraDephase>
      </kiliareGodsons>
    </intimaSynesis>
    <acclaimEmbargeDens>
      <jiggetyBalden>55472</jiggetyBalden>
      <revery cinerinCloddy="86028" khan="hiationOlogistCartes" cormusButtyMyeline="sharraBracker">
        <teetersLianasDinman>trucialCafenet9034</teetersLianasDinman>
      </revery>
      <ultrasConsolGlycic>
        <kiosksPreoralMimming>flangSchulnEquines</kiosksPreoralMimming>
      </ultrasConsolGlycic>
      <carvelsAmobyr bevelHovelCommaes="manconoAsialia">
        <belockClegBolos>910</belockClegBolos>
      </carvelsAmobyr>
      <sotols tostadoSipid="397" pharian="theismsSupawnAllot">
        <leggerAerobeeHalloa>skilpotCeilidh</leggerAerobeeHalloa>
      </sotols>
      <lushierSuluan calcifyWeepBoise="tealery" bryozoa="7325" fetalRechurnFedn="sternad">
        <dyakSandierSeps>ungagFanam</dyakSandierSeps>
      </lushierSuluan>
      <finew sheaUnbroid="43813" lallingHurty="sepioidHuloistDashier1462" lidosArterinProrump="burmiteToyo">
        <obvolveUnlawedHassled>fiberFulsomeFirsts</obvolveUnlawedHassled>
      </finew>
    </acclaimEmbargeDens>
    <tinkler watape="syudAbay" officGlomi="69" ukiyoyeFecketCorns="phobiac" malabarSalay="bdleSkids" elucidComitjeBewared="alanins">
      <blowing>spodesTestarOtocyst</blowing>
    </tinkler>
    <gride tuilleSalaryFifing="haled" iteaWingy="kitamatRosaria" talcsRakily="210351165" twiner="pionsPlainerAzoxine">
      <debtsAbsurdClarino>93834</debtsAbsurdClarino>
    </gride>
    <gratingKetoticAgynary scoticClarinoGigot="77150918" unct="kasbekeChaguarTailet" grid="pinkiesAwhetObscure" decoreJizyaJonnick="bonagh" untiing="frieze" torcs="parraConjonFogrum" andhra="mannoseLilial">
      <reformWelkMulcted>schleps</reformWelkMulcted>
    </gratingKetoticAgynary>
    <garbelCrojack>
      <alumianCasts>cogentGoodbyeCozeier3850</alumianCasts>
      <cortex ezekiel="obolsMessinPorger" dissite="pubalPeropus" umbrasScytale="oinomelPlexalGregg" xylomas="extantLeered">
        <gamahe>44</gamahe>
      </cortex>
      <perfume>
        <achor>mowerReavailGode</achor>
      </perfume>
      <rozener pyocystFaquirGlobate="babismFatale" tutenag="49" mindsSempre="nilgaiAkoSartors563">
        <dulia>moaMiderThawing</dulia>
      </rozener>
      <chylify litsterBleep="safflor" epilog="bulgesVoterOutmode" besom="14555" caitiffSpathicBircher="poorlyEncyUnplow">
        <flock>630799</flock>
      </chylify>
    </garbelCrojack>
    <repureSorbishVoteen>
      <tuftlet>omniana</tuftlet>
    </repureSorbishVoteen>
    <cisco>
      <sextsTucanaOily>23174</sextsTucanaOily>
      <jokerMudpackDaks howfing="tiendaCastedFitch" legateGerahRopily="boastDesmans">
        <venose>slots</venose>
      </jokerMudpackDaks>
      <pew edilityRamjetBrasils="71">
        <paroticDicks>ventailHipster</paroticDicks>
      </pew>
      <damniiSealersJailor renters="pisces" aeonReglowsWeeper="50251908" beavery="arctiidStephanLamiae" zoocystMulada="whilkut">
        <erasersRocsUnlusty>sapitSharra70</erasersRocsUnlusty>
      </damniiSealersJailor>
      <tenzonSpaded brollyMajos="152497" cannachSinkers="apathusDicerasGrumes" rhdDelater="madronoFipple">
        <yezzyKetoleOminous>38</yezzyKetoleOminous>
      </tenzonSpaded>
      <indanePaha ains="runtsTubae" ensober="undockColcineCapless">
        <flunkedGoschen>6545747</flunkedGoschen>
      </indanePaha>
      <spoolsOrlo cobbier="uncoylyHidingOkey" againstConopidManton="genosFonduCopped">
        <twatsOrbitalElanet>echoes36</twatsOrbitalElanet>
      </spoolsOrlo>
      <musicsWodeSpoilt bogfernUral="mango99" blames="557928">
        <goggles>totumEggarsMuonic</goggles>
      </musicsWodeSpoilt>
      <dhoniLochs gobangsCabersEtamine="362032" hingleBournsDrives="76697">
        <calver>reshut</calver>
      </dhoniLochs>
      <poesie fath="arionFlether" iridineYogas="sart" tozer="fete" acknewUcaPoromas="hoppedBickCardo">
        <auctaryNgapiStarers>accingeStraysRutter</auctaryNgapiStarers>
      </poesie>
      <mekbuda engsDirectHecht="impend" stuprumDacron="treasrBuskingRort">
        <lak>rambong</lak>
      </mekbuda>
    </cisco>
    <seedage>
      <carosse>rhizoidBestrawErthen1340</carosse>
    </seedage>
  </brebaTogues>
  <dhak prexOgonium="mimeoFoozle" sprattyProtideWhiny="44472209" rundelCanions="salmiMassigPair" moyle="bichir" />
  <unurnedLatronCaravel tarblePeanut="urlingWinraceSyagush" unslowInsideNonuse="36" nomas="outwindHookiesRfz" almonry="3">
    <whalersBloomed>
      <undressLockpin>crestedAliened</undressLockpin>
    </whalersBloomed>
    <guaricoLongrun huipil="siccApersKittles" owrelay="tertiiFungiteOrchic" curacyOzonideSegetal="agrinOkeyPaeonia" pia="38561424" ladakinAbscise="wanhornJustest" upbringRotator="cowpock">
      <advectTornese>homodoxGenappIronist</advectTornese>
    </guaricoLongrun>
    <dryfist>
      <glarrySuppledRupiahs>sextusChurrAnanta</glarrySuppledRupiahs>
    </dryfist>
    <flaxyKeckedSouring cooeys="ornateYaqui" neiWrests="baraca" moostReshes="guerite" curted="6500393" rodinalRidiestIthiel="lobbishHeaten" laagersTintsUnshed="71" suddyIringPoleyns="liveth">
      <sternalArabicSnickle>shilpitJuicy</sternalArabicSnickle>
      <layfolkAlpenStirpes shiahRoper="bugler916" uncity="cnicusAnanaSaecula">
        <oakletIodizer>anicutForcene2</oakletIodizer>
      </layfolkAlpenStirpes>
      <puddaSeniorsCogway bruscha="dialectPlafondWrasse">
        <piker>53331</piker>
      </puddaSeniorsCogway>
      <musterInbreakAileron anilineBowlyBedamns="ketchup" walerFeigherScrooch="amiableRoveDen559" swattedBineSibyls="fringed" shopletStubbAirampo="262">
        <aoulOutwardGaskins>caubogeTedescaSardars47</aoulOutwardGaskins>
      </musterInbreakAileron>
      <oolitesLungieCongaed crumpyGonifs="lupulusNeciaSharra" freshed="sailsHyraxes" twinsKaph="3353508">
        <yonsideRegrant>unairedCuriosiMaidan77</yonsideRegrant>
      </oolitesLungieCongaed>
      <bluffedUnmixtDibbled>
        <ish>66</ish>
      </bluffedUnmixtDibbled>
      <whigs faunishBodeDieback="poseuse" runerKnursHallos="godsend3">
        <burgherSpillyDisrate>83083956</burgherSpillyDisrate>
      </whigs>
      <furorEvenBecurry tallith="19" baline="24" salten="ernsOstemiaRunkled" eaglingRivulus="tylariFemes">
        <needleCaaba>anon760</needleCaaba>
      </furorEvenBecurry>
      <chidesDecoyer>
        <aradid>bennetsAboutsNab</aradid>
      </chidesDecoyer>
      <rebusesStalkoFerri>
        <sonoresDrawer>bethelGuaraniArenose</sonoresDrawer>
      </rebusesStalkoFerri>
      <scarvesWorlded profane="aburstMohurPalier">
        <dammish>neurulaPileCobus</dammish>
      </scarvesWorlded>
      <bembaNaifly mispaidPinupsSpalls="baetylWigwagsAlkyl" tautaugLinearyBlister="bistiDescure">
        <analogsDiecaseGuanins>ytterUnsnareJoltier</analogsDiecaseGuanins>
      </bembaNaifly>
      <enarme yerbaStagne="chairerCoudee">
        <orthantRepeg>dunksDebted</orthantRepeg>
      </enarme>
      <armorDerflyTarres peisesLabels="wehee" howffsParolZanjona="assish2" uptaker="36946">
        <inanityCadence>callUnhoaryTitty</inanityCadence>
      </armorDerflyTarres>
      <marillaVeg dawkin="3" umbeled="bonangSelsynEchinus" vivificUpsteps="2" spuddle="redragRiffle">
        <effrayMiniard>quietaCoalifyUpseal</effrayMiniard>
      </marillaVeg>
      <rambehLorate reford="rarer">
        <grinderBuglet>hosed</grinderBuglet>
      </rambehLorate>
    </flaxyKeckedSouring>
    <viseedIncage mixiteThenne="djebel4">
      <addrestCoaxers>fume</addrestCoaxers>
      <mills bundocTokePeruse="ichthysScleria" shoya="detent" soulishPleuraHanover="322">
        <usableUmlandAbe>rosters25</usableUmlandAbe>
      </mills>
      <slavismFogdom ablareSpiredCorrea="broadsPiedCanamo" repaysAralieUmbel="wierd89">
        <stratalPaving>1</stratalPaving>
      </slavismFogdom>
      <whoresRounZonnar>
        <bridged>imputer</bridged>
      </whoresRounZonnar>
      <mirkestBoosy beltirGeomalyDanke="scorza">
        <censor>bransle9385</censor>
      </mirkestBoosy>
      <wogietPersioDropman tubifex="umbersRokelay289" bemarCnidaeCeladon="testacyBalladUnwrung534">
        <inulinAlcosol>valvuleAeolic</inulinAlcosol>
      </wogietPersioDropman>
      <prutoth>
        <coalboxPegallShod>17</coalboxPegallShod>
      </prutoth>
      <compaaAztecCrushed wadersYorkFleabag="undosed123" loopLeoIdled="dvandvaAirwaysSectile">
        <kushaPhenols>727295623</kushaPhenols>
      </compaaAztecCrushed>
      <sawmillFodientSupered sherifsMicrify="insects51" shotterOzonousTrawls="wanghee66">
        <ruersNonyaEarlock>scorperManegesElm</ruersNonyaEarlock>
      </sawmillFodientSupered>
      <bitte cyulYday="crapperFusels" behearMayntNuggety="presetsManteel" leavenComtesCapra="wifishHetaeryTunna" tean="devexAwearyPrologi886">
        <gauzily>ankleBashkir</gauzily>
      </bitte>
      <chapedConnedWonders caffleCorserNitrils="flimmer" shaveLeven="unrobedTouser9397" goodie="softlyErasedTonetic">
        <ampulla>scrutoPassive</ampulla>
      </chapedConnedWonders>
      <teenySolums misruleAnthus="ifugaoVolant">
        <agauBisextShucks>deciseUpshoveOblate</agauBisextShucks>
      </teenySolums>
      <shammedBonaireNiches adoresWrytail="sejeant">
        <signoryWarp>4782</signoryWarp>
      </shammedBonaireNiches>
    </viseedIncage>
    <jatiFohnSplunge loselsEperlanSleeken="ababua">
      <sotterMundal>curranDefoul</sotterMundal>
    </jatiFohnSplunge>
    <woundy>
      <offeror>6844269</offeror>
      <dicersAscitanGretel keirMedials="loopfulBeeware" confitPtgPlatic="26" espave="kiltingBenzolsDolphin" manie="bathersSlakers3250">
        <redfishOxidic>lusterBesighRenvoy</redfishOxidic>
      </dicersAscitanGretel>
      <tulwar duelloGirlyNauntle="mungubaHunkies3">
        <hotness>hyraxesZogan</hotness>
      </tulwar>
      <yelmIodineSavelha pinuelaLasingMaypops="toyotasMayapis" siumDuchery="7290" folk="labScalena" front="roilyCrambleCapkin">
        <middaysPinolinRageful>rewayle</middaysPinolinRageful>
      </yelmIodineSavelha>
      <dishomeBozineHatch cusksHaemoid="floor" gallicEgyptHorsier="coadmitRebush" dinksToxemiaSprains="mottosHilariaKlosh">
        <djibbahRaucityNiobous>75506732</djibbahRaucityNiobous>
      </dishomeBozineHatch>
      <gestaeMoanMiaoued estopPain="manageeSnaps">
        <higherMousleWows>84640</higherMousleWows>
      </gestaeMoanMiaoued>
      <tastersDarbs>
        <vivekSughs>patulin</vivekSughs>
      </tastersDarbs>
      <carbineInocyteScranky>
        <waddles>dabbledOdorful</waddles>
      </carbineInocyteScranky>
      <amalaka sinked="packratAtrousGasbags" tenebra="nixonQuerele" mealsClutch="eyey5">
        <actorsWizensUmbrous>kytoonLobworm</actorsWizensUmbrous>
      </amalaka>
      <kerflapKariteGaskets>
        <worsets>57</worsets>
      </kerflapKariteGaskets>
      <allylsDwight michealAntisPhlegm="hippier" idolifyRuderalOuches="609" unsun="talaing" panoply="flakyAliyasBewhite">
        <bragged>caufJujubeIll</bragged>
      </allylsDwight>
      <bighornFraps knottyCleansePhasemy="629135709" perpendFlon="51733451" paganSell="1656915" rodsman="caturFlabrumDentex">
        <deadGaucie>gigsmanIxodic27</deadGaucie>
      </bighornFraps>
    </woundy>
    <relance>
      <dunnerFurcule>34763</dunnerFurcule>
    </relance>
    <pusill>
      <sploit>lauwineTeucer</sploit>
      <unstrap>
        <pallah>vatfulsDragmanUncute</pallah>
      </unstrap>
      <doby valerieNyetPipets="swaggedTaharYogis" pratt="affine" brawlieRajahs="swannerMiltierCardiae">
        <gambasGorevan>9</gambasGorevan>
      </doby>
      <burelleJonnockKumyk dhurry="panzersRasure2" intrusUnstainEntails="50183391" carportDiwanInkfish="357347" defleasOutsang="wavies">
        <visitedHarenut>neifEriciusBowtie9</visitedHarenut>
      </burelleJonnockKumyk>
      <leukonPewterySirple breakReynoldErwinia="95439" altaredBubosCres="trunked" muggetPlainImbed="zanellaRespondGuessed" gnatooPolandRasceta="tailzeeGripersAmeba">
        <mooderClausEmptins>813864241</mooderClausEmptins>
      </leukonPewterySirple>
      <coecalWharfAluco beyship="fatuoid">
        <caucus>ackmanHaiduckTorchon</caucus>
      </coecalWharfAluco>
      <shinierSpiks myodesSassakRitards="94" rarerChuffy="certoseBrithAllurer55">
        <dorsersPhytaseSalchow>leylandFrdenUracil5477</dorsersPhytaseSalchow>
      </shinierSpiks>
      <looiesSurcloy adverts="clockerLampion" dynodeZymite="readdsCruisedBonify7" gorbalEobiontSker="taxwiseSacraClerids" zoaeaPampasTreaded="549592089">
        <puredeeTaiahaBakings>wantUnitersShabble</puredeeTaiahaBakings>
      </looiesSurcloy>
      <reseek intombDigital="4606">
        <wicketsElusoryLst>insistsBeltmen4</wicketsElusoryLst>
      </reseek>
      <fulness neatestTonetic="pelvisTucknerLeft8" eumenidBestink="skimDorms" tremblyWisdom="pisky">
        <chinese>cratonSandbur</chinese>
      </fulness>
      <bookendWekau aureus="lockpinMulderSepg" kilted="39975" quest="myopiasPitchedReist">
        <scrimTenspot>16670819</scrimTenspot>
      </bookendWekau>
      <otalgic coccalMonadicJumbo="augererGuarabuVisor" peeries="beanosAhemTythes838" yoccoCaproyl="9109689" hingHyraxes="rollway">
        <famaOzoena>smaltzRettore16</famaOzoena>
      </otalgic>
      <zemni disownProxAirily="481179582" andia="cowhorn">
        <zealedSuhuaro>feudalBrotan2190</zealedSuhuaro>
      </zemni>
      <replaitRevving>
        <unifier>326</unifier>
      </replaitRevving>
      <cheloid gladesUfos="gourmetDustbinFrs" peekBegat="linoxin3" radGobio="raspier" sharper="tutVernonSnouts">
        <rhumbs>wrast</rhumbs>
      </cheloid>
    </pusill>
    <reearn bilbiVallum="hematid" unist="needsSikatchShivery1825" glyph="eriniteLimeyOniony" mochaCapsianDoghead="746199242" thrasoForayer="betelsSumakSneaky" cajones="networkMasookaDrainer" upstirsCloudCompaa="dinted3584">
      <kaphRousers>8846039</kaphRousers>
      <charksBaieraJoshers keckedHugginKnittie="cabaanWonHershey484" tunnelMantuaNaker="burel" zebrinaWeirdoQuintal="nonsuchSintuSeamas">
        <immyVigourJugum>noctisAmplerMesh</immyVigourJugum>
      </charksBaieraJoshers>
      <nuttery maiusVittle="whineWelshedTungan" chowedCorosifUnsun="verists">
        <guttle>pertlyRosebayQueachy6666</guttle>
      </nuttery>
      <nixe amercedCuitKraits="duster" leftGutnish="turturDecodesJakarta" mirNaigie="bummlerWaseguaUppard" kui="dipolesOxymora9654">
        <starnieInvert>ceilTagragsStagery</starnieInvert>
      </nixe>
      <misfileJaseyed takersJauntElenchi="biodUnsewn" mediate="eweries" feltsSugan="34530691" napalm="2490">
        <forvaySunup>hurlsSkice</forvaySunup>
      </misfileJaseyed>
      <wanhorn niseis="guib">
        <engineWeys>pantine</engineWeys>
      </wanhorn>
      <sensorsMagnetPlanted jemmy="unwoful" taataScalled="larariaStableBari">
        <regloss>swordedBettors</regloss>
      </sensorsMagnetPlanted>
      <vegans gunzian="merceHertz53" sides="daniele">
        <laridae>lataniaHerdessExhale</laridae>
      </vegans>
      <fow chemistBattleMyelic="danaanMachzor">
        <troll>grammarYinBlames</troll>
      </fow>
      <pontius>
        <otisEchucaFondles>syd</otisEchucaFondles>
      </pontius>
      <alange elandsDeep="nigglerBangash">
        <unaloudOulap>herbarSornedToydom</unaloudOulap>
      </alange>
      <diode orating="viscusWide642" firmanSlatter="deltas">
        <marryerShekels>78767</marryerShekels>
      </diode>
    </reearn>
    <dfault cyclist="yelpsVoyagedAspired8889" junkersFustieDebcle="gratia" nabothTalkfulBotling="solveSolfa" moor="22" frutify="squidgePhasic" tanghan="supply">
      <elmyBecrampMusnud>pomonalDeodara</elmyBecrampMusnud>
      <wayfare liason="fikeMonocot" uppard="crowerSambukeWarmed8728">
        <botelsLicitlyRoux>upcoastFessed</botelsLicitlyRoux>
      </wayfare>
      <wilefulSpretGuesten naetherSouari="abducedCadent" eurymus="4815" fusulaeJammy="berainBeaAccrete">
        <commersRewakePatte>arbtrnAmalaGale</commersRewakePatte>
      </wilefulSpretGuesten>
      <ephyra>
        <hatpinsDittayVomica>tiruraiYolkedBores</hatpinsDittayVomica>
      </ephyra>
      <mitrateAckWelches resawsDestainMawsie="bowlessTwirps">
        <preaverJeff>ipomea</preaverJeff>
      </mitrateAckWelches>
      <wiches bittieAnodyne="9261" murphTelopea="worthTenueJill">
        <hitsMooder>smoteLdgSeasan</hitsMooder>
      </wiches>
      <edifice feaseHurlingMyowun="29651" anglishRodgerCoopery="exudingScouthsRhila81" tightsCrucilyHooker="outseesFass" meredBiblesBackie="yont46">
        <charvetDiarial>redtopHotchaCrewe</charvetDiarial>
      </edifice>
      <glazy imbrueRally="diobol" jiltingMyaliaVentage="unstaidSarrow">
        <twinnerTallest>86806712</twinnerTallest>
      </glazy>
      <eundemSimular eclatedAmoebaeSouthed="2763" nebular="34" mucaroBefools="tharf" sheafyStumBabiism="bossletKyanise">
        <loimicHootayUnprop>unyokes</loimicHootayUnprop>
      </eundemSimular>
      <gowlKojangBabel swailsMattery="rubbeeChewier" spendsSward="alviaClefPaw">
        <doylyLampronPicolin>unlyingScrewyBurbots</doylyLampronPicolin>
      </gowlKojangBabel>
      <hermaicEphaExciter estop="acaciasBumpsyDebused24" ommateaLoment="obsequy" arabeskProllerIuds="sitter" gleesReadd="8947">
        <taurylMoolahs>30</taurylMoolahs>
      </hermaicEphaExciter>
      <titreAbler ganders="bairnsBrayeraSexiest" rankRepps="shinneySomas">
        <trampleFulaniSesquih>meteAddisonBlotto</trampleFulaniSesquih>
      </titreAbler>
      <eloiner squiffyHelmingProsily="leafcupDellaPresell81" maypopPigeon="pinyonsMoronePoaches71">
        <coryRanularRaffle>timeousFrisadoUpdater</coryRanularRaffle>
      </eloiner>
      <tamUnself lament="ortigaJowlish" illamonMilkingOdz="227436140">
        <wergeldScores>meristFlype</wergeldScores>
      </tamUnself>
      <loggets nasaumpFlocks="piceousPurifySherpa">
        <brushAilurusRetally>craizeyFrancoUngloom</brushAilurusRetally>
      </loggets>
      <suzyBedizen bedrock="9">
        <gygesBlind>8</gygesBlind>
      </suzyBedizen>
      <neronicYuckel admittySkatikuDegerms="pseudoMoxies">
        <gulletShodeStuggy>fuzzily7</gulletShodeStuggy>
      </neronicYuckel>
    </dfault>
    <colludePylic>
      <niotaAirtFlakers>designPete</niotaAirtFlakers>
    </colludePylic>
    <wifelyNobbier>
      <ulaula>outkept14</ulaula>
    </wifelyNobbier>
    <kantarRecheat jaburanBughead="2794299" jaszPushum="affinedEmydianSubitem" sidney="choughs733" bittierMajors="rebegSooky">
      <moroccoVacateYuapin>899419</moroccoVacateYuapin>
      <indowedCoaxes ureasJahvehAlumina="gunnarMemoir3" mosseryScotal="bepaperVraicSteaks" trimmerFuzingTheines="ferrumsDuperyBlazer" rescanTrypanPartake="comlRemast">
        <parrelEndwaysHaymow>finishJockeysFemic47</parrelEndwaysHaymow>
      </indowedCoaxes>
      <curtseyCopulas jewessCuredBluesy="avowersMummer" nixes="kelsonsPeacod841" herbaryMasculyRama="diceyCorbie6" poohing="amoebaeEutocia46">
        <cimlineMorphicMummery>unsweatBac</cimlineMorphicMummery>
      </curtseyCopulas>
      <minorcaBegary hobitsPerle="dickensMenkind" sidebox="pungies" aeaean="geests" caille="tuchisJurisSleyed">
        <graddan>motivesPingerTriodon</graddan>
      </minorcaBegary>
      <graineVagus>
        <errorFistifySophs>clammerMewling</errorFistifySophs>
      </graineVagus>
      <trahBurgout telamon="ouranosNutsy">
        <subclanIzdubar>recedesGutteeAspern</subclanIzdubar>
      </trahBurgout>
      <decodedResendsKoto tarvia="crimesAnomalyAilweed7">
        <famDin>hittitePsalms</famDin>
      </decodedResendsKoto>
      <gritsPandropBused gyneBalche="addrWulk" taught="lunted" adharmaSteradXenium="480057250" dins="5436480">
        <lowersCaulis>blabSert</lowersCaulis>
      </gritsPandropBused>
      <naskhi dimoutsMulism="corynidRaught" alulaTostado="777092">
        <babrootDrabantTriol>jinsPungies</babrootDrabantTriol>
      </naskhi>
      <kosos crofterRenablePueblo="filmingNeogaea" abyingCarling="strows">
        <fracasLaskingThrower>240391750</fracasLaskingThrower>
      </kosos>
      <gigot>
        <mitrateAppeachUrolith>swigsTama</mitrateAppeachUrolith>
      </gigot>
    </kantarRecheat>
    <barrad agapeSwevenMimamsa="crocker">
      <unweave>735</unweave>
      <hessian unhusk="hatersExlaAmadan">
        <awiggleAuramin>ottaveMasjidsTrouv</awiggleAuramin>
      </hessian>
      <grillerBedirtyBecrust recanesTakaheSilvery="mokoDampenBeset" soorawnMebosDispost="shriek">
        <hisHallowd>abbey</hisHallowd>
      </grillerBedirtyBecrust>
      <stepupsChinles zolaistSycheeChoco="copisPiggies" stambaApheticMegilps="clunchArtelsUnspilt" twyverInsol="nonages" groutyTailzie="fanciedSparrer">
        <cosh>caamingShipper</cosh>
      </stepupsChinles>
      <seagoerInsures echinal="61691688" tornesiGardyApogon="neatenIrishly87" farfetOvationLulavim="polyps" pipingsBchCeltism="760">
        <estangPhtDecry>barleys57</estangPhtDecry>
      </seagoerInsures>
      <droudPhenomsEaves>
        <rotanevScreenoTreen>joboBideryDelf197</rotanevScreenoTreen>
      </droudPhenomsEaves>
      <drudge doppiaBulksBarmkin="waefuPitiedTroke" shabby="oocystsEscudo2871" gaffle="jiber" garrickCatskinCrypts="wyomingLeakier">
        <carolinPeelsGiaour>soaps</carolinPeelsGiaour>
      </drudge>
      <ridgelProtype piro="hedgebeFurial" jacamiPsaltryExactas="airwardPalishBurh">
        <domifyPoddish>515713015</domifyPoddish>
      </ridgelProtype>
      <wailingThirdsAspises>
        <wallabyStoperAdelina>sinuousEstadio</wallabyStoperAdelina>
      </wailingThirdsAspises>
      <pitiers lakistFub="camaceyFeroherPinhook" upfieldSunyieMalthe="puyCawingDicker912" lemurRaouliaThrills="vocalicLimeade429" queetBillersReam="myrosinSonica269">
        <alkynes>ramarkLitresPouffes7</alkynes>
      </pitiers>
      <arborsWringleRoofmen poemet="76406" mos="pangasiPepsinEyewort" mobbish="84926" canetonImid="9043">
        <mistral>torten</mistral>
      </arborsWringleRoofmen>
      <loydEatcheLeers irked="cunoniaPlurRewash895" bicorne="jellifyMamma7" buvetteBudsKinic="moulter" egiptoUpases="atrailHilarCaging">
        <acetiam>100795</acetiam>
      </loydEatcheLeers>
    </barrad>
    <luciteDozeNobbled sulkaLikingProceed="bechalkWaxman" mpbsLignousElectre="1382103" maratha="pocill" oillikeRagfish="hejiraIsatine">
      <cedrene>furzedFleeces57</cedrene>
      <pifinePoojah>
        <quotingTeeteeTipi>startorExcelseVolume256</quotingTeeteeTipi>
      </pifinePoojah>
      <artyCliquyTeil roilingGambolHeartly="3" ridingsRenewer="unipartLocater" recleanCognacs="63670012">
        <sabinoStallarTallies>394388</sabinoStallarTallies>
      </artyCliquyTeil>
      <specifyStable brumousRepaid="823005" pippier="kavi3" stanjen="freest">
        <mudwortSumage>prana</mudwortSumage>
      </specifyStable>
      <pities>
        <unsonsyGozellBetrend>syllabeParesClerus</unsonsyGozellBetrend>
      </pities>
    </luciteDozeNobbled>
    <coffledFlooey>
      <provantUnlyric>maness</provantUnlyric>
    </coffledFlooey>
    <anouraStacketBrimly>
      <chavishInjun>rushers</chavishInjun>
      <knaster marital="hein" flouryTongmanShoplet="tungosTappetCadded">
        <moilersTylosesDanism>7</moilersTylosesDanism>
      </knaster>
      <gonyScuffedCalamar peulvanPhidiac="rebillHoyden" pinionsLettern="cronusFibbers" pewterHenfishLinking="fraises">
        <trent>subface</trent>
      </gonyScuffedCalamar>
      <rifles>
        <stussWheysNippon>calderaCorchat</stussWheysNippon>
      </rifles>
      <savinCouchee phineas="urarticUnsell" frecken="idrosisDhikrsUnoil">
        <tweetedScamlerHornier>frsiketEquilinRecock</tweetedScamlerHornier>
      </savinCouchee>
      <gauster resImagoDallas="sudoralOlivedAlangin">
        <tji>photoma</tji>
      </gauster>
      <selsynEndorseCarlage acuan="harlots" bepressBurrowUrsine="taigasBrutaEndable6248" gunningWhilter="upgraveEburnaMissent">
        <impairs>235463207</impairs>
      </selsynEndorseCarlage>
      <diamBaylike proxenyFearers="delawBodedReelect">
        <coastSudes>overtopOdz</coastSudes>
      </diamBaylike>
      <ianusRuxShumal purloinMink="stonkerBelfry" dibber="haeingTonneauDowns">
        <birkiesThakur>chandulFingall</birkiesThakur>
      </ianusRuxShumal>
      <pereionRoyaltyCopis lehuasCoupleVirtues="cowboyGuestenRidger735">
        <jugsfulPagesWhareer>lapisTurdine62</jugsfulPagesWhareer>
      </pereionRoyaltyCopis>
      <splotch asceticAgly="trothsSulkaCalks568" floored="bisque" bulgyOlearia="annualsTharmsHoggish">
        <hewhall>109654588</hewhall>
      </splotch>
      <cotonia glovesBackus="bizzTunker">
        <harishPiggiesGroins>drogue</harishPiggiesGroins>
      </cotonia>
      <athenor>
        <ardelioRubbersFrocked>315072</ardelioRubbersFrocked>
      </athenor>
      <sorb zemniDaira="48670113" fittier="regorgeCampho4859" cormac="crieyVardaAlumina700" livresCaminoBrayera="symbionBassoonJobo">
        <ccitt>ramalBestockPaned</ccitt>
      </sorb>
      <elaidicNotselfAganice lydianMantuanRamees="statueUrlar" noyCauch="gapingSagapenGrather5">
        <godsKalunti>711784321</godsKalunti>
      </elaidicNotselfAganice>
      <stallon avenery="hajjiOlidSporoid" apsidesEyelessKeryx="furoate">
        <colicsGuinfoNiog>ethelFrench</colicsGuinfoNiog>
      </stallon>
      <ninosReplier heliumsShedim="degageEparchy">
        <steevedIntreat>flunkyMacacosCrare</steevedIntreat>
      </ninosReplier>
      <shama>
        <eggRas>restackScriveAdvene</eggRas>
      </shama>
      <ryukyu>
        <jobmen>amidsBedust</jobmen>
      </ryukyu>
      <accruedSmokeho>
        <llynBeamer>lobbedGnar</llynBeamer>
      </accruedSmokeho>
    </anouraStacketBrimly>
    <heraldsMussel duendeMetochyOtaries="pobedy703">
      <shallowLoselsGoverns>francs</shallowLoselsGoverns>
    </heraldsMussel>
    <tottedRetotalGrane>
      <peleanAcutes>lambale</peleanAcutes>
    </tottedRetotalGrane>
    <comedos todiesPigskin="93743455" riotistSchellyFei="welsh" pshawVrooms="upline" achier="28342582" flinger="latter" emuPiglets="9340">
      <timpanaShrank>wantNerolPepino</timpanaShrank>
      <sneath unawed="bawdricSalinesRenwick" calxesWenches="farceurIrchinCeria" threadBatzen="knudsenThereon" shindigIncorp="aphoriaParkinMeddled">
        <hippoAccrues>2800</hippoAccrues>
      </sneath>
      <lingasBoordly deli="unurn" kitishOinks="lotoses" pacsNotated="aswarm1" inweed="croslet89">
        <untorn>aseitasToddleBalcon</untorn>
      </lingasBoordly>
      <lawtonCatboatToshes rizzerHexanes="peridia" gomuti="chunniaBool" reforge="emend" aglossaTalcsSeedier="taririLivably">
        <myeloid>arcking</myeloid>
      </lawtonCatboatToshes>
      <wahhabi soxhlet="eadiosRamanasAnise">
        <adriftWhinnelHandgun>sandbarDairiBlanks2</adriftWhinnelHandgun>
      </wahhabi>
      <tamineCoseismUnliver slicker="axinGatling" wambuguNeut="tombackBriards" strig="marhalaKlip" griecepAwfuUpyard="smearerKiddle">
        <mochilaAculeaAbayah>septoicSailor</mochilaAculeaAbayah>
      </tamineCoseismUnliver>
    </comedos>
  </unurnedLatronCaravel>
  <skreelTheodyAdos ziramCronian="sheel" curchy="babul214">
    <limniadGadidLinsey myrrholThitka="lallsVises" towelLaboresFains="84048788">
      <flabrum>parochSpatioRemetal768</flabrum>
      <chakar patmosOuzelsOtis="39529914" doom="shirl2" flipingSosquil="trevis683">
        <pondo>attntrpFontalVita</pondo>
      </chakar>
      <alamode landing="hareems" cussesStarved="543197650" shalluDididae="beswim">
        <sphegidBegohm>boatlyHed2094</sphegidBegohm>
      </alamode>
      <cattilySimplum botaBikewayFounder="punaBabydomCentred">
        <rakeryEliaExalt>apteraInoGamps</rakeryEliaExalt>
      </cattilySimplum>
      <fermila tapetisDeitiesMinster="2921" alberge="boosted">
        <ventersUnjoyedSweets>scepticThraso9525</ventersUnjoyedSweets>
      </fermila>
      <tulcanGrumly gummerWeedfulPoplet="7261012" feckly="jupardIronmanTremble" motivicUrolithLosang="9437" deboistBonesetDevinct="lionismPulsus">
        <sharkyGond>8584</sharkyGond>
      </tulcanGrumly>
      <dombeya swivel="rescale" shotmanRipostsElans="ratines" sandbox="lessorFullest">
        <gladdonOsmiousGoldney>whfPickee9</gladdonOsmiousGoldney>
      </dombeya>
      <swatBedford pedagogBotts="rapheSpeckly">
        <ecocideRutuliGnaw>unbow</ecocideRutuliGnaw>
      </swatBedford>
      <wakasGrip esculin="bandora" preachDivergeHiation="keelfatNein">
        <auanticKeckledOuthymn>palmiraUcaAppair</auanticKeckledOuthymn>
      </wakasGrip>
      <jinete prestsPrf="116364" norm="skaffOrgueil" plainedPeeledCicuta="feuderConfix" hagbushFriscaLambeau="bladderLimit">
        <lor>208796565</lor>
      </jinete>
      <helvesJoypops krag="gnatty4921" trammedCouncil="clammed" chapterDrearlyKissy="laccaNigrine" ophicPipit="foxbaneElbowy">
        <stagierBaberyBisexed>bahnungHornily</stagierBaberyBisexed>
      </helvesJoypops>
      <kizil>
        <unowed>recoatCascara</unowed>
      </kizil>
      <lidaDegassScanned steelsScopeKarats="unwetSapoteEttled" elateToilful="834718" cloopMows="moliniaMortierAsthmas">
        <hahaMonoskiStorer>ibexesPoutier4021</hahaMonoskiStorer>
      </lidaDegassScanned>
    </limniadGadidLinsey>
    <postwarArchon>
      <recededPiceneJocular>sallowSpain1344</recededPiceneJocular>
    </postwarArchon>
    <lardedBecater farawaySunroom="271830372" reinaThalwegEvince="13494" epigynyVacuoScouted="7797">
      <pele>lapfuls</pele>
      <cobweb akamaiInvestsStrumae="cotFramers" hazels="inmateZuni" snirtle="shamashDiploicTegs" annerre="chakobu">
        <tosy>nighlyAgitato4716</tosy>
      </cobweb>
      <warthogNardus spadixCarinae="67974">
        <mealedHatrail>racon5</mealedHatrail>
      </warthogNardus>
      <doigtRelate luciusScuppit="lifedaySlimlyTornada32" forwarnLumpensUmped="curveMann" buffy="lomataJamie424">
        <lagarto>varnaSketch</lagarto>
      </doigtRelate>
      <honorsNashim lambsCrassly="crooned" featFewer="cuscusGloggs">
        <odored>5338343</odored>
      </honorsNashim>
      <antiqua>
        <uloidPeugeot>9749</uloidPeugeot>
      </antiqua>
      <avertinPenalty uncateCorpl="7997526" uprive="22" leaped="1">
        <scovel>talaingDisrobeTrinkum</scovel>
      </avertinPenalty>
      <macros lyrics="maddersHuntsPyrite" waffedMorongTidife="7085">
        <dubby>5029851</dubby>
      </macros>
      <ramon demobsMorselsPronic="34010" naipkinMiddles="encloseBriared">
        <catstepMappen>rosehip</catstepMappen>
      </ramon>
      <moves merles="moriscoNamedSepd" nettly="76294">
        <fluyts>buzukiaCostlew</fluyts>
      </moves>
      <strakaFireCivical cariyo="zillaGild">
        <degrainZanellaStalag>washitaDitaliHatchel</degrainZanellaStalag>
      </strakaFireCivical>
      <biblikeGlad camus="cisePsoric3412" anemoneEpoxiesEluated="bravingAshy" hirableMislaid="61">
        <jejunaWristy>antimanCharkha</jejunaWristy>
      </biblikeGlad>
      <lepridAccosts bobstayRestung="kourosVitrail" residue="farioBrashly" vasa="unmeet" milvagoOppidumFinetop="unobeseSaurian">
        <tuppenyAtoningSpeak>tepasRompish</tuppenyAtoningSpeak>
      </lepridAccosts>
    </lardedBecater>
    <dabber flocksChalks="boratedNytrilKaaba" baiting="blahShamingBarbar">
      <atimy>choroidMolts</atimy>
      <oisin>
        <lataniaMunity>availerCoddles</lataniaMunity>
      </oisin>
      <dwarfSmutch cowpathAmanoriUnionic="modistFleakTiaras" ceratesHeadilyOxalate="parbakeTooart">
        <juliane>theftHissedFrowned</juliane>
      </dwarfSmutch>
      <areoles procne="spandex" burmaNudipedTestily="gaspingAnhanga">
        <tisanesCorpses>5</tisanesCorpses>
      </areoles>
      <canchasMusangUndined taeniaeSumlessZakuski="8403">
        <jockeyStyan>velaLauterPirayas</jockeyStyan>
      </canchasMusangUndined>
      <bhowaniFount>
        <soccerGemmingTirls>pilmyNab</soccerGemmingTirls>
      </bhowaniFount>
      <seededSmelts linagesBrazesKeefs="unswungUsaunceHallage" vocoidBowne="arewFinked4595" lubber="30271916">
        <wabenoDepot>hydnumMachine</wabenoDepot>
      </seededSmelts>
      <unhende spissUppourSublong="clifty">
        <ghoul>epicsPimenta55</ghoul>
      </unhende>
      <yodler triazoEpaxialCarrots="lallTossilyCerate" hametz="outrangFrogged" cazaHughTaco="keckedGirnal">
        <darnsDoughyUntune>tombakEyebree</darnsDoughyUntune>
      </yodler>
      <galchaTuftOpines maiusOsteriaClamors="heeders" sorexTalpidMeshed="tyromas6">
        <eileenAbcissaKoinon>7041</eileenAbcissaKoinon>
      </galchaTuftOpines>
      <disa besViandenColour="nimbleDooleeMoues">
        <repeats>preagedGentlerSpicery</repeats>
      </disa>
      <scroutTongued webberLimpedFyke="epigynySakai1925" albiticNuntius="fideliaBarkKuar" coladaPertuse="manitos" nithingDornockTappit="wournil">
        <quahogsGlaucusMayoral>solicitInturn</quahogsGlaucusMayoral>
      </scroutTongued>
      <recksPontus grimmeVaguity="minglesGlosses" minxHight="rajahsCedrene" aphodus="ghostly">
        <biogeny>upstage</biogeny>
      </recksPontus>
    </dabber>
    <cyclian rocoloSimile="42" tailageLetter="vergeOxymel" telyn="mulsify46" garsilDietIslot="pedlarsMuskilyLactyl">
      <discousUnpieceCongaed>unmildIonogenSadhes</discousUnpieceCongaed>
      <cappagh unprop="stibine" domage="444457963">
        <ileitisRonniZeus>dernerTortueTurquet</ileitisRonniZeus>
      </cappagh>
      <allowedImpostsFavose sissuNubia="origamiMaleicPrancy" steriUngrace="enoil" unicumKnurledGladius="keymen" deny="yardsBossSheel">
        <baa>7047995</baa>
      </allowedImpostsFavose>
      <tatouAcequiaDevoter hilloasAwhile="gillingDourestSnoopy" bhangDaceloRamate="pussleyUpfolds" asportJudas="cratedUsually" welters="turdus">
        <beamfulBuggessLike>fleck2</beamfulBuggessLike>
      </tatouAcequiaDevoter>
      <tallesTikes>
        <uropodAcidy>windz3</uropodAcidy>
      </tallesTikes>
      <yaffFulmarsIronies>
        <pincher>blissesInchainBonnnes29</pincher>
      </yaffFulmarsIronies>
    </cyclian>
    <admix>
      <unwry>hecubaNuder</unwry>
    </admix>
  </skreelTheodyAdos>
</agendumOutrick>