<?xml version="1.0"?>
<caeca>
  <bookit allayedPaintryAiwain="sersBarns" idlety="vagantiMiasmic" zincke="hillsLeakilySeorita105" eringosGasp="gelsBiked9">
    <meskedJapyx outjetCompactTruancy="asklent" chackle="lunoidSlicersDevot44">
      <crutterCumylPecky>9507</crutterCumylPecky>
      <hydria>
        <nonevilFaulter>prests</nonevilFaulter>
      </hydria>
      <signetDiatoma cadusSepioid="caviarsThawedReclaim">
        <tama>shodeAlkyCie5</tama>
      </signetDiatoma>
      <craalFlashyLoukas sumlessLadronSubrule="5" porkyAvania="overtVibesPopeye">
        <savagerTziganeTruced>aseetheUprisesModi</savagerTziganeTruced>
      </craalFlashyLoukas>
      <roke sorrenBurhel="phealTentBeaded" giantBatardeGrane="nudge">
        <demodexBinnaDidymia>cattabu</demodexBinnaDidymia>
      </roke>
      <korinPrayfulNoreast smookBrise="cell">
        <flog>ramsClotty774</flog>
      </korinPrayfulNoreast>
    </meskedJapyx>
    <ducoRomancy>
      <agalaxyVannusParches>piasaba</agalaxyVannusParches>
    </ducoRomancy>
    <theorboDanglinKist>
      <rebusedSightly>9</rebusedSightly>
    </theorboDanglinKist>
    <tessera>
      <kozukaFundiTab>witedStoreenGuiac</kozukaFundiTab>
    </tessera>
    <chattedKurumbaGodful nitre="vedanaJumbosPagod" gheesMilord="934" garget="bigramHidings78" canelaSupple="blijver3397" pfui="beweepsSarwan" msecHoises="9971088">
      <fraus>lakersTakings</fraus>
    </chattedKurumbaGodful>
    <damsonBrothDmarche extFaltersLori="defendUncrazy" redhoopAlcaic="thrushyAboughtHagi" carapGuaninsRazee="35742312">
      <pearlerFawny>wyoming</pearlerFawny>
    </damsonBrothDmarche>
    <chestedAcapniaCantons hallelWalkerBawbees="ingotsBlabs">
      <whissonReshareDigor>dehortsHermaiBoran</whissonReshareDigor>
    </chestedAcapniaCantons>
    <nauseasDochterFers pickaxRiceOnmarch="thriftyOcellusFossa" wainmenConflux="rebanZapotaWungee9381" frate="dewalVexful2" megaron="beast15">
      <mespilAntraShikken>kolas2</mespilAntraShikken>
      <garrupaCedry exhaledAcacian="boats55" snare="bindisDrovyBooksy" demibobMoharCogie="gnomonsSatrapyFibroin" latenPardineStangs="205">
        <icacoCurdle>psalmy</icacoCurdle>
      </garrupaCedry>
      <toadiesChieldsRiata grave="1578130" architCpu="egestaYeans" spondilSantimi="naiskoiPois">
        <ordealsSomdel>bohawnCharqui</ordealsSomdel>
      </toadiesChieldsRiata>
      <capesBurrowsSanct saumyaEwry="belongsShofarsBurrer" upleaptWheinBurweed="dudesPremenAslant">
        <cantdog>inditeAssaultFonder</cantdog>
      </capesBurrowsSanct>
      <anonangKithErotism>
        <viaticaBeg>44983550</viaticaBeg>
      </anonangKithErotism>
      <chanceUgsomeInglu>
        <ilissusReawokeCedrus>henbit</ilissusReawokeCedrus>
      </chanceUgsomeInglu>
      <peroxylHyemalPolyp ardelioFunkyGoblins="asphyxyCerris" scythe="tainanTaluksMater3" voluptRadeur="glod">
        <rasper>bighornNil</rasper>
      </peroxylHyemalPolyp>
      <fours>
        <qtr>yealingCinemasCeros</qtr>
      </fours>
      <gabert limer="prorexAtossa" konsealRehearEugenic="lull">
        <tatuasuCamailNaperer>demonry</tatuasuCamailNaperer>
      </gabert>
      <skrupulEloine beckon="tahar" saccade="enjewelLogiaEpoch">
        <smudderRemede>lumperOutwoveSnidery</smudderRemede>
      </skrupulEloine>
    </nauseasDochterFers>
    <fonduLinseys>
      <titrantBonangWeeness>renninsNudgeNappe</titrantBonangWeeness>
      <tawerShoatsSkulk laggin="louey8" sicariiSketch="sinwardHippest" cheepedTelpherTattied="ramona">
        <auctors>lulabRanalHiphalt</auctors>
      </tawerShoatsSkulk>
      <pudiano finkFinnishVervine="ajenjoFussedSleeve">
        <thsantHottish>tigroidKilim</thsantHottish>
      </pudiano>
      <alange mango="408034">
        <valorSpansGobi>pinataQuippus29</valorSpansGobi>
      </alange>
      <tailteCamacaReitbok finkel="2612" cuingDiauli="beardsWhilterPareil232">
        <corserHallionUvre>giftingWasango</corserHallionUvre>
      </tailteCamacaReitbok>
      <econSialoid forminBohor="merlonsSeen6757" aletrisYirr="glikeNifties" kaguLitresVacates="nificKetchyTaipei">
        <potcherStobs>colicinGladys</potcherStobs>
      </econSialoid>
      <prudery erotemaEgotism="spinalsWaheheVicars" accederGrapedAlbino="untrueNapaeanPrevote" slushedAugersLevyne="axonesCoffPlaces1" cadesse="878683299">
        <yaqui>virlAuthors</yaqui>
      </prudery>
      <byssoidSpurgesDiffame resack="ossa" algousAided="vastest" phirozePaintsTabered="87624" groggy="86">
        <morayCaffeolInsanie>nixUnhat</morayCaffeolInsanie>
      </byssoidSpurgesDiffame>
      <foxPentoicStogeys twelfthBluingsDicast="dibholeFishlet" leases="263935036" alloysHalloo="507722">
        <jonesWeasandRies>vainerTricklyDeanery</jonesWeasandRies>
      </foxPentoicStogeys>
      <salutesWrossleSerta julius="firster5">
        <spiring>tiepinsSizably</spiring>
      </salutesWrossleSerta>
      <golp zanoniaPlang="tollonLithiteLining3288">
        <reefersUranous>ullingFoaledFumy</reefersUranous>
      </golp>
      <bacca lituite="912384037" clowMithanPuggi="dollopsBuffone10" nock="dulled" peabush="apepticOneiricCalcomp">
        <ifreeBramblyShamed>skiver</ifreeBramblyShamed>
      </bacca>
      <praoJapedYowlers reetJollHonor="elflandMestlen" mgal="kelterMarkusBagani" stogeyLippyFondle="buglossModulus" cotchLaccaseCoquito="strypeUsnea2">
        <japingStones>gumsGrime</japingStones>
      </praoJapedYowlers>
      <perfuseAthenee>
        <doitedMetric>clement60</doitedMetric>
      </perfuseAthenee>
      <naphthoCandleBans>
        <khalifsDecrescGoralog>92832</khalifsDecrescGoralog>
      </naphthoCandleBans>
    </fonduLinseys>
    <polonyVelar>
      <demalYlems>19248</demalYlems>
    </polonyVelar>
    <spelmanAkelasGuitar rossNardsJoints="prooAustereKecky" luge="ominousSuperbDogmas" kerman="oozoidRosetan" apiculi="communa" theyaouMandyaiGwen="59923121" crumbyNasally="redbugsSerapesPatrol">
      <hoarsenRepine>308852251</hoarsenRepine>
      <broguerAhumIapyges nipplePicardGazy="boortTubemen61" unfoldsUrases="hyraxEnvault60">
        <carbonsStereidThixle>ravensLitusSwankie</carbonsStereidThixle>
      </broguerAhumIapyges>
      <colourHaetsSwell>
        <coniaDoless>opalina</coniaDoless>
      </colourHaetsSwell>
      <ficary endoute="exhumerDataset" saunterSheetyPridy="nonionEdhsOutwash" natInshave="gremialCuddie">
        <jason>uster</jason>
      </ficary>
    </spelmanAkelasGuitar>
    <diapaseMadmenNiduses>
      <dittoed>52</dittoed>
    </diapaseMadmenNiduses>
    <monadicStouryEneas>
      <fogrumPowdikeNeume>9624</fogrumPowdikeNeume>
    </monadicStouryEneas>
    <cogida>
      <byreman>summingSuaverNooning</byreman>
    </cogida>
    <salablePynung bookish="iztleSubzoneScall" rennComatikDisrout="syneStalagsFellage" sundari="anay">
      <bolled>auneGaboonsPsalis</bolled>
      <gynics spiremNogaiTortil="faradayPoetitoHaplont" netmenSoulyTruster="21" mudfish="6549" growseIjoAtrophy="stipply">
        <milnerAgamianBenzyls>eilaSarum</milnerAgamianBenzyls>
      </gynics>
      <fidfad snobber="eringosIsotomeSwidge">
        <rewraps>98361</rewraps>
      </fidfad>
      <teenerIpocras sleeker="338091">
        <violonCivoryRissian>propsCucujusNowch</violonCivoryRissian>
      </teenerIpocras>
    </salablePynung>
    <wreatHitoshi>
      <quellsIslet>devoteeCootch</quellsIslet>
      <outban awkChiverUnfew="kedgePeacoatInfamia" cashboxAwaldSimaba="petkinJacalsInlet7">
        <atwoPalachSolatia>claimedHeir304</atwoPalachSolatia>
      </outban>
      <finingsSnaws citoler="mordCushagAdorn" hyeniaVinca="sensateAllotedOmen17" caval="tripled17">
        <coyestUnglad>beerAreca726</coyestUnglad>
      </finingsSnaws>
      <telaQuayful>
        <gunsels>orkeyGon</gunsels>
      </telaQuayful>
      <babaSiusi ethenesJundies="umbrilProfaneTogs">
        <cliona>harlsDassies</cliona>
      </babaSiusi>
      <hadjes tapirsOrpinsCagily="ginzoFalisciSucks" aruspexTombacsManchet="menta" fido="mehrdadGrowlSlogged7466" tummer="mayapisCaribi">
        <waftyEnlay>sundays</waftyEnlay>
      </hadjes>
      <waitersCloyedScilla loadumGordon="baikie" perrie="439" nickingHalesiaSaging="amayWanned">
        <assumesCatskinUnlit>dreks233</assumesCatskinUnlit>
      </waitersCloyedScilla>
      <ineptPityingCopis turionGuggles="massyRefect" trisome="charmel" hissedCapcase="sleddedDrillBayish">
        <entomicCoignsSeagoer>acraniaMikes</entomicCoignsSeagoer>
      </ineptPityingCopis>
      <nosuCangy motificVirgil="1063" dmarche="damask6114" boult="aldimeBevvy">
        <tonsile>amotusOutbled</tonsile>
      </nosuCangy>
      <olefinsSterno covetedMosel="nosigDeckersAvgases" severeCurchWaxbush="720140351" abluentBrahmanOnce="lynnSpiculeMoolet4448" fuffMeritEquipt="soyled">
        <horsify>jugularPunicaSaddhus</horsify>
      </olefinsSterno>
      <reciterRhythm>
        <inshadeSpikers>gungRooter</inshadeSpikers>
      </reciterRhythm>
    </wreatHitoshi>
    <embed thitsi="folioleDicotylJuglans" waacEve="23159" broeboe="countyKapaTeioid">
      <jettonWoubit>sphalma</jettonWoubit>
      <pigMelinis seaghanCanvassBisync="retellKallimaAnilic" spoachColat="horreumPlebes" yellerWaggonCadged="cardoon">
        <spudboyMalkinLungans>zygoseHigglePotcher</spudboyMalkinLungans>
      </pigMelinis>
      <festinPiqu aftKnoppieMalonyl="rokelayCoydog">
        <roodBoozed>solidumLofting</roodBoozed>
      </festinPiqu>
      <vermesMangyan fidding="stuart" corsacUntownTubas="swampy">
        <tedescoAutocabScripto>merciLevirJouking</tedescoAutocabScripto>
      </vermesMangyan>
      <guiltyTowies trojanBrankyFeeless="outshotHainch" voilaDocents="toastyResawUnloath">
        <kicksSadironRicecar>111950469</kicksSadironRicecar>
      </guiltyTowies>
      <flattopCovingsUnwiped>
        <bodikin>blas</bodikin>
      </flattopCovingsUnwiped>
      <paguridLiker compsNaggle="blah" rifestBirth="blattiFigurer" softerFloutedHeuau="burkite">
        <lamia>stipate</lamia>
      </paguridLiker>
      <eugonic zizit="goulan">
        <sorned>89498</sorned>
      </eugonic>
      <foalAcaleph glyphicSkully="6868373" notistPilgrim="kirtleWakeel" boweYanderGranam="undealt">
        <casaviYuckleMusical>subdialSotteryUnwitty</casaviYuckleMusical>
      </foalAcaleph>
    </embed>
    <unvague sabes="16896391">
      <khadisMoosaFilmy>ruing</khadisMoosaFilmy>
    </unvague>
    <delesCotwal apogamyUnplaidUnmagic="burellyLaglastMosul" ashamedOxphony="liegesWidest" spretExploit="mamotyEpilog" reheapCoopeeRatha="fusee" arzawa="rancourZodiacUpdried" duliaWreathDodgy="5632">
      <todayNana>63497</todayNana>
      <daystarTakersSwilled>
        <terzina>scranLysinesStouty</terzina>
      </daystarTakersSwilled>
      <talaje freath="caftan" bulbedFarseerUnpoise="561525" jerkingMangosTuyers="fateSnithe" effate="asiansObeche">
        <bornyl>copprasUnthankFarer</bornyl>
      </talaje>
      <arrasedCrenate caritas="costed" scowedExult="pepperAflush184">
        <loathesTenutiSwiping>irianHammer3816</loathesTenutiSwiping>
      </arrasedCrenate>
      <aramaicCunilaYakked tramperStertAnima="engird" excelsPieshopKerfing="bistre">
        <glump>phaet</glump>
      </aramaicCunilaYakked>
      <spacing coelderPisachaTiturel="goodsDeveled">
        <tunicaRespace>dimane9057</tunicaRespace>
      </spacing>
      <maleateHennesShnaps pyrrylInwheelOdinic="cabuja766" honzoTanti="garfishPilinBajan8322" chrysid="5" mitisCurtein="pooaHnyNymss">
        <fageTokenFcomp>9</fageTokenFcomp>
      </maleateHennesShnaps>
      <mataiHaymishRayed journeyWurrung="4">
        <ldg>brawnyPatty</ldg>
      </mataiHaymishRayed>
      <wowsersIgitur centage="urgersVirousStiddy" celledClique="inopineWaypost7" kaldaniBailoutHeize="setose" fanjetsEspyNeemba="ghastObols">
        <cutdown>zoogamy</cutdown>
      </wowsersIgitur>
      <lispsDose>
        <jackey>externeLatania</jackey>
      </lispsDose>
      <sprit ritesAmbersGunebo="magneto" misgrowBusbarSciatic="peelmanAubinBanger3582" jejunaMappen="49" antenorCtimo="saugersWendeTortor">
        <menialIodizeZaphara>outcureJobbed</menialIodizeZaphara>
      </sprit>
      <vauntieContraRelessa ragedShivoo="8">
        <bourock>pansiedFardelsMyrt</bourock>
      </vauntieContraRelessa>
      <femoral>
        <screenoYahwist>cypherSaging</screenoYahwist>
      </femoral>
    </delesCotwal>
    <hadiths>
      <scatMinum>drawkHighwayThrice</scatMinum>
      <squeezeStigmal syrupTalter="lansing" feruledGoldtitKnatte="yardful">
        <skyreKimchiTarente>maybeAitionMarnix</skyreKimchiTarente>
      </squeezeStigmal>
      <leucinsIsatic staminSpink="87509" lenchHognutsFliting="59">
        <salletsKuttaurGemmary>beliing</salletsKuttaurGemmary>
      </leucinsIsatic>
    </hadiths>
    <trochTownfulHickish>
      <exhibitOlidCray>mameysAmandin</exhibitOlidCray>
    </trochTownfulHickish>
    <doughtTarmac>
      <rotula>crocardCrociJoanne</rotula>
      <lobulusGadeEthene kaberuBubukleOkenite="peachenStyloidPunted" tiao="hauntsFemicHexoses" mantra="guanche" brawnerPiasterWadable="somatic">
        <chequerCuscus>insurerUndailyMckay38</chequerCuscus>
      </lobulusGadeEthene>
      <clocherFlierBetween anoints="shreddyHob" bunkingAbbeysCern="arupaMisknowRuins">
        <filtStogey>telia</filtStogey>
      </clocherFlierBetween>
      <kischen romicOzonizeMunsiff="uncosMarrano2" uncakedFunnels="biotin" flinder="prezonePagod5">
        <tunica>infield</tunica>
      </kischen>
      <bromaComboRefalls defiers="hamaul" wincePolaranEyer="staker1504" aeraria="glade" croapeTrochee="fogbow">
        <chaco>79</chaco>
      </bromaComboRefalls>
    </doughtTarmac>
    <decisis>
      <tackerSodiums>diluviaTogged</tackerSodiums>
      <lygaeidNabalusBoleros overlegJewlike="fuzzier4709" boller="propman617" teeteryTailpinFlunkey="solitonDismastFecund" scrolarTeaing="aracanaScunnerPayeny">
        <tievineSnewCarvels>rauriki21</tievineSnewCarvels>
      </lygaeidNabalusBoleros>
      <threnos>
        <seculum>ratineCuddlesPalters</seculum>
      </threnos>
      <ambalamPanadasSunnism sangasDibsPhytane="traces" adsumLucid="unstoneRead" botargoRelicts="5">
        <beira>zoqueOcimum</beira>
      </ambalamPanadasSunnism>
      <avowed arrackOidia="aufgabe" gluingEppieFytte="slotmanEyryCaite92">
        <nitons>gilderCynthia</nitons>
      </avowed>
      <costeenTraps>
        <limenUpside>cuttledAdorantRelents1</limenUpside>
      </costeenTraps>
      <airfoil chukkaHostalSteeply="quaskyRefreshBinders" abattisIdlersPlumous="staggedTalckedArcsine">
        <tottingValuateKecky>7726</tottingValuateKecky>
      </airfoil>
      <linje>
        <humlieCloning>curvesVajra</humlieCloning>
      </linje>
      <amainBubonicFadding>
        <titterRecostHagweed>reenjoyRahul</titterRecostHagweed>
      </amainBubonicFadding>
      <naulageOlioDandis gatherQuinces="733" tahsilsSeaming="dotletNutmegsMero" cheepPaseos="sleechSlightMaranta" hatt="63736">
        <crewetFiredogSynedra>uplakeSamhitaCeibo</crewetFiredogSynedra>
      </naulageOlioDandis>
      <quasarsGarbing tabithaSlopesUnfree="87514020" fenniciLenient="talonedBosks">
        <bowels>vinea</bowels>
      </quasarsGarbing>
      <gleedsImamNerves nestage="gurlyNocten" paeony="hoodooDecamps">
        <phaser>honoraAsthmasGieaway</phaser>
      </gleedsImamNerves>
      <eslisor joubarbLaur="muspikeCanfulFamine">
        <dulcetVillPousse>reopenHajilij</dulcetVillPousse>
      </eslisor>
      <guaranaRustier skerryInopineAmal="envenomDurryHoyden6" wileBanjaraMiladi="stompsVinataReendow" porellaQuaversWobster="236233971" lwmTayassuErotism="antresLogicsMoper">
        <jadesIraqUnvivid>stbdSparserFluter</jadesIraqUnvivid>
      </guaranaRustier>
      <mujiksSarods saltantBijasal="verdugo" gelofre="timeout" malapiKakar="85">
        <araceae>mennonPalpus485</araceae>
      </mujiksSarods>
      <swelled spook="leaned">
        <papuans>captansDefenseFezzan</papuans>
      </swelled>
    </decisis>
    <caffreWhilstGelong>
      <plandok>ganoinHypothSheyle</plandok>
      <wildly>
        <emirBrokers>9</emirBrokers>
      </wildly>
      <seisersPlenipoUprun eadPoudretReunite="2105849" humerusSongbagGrammy="pandar2">
        <momzer>padeyeBulkage</momzer>
      </seisersPlenipoUprun>
      <jajmanUllagedGulpin zootype="estatedBehewSlushed" hoihere="crudelySerpent">
        <amanitaHaets>paruraAphonic8</amanitaHaets>
      </jajmanUllagedGulpin>
      <parsecGateNispero>
        <unfiled>8407</unfiled>
      </parsecGateNispero>
      <ungamyRantism boguingMacaco="83100222" fatuityEponge="pullersTailorsSokeman">
        <roquetGyttjaAguise>diptychBancos</roquetGyttjaAguise>
      </ungamyRantism>
      <utilLanista burnersBing="shrubFranzMajors" sotsAssizerShaban="freudRiyal" jibbons="nimshiOlympic" unsteps="rhebokSistineDhootis">
        <makeEntrees>okoniteHexose3501</makeEntrees>
      </utilLanista>
      <glisterQuinicSemsem inhale="spored603" ravineSnibel="177342" capersBlowenBerendo="aspisSocietyMaguari" becPinteBordrag="89281">
        <bints>deddy</bints>
      </glisterQuinicSemsem>
      <addictQuaff snead="kurubaSamiteMeharis" hurst="880" cestas="78" scunnerFiatSaggar="tropes15">
        <misledBushlet>seineZonulaCloughs328</misledBushlet>
      </addictQuaff>
      <titanic>
        <dodoismFrancia>osaminAlce7400</dodoismFrancia>
      </titanic>
      <whopped accidieUlitisAnosmic="87">
        <buddedGunneryBulbus>dots</buddedGunneryBulbus>
      </whopped>
      <lavangaMuscoid>
        <rebrand>2752</rebrand>
      </lavangaMuscoid>
      <amburySharkyBikie koreaToughsLoot="raxes" upatticDictateMisgo="shiplapMalt">
        <harpingGlossicCrawly>barmRebozos640</harpingGlossicCrawly>
      </amburySharkyBikie>
    </caffreWhilstGelong>
    <aitches>
      <addictKenspac>249</addictKenspac>
    </aitches>
    <bedrailRanch unpiles="coadmitSavateFurivae5337">
      <empeine>legrope</empeine>
    </bedrailRanch>
  </bookit>
</caeca>