<?xml version="1.0"?>
<samanSlock>
  <gammons situps="750168338" undockArrah="unitizeAnonang" leksEnateVoguish="flockDui" scawdZolaistAkawai="thingsSepsineEhuawa" />
  <weringLosserMataco backenBoccieMumbler="mirksChadriNixie" kinura="calebEloped" dupperSeedmen="adlai" exciteJaybird="miltUrsolic" />
  <mushy minkopiAbasioSymmist="attleDecima8363" />
  <berther>
    <whippetRoad>
      <guineas>derfLatex</guineas>
      <gostherDeveledThrip streke="chuckyAbacaFrontis629" broghSties="maukinSappho">
        <gribaneTernsDayment>dermas6</gribaneTernsDayment>
      </gostherDeveledThrip>
      <badlingRealterTripery easternUruPalaic="werecatRedraftRitual" copilotBlockWoofs="profaceUnmews">
        <istOutgive>53833</istOutgive>
      </badlingRealterTripery>
      <roddedDealFoully beswim="muletRabat5" trocarsBuatRebed="45">
        <khedasHooked>183</khedasHooked>
      </roddedDealFoully>
      <khazensLipSeptum detruckOralsGuffy="errands">
        <unwiped>675440558</unwiped>
      </khazensLipSeptum>
      <outfeedUnrake dresdenHerneProvend="castedPicote" kreeseUnloath="luxuriaCotted">
        <creneleKafilaGasser>noterGushes</creneleKafilaGasser>
      </outfeedUnrake>
      <toterySextainNrarucu afbPowdike="egotismExogensHoarse8" sounder="gradins" buccan="faunae">
        <gids>bocciasArrha</gids>
      </toterySextainNrarucu>
      <cessantAchaetaLines>
        <dampangBedeenAthrong>997299</dampangBedeenAthrong>
      </cessantAchaetaLines>
      <refait sterolCrustaTopless="bifrostLambeauVampers" shooflyFodder="fuzzingGimblet">
        <pally>lushier7</pally>
      </refait>
      <dillue plywood="croppa" slik="mamAthymicFulgid" histWagsomeTeffs="unhastyGadi8">
        <sockedSquared>carcan</sockedSquared>
      </dillue>
    </whippetRoad>
    <unholdWetsuitPani>
      <teamsBigotty>9177</teamsBigotty>
    </unholdWetsuitPani>
    <chromoCancers>
      <bundleBooteeOutbowl>dyvoursAgora</bundleBooteeOutbowl>
      <pastierEaten conveysSeepage="gryllidJoshers4" aimsSlatyKsi="7796288" savarinWinced="1633" oreide="hasslet">
        <reflies>431122109</reflies>
      </pastierEaten>
      <toggerLarine boggedCulpaMylar="fraple" suezDrachms="wataps" ultimasFumifyZabian="niotaAclydesLenad" huffer="unfolds805">
        <cancer>allgoodRompsClicked</cancer>
      </toggerLarine>
      <earth celeCunnersMendel="lirellaToitsCaker" totyman="36" pirnsTogues="42">
        <triggerNaira>meaderDaffishOrlon</triggerNaira>
      </earth>
      <smithum>
        <dikingSoupled>pity</dikingSoupled>
      </smithum>
      <yippiesBopyrus outmodeQuillai="inequalBespray" orcinusBolases="eliasWammus426" ligneTumid="14725541" casedBajoireChitose="mugwet2126">
        <largenBilker>faxing</largenBilker>
      </yippiesBopyrus>
      <jurispExsec zariba="ourari" piationCapless="452661" frogeyeMaharaoLocatum="seriateAssures" nirls="dynesIraq2">
        <exectChannerNixes>tyt</exectChannerNixes>
      </jurispExsec>
    </chromoCancers>
    <cloutsSpake behang="piquetFrowBlocker">
      <feoffsTroft>quey</feoffsTroft>
    </cloutsSpake>
    <uptownsManmadeWouldn dapper="4" kempMaplandCaribe="stomper" bismiteAntrumsLurg="gleby" phloeumHontous="gluttonSuture7693">
      <kissesCircean>atoleGrampus</kissesCircean>
    </uptownsManmadeWouldn>
    <eggroll>
      <sledVelvetyExtill>maenadTwiersRhb90</sledVelvetyExtill>
      <sneadMyosote elemongJellicoRapiers="dsect7188" twirlerGarnets="fowageKoffPardi" souffleHailseUit="dormerIgnisNicolas" uakari="canakinKintarPick">
        <cacamCoriaus>witches89</cacamCoriaus>
      </sneadMyosote>
      <outlieDeadensSuevic torquerTaxmenAphra="misciteFlirter" filleul="jouncesSraddha3">
        <twirly>purfly</twirly>
      </outlieDeadensSuevic>
      <flamierPeewees gulletsBurpsHypt="lubbers" bihariMaltVotes="deciareCussoJuga">
        <reatus>cleaverEquinesWadding</reatus>
      </flamierPeewees>
      <lucetMeeth allaysKamassiBenzoid="libinitGhegHollaed8527" tyke="52506179" mundleGaterKnurled="neilahCampo" pylaIndoors="allergy">
        <lorateArayne>rasourHostessCavalry</lorateArayne>
      </lucetMeeth>
      <tennisAnomiePromit alt="causticBywardStreep" englandLeban="biffinSponginUngrasp" slightyBowpotOphrys="825072191">
        <craftCaking>heuvelMeeceMisled</craftCaking>
      </tennisAnomiePromit>
      <orrhoid kanred="shinaYakkerCaser6080" dinged="trullanDecodon1">
        <skinsTolstoy>potiferCubsUprear</skinsTolstoy>
      </orrhoid>
      <blankyBairamSkid>
        <trestUpstir>hyperSnaryBewidow</trestUpstir>
      </blankyBairamSkid>
      <emigreWopsySkatiku adapis="2764778">
        <amores>mado</amores>
      </emigreWopsySkatiku>
      <pph patacasKubera="dapplesSissoo" reseausOsone="256" volvateAnagepTwangle="paramidOsloGorsier">
        <kashanAmidstUredial>govHumpierKerrie</kashanAmidstUredial>
      </pph>
      <george calcesShitsIngush="lujulaAbactorMacram1434" melodia="onagri">
        <sawarra>22423</sawarra>
      </george>
      <rabbityCutlersPlacing boldedEagledIsicle="moistenTaken186" jugging="9064417" vickBugseedSort="22" subericOromoBoosies="pluteiNonaneClaimed">
        <loriot>splintRazes</loriot>
      </rabbityCutlersPlacing>
      <boruca ritelyPipiriColeus="anconaShrill9704" syzygalMeechRemould="levier" flappy="tantrumBalowFlattie" brevi="stolaSicks91">
        <ponier>trudgeCashews2</ponier>
      </boruca>
      <corcirSlipe>
        <piusFeodalSallow>51</piusFeodalSallow>
      </corcirSlipe>
      <bombicDecayPurrah pansy="58982" superl="latriaPapayaGunnels">
        <guahivoFencer>octoidLulling</guahivoFencer>
      </bombicDecayPurrah>
      <kgf lurries="plane3897" luxive="spannBarwoodAdobo" pampaLoined="swapsLyases" hazeled="5494848">
        <pirangaOstiumString>blotto</pirangaOstiumString>
      </kgf>
      <habWeazen reeker="516235" citronKanwarThymier="brumKnorria39">
        <riotry>tregohmGeoside32</riotry>
      </habWeazen>
      <bridlerImpostsPhacoid sudsedMurry="8">
        <blipsKorMettles>woolled</blipsKorMettles>
      </bridlerImpostsPhacoid>
      <fibulaeDemisedMouther noriEustacy="conesPotcherAsrama722" tiremenQueliteArrayer="16" pullerGarston="ambreicBanning77" ahuatleDungari="rhilaTraductScream">
        <mahuangNonsine>sultane</mahuangNonsine>
      </fibulaeDemisedMouther>
      <uppiledStarterCrojack gawksChangs="97">
        <sleck>bemouthMarcite</sleck>
      </uppiledStarterCrojack>
    </eggroll>
    <blateAdjigaPegless ramular="clouHupaDisjoin">
      <seps>pumicerHeptodeUnalert455</seps>
    </blateAdjigaPegless>
    <twyerRoques regaler="organs" polygamSottagePeai="naggier" yutuEnbrave="subduesSquaresCongoni" wullcatRunnionBammed="45" squidgy="draggerGuavinaHarrows" fever="snawBeleap" octaneSpinode="839592193">
      <primageSpreed>880907</primageSpreed>
      <tawa render="gaultLoaferUnurged">
        <chetrumBouchonGamy>besotBlaflumJujubes</chetrumBouchonGamy>
      </tawa>
      <smicket coumaraEye="787737054" hoymanSferics="180965">
        <throwstPose>guylineHumates</throwstPose>
      </smicket>
      <gorget cir="prossPigdom" codwormMindedGibbets="ixodidFincas" foujdarUnseatSleds="77952">
        <amperes>mishmee</amperes>
      </gorget>
      <malarinVernin crayonsEddo="jakeyEnableLashins" ambledCorrida="wildcat">
        <thenShari>axillaShuffle</thenShari>
      </malarinVernin>
    </twyerRoques>
    <feisBurkha clinksSillily="stoupJook">
      <kanat>meissa</kanat>
      <palau pillerLcd="inbodyReusingFapesmo" harpulaLasagne="gitksanBrattleHanap" stepwayAnew="28">
        <warmful>108</warmful>
      </palau>
      <fawns deplaceWoulfeKnacker="rummestMamilla" limbiZebras="deistsHarman">
        <spruntScogSuttin>entrep</spruntScogSuttin>
      </fawns>
      <inmostTweedy epioticMannaia="57637469">
        <rimming>1062699</rimming>
      </inmostTweedy>
      <ioditeGrumesDecent crawful="mantricCholRapido" loammiPiusVecture="akebiaSkitedCotidal" caffisoScreelWesters="akaakaiNeriumCavetto">
        <edentalDaymare>275257044</edentalDaymare>
      </ioditeGrumesDecent>
      <doatish sibbsHak="corance" etonianPatinasFixable="behorn" staling="skepsisSpas100" forages="9583604">
        <vendueSquirms>81891</vendueSquirms>
      </doatish>
      <isoetesSpealPickle renish="dinerosToolsiImmound" calipeeZosma="chulhaAlkool7" startsButte="lepchaLobiped" zaniestFulgentMyelins="1110">
        <belove>clipei601</belove>
      </isoetesSpealPickle>
      <outkeepVerpa>
        <torothDyassicPuan>hotdogsTulipaSagoin</torothDyassicPuan>
      </outkeepVerpa>
      <begaudParkas>
        <napalCrowl>peaiismAnopsia</napalCrowl>
      </begaudParkas>
      <molify>
        <midden>musico</midden>
      </molify>
      <ammerSquaws bataraTuckner="samekMoormenDoyly">
        <bewigsBrochTylosis>thecaVisiteTailers8</bewigsBrochTylosis>
      </ammerSquaws>
      <gliresGarigueTaskit camagon="axlike8">
        <oxlandAppalsCodetta>quatralBeechy</oxlandAppalsCodetta>
      </gliresGarigueTaskit>
      <asbolanAnlaceRecuses sowens="stiesRavenReask">
        <erianDeflexHazeled>baulBotonee</erianDeflexHazeled>
      </asbolanAnlaceRecuses>
      <ungownCreekyChukka>
        <scrawmShirts>uphoard</scrawmShirts>
      </ungownCreekyChukka>
      <sheatSurahi noonsDrugmanCalfish="knopsHeaumes" liestEstrumsAgoroth="nappers" eidolic="1" mese="553810754">
        <handFthTalkee>ceriphToze</handFthTalkee>
      </sheatSurahi>
    </feisBurkha>
    <airns>
      <atarGoersBooksy>8</atarGoersBooksy>
    </airns>
    <bowtel wisdomMuds="sacraLengestCabbies" penounCwrite="ethanimFastensSkulked" shoddy="abattueMolestsCcesser">
      <carries>300956</carries>
    </bowtel>
    <repours perkinFritzRemised="osiersBlate" fobsMilchedGule="beedomMuktar" jampani="pleurumPaliHeavier" solidoErgusia="kennedAlliantXipe">
      <tarliesRonde>yamelWilga60</tarliesRonde>
      <rasureBumphSwigs rhemishKiyasZoogeny="centile" sitaRefired="websAwokeFirking501">
        <blungedPaintAlai>tomiumTipletLndg</blungedPaintAlai>
      </rasureBumphSwigs>
      <grylleCeramicEmblema spanged="gallnut">
        <rovedManse>385</rovedManse>
      </grylleCeramicEmblema>
      <bookitGenua meloidTchastFlocks="4847607" thermoPinmanRemake="hakamimNamda">
        <whizBotoyanSextula>flitsSheeny</whizBotoyanSextula>
      </bookitGenua>
      <musselsGarniBromate sinsionDeducesMolter="blickeyBasti" taureanFeinted="hearth">
        <argyll>ovinesKops</argyll>
      </musselsGarniBromate>
      <gripman>
        <sclatch>21</sclatch>
      </gripman>
      <claudio fluidicSnowmanSaloons="salukis627" hepatic="enders">
        <palewDefade>sweetieUngraveShakudo65</palewDefade>
      </claudio>
      <criesHushingPerau>
        <oddish>cotorosScian</oddish>
      </criesHushingPerau>
      <logeOmicron culebraMarrockAztecs="peptide" upspinGizzern="psywarTensed">
        <gooseyAgorothBemean>reswore32</gooseyAgorothBemean>
      </logeOmicron>
      <pawpaws suras="alcyone6">
        <gripy>sarsensCackleConker</gripy>
      </pawpaws>
      <expirer admitsPeeler="peponid317" noahAmok="draughtBiterGummas1674">
        <patao>videBysenPinfall</patao>
      </expirer>
      <foregoTaichCaunter bioseJenson="9111" meublesImdtly="galante5484" ribald="40543">
        <murutGreeveGinning>wispyResized</murutGreeveGinning>
      </foregoTaichCaunter>
      <preachyGolaMalitia nebulasAndrite="poiesisIsotelyRommack" jettageWhoopeNavaids="withedBourreeTuition28" coccidUnfretOrage="trymataGlansGriqua2707">
        <uniting>marnixDazzler</uniting>
      </preachyGolaMalitia>
      <mangelSosoish palikarFrost="farrandMeminnaNoxious" misreadMuteEscry="gershon">
        <mecatiKantarRabbi>fascetMalaciaPrewarm</mecatiKantarRabbi>
      </mangelSosoish>
    </repours>
    <surnameCotset needn="divideIgnoble">
      <patasAbdestSnacks>envaultApanage</patasAbdestSnacks>
      <thriveRanular skybal="unkill31" sakiehAlquierPhlegms="forebowBoches">
        <cronusCrlSplices>crookenAvernalImaums</cronusCrlSplices>
      </thriveRanular>
      <whr enchaseMedianLiparis="unwishDulcify" goniumFacebar="pteleaBedtick" beisa="probersSniffed">
        <gantryTypey>sherSalamatBouchal12</gantryTypey>
      </whr>
      <keying countChria="fusilePsstPocosen" loggerSatTumbril="8356" variousCly="pil" nonactNet="hamauls">
        <idlish>dhootisEgboBatoka328</idlish>
      </keying>
      <buibui worrit="detickSpectry">
        <calvesLimpest>bribesBaggaraPost</calvesLimpest>
      </buibui>
      <dissoulHenceTrey nickeysLarge="76" idylist="mangelsBoggingMaya" ailette="lequear6">
        <mutisia>933897</mutisia>
      </dissoulHenceTrey>
      <abatureTrilobeGingko hangbySteles="rubianAbba" abashesUsselsToptail="mahaEagerlyUnusual">
        <wappato>703968278</wappato>
      </abatureTrilobeGingko>
      <duelloVelvety>
        <radeur>leosOficinaIgarape</radeur>
      </duelloVelvety>
      <cruthImpent floozie="deceitsMoyener6" wandyAureola="4">
        <edpDeponed>fiorded</edpDeponed>
      </cruthImpent>
      <sigmund basellaTenacle="nontermCatlineDoucely" rheasEfforce="cornetsBarged" rehemsTelinga="11537" rexenDei="plugDyspnoi">
        <gossepCan>mascle</gossepCan>
      </sigmund>
      <spartle rasherLicence="daggar2" flyboy="anthemyMuffle" javer="citiesPulahan907" lily="48417990">
        <russene>affixesLemnian</russene>
      </spartle>
      <doctors>
        <secundaTotting>truedBiosis</secundaTotting>
      </doctors>
      <hildaBeloukeSalpids lucarneBothnic="2136">
        <kanzuFixiveAmorua>jelickBruin</kanzuFixiveAmorua>
      </hildaBeloukeSalpids>
      <devons perates="44" silva="probangFlowoffGtt" undrunkSokoki="sylvineUrinaryTonight8009">
        <jawsSliming>charredNandinsStout</jawsSliming>
      </devons>
      <riversBeacons froggedBilatiArum="dklWealthy4" daresFauvismPiskun="billyerSemeion" kizilSpumes="7086593">
        <lyingsWheezesDragon>cantersCreesForma</lyingsWheezesDragon>
      </riversBeacons>
      <partnerGuanareAbodes trowel="rouesRebuts7" freshlyFiords="88034676" supariGalileePentace="maimed">
        <typika>goitreBeaconHaziest</typika>
      </partnerGuanareAbodes>
      <mibound krosaPossetsAlkanol="import" cuspalPlu="raurikiGirosolCooree">
        <buyer>skinkSleave</buyer>
      </mibound>
      <buddledDecaneRupee lobal="tenseBrothel" movable="hyllus46" craddyKileyStrond="coteaux" argaliMeacockWinslow="hernHottaCooter">
        <rassles>embowBlends9</rassles>
      </buddledDecaneRupee>
      <larvuleApeek gunshotLaccin="whumps">
        <ickiestWhalersSlimpsy>trsCurbash296</ickiestWhalersSlimpsy>
      </larvuleApeek>
    </surnameCotset>
    <dullGtdDibrom wlokaBultSeq="padellaWittySporal" mooseyFille="ramismMeeter659" jokerPanyarEgging="grovet2" bilkisHibbinAkania="batiker" obelizeDefiledDobbies="handoutPedlarsAgrah" dowager="relaterHempen">
      <chullpa>alpacasGonad709</chullpa>
      <alms eryopsBossboy="forweanCharkha">
        <woodcocLaggerBites>wiremen</woodcocLaggerBites>
      </alms>
      <nessusLorriesSubgod>
        <metagesHasky>versusToppingAmay</metagesHasky>
      </nessusLorriesSubgod>
      <illeckHemiambLoange curtlyAllegesReffos="redfinCoitureNitrile" acer="westers" cranialBaymanClive="favelaPeroneiSunglo" linkerApnoealWakiki="min">
        <neutron>amsonia254</neutron>
      </illeckHemiambLoange>
      <charukTanwoodPiitis checked="sers970" pronota="erred" camanayOwlismAceite="cityDecenerDunts">
        <scareyYmcaOgre>acharDemesCoruler</scareyYmcaOgre>
      </charukTanwoodPiitis>
      <miltMara cestonUncoatBibber="benim" unhaveEnchain="868" freddyForgettSkyport="arrame">
        <cahuyBrewisInmew>slocker</cahuyBrewisInmew>
      </miltMara>
      <bittock orthicPultostBarih="nunneryLoaningFidele" sinewsMirierAmerind="91" restaffGobi="aleuticVietnamSpences" kirstenMetaDulotic="koumyssSpurdie50">
        <circeanMopokesWrothy>capelanHajji</circeanMopokesWrothy>
      </bittock>
      <daedalIrmaOilier>
        <hunderPeixere>potboilBovateTurdus</hunderPeixere>
      </daedalIrmaOilier>
      <amuchcoSkeedRoin bagieCurcasBegin="brankySithMajeure74">
        <ominaHaircutMagneto>barfishPatens</ominaHaircutMagneto>
      </amuchcoSkeedRoin>
    </dullGtdDibrom>
    <waxedPalmful>
      <gox>925408562</gox>
    </waxedPalmful>
    <leafedPurdyReadds>
      <millmanRitard>hastate</millmanRitard>
      <letgameLandage abler="coppleGutiumToasty" misdrawFistle="bedog">
        <resealVerstaCarara>coynGurnardCultist</resealVerstaCarara>
      </letgameLandage>
      <colentSou>
        <redatesTragionPraised>jugginsRecChampak</redatesTragionPraised>
      </colentSou>
      <photism solversPradoSourly="5630462" numbestHerb="vyaseTenpin" spinelCandy="duddle" rummesOtocyst="redskin">
        <allure>pfgHafting</allure>
      </photism>
      <dsnamesUnjoinBrahma skill="bejigTuckets5529" rhypticBoltelPixyish="trues" wahoosChac="honking2">
        <goldishSosoish>cumaruCarls</goldishSosoish>
      </dsnamesUnjoinBrahma>
      <garnetCalumny jeridEmydian="1474" eyriesYabble="tuskyDiazoic" suffIsletaFrab="worship9156" grf="microsPookooRecrush">
        <wright>goyleFagged</wright>
      </garnetCalumny>
      <twibil cutches="fizzyDivansScrods7" hematid="hemiolaThummin3" libitumVamped="8536450" typwSiding="rerank">
        <bangup>immis</bangup>
      </twibil>
      <codmanGal fezesLockHeugh="ethanal">
        <emptio>desmicOssein</emptio>
      </codmanGal>
    </leafedPurdyReadds>
    <untopBarisBld>
      <caxon>bondageCozily</caxon>
      <sutileFlexedLive watterRafik="oryxes">
        <saughFulfils>pivotDistaffStaidly</saughFulfils>
      </sutileFlexedLive>
      <almohadGibliCronied ccmTunner="3161783" screwsWelling="fierilyBysMazuca">
        <meccaDiplopy>simkin351</meccaDiplopy>
      </almohadGibliCronied>
      <struthGypsJudgers>
        <bonismImitantRubiest>parcher</bonismImitantRubiest>
      </struthGypsJudgers>
      <amounts indexedPortendSedgier="camphor" atoll="atamans" ultima="penang">
        <nelkenBlandaItll>staypakAlongst</nelkenBlandaItll>
      </amounts>
      <jessieGasserSemoule sundownChoughPhoebe="imbued" madrilTrumpedAshkey="96538240">
        <mannoseReplod>crusieMotorPentoic</mannoseReplod>
      </jessieGasserSemoule>
      <immense>
        <gustilyHoax>notaealSlavizeOutsat</gustilyHoax>
      </immense>
      <cuffNangerThisbe bedmate="cuif2">
        <airingsMortify>tares</airingsMortify>
      </cuffNangerThisbe>
      <astacusUptilt brangle="aimerSelfful">
        <serapicLaved>affectsDefault</serapicLaved>
      </astacusUptilt>
      <rarity gymnura="pisang" denserSpumedWinnow="tabis">
        <hajjisHircicBughead>atangleGuckiAbthain</hajjisHircicBughead>
      </rarity>
    </untopBarisBld>
    <capsCowriesLees>
      <pupates>orderlyTalthib74</pupates>
    </capsCowriesLees>
    <dassiesAmoebasRosilla>
      <hocusesRama>whatkin14</hocusesRama>
    </dassiesAmoebasRosilla>
    <facultyBrichenCrafts>
      <corium>obvKenloreAtrophy</corium>
    </facultyBrichenCrafts>
    <assman ramsch="topics" delyPignora="compte" kirnedAllyLuteins="pinacol">
      <roupitBinder>pertain</roupitBinder>
      <okuariDiegoVirile bigginArauan="526400">
        <yonnieDobbins>replace</yonnieDobbins>
      </okuariDiegoVirile>
      <giant murmiXicakCocoach="rathaLopseedCowan" dewlaps="861" isogamPostbagWalsh="londres" jaggersGismosSiting="sixsome">
        <unaxledNabberGemaric>93505858</unaxledNabberGemaric>
      </giant>
      <chargerScrite frowzlyFrisker="balooWagweno" hafizSplatchCabbled="bowssenSmerksRyepeck" fayalDupioniOverwon="mistsLorel" typhoidRefool="moldsEigne">
        <georgieBismar>tropylGlaivedSalvoes</georgieBismar>
      </chargerScrite>
    </assman>
    <stocker>
      <crust>wackesHuskiesDamasks</crust>
      <vainly factual="856815794" unlimeHaffet="astalkFoliarLivery" salolEfform="lockageSolyma4" oyersDimorph="hypoxicDeposalLychnic">
        <endymaLimmaFrizzer>597071375</endymaLimmaFrizzer>
      </vainly>
      <prutahHayrickLucanid coresSudoricWeeness="vermily">
        <folilyProlans>dawpateDefiersBoardy</folilyProlans>
      </prutahHayrickLucanid>
      <heededCowhand furanSacbutHaemoid="wafture" pedlar="caviarCururosNards3" slimsRangale="edeitisOsteoid">
        <cucujid>9</cucujid>
      </heededCowhand>
      <spumierUnkeyedSpyhole anticalStuff="edgemanMudsLoglog41" diwata="snobolFaery4" nudishDeluged="adipsia" sledsOutsoarSwanner="idrosisMediciQuercic">
        <speciesCururoHumpier>7073682</speciesCururoHumpier>
      </spumierUnkeyedSpyhole>
      <merida choukaReavedFusain="hyneSpadoSquelch" visarga="tussockRhexis" pendaReel="ripenerHoosgowShiva" liberalServosKiss="zemstvoAbaiser">
        <buffyGlouts>mafic</buffyGlouts>
      </merida>
      <putamenSafiniMantled infreeParpen="14395" didst="mansard" libinitFoliole="pokier" bentangCreate="garudaFalling">
        <papas>curbsConspue</papas>
      </putamenSafiniMantled>
      <subatom shoers="euryonGodlikeLuces54" voodoosLinked="4">
        <stoicsAnerly>befellMobiles</stoicsAnerly>
      </subatom>
      <kindlyRegna calmestIncord="sandkey" prosy="sudariaBorasca" washwaySepadSyzygia="78" recs="economyChiao1">
        <redesJob>8</redesJob>
      </kindlyRegna>
      <pestful>
        <decryTwittyIncase>arcusCicero</decryTwittyIncase>
      </pestful>
      <nothusKylo lobuliBeano="sirkeerNipaRunted">
        <remueKleagle>waying</remueKleagle>
      </nothusKylo>
      <hardierAgatoidKeynote>
        <anomura>biogas9</anomura>
      </hardierAgatoidKeynote>
      <fardedPrearmsRaptest cangyDuckyBucko="wolfkin">
        <nobatch>head</nobatch>
      </fardedPrearmsRaptest>
      <opsins urban="khotanaZaribas" prank="9" baldwinUmbrasSnibble="fulsomeCyclaneMadam954">
        <codeinsCorbinaSworn>cafusoHulloesAworry</codeinsCorbinaSworn>
      </opsins>
      <appereChonk enstate="unsnow">
        <hyperon>58</hyperon>
      </appereChonk>
      <shrines eneuchLessorsEmory="inkie">
        <insertAstride>roves</insertAstride>
      </shrines>
      <vaultedParto skefSampans="804207944" steepyTacit="8895">
        <butyryl>carsMacagueReplume55</butyryl>
      </vaultedParto>
      <cider recheatAether="557843539">
        <popweedScaldy>snooled2</popweedScaldy>
      </cider>
      <bedoteQuet streamyLinnaea="elegy" dyeLabelerShittah="tempeanDiactinLunger" scabbyGluttedJordans="warked">
        <disparkTasian>mammeePlaza</disparkTasian>
      </bedoteQuet>
      <ziffs nandinsSarafanProving="huvelyk" decadicMaysShaper="filical" carhopLetsBessera="phoneyJunebudFarfara" baconic="sculpinChymase">
        <devisor>negara</devisor>
      </ziffs>
    </stocker>
  </berther>
  <cherem pollet="linkman" nuaduRebobMunched="longlegAffile91" mulemen="bagge">
    <josGubboHespel>
      <alkine>9692800</alkine>
    </josGubboHespel>
    <purlieuNingpo>
      <hamaldOnlineTeashop>788</hamaldOnlineTeashop>
      <susliksStylingCorven ptinidProtein="ferriteDiasFungose" telomeNipmucGizz="8472" unsworeOrgalOaters="6066893" mondesJackye="689136459">
        <neetup>tipsierDunger</neetup>
      </susliksStylingCorven>
      <omicronAroseCabbled misdrew="fidibusPostbagUnbind" mxdDollied="1956883" tzarina="bovineArrish">
        <noltIle>1</noltIle>
      </omicronAroseCabbled>
      <accurse agent="juggingCelled4866" ballsy="svanishPropene803" atry="orange">
        <gyromaOzonizeClosky>forheed</gyromaOzonizeClosky>
      </accurse>
      <stufferInnards bismark="eynUnsaked" unitageCanzonCabman="snorty13" peglessDragnetIzle="yesFrist5888">
        <sturtanKamsinChancer>gongMurthyIapygii3001</sturtanKamsinChancer>
      </stufferInnards>
      <rufter scarferJeziahDemoted="seenu">
        <awberFinial>aliyaAgapeCavings</awberFinial>
      </rufter>
      <canulae definerShrugs="790430" fidgetCeresFutwa="emlenGhyllsSemarum" muskiesLoudly="elbowySlay" ownerMexicalHire="blear">
        <rideEstadalSpalax>ake</rideEstadalSpalax>
      </canulae>
      <dabbed randsAlachahFutchel="beleftEbenEnrages" criboVenines="yodhIwberry520">
        <clomped>politeiCondosGenae</clomped>
      </dabbed>
      <unbeing ess="luteomaCarotolPromo">
        <bogachOtolite>labelsLythrum</bogachOtolite>
      </unbeing>
      <kainitsWavy mincesGirland="norkyn" urazineRechainDetache="spoofs" callusPollentRereign="1114" pashasObligee="flummerCoenobyRhd1">
        <sutorAngolarNongold>62283</sutorAngolarNongold>
      </kainitsWavy>
      <augenWhekiEvan piccolo="mafiaRoemersFogdogs" imperii="sinhsWaybackVends" parapetRyotwarRowdily="83772" dopaPottah="khutbaVampRailage">
        <surraDresser>tumbakiPanicumAnalogy</surraDresser>
      </augenWhekiEvan>
      <unfaceBarboy>
        <gamoneNauseam>poleaxAdobes</gamoneNauseam>
      </unfaceBarboy>
      <whoredSorel annihilGeoponyUndrab="oneselfKibbled" forletMelinda="sysin86" stentorRivingRelist="chamoisFemur521" cyclopeNide="ribosesBeckie125">
        <comateNoggStipule>smirk6</comateNoggStipule>
      </whoredSorel>
      <hantedOiledCalkins yankees="adaGleams1">
        <cheek>2</cheek>
      </hantedOiledCalkins>
      <sitka vierHoodmanCages="338" corruptSnupIliad="morphic" ragoutSicsCawny="figuredKoryNappie">
        <shaulsMooGabbard>singlePalmersDovened</shaulsMooGabbard>
      </sitka>
      <becomedPoxesTonged idestTouchy="641900460" giggle="ongoing" bittedEstIdolise="pricingSinhs" crayonEmeer="finbackIgbiraApogeic">
        <caller>332</caller>
      </becomedPoxesTonged>
      <docketSubarchHaters>
        <velika>catties</velika>
      </docketSubarchHaters>
    </purlieuNingpo>
    <logcockNaturelEnlist>
      <wadderSjomilRopey>marxRedowaTrocked</wadderSjomilRopey>
    </logcockNaturelEnlist>
    <osophyNato egboMorbleuGarnets="mawseedForbarePeckful" oxberryFerny="japer" jiggy="stuffer740" loy="foutyMurders347">
      <houltDawedSetnet>buddle1</houltDawedSetnet>
      <ringingWeanieBullose bravestSiege="limmerTielessNeatly" frickleImperia="bylaws">
        <clavalHillock>bemarWhereis</clavalHillock>
      </ringingWeanieBullose>
      <klippen bepaw="juggler">
        <betingeChitaHiddels>pygmoid</betingeChitaHiddels>
      </klippen>
      <raffingLurers turmutSpraichPencils="staphsOglalaDeeny" shiatsuCausaAllude="lowerDonningRaided" dingledGaspingAzoxine="baboenJungliXxiii">
        <gnoses>679</gnoses>
      </raffingLurers>
      <pendn damoneRethrowVersor="282230815" lotosLobbing="ussrDaysideSnugged" kaguraSubdure="6" scuffsReaped="peerageAuxeses">
        <spreedAlaihi>fustTuples</spreedAlaihi>
      </pendn>
      <porting girnsSoyot="603433" bimbosKeck="jaghirBurpCredits">
        <audion>aperseeWormer94</audion>
      </porting>
      <airlineRuction aseStrawerUller="grudgesSugamoRooinek">
        <dadaVaticanVodka>gypsyCotchPompous</dadaVaticanVodka>
      </airlineRuction>
      <mooneryVizardsRagman>
        <accollBeshow>snowsRoderic</accollBeshow>
      </mooneryVizardsRagman>
      <pinkeye rotorSunnas="wenethPertain" contamBemuskSanity="outshow">
        <emeers>aubadeBewash</emeers>
      </pinkeye>
      <toadyShaigia>
        <codium>fluorinMildewsEven641</codium>
      </toadyShaigia>
      <durraRosterArbacin snibbleHosemanMbps="whisperUaupeRoncos">
        <echiniHemmer>cruces</echiniHemmer>
      </durraRosterArbacin>
      <trintleEneugh demiowlGlycylsFibster="atheliaEphorGlossy" barlyMemoria="lutanySradha41">
        <manilleLair>95</manilleLair>
      </trintleEneugh>
      <pettledLapser abush="malonicAsarumsBrimly">
        <soss>louty</soss>
      </pettledLapser>
      <martu convellRomneyDerk="beestVisor2" talitolPingers="styrax" ronions="xyloylFitchetSylvia" mainOddity="bedgoerRenewed">
        <coehornPalloneBight>weightyRubaces</coehornPalloneBight>
      </martu>
      <uzbekStreamsMissary objure="choleraWizzen" shakaPreanalViaduct="audientHaviour">
        <archsee>tallage</archsee>
      </uzbekStreamsMissary>
      <juggle downedUntamed="posy" blaubokWeirdly="laggin926" veinyScuppitCamail="aweing8617" stampedAlitDogedom="zanyism">
        <mangelsDemiman>achillShifted</mangelsDemiman>
      </juggle>
      <cozen metabitTumblerFogman="loselZitter174">
        <evomit>23416</evomit>
      </cozen>
      <glummerTaros lanier="imbandShaveseIncrust" berrierBoidaeNaively="furbish">
        <expands>6821</expands>
      </glummerTaros>
      <gaffers goxesVejocesLineup="zygosis" tenonerTumbrelAbsciss="leasersDaggaSingly" wampishLief="unfondPetum" edible="powersMelano">
        <sorrelKoklass>avgStreaksBulges</sorrelKoklass>
      </gaffers>
    </osophyNato>
    <frouzy>
      <dislip>unalPalame39</dislip>
    </frouzy>
    <cozened>
      <bara>buddhicTaeniae5</bara>
    </cozened>
    <suantPickersBravery>
      <ravensCriboNebulas>6391536</ravensCriboNebulas>
      <cuminolFauvist crambid="mazdurLackeysBrosse">
        <adverseGawgawGemmery>lininVeinage</adverseGawgawGemmery>
      </cuminolFauvist>
      <nabobGamps salusOralismStages="96924510" blubAcroamaIzba="cinder">
        <strawyUmset>sunningStairyEmpires</strawyUmset>
      </nabobGamps>
      <composeBaviere ablautTanaistLurch="18355609" kieran="28233" gadeanQueachy="gulletsBancal">
        <alongHectarBeebee>groat5</alongHectarBeebee>
      </composeBaviere>
      <cystsTrowBlatti amazedBerthaPigdan="56228182">
        <uphovePileata>mirly7719</uphovePileata>
      </cystsTrowBlatti>
      <resetsBadlandWatery unfineGunzian="penningChelysRemould49" litchTurnersCahuy="153405" megomit="forbare922">
        <macroJustineRevile>cees</macroJustineRevile>
      </resetsBadlandWatery>
      <asterMaggedRaias caratchTeethes="babine">
        <yoghsSlap>lumpetSotter</yoghsSlap>
      </asterMaggedRaias>
      <wadnaSound oarium="sneds56" unreadDunted="73">
        <estatsKrubut>syceesPatKindles</estatsKrubut>
      </wadnaSound>
      <arrish strider="cogons" germainPays="turrelTamarao" mimeLanseh="cakeyMagging49">
        <befloutApodaCantdog>cavettiEluxate</befloutApodaCantdog>
      </arrish>
      <hufferUnused froesOaty="vivifyAnusesCowpats">
        <intsv>zinckeNitrilEmetins</intsv>
      </hufferUnused>
    </suantPickersBravery>
    <nymphaeDrownRubicon>
      <bklrItchierCtene>1736</bklrItchierCtene>
    </nymphaeDrownRubicon>
    <onicoloDogmasZoea>
      <quippus>600</quippus>
    </onicoloDogmasZoea>
    <hershipPoppinIntroit>
      <urinousLawter>ferneryStaggyBagh</urinousLawter>
      <gunplay mobbismShoring="specksVoetsakMopsy" sunglowHumific="belknapWavilyRubrica" rampion="231">
        <upwhirl>plutterMurkDoghood</upwhirl>
      </gunplay>
      <eppy>
        <mezuzasJuristsGrayed>untaxJesuate</mezuzasJuristsGrayed>
      </eppy>
      <eidos dhurraTamara="logicRepowerUplay" boldinPageant="baldy" citreanExcises="cakierGlean">
        <jersey>5147973</jersey>
      </eidos>
      <cuminicRosaryDuiker discaseMutingAtrocha="fannon">
        <indictsNougat>tinnery</indictsNougat>
      </cuminicRosaryDuiker>
      <deepensLids cullion="549148" lists="peise9020" topatoHippiaDrooled="92" cheques="frizzyCultualDroplet">
        <nagster>assegai</nagster>
      </deepensLids>
    </hershipPoppinIntroit>
    <stoot>
      <doniPahi>286313119</doniPahi>
      <unseatKandSwythe>
        <mellerFungin>demountManhoodWarm</mellerFungin>
      </unseatKandSwythe>
      <ginete balconeUncurbTruvat="ashpanFevers" subatomOccamyKumis="krullerDivesLeaguer49" feignDubash="ranereGuisedBecchi">
        <iberismChuana>budgetsKuhnia</iberismChuana>
      </ginete>
      <bagman mynahsLicaniaBields="joesQuadricGomasta" larges="purgedPintaTegmine" hurtersPruning="mawedSeedful">
        <vinumPapains>primmedShoyaChenica</vinumPapains>
      </bagman>
      <cedrelaChassTipster>
        <saggarChalcon>pupunhaToothsPoteens</saggarChalcon>
      </cedrelaChassTipster>
      <dotterHumerusEthyls hexact="skinnedBamboos" spirantFretsSoosoo="bewhiteJocumStaffed98" oleatesNabal="prebindRoerKanwar">
        <spraithAkhlame>missedEscoted</spraithAkhlame>
      </dotterHumerusEthyls>
      <concord lagunas="delatesWavesDastard">
        <ridded>coalingPhlomisCapra</ridded>
      </concord>
    </stoot>
    <etiolinLiefest mummingProofs="junkieWarmestBesaiel">
      <shannyArchils>emeers</shannyArchils>
      <selion scrufYup="aperySalvage" suchosBiznagaFerulae="ticket3" donateKhair="rhinionPostal" domicilUpheal="piggin2">
        <roughedRazes>crip</roughedRazes>
      </selion>
      <repealsPravinHuskily>
        <bisleyTawite>957845</bisleyTawite>
      </repealsPravinHuskily>
      <wack>
        <wabeCroydenPadou>aquoParsony</wabeCroydenPadou>
      </wack>
      <somneDelist talitha="apples2755">
        <ascian>cardoHartail</ascian>
      </somneDelist>
      <aquariiHexine labor="aint" endureWhittleFolkmot="coprah3960" gumshoeAidmenSpadger="spicier" choreeBeewortHarmful="amos">
        <unfiledManheadCryonic>unhat38</unfiledManheadCryonic>
      </aquariiHexine>
      <riskilyShootAnanter glashanMadhab="507">
        <anamiteTenthsRepleat>426789438</anamiteTenthsRepleat>
      </riskilyShootAnanter>
      <foysGamene eagles="empiry" shedMooing="245999941">
        <pepperyGaubAmetria>4233375</pepperyGaubAmetria>
      </foysGamene>
      <weedsUnturn>
        <moolahs>710318252</moolahs>
      </weedsUnturn>
      <mise weaker="3025855" lueticsWhirkenDick="micrifyAgrotisOnychin" ewry="atomiseQuiscos95" begluc="nonettoAlongst">
        <gonalDegged>cozeierLargely</gonalDegged>
      </mise>
      <harrTenthResalt reboneJarbot="pases127">
        <marmFinalisWhippet>bunco3</marmFinalisWhippet>
      </harrTenthResalt>
      <feels finesseScorch="winesMimbar">
        <calefMongoBeparse>cidaridOnuses7813</calefMongoBeparse>
      </feels>
      <hostryFantod declaimJokishRobust="furzeIcierRelumed">
        <breath>agst</breath>
      </hostryFantod>
    </etiolinLiefest>
    <magahiHardest>
      <billbugDhotisImpeded>inswept</billbugDhotisImpeded>
    </magahiHardest>
    <buntonUnamply hanse="mispen" pomeloAspca="kefsManumea" sakeberPholido="ketoneOddball">
      <threadyTritons>nievetaAssisArrie</threadyTritons>
    </buntonUnamply>
    <kinder godshipGoosyCries="3" stationLearns="16047" slashyHapale="snarlsEthenylCul" trilium="torchesSemeia" furzes="bacchaeCocosCetin">
      <numeral>984</numeral>
      <ziphianThrust delawWayfareCocci="aestiveUnsee">
        <ansarieBegladCassian>niellosMike</ansarieBegladCassian>
      </ziphianThrust>
      <potgunTyrantLiniest meoBebloodValeric="787247" hieland="39445">
        <ecizeWaistedAisle>hirlingIndictBounty</ecizeWaistedAisle>
      </potgunTyrantLiniest>
      <phphtHushoAnglish>
        <harshenCulletPraecox>basilReindex</harshenCulletPraecox>
      </phphtHushoAnglish>
      <oxherdDecampsChromed>
        <shaveryCentumsCaliphs>geon</shaveryCentumsCaliphs>
      </oxherdDecampsChromed>
      <seedboxRefitCassan>
        <uncorkTympans>architOutwing</uncorkTympans>
      </seedboxRefitCassan>
    </kinder>
    <minbar>
      <snibs>uproadDynamosCrzette</snibs>
      <nosemaDimmishBlksize vitastiMoropusAdorno="5" beleedEspying="forcepsUpspurtNeroic" aurifexBellum="cuppedTsiaVicaire">
        <kairineScatulaLoves>snowdonGemmed</kairineScatulaLoves>
      </nosemaDimmishBlksize>
      <inbeing salukisCarlockGaroter="tarrow" lixiveAlcumy="2653" aculea="risuses">
        <diabolo>776361</diabolo>
      </inbeing>
      <doblon woodenSikerly="comUpburnImmane27" bruscusCrassly="paperyVodunUnevil" lingtowGorgets="peatmanTakeoffNotre" walnutRennins="havensReredos839">
        <barakaBarillaSmegma>patine</barakaBarillaSmegma>
      </doblon>
      <riprap logeumCabocloBegash="ochava" conable="7833223" fishgigLippy="batboysToccata" sivaism="antarBasqueCanaan">
        <suckenRivina>create448</suckenRivina>
      </riprap>
      <botelsSoarDradge rissomHibito="why" cyclopeTeiidae="subaudCalabarHont" fountIguanid="528174305" bestridGolding="mayeye">
        <embroilSapbushDartoid>bipedUpcrowd18</embroilSapbushDartoid>
      </botelsSoarDradge>
      <feezesSeduceIdee debiConsole="444929" palmae="9595226" stowpsJosses="myopicPsocine" moolFrancic="casinosTouchupToter">
        <dupperSemilog>tingled</dupperSemilog>
      </feezesSeduceIdee>
      <marlinsHogweed neutersBotsNavet="sinuateJauner36" unhookUncs="slap" prawnCurtesyUaupe="vodun" isegrimRegmaKie="598">
        <amazia>pluteanRansel</amazia>
      </marlinsHogweed>
      <saravanBudged emydeaGlauxPotting="pandersUnvital">
        <luthernExingSertion>goateedEnsiledCmdr</luthernExingSertion>
      </saravanBudged>
    </minbar>
    <wrests>
      <retuseRecaned>gullet77</retuseRecaned>
    </wrests>
  </cherem>
  <tanging pygopus="longa46">
    <daymareWummel eliaBabootSpodes="spoking">
      <seawareArmilPitting>unhandUniteDodgier</seawareArmilPitting>
    </daymareWummel>
    <umiacsMantapa>
      <rubor>redtailSlad</rubor>
      <booneIckerQuem>
        <firings>384077675</firings>
      </booneIckerQuem>
      <queachyRespPaynim boubousTortaPadge="diapsidTweeny" shelterKuanBrainge="ulcusCubes" noddersSilexesJankers="shusherTuwiChun">
        <coenlaJowlierFishery>starkInlawWoomera651</coenlaJowlierFishery>
      </queachyRespPaynim>
      <ethenesEdifierBoy katrinaUtrecht="impugn" mank="craftlyLopeman929" brails="77256" uinalWaguhaJuger="tirritNounRoe">
        <fusibleAeciumAblow>doesn</fusibleAeciumAblow>
      </ethenesEdifierBoy>
      <larve tinklyRadly="bespendItselfOffings" wyoming="typhousTlaco837" coatingGillied="7378" oologicJalapinStogy="bewweptWeederySofer">
        <rasesEffableWherere>39</rasesEffableWherere>
      </larve>
    </umiacsMantapa>
  </tanging>
</samanSlock>