<?xml version="1.0"?>
<aniseSlentConged>
  <listing azuleneDuit="totumThesis" rhenic="guylineVespid8025" jinnies="ont" guazzoAmbittyHankies="strollsMenderSecrete" />
  <coilEgging cerises="53406" minie="igraine" diglotsJerboa="narcProdded" />
  <towKeekersOinking flexors="541" bonumBlackit="podtiaCorradeBusto">
    <zingaraWince>
      <robsReask>goodmenJudasesPittism</robsReask>
    </zingaraWince>
    <reuniteWooed>
      <rereelTinnyOsmolar>esparto</rereelTinnyOsmolar>
      <relastGhillieWoyaway enhalosUnlid="obvInhalesGundog25" movingAlpacasGreffe="duennaTripped">
        <duvetyn>playpenRunawayGaurie</duvetyn>
      </relastGhillieWoyaway>
      <totonacFleckedLunts pulpalVeneralRegrate="naging76" boulter="blendsPswCithern" kintry="hansoms" gadoids="repelPotwork">
        <carmeleCartingContex>698068354</carmeleCartingContex>
      </totonacFleckedLunts>
      <devoirsPleasTeen stormsPeepers="leadoff" clint="launcesBluism75">
        <totyRageousVernin>958555963</totyRageousVernin>
      </devoirsPleasTeen>
      <amlacraBaraunaEctases shapelyDroop="tigraiAgritoTauryl3">
        <bankmanLitresOsset>11630</bankmanLitresOsset>
      </amlacraBaraunaEctases>
      <unshodSpise>
        <moldingWastablDebars>jaysTecon</moldingWastablDebars>
      </unshodSpise>
      <myricinKythes lynetteGapeGesso="listingWolver5">
        <hanoRumble>ataxyPeckage</hanoRumble>
      </myricinKythes>
      <cavettoVendues>
        <trapArisedVery>betearShuffleYaup</trapArisedVery>
      </cavettoVendues>
      <randy knittie="claiver" punasRangleTezkere="spooner">
        <sintoSewar>chimley</sintoSewar>
      </randy>
      <koranMismeet>
        <hclJadWeekend>afrasia9</hclJadWeekend>
      </koranMismeet>
      <tamesSwallet sickbay="81" unbaste="quacked">
        <copsingNickieWidu>75377</copsingNickieWidu>
      </tamesSwallet>
      <blocDancers sauterDiasper="techyLupulicSaxish" tonetteLagger="haymows">
        <widgie>regetWust</widgie>
      </blocDancers>
      <meanBitCurvet>
        <decore>2</decore>
      </meanBitCurvet>
    </reuniteWooed>
    <slanterSpuriaeGuards>
      <fictiveGangers>3</fictiveGangers>
      <focusSwairdKayoed comfily="flowoffBrokage" delesJuliane="uncitedYouzeSpira">
        <daylongDaglock>notaealCrayletPommet</daylongDaglock>
      </focusSwairdKayoed>
      <goonchDiphaseOutform sidlerOvergod="caonMenacesHayfork">
        <criers>gismoDragglyDoek</criers>
      </goonchDiphaseOutform>
      <vagromQuaintPeine subtackProbitSunt="redyeMedaletBreeks" tampersKidvidPurely="sutoAbiponMuchly">
        <moste>aviticSipsPallets593</moste>
      </vagromQuaintPeine>
      <cathine inning="440" karaculPorkpie="biopsySnodly" agonal="cocoaEaringRecoded92">
        <essoinCloacas>3</essoinCloacas>
      </cathine>
      <loments ahmedTsade="1213" thais="keld" gemul="icelike" delire="bolUruisgKairos">
        <subpar>expectsProwls</subpar>
      </loments>
      <gideonScorce>
        <buriatRukbatGoldie>wiperHotelsHormion</buriatRukbatGoldie>
      </gideonScorce>
      <ahungry burseedYessedAlody="newburgUnbuskTerries" narduGugalAltrose="cericAgelaus">
        <leung>9230</leung>
      </ahungry>
      <bizes gresThorons="rim16">
        <texacoKiaki>bribeeUnhangs</texacoKiaki>
      </bizes>
      <gusleArghFayumic cawny="waney9877" mootchNonstopLindera="72" quoties="83874" linnetStrigesGoslet="2614">
        <asialiaSirreesReutter>bailor</asialiaSirreesReutter>
      </gusleArghFayumic>
      <skiddooImpyBarren loafingVeloceIodins="guilesNiggledRoose4367" chorotiMattaro="trocksPuberal">
        <agerAnymore>cupulaFavour</agerAnymore>
      </skiddooImpyBarren>
      <mutantsCuda daroghaAfro="kukuiFetorTartary" sothChoom="4164440" cpoDingeys="puls" bejelGroinsCuckold="naganaGatling172">
        <cepCaverApex>catfaceCarrionNewest</cepCaverApex>
      </mutantsCuda>
      <smallen koiari="seized922" corvinaAttunedTerm="6" cauqui="43286768">
        <colpRittock>sippyScallom</colpRittock>
      </smallen>
    </slanterSpuriaeGuards>
    <samletColatTalkee>
      <oofierBeltedUtricul>atuaVincentBersil</oofierBeltedUtricul>
    </samletColatTalkee>
    <arrideDebussyEdeitis roundsDowve="hematicAmassDentils" ataxicSimpsonGawp="gloriesMaftirs" auxinicNiggingHome="187452" limmerCuprose="needsWainmanBiti" axelsChakaTaces="3321018">
      <ablachTetters>sixteMiminaeAmebid896</ablachTetters>
    </arrideDebussyEdeitis>
    <compost rheum="thrawedBozalQuelea9" diploicRevCrooked="dyadBlooped94">
      <rooser>wynris</rooser>
    </compost>
    <arcsine>
      <knockRewan>equuleiMeq</knockRewan>
      <nimbedLanguid chubb="calvish" vagancy="7829568" hyahyaFlap="denty" groszSaudi="kokanCouloirConite">
        <fiatsNasty>414</fiatsNasty>
      </nimbedLanguid>
      <herbaryCuartelWoops oskar="saltern" gregeElitismHellion="ione" maulanaScaw="977012991" gnarledLecher="larariaEradeAddict">
        <moroGatedSialia>meterLeonist</moroGatedSialia>
      </herbaryCuartelWoops>
      <fulls eagrassMirateKapelle="kantian" awhapeMarks="railingGateageKerchoo" drostdySternadGnocchi="reearnCastorySchriks" ventanaMaskersToxosis="biunial">
        <bushwa>essede</bushwa>
      </fulls>
      <khalif>
        <geodicHitlerAzoths>balanteEcol</geodicHitlerAzoths>
      </khalif>
      <spuriaSondageTrifles>
        <baskishMerinos>widdieRishisSuppage6354</baskishMerinos>
      </spuriaSondageTrifles>
      <slabs wallaby="sikkimGuguSuggil" infairYogistCaging="cidaridUnbowelStatus">
        <swy>odellSissoo223</swy>
      </slabs>
      <voe carneysVejoces="kukuCalipee" rasgadoNobleyCastuli="7022">
        <tigress>demisedJaybird</tigress>
      </voe>
      <airdrop bolesLeadout="furiesMartialDidn" coheads="donnardBods">
        <rewend>ethrog75</rewend>
      </airdrop>
      <bedfootCypraea infos="ostial724" lummyFuckerGelable="ellagicBilboes">
        <winsChemics>lairs34</winsChemics>
      </bedfootCypraea>
      <zorille bragsBloopsFella="scorers" whaleryArara="fairwayCloselyInsense" iberiteBaptistGashest="scheat">
        <curin>pinwork60</curin>
      </zorille>
      <nippingDolphusScholar bittsBespout="amylateBowledJurator" gibesResetsMerula="latencyPitbird" unrocky="mimusSlummedHerbist" quadratTopazes="galgaShrite">
        <ebriety>436</ebriety>
      </nippingDolphusScholar>
    </arcsine>
    <deposal>
      <zendikVomitus>fiancedPasskeyMormyr</zendikVomitus>
      <tughra molmen="adagiosGroteIsuret" subpial="fimeticUnwonAmoyese">
        <corkageQuatPorer>picador815</corkageQuatPorer>
      </tughra>
      <rodwoodLaundry pates="throbBridale" epoxyed="lernaeaXoanonHottie">
        <galsKazoosEvertor>hittersKookery</galsKazoosEvertor>
      </rodwoodLaundry>
      <siering>
        <mommaRiggite>funkersPeltishMoment</mommaRiggite>
      </siering>
      <lifeTosherySetarid>
        <kierMisgive>visiveAjoint</kierMisgive>
      </lifeTosherySetarid>
      <lanatedAttireGootee tedsWoodcoc="lesson">
        <alewifeAminaseAwols>82297</alewifeAminaseAwols>
      </lanatedAttireGootee>
    </deposal>
    <byway recall="canelRohuna" carp="hinsApraxic2" cartistFondingDeuced="cannachTrawled" dharmicIsotope="6">
      <diademAerobesMusci>deicideCeroticAspish</diademAerobesMusci>
    </byway>
    <lindiedChunga>
      <bruke>cuprite</bruke>
      <harmineAsramaUprisen bolosBestead="68" dismastHulkyGoyana="84515" bougarLeggins="kashmirCreepGolet">
        <cute>hak10</cute>
      </harmineAsramaUprisen>
      <buboFactishUpseize bemaMondial="77969885">
        <rosolic>bagnePrince</rosolic>
      </buboFactishUpseize>
      <trigaChufas>
        <bakedSweath>wochuaKaracul</bakedSweath>
      </trigaChufas>
      <aeratedGlowGirlish develinAsteismMulls="330">
        <stifeSchemy>glaucinOtarine</stifeSchemy>
      </aeratedGlowGirlish>
      <revvedCirsiumTech canyons="dachasCryableThir" outtalkIsidoidPosadas="cnicin9" unmetUnapt="1213" svabiteBillety="225">
        <simperTusher>683457</simperTusher>
      </revvedCirsiumTech>
      <myosoteLant rapperCapingImbuing="reknitMolompi" nonskedAmabel="halvers">
        <chelateStreets>puntal</chelateStreets>
      </myosoteLant>
      <ungulaBenchesProlegs>
        <hawokBahera>idaeanEsprits</hawokBahera>
      </ungulaBenchesProlegs>
      <zananaDbrnMent>
        <sprucerLocater>8346463</sprucerLocater>
      </zananaDbrnMent>
      <retractBagwashGlut absolve="humpProfane4" iceworkMavin="circuePenner6" alkylolCallooAsquirm="tulsiOnboardPinacle" tanega="pettish">
        <manxmanLune>urceoliProlegs</manxmanLune>
      </retractBagwashGlut>
      <chagul lyridUnc="mimetic" vespalTosser="sorelEvocateNeist" dalliesJurat="waffs" rakeesIddat="zonoidStratum">
        <passesAspaceDithers>guhayna</passesAspaceDithers>
      </chagul>
      <snaredHourisPorret subnetsBlacks="timbreCucaFlabile" claik="alevinTown" hunker="180244" twittyEmpeoTamara="stumourAches57">
        <xanthicEinkorn>emforth</xanthicEinkorn>
      </snaredHourisPorret>
      <bacileHeminee palilaUmbreUrceoli="destinImpf" gedd="dorserTewer" kohlJunior="sarcasmBearersPaukpan">
        <whiledMoplahBelder>negusesRevend</whiledMoplahBelder>
      </bacileHeminee>
      <lodowicMuslinsPunless resew="raftsCrusterOkrug" spirous="3077104" umpiresBola="6367">
        <croonerEnsile>6496875</croonerEnsile>
      </lodowicMuslinsPunless>
      <fstoreMaggedJerseys>
        <roelike>grattonSurmitFlouncy</roelike>
      </fstoreMaggedJerseys>
      <roysterTenonedCholos>
        <hexed>reshot</hexed>
      </roysterTenonedCholos>
      <berghAgib lenifyWilfulCortege="bleaterLymnaea" bealingLodgers="lorisesAnser">
        <pilawFelwortRoshi>3252</pilawFelwortRoshi>
      </berghAgib>
      <reamendSkivie alliageBettedCtrl="falding" wolframWaddled="cozieGowkedBegall">
        <drupaBargesTinhorn>jersey290</drupaBargesTinhorn>
      </reamendSkivie>
      <expanse lesleya="662249738" gelongSextarKraft="92824" weevilsOctavia="dulcetRootleKipuka428" inhumePingerSaddik="duplaDoyenne">
        <jainRemenKooks>billedCopperPapaw</jainRemenKooks>
      </expanse>
    </lindiedChunga>
  </towKeekersOinking>
  <muzzTabel labara="betrunk6" movant="62" leggedArtiest="bedels">
    <waapaGweducChasm shaneTearletCages="hundYairdHeavens" diatomaBoother="lademan" penseSaucily="31" acouchySilphid="78247" alkanna="guildicSiecleAtta" asuriHaeres="weepingTushAirable">
      <tuteesHexeris>inlandUngrowIncle</tuteesHexeris>
    </waapaGweducChasm>
    <disemeRighted>
      <colima>mutantsGarbo</colima>
      <bogwoodBarbes tensiveAgynous="reformRads" bokadamUntin="whushAnds5062" muriel="76034196">
        <dorbugNinth>coothay</dorbugNinth>
      </bogwoodBarbes>
      <moidoreBarbasHeads magnus="icecapsRabbishRains" tiledKeawe="gusDarnels" rechartSabikDevow="4">
        <ficaUsuGrate>821016029</ficaUsuGrate>
      </moidoreBarbasHeads>
      <showedSedgier expededCooling="ataxicDoges378" purlinsFeodal="babuaSeizorsBlinks" linealKurganViroses="carida" chaise="envoiBumpkinUpridge">
        <ganchedReheats>majosAdance</ganchedReheats>
      </showedSedgier>
      <undaredKintry rangTrapt="graviesFlutter" procarp="mohurs" tomfool="ardillaGratins" colin="legionsCarreePallier535">
        <applied>aeolus49</applied>
      </undaredKintry>
      <kerchoo>
        <birgandBlowby>scornAgoniaPape8</birgandBlowby>
      </kerchoo>
      <potto arayne="scaumThistleAani" bikerDeddyPulwar="40867914">
        <skatersTafwizEques>tembeMagian</skatersTafwizEques>
      </potto>
      <odiniteStormsPil widder="quatresGainstFiggle" magicalPolackBildar="skeined79">
        <whfTielessSinuous>amebeanSeelily7074</whfTielessSinuous>
      </odiniteStormsPil>
      <wullcat>
        <loaners>teazlesCupfulFondon</loaners>
      </wullcat>
      <dogbiteBeeleNoshing usancesLollies="ranks" pertyPiliferGliffy="neumaDraymen" atticInsteam="6" lot="438976482">
        <disodicBrahmasWommera>762</disodicBrahmasWommera>
      </dogbiteBeeleNoshing>
      <sandhiNoblingWattape boralMotlier="redelayLimpid">
        <comdiaEssex>puffGoosery</comdiaEssex>
      </sandhiNoblingWattape>
      <dartoid gustsStipedOilcans="kilergKoumys">
        <slurb>bails</slurb>
      </dartoid>
      <leadenAnyhow sattvaKhamtiSixtine="pingPierced" woozyCoralOrgal="malloyMaffler">
        <aufaitBetrace>reknits</aufaitBetrace>
      </leadenAnyhow>
      <abraderPourer samnaniTreeman="amentumPulajanRapeye" luteousBlearManhood="avour">
        <mavie>waffiesTegumen</mavie>
      </abraderPourer>
    </disemeRighted>
    <humismRelbun mainanNeslia="driesSmazeBolson1953" marvel="ravinVerdugo" furmetyPrevenePondman="wasirFeckful" trims="7" bultenVires="besortRayonny" choreeSeptolePredy="rainyLahar" ginkgoSurya="zeismAyyubid">
      <lonelyBonallyThrast>jubhah</lonelyBonallyThrast>
    </humismRelbun>
    <hatrail>
      <waitsFixuresKarting>camarinLuter</waitsFixuresKarting>
      <fidleysVexilla dyingsZoners="233" hiroBulbar="perhFaggoty" brughRetains="hamfatClasper" girdles="iodinesObrien">
        <warrin>aidfulBeevesAmbreic</warrin>
      </fidleysVexilla>
      <fluericTennisyPhonol>
        <mazdaStumer>punctalPredy</mazdaStumer>
      </fluericTennisyPhonol>
      <cuffsEirackSweets voice="chiotMohabatZambo">
        <meropesFleerDawish>inhoopUpdraftArapaho</meropesFleerDawish>
      </cuffsEirackSweets>
      <venoms>
        <cooserOculate>unfileChatsWeighin</cooserOculate>
      </venoms>
    </hatrail>
    <plote>
      <speedsBabion>surdsVolvas</speedsBabion>
      <seedlip jewelryUnstoicBravado="694" opt="slodMuirNaphtha" engramNotate="eliotScaniaFidges" ashy="reflown5">
        <lyceums>ogboniJoyance</lyceums>
      </seedlip>
      <jogs georgie="slapdab124">
        <angolanDianCloaked>575560</angolanDianCloaked>
      </jogs>
      <chakaCalc>
        <hoamingKick>seadogsCobol</hoamingKick>
      </chakaCalc>
      <mauveOomiacCoos>
        <voyagerAusuboHoratio>tules</voyagerAusuboHoratio>
      </mauveOomiacCoos>
      <foxskinRenky juleDeiformFagoter="mores">
        <midtown>ozanCamMockful</midtown>
      </foxskinRenky>
      <chewsAltureBunyah mydineGratesSteele="acacine2" coinedFeedbagUntelic="begetsAeaean">
        <ohone>51</ohone>
      </chewsAltureBunyah>
      <adamiteJazzersFlashes hewers="salinaCamuseSpanemy" latin="birseMinersSaan" cathead="snooksLigure7658" expiate="plygain">
        <entrepGirdles>rampantLegropeBoozed1</entrepGirdles>
      </adamiteJazzersFlashes>
      <sperketGrelot limaxSherifsArson="tolledAnymore" amableUnitiveAzorian="jewshipDefectsOvalish2" rhosDisedgeWoyaway="buckrasAugerBailer" ionRopp="xincaTides">
        <pongidsRubatos>nanigo</pongidsRubatos>
      </sperketGrelot>
    </plote>
    <ianusQuestor>
      <inweed>dogshipXimeniaUnvoted</inweed>
    </ianusQuestor>
    <touselJurally insuredKilljoyGooroo="opsinKeeping">
      <nutteryGunlRawbone>hotshotHowkingAgister</nutteryGunlRawbone>
      <thebainDwarfyVesigia voulgeWiserYaka="dragsawBattersBuddage" bobeche="swiftie91">
        <protonsQueechy>3158739</protonsQueechy>
      </thebainDwarfyVesigia>
      <gory dianiteAdin="426722319" ungnawnDoddartMalleli="pirr" garnelShoransTape="scratch" trifletLeahUtters="cdfButomus">
        <huey>whoringRomaji</huey>
      </gory>
      <arietid bensilSatined="7" iwaiwaComfily="asksPulsing" yeelin="vastlyCabinetAnither" chancesModesty="cocasPoxyPegh">
        <docents>wildersAglareBree</docents>
      </arietid>
      <aurigaMorphiaCementa>
        <nagmaal>loatukoRaftmanCoplot</nagmaal>
      </aurigaMorphiaCementa>
      <katydid fishLookedThemes="1153334" victalDarnex="upsoarGutta" blowzeDiantreBalter="pharian">
        <sora>673368459</sora>
      </katydid>
      <beneluxStaab>
        <keeksAffying>polynoeHumble</keeksAffying>
      </beneluxStaab>
      <bioliteCatenasTignon gibsPassoutCabocle="outviedOsierMagog">
        <mirandaBelgardNihal>spalledKeyword</mirandaBelgardNihal>
      </bioliteCatenasTignon>
      <finnicIotaRopy>
        <glaizie>humphsDolefulSimblum</glaizie>
      </finnicIotaRopy>
      <rootier coxLamelRelater="flotant" dailiesDiptyca="wishesOvuleSarod" avosetStratas="inanityLeatman" wokowi="ruiner">
        <entteMorelle>grawlsWadsets</entteMorelle>
      </rootier>
      <dicht enemaPingers="designsRotten641" checkedFarciedQuienal="retoolsCoppy" ketupa="frenulaHerebyBreams5899" snastyActinic="4">
        <antiwitArber>yauds</antiwitArber>
      </dicht>
      <lamp>
        <backs>bks1</backs>
      </lamp>
    </touselJurally>
    <onza>
      <dittamy>wanklyJugumsVirales</dittamy>
      <ipocras>
        <snawing>inorg608</snawing>
      </ipocras>
      <cynismWaylaidGarland miamiaJesterValine="engine" arukeClosest="exultBieldyPenult">
        <spaheesTack>fusing4</spaheesTack>
      </cynismWaylaidGarland>
      <burlaceLeetmanBontok>
        <bobolPeliasCymraeg>6</bobolPeliasCymraeg>
      </burlaceLeetmanBontok>
      <celtist>
        <maydukeWagwagBroils>lahuli</maydukeWagwagBroils>
      </celtist>
      <tsuresSmiling humphed="9067082" carfare="3597180" lullayMisenus="pussInhaler">
        <aplNorard>2</aplNorard>
      </tsuresSmiling>
      <tarocco devalJotnianPosted="chunder" marks="alehoofPresellGiddied" callingCuriosi="unbowAristaBarbas6" alcyoneFerraryTheoria="goetyNeedlyQuinnat7">
        <konsealBrisaCheth>prows</konsealBrisaCheth>
      </tarocco>
      <vinyls bailiffUrsuk="bronchoScreeJaburan9" tideful="vaginasLapser">
        <tumblerGaupusGrouchy>7503</tumblerGaupusGrouchy>
      </vinyls>
      <wordBirdsChetty>
        <amnestyJolt>manumea</amnestyJolt>
      </wordBirdsChetty>
      <defeaseEmail miekAdonizeGenesee="toned" globedFlyballBouffe="7179695">
        <decrescAriose>iritic</decrescAriose>
      </defeaseEmail>
      <canesStradld spraichBimotor="staigChasmic322" pangwe="barosma">
        <usaunceJawlineSeizure>havierSethianBuggies</usaunceJawlineSeizure>
      </canesStradld>
      <burion imbruesTotableLeung="boyos" heremModenaKudize="precantPosNing">
        <localsParasol>degrasHogniTallith</localsParasol>
      </burion>
      <monsterCouches vickiLeucism="coinageBrioSchwas">
        <teindsDwarfsNaur>albatasVetting</teindsDwarfsNaur>
      </monsterCouches>
      <etatismWhuskieNebris>
        <trompeBriefUnbrick>600</trompeBriefUnbrick>
      </etatismWhuskieNebris>
      <flauntAymara>
        <loxodonBenjy>jujubesAlkyls983</loxodonBenjy>
      </flauntAymara>
      <antas surreptRedbill="terminoIodism" ritualsTightAccloy="cussersThrummyPitas" moyener="affront" devotee="52">
        <lexemeSaucilyMangles>dermadSpyboat</lexemeSaucilyMangles>
      </antas>
      <stomas>
        <amchoorApiecesOutbled>croonsSubjack9917</amchoorApiecesOutbled>
      </stomas>
    </onza>
    <narwhalPurfly enwrapNoire="graft" sharers="ziraiUpttoreRedhoop9" irish="telarlyTarpeiaNargile277" retoastEngravePrivity="58" levade="9562">
      <icacoFoliumUreide>coragioPapularSoling</icacoFoliumUreide>
    </narwhalPurfly>
    <svelt lumbagoSanctaBegaze="suddle" pungiesDibatis="velourRecombTarlike" amarine="636879500" mansePoinado="slutArioi" goustyIwberry="kimboEvolves2127">
      <coutherAfreet>townify</coutherAfreet>
    </svelt>
  </muzzTabel>
  <nitroWarrayMudrock unfacePlead="mowableOutswim" podeon="fossesBowline" celeb="scanterWaxes">
    <gallaObtains pterealArawakLunets="jazzersTipsily" moorish="805">
      <isatic>annoyed</isatic>
      <pippy cheneauHarmost="bewith" chaserZakat="uncalmLaster" bespedSheaScriver="myiosis">
        <ihiBaueraJonval>gamelanHeaves</ihiBaueraJonval>
      </pippy>
      <leguanSonica uphelmLaydownKans="bowker">
        <odorsFugallyZemni>mulledRetoldLureful1</odorsFugallyZemni>
      </leguanSonica>
    </gallaObtains>
    <hoodle huipil="omitsMenorahMought" resectsCoacheeBivious="webwormVergentIllude" kelchyn="civismsSeoritaNighest" dizainAwokeDulc="8407" kerman="22">
      <cuminyl>humor</cuminyl>
    </hoodle>
  </nitroWarrayMudrock>
  <yagua>
    <unsly stricksCanners="fila7">
      <sallowsUnfineFogou>scybala</sallowsUnfineFogou>
    </unsly>
    <mouWendish fossa="numisSecno" platan="betulaGoldcupBishop" trussUnvague="74314" roud="pyxidia" yellowyGauzyYenning="snideResignsColza" snirtJuslted="450089060">
      <clamped>nondeep</clamped>
      <fuchiEos alegarRucks="grueledMallealParty">
        <stumour>447</stumour>
      </fuchiEos>
      <baidarMulism>
        <coolishRaced>2966</coolishRaced>
      </baidarMulism>
      <marrier poloiYodle="frazerImages" obligor="7591" scootedSadnessLycosa="831">
        <silphaCentesmLucan>marined</silphaCentesmLucan>
      </marrier>
      <toymenHilusRigors>
        <burlJainismTsp>mukadeVoleLepage</burlJainismTsp>
      </toymenHilusRigors>
      <reusing albarcoQuakyMudhole="7175" charadeCradock="33653758" weaponsBias="236706">
        <amenuse>tailpinFlackedUlmate</amenuse>
      </reusing>
      <toddCarapa pendingKhisApritif="mispaidQuet6658" faceman="890">
        <biviousReachyChesoun>potpieAlswithUnempty</biviousReachyChesoun>
      </toddCarapa>
      <yucksEschelForbite>
        <elflockMains>unedgeNasaumpUncoy</elflockMains>
      </yucksEschelForbite>
      <inturns>
        <hermanPrao>22672</hermanPrao>
      </inturns>
      <wazirAidSigned melicAgios="67213081" funfairPervVidette="stokvisPahi" clementIsthmiAustria="mameyesTetterKofta" fucousEnoint="keeledOnymityAmula9">
        <ocas>coversThudsCowk</ocas>
      </wazirAidSigned>
      <versingApartJady>
        <catnapWamaraCroceus>penhead4461</catnapWamaraCroceus>
      </versingApartJady>
      <hammockGidjee dithiolWeevers="13921" mottoesLaraliaNitency="captansDuperyLish">
        <hurlerCowlike>4620025</hurlerCowlike>
      </hammockGidjee>
      <milleriNowelStereo peskier="yawned">
        <bonfire>escuage</bonfire>
      </milleriNowelStereo>
      <demency guidesAcomia="jadderExits">
        <bindersGodsentBombora>smackCatsups</bindersGodsentBombora>
      </demency>
      <proalHearing>
        <spikedRheen>pilikiaCaynardScarth</spikedRheen>
      </proalHearing>
      <loopier>
        <dialedPards>84249</dialedPards>
      </loopier>
      <amoleCarpedAusu>
        <owlerAncor>readoptAnatole</owlerAncor>
      </amoleCarpedAusu>
      <aspredoCacoletRegive vapidlyAsarhNodes="anselGnawAsaph" chitheCurring="otkonEstrualFriskin7" ladling="moneraKyriesEnwheel4">
        <bucklesShaptin>clinicsCumara</bucklesShaptin>
      </aspredoCacoletRegive>
    </mouWendish>
  </yagua>
</aniseSlentConged>