<?xml version="1.0"?>
<tomialLorriesAllseed>
  <reverdi tweets="keerie" bariteFlics="nonaidAlisoOocysts" ugrian="rifles" />
  <stertorWalies olibanTwink="andersMaieficGooier2">
    <mittent>
      <wickape>baccaeCorserThalia</wickape>
      <oside khaya="crepierTanzy" aflow="mosk">
        <fads>odylic</fads>
      </oside>
      <aroides subnudeJocote="1" monsia="38135264" negateScawd="woundsSpaders" aromataWolversHoju="74590830">
        <rewireIndulto>loricAiwain3</rewireIndulto>
      </aroides>
      <clintsStopEtalon>
        <unalone>plasmsDudScrolar</unalone>
      </clintsStopEtalon>
      <cammasSylphid esculicSpekt="shypooHobbet8" clawker="unsadlyPim7" idaean="primaryAngulaPlatine2698">
        <bedcordHagshipLaissez>kernel</bedcordHagshipLaissez>
      </cammasSylphid>
      <songleUnifaceCranic>
        <indusia>fungiteTween</indusia>
      </songleUnifaceCranic>
      <radiansToggeryPolacca matman="4408">
        <preknewBugshasCakile>guaduaDiacidsBawsint5</preknewBugshasCakile>
      </radiansToggeryPolacca>
      <ducatusSaiga corcleSnoozedGain="autre98">
        <tartlyAcinarySnoozes>stirksForweepArrish</tartlyAcinarySnoozes>
      </ducatusSaiga>
      <marcoImagenFordoes sarah="zocaloChoree" academeIsaiah="tiepinShirvanHadit786">
        <amatitoIsingDeluged>ewhow</amatitoIsingDeluged>
      </marcoImagenFordoes>
      <rinningBilgyHeighth buoyantDitched="imago" crockEndarch="truancy" forges="phytate91">
        <niccoloCashes>16</niccoloCashes>
      </rinningBilgyHeighth>
      <wickenSeventyLocated fluters="stymied">
        <houndMohaRomeite>3720</houndMohaRomeite>
      </wickenSeventyLocated>
      <phospho krems="538919" shovel="385025">
        <entires>94758</entires>
      </phospho>
      <hogbushBeechCalceus soleus="guns" spilth="evalue">
        <lettingZebeck>zitzitLademan340</lettingZebeck>
      </hogbushBeechCalceus>
      <genit whirrey="1232">
        <curdlyDowdy>simpaiMuttonySponsor</curdlyDowdy>
      </genit>
      <glaum restudyEnslave="livorYester" chicestWei="twirlsMaytheMiddler" blighiaMechaelAbrased="slorpShivoo">
        <dumperHetter>4</dumperHetter>
      </glaum>
      <poalikePronto angelsFlippedResays="endowsMakluk" swivelSholeAlismad="boeAnacaraUnheard" meedsGaupingSchrik="libate8102" pinker="outjutGaiter">
        <stoodChertAcinus>reranLatro</stoodChertAcinus>
      </poalikePronto>
      <foder veils="precesExolve87">
        <rhoticZel>276</rhoticZel>
      </foder>
      <scrideInblow groggyPorkery="webwork617">
        <bores>rerub</bores>
      </scrideInblow>
      <jumbaChavelUnbeset>
        <rewokeBembex>come</rewokeBembex>
      </jumbaChavelUnbeset>
      <laniard justicoGrapery="jacamar" somehowQid="romyko">
        <peahens>templumPilsnerLalaqui</peahens>
      </laniard>
    </mittent>
    <tattied chattelKyanize="890060789" duumvir="budeUnyoke" shor="rosariaBichyWarrand9639" achatesTasset="bacalao" deciderSetariaHwt="sculperBaffs8394">
      <coollySagital>curserTireman715</coollySagital>
      <shriverSeated pgntt="louche" berobSmithumSambuke="gateauxParegal">
        <abuzzChomer>sneaksOmneity</abuzzChomer>
      </shriverSeated>
    </tattied>
    <dearieBloomBelgard naither="incest" araraoDecodonTozee="cronusChasmic" bovineUnpenal="10848" tanneryBoatage="wakedAllbone1" glared="sinapicBwanasRomana" hauteurFeodsHennery="bidry">
      <elaborBlanchi>mowhayEgolCrashed</elaborBlanchi>
    </dearieBloomBelgard>
    <willies>
      <lilaWilkinSwedge>stichosBatino</lilaWilkinSwedge>
    </willies>
    <azotise>
      <caraDeneb>zymases</caraDeneb>
      <daily ephedraAnathemKantele="amebula">
        <aquilid>roiledMensisEloiner</aquilid>
      </daily>
      <uprouteBearmDutied bipedBrinjalWassail="astrion" hallmanShoadFlex="gyves" nickedIdleman="reposalPolacre43">
        <mnevisSnathPatine>fluffyAlen</mnevisSnathPatine>
      </uprouteBearmDutied>
      <spirateRedone>
        <mucklesLamiasFess>scummerPurplesCoveted</mucklesLamiasFess>
      </spirateRedone>
      <ecesic diluteMicerunBootful="nutterOwlishUnkept369">
        <bedoltDyingPaeonic>tablinaBlahAlly</bedoltDyingPaeonic>
      </ecesic>
      <ogrismRandonNocktat spat="sixty5" keddahs="bendersSkiviesPontify" woodedBacile="vahanaLatredeBiddy">
        <chawleCaulite>bashers</chawleCaulite>
      </ogrismRandonNocktat>
      <battuePotateLeuch feakedWonners="avaSolatiaAcetoin" crinedBittium="folkPlans" dactyls="loamily" dulcose="santols">
        <luesPuquinaMoun>shouted</luesPuquinaMoun>
      </battuePotateLeuch>
      <satinetCustomsSnies>
        <ribatVespidKerve>pinchemSeppa</ribatVespidKerve>
      </satinetCustomsSnies>
      <crinedAlbataBegs resight="228" hclLiparidRubigos="flangesPlexal4289" huarizoUmber="didleSternSwarf" lataxAcnodal="40">
        <bigeyeFaggyFrizzle>fibromaDation</bigeyeFaggyFrizzle>
      </crinedAlbataBegs>
    </azotise>
    <cowgateGebur>
      <labrum>kexesSamisenCecile</labrum>
    </cowgateGebur>
    <ranceZubr uterineNereisHatches="1" roofs="ruachKamasin" genres="7474">
      <wedgiesKonde>5</wedgiesKonde>
    </ranceZubr>
    <wogietEnheart silphaWaipiroVivace="clubmanBillsFermi">
      <palerBowsed>carveneCotman</palerBowsed>
      <fancierWeakyCottons cubeb="nosegayUnugly" needer="bootedGyrinidGriqua" ootids="didymArmletDogleg">
        <ginnet>adapaEtwite</ginnet>
      </fancierWeakyCottons>
      <ghazismBoracic ridgelNeedler="calesaEcdyson">
        <patrickFinable>boche</patrickFinable>
      </ghazismBoracic>
      <besoot tanged="telomesGirrit51" airaCayugas="spiralSnoozy" nashua="paloma">
        <normalsIssuer>43156</normalsIssuer>
      </besoot>
      <costed dasheenRancorsNitre="ectallyEebreeSwami">
        <yuponsPherkadGemsbok>spellHootersDaverdy</yuponsPherkadGemsbok>
      </costed>
      <viators toniestButch="dossalsTurcizeBedress">
        <dupedomStoical>shouseLustlyBrasero2285</dupedomStoical>
      </viators>
      <dearie surianaTuyere="unct" guacimoSlobby="nervosaSubdateProton">
        <fattily>63591</fattily>
      </dearie>
      <enfirmLogletPeaking gasher="eaved">
        <skinchCaddied>dismainBegowkMiocene</skinchCaddied>
      </enfirmLogletPeaking>
      <aeolusConteke flogsFiggingTurfen="93117" rigs="niallUptakerPatches" brain="forkmanAmarthDatisi600">
        <libbersPaydays>zealandSonchus</libbersPaydays>
      </aeolusConteke>
    </wogietEnheart>
    <wokasFolksayJerking liangProddAwaked="alarbus81" guesterAlumine="681475" gurgingVelumen="schizPentyneNowder">
      <eire>forintsTrockPoet</eire>
      <neakesAnoia seisorAubain="synoecyCoutersJessed" elanusAzymous="natraj">
        <unhasp>2181172</unhasp>
      </neakesAnoia>
      <resultsPuggle criollaMetricsPoppies="goffers" pavDhootis="sixmos" figTamineImber="textile">
        <fascesTeconShia>pimeleaRuttedGrivois</fascesTeconShia>
      </resultsPuggle>
      <dif bedwellEyefulsHaslet="949" tofusPoleynsTenaces="lohockKitGadsman" desists="derfly" lithicJackalAgriot="reslotDegradeKerner">
        <emceesHedgeTyroma>1209</emceesHedgeTyroma>
      </dif>
      <pralineDeairsNawt tarryCedingManomin="774079" coruco="bewidowInfimaGigots" hungryCoeno="blentQuisleHeling719" cutitisTelferPrivacy="lobbing">
        <openPelites>duluthVeiled</openPelites>
      </pralineDeairsNawt>
      <rabfak intrunkManches="atresyAnnamTusking" cheviesBowlingSperity="ruewortFratchy">
        <kyarStragProles>memorySpicula</kyarStragProles>
      </rabfak>
      <rabbits>
        <friscaConsol>8772546</friscaConsol>
      </rabbits>
      <brynzaFootman>
        <outbuy>72128464</outbuy>
      </brynzaFootman>
      <jugumLocaterPolesaw marvy="knackerBespurtGelated" revelly="demureFluorin" yeaoman="totuavaLaxerHookupu" trinal="rind7">
        <ninoxOscarAviate>eyelet1546</ninoxOscarAviate>
      </jugumLocaterPolesaw>
      <ecoDzerin uvrePoorest="pipemanMowchTams96" relig="6094" vagitusCagily="swirledMuskrat" birch="bichosUlvan">
        <prismy>867</prismy>
      </ecoDzerin>
      <lisetteLuaus commune="incomes">
        <pignora>granitaBrugh</pignora>
      </lisetteLuaus>
      <hubris monaxon="24613" ripaWicker="basemen" kantarsColderBullous="filth">
        <peachesZealfulPushes>slaversChuddahChizz</peachesZealfulPushes>
      </hubris>
      <truncusMurexInknot fearsSlicers="diocoel" comakerUnbuilt="shoggle" yarlToomlyVelleda="uncrisp8132" ensnarlBennis="upwaftsDingoKodkod">
        <ribeHypeElated>haustusCyansSickens</ribeHypeElated>
      </truncusMurexInknot>
      <phytaneSpaddle scentsNinnies="jewisOilierAxunge" agaritaOndySfree="325" khasaLauncePiute="bialisDartman3649">
        <melderDecal>endhandJimjums</melderDecal>
      </phytaneSpaddle>
      <baronneHomme>
        <imbat>362</imbat>
      </baronneHomme>
      <scurfMont rufferMealer="589" pallidMuumuu="6192" swelpWhishedHaems="babyishScalersGemmer" pacquetAssert="unstore">
        <normaMart>78118189</normaMart>
      </scurfMont>
      <deboutUprears tibiaGritty="6" fabledBaronne="colsHesione" insoothSugaryPreying="journo" nicer="pimpedAcadBrazier">
        <adviseEhlite>rantoonFratryDucs</adviseEhlite>
      </deboutUprears>
      <clonicAdeonaBams>
        <kashimTenibleBorele>8</kashimTenibleBorele>
      </clonicAdeonaBams>
    </wokasFolksayJerking>
    <guidonsRostersBancal>
      <ooliticKendal>eluvial</ooliticKendal>
    </guidonsRostersBancal>
    <pyemias>
      <kmole>oblates</kmole>
    </pyemias>
    <armlikeFordedSydney snafusSurnap="jellChuppahPretax6" kamba="1236" banianAlonsoaSates="1956946" ringite="caudaeOdeons639">
      <quawk>9</quawk>
      <bessThankerPindy>
        <unfoul>centradScutula</unfoul>
      </bessThankerPindy>
      <safiniFettedRoseate nonaPinierElfins="726" mardiFittitNgaio="topogHowks">
        <nimshiAwhirKeenest>tautingPanureBubal</nimshiAwhirKeenest>
      </safiniFettedRoseate>
      <lento arglesUnpanel="gulsachShikraGlazer" hypesKhvat="caring" vestedAscitic="turtletTribual">
        <unwinlyLademanSaft>quinticSawbuck</unwinlyLademanSaft>
      </lento>
      <exempli landsMarts="latestsAtternClumped" nockedExcussRebold="vistaTitDecnet" dashikiBunkums="fetiseLancesFeuter">
        <seabedOlympusCary>dunPeropod</seabedOlympusCary>
      </exempli>
      <hokum panfishBelotteRomney="943" remain="affies" formelSold="259964" dipnoid="945450">
        <immixes>jam</immixes>
      </hokum>
      <clinton tipsily="dentesOpposerPandy" upfeed="unquod">
        <mizenRussell>murralPetherNakeder</mizenRussell>
      </clinton>
      <inculkColyum rimiestDestuffClippie="somberRallerySoras" ifreePreside="formerEdeitis">
        <bulbel>sehyoZaniestBounty</bulbel>
      </inculkColyum>
      <couldna embaceNoon="716126" boatelsEonsNair="89007259">
        <heptaneSear>sealers2</heptaneSear>
      </couldna>
      <calpack syconusSahh="myxopod">
        <pintlesOzonise>227780790</pintlesOzonise>
      </calpack>
      <sauterAmmonia pompous="78815" eelpotPavonia="avocet4817">
        <carroch>102</carroch>
      </sauterAmmonia>
      <shammy cudsLutist="ploutIrpeCattish" wurleysIcbmMenkib="zoeal">
        <arsonsChamp>4178</arsonsChamp>
      </shammy>
      <taredUnmakesSniggle refugedFingentCobra="markusRove" dansk="deathyFinder" libri="hobsSwidgeStivy35" femmes="48711">
        <haughsPpbCorsets>coinfer3</haughsPpbCorsets>
      </taredUnmakesSniggle>
    </armlikeFordedSydney>
    <dolley yuks="9257553">
      <boughed>unsnibRecited</boughed>
    </dolley>
    <dipnoiBeachesDeodand tectonaPrisalKaik="airlessSwagsTabla" gyratedProbing="imaging" jibbFany="wynneGepidae533" osela="visorsFanteegAmati" loweiteCullis="yemingFitted" palch="popweedVinet">
      <roamageFloody>boyaus</roamageFloody>
    </dipnoiBeachesDeodand>
    <chic>
      <unwedKniazi>4747782</unwedKniazi>
      <relateChemungMoca>
        <charerNervilySteatin>arguedCausals</charerNervilySteatin>
      </relateChemungMoca>
      <fenetreSenit galootsMarmink="esrogAffixerWarders">
        <hectyliHempierLimpets>henterHogwort</hectyliHempierLimpets>
      </fenetreSenit>
      <creaAdelinaPoohing streaky="givensDolour" meaner="61408440" skirledReclaspMourned="alts2" vorazKosoBkg="10673">
        <corningHarrow>78563</corningHarrow>
      </creaAdelinaPoohing>
      <nacrous>
        <skyrinCledgy>usherPet</skyrinCledgy>
      </nacrous>
      <fulfilChives motaKateHrs="spaldJaygeesConelet" charnuAlohasStudite="14069" sornsRadidiiRelap="akanGrimmerCaracks" loyd="58937281">
        <coppra>indiumDayanFraktur5754</coppra>
      </fulfilChives>
      <luwianPopplyShree aplome="hastishHairnet534" inbodyFormant="fanweed" grillerRankineSyed="noodledHigher">
        <czarsImbroin>lotterySmoking</czarsImbroin>
      </luwianPopplyShree>
      <warrishObeahsPileous corbelsUnhigh="320907" auguryBalterSimnel="insectsUrs" dispend="dharanaKnet">
        <galanasRhetHarast>nimsCrasis</galanasRhetHarast>
      </warrishObeahsPileous>
      <veristsKnacksSimious garroteAnatto="homerid">
        <unbaneMesset>skodaic</unbaneMesset>
      </veristsKnacksSimious>
      <centos mohwaBaryeDaunts="73">
        <juggerWhamp>bonacisKanari</juggerWhamp>
      </centos>
      <limboKokama buddhiSquaddyZel="126" nullityClotbur="yashmak">
        <courtly>upwell</courtly>
      </limboKokama>
      <ferriteWilly calques="gabbroDisour">
        <ruttyGelongAlhagi>undirk</ruttyGelongAlhagi>
      </ferriteWilly>
      <coached>
        <elkTuquesMoneys>missedPterian</elkTuquesMoneys>
      </coached>
    </chic>
    <masserNarks jessamyDobbers="menta77" aldrinBalmony="2" earning="6570282" raftParaxon="tuppenyLiftoff" charka="horreumFacadalTestis6">
      <yaponsEnzootyRefulge>3760882</yaponsEnzootyRefulge>
    </masserNarks>
    <gradersTeaty male="rager" youlOutward="rfsHaviorsShapy">
      <peoplerSordidMould>gemmuleBecketsUnpick</peoplerSordidMould>
    </gradersTeaty>
    <suricatRanted>
      <lakhCroupPontiff>90</lakhCroupPontiff>
      <igiturSabbatThujone wanklyFossilPocoson="podetiaVaganti">
        <lessorsWotsGoony>whileasMamryVorlage7</lessorsWotsGoony>
      </igiturSabbatThujone>
      <unbesotSension outrapClaggum="aucht" swaying="bebathe">
        <stoaiDisusesMeasled>garner</stoaiDisusesMeasled>
      </unbesotSension>
      <tigressThawersSocks limbuKobold="tiercesGerim" scribe="vannic" tapuyo="naturalAviatedKulm" treblyCabmenYea="caddedMusings">
        <colphegAngelic>netRuining80</colphegAngelic>
      </tigressThawersSocks>
      <juza oftener="tonsil">
        <proteas>bookie9008</proteas>
      </juza>
      <aglareMosker playboxOnetheRhesian="calappaBrukeArayne">
        <chokierLunulae>syndetSleekly</chokierLunulae>
      </aglareMosker>
      <marquee suedineBrake="lemmataHematin" kischenFarciedKnocks="endsChip4595" abangaNanism="wisentAdless">
        <micellsTipsilyVoodoos>nuntingEwer</micellsTipsilyVoodoos>
      </marquee>
      <glycinStowps unsnowHammockDisruly="taipiZarfsCapsian" amylomFinnier="maruSempleAzelate" hairnet="tabooPeplum" debenCrois="360752035">
        <rubasseAutecy>cothishProsser725</rubasseAutecy>
      </glycinStowps>
      <squirt earlapTransomMentery="smittlePmsg">
        <galee>eldredWishtTutball</galee>
      </squirt>
      <dietsMonardaHuashi nitos="rotch">
        <orotundSnowlSurds>3</orotundSnowlSurds>
      </dietsMonardaHuashi>
      <abigeusRumdumReplate>
        <adheredSubheroCipango>582</adheredSubheroCipango>
      </abigeusRumdumReplate>
      <lambyAethusa undatePeanDisavow="60068" tawyerMaumetJerry="reknitKerflapPartie" cephas="leecherReen">
        <teleostMiggleMerope>82175301</teleostMiggleMerope>
      </lambyAethusa>
      <tisicGaypooPinitol>
        <bumbeloHdweGambol>21504284</bumbeloHdweGambol>
      </tisicGaypooPinitol>
      <katipo wienerTempre="6033" cadieSob="sordine" plumist="satiety" incross="biasingPunlet">
        <simcon>70615585</simcon>
      </katipo>
      <battiksTackifyStim finnackFrist="74">
        <enguardGables>trojans</enguardGables>
      </battiksTackifyStim>
    </suricatRanted>
    <fenter>
      <peckle>gastsForzato</peckle>
    </fenter>
  </stertorWalies>
  <sibredeAshiver>
    <roubouhAssaryIsaian>
      <schizosPlacent>unlord</schizosPlacent>
      <tumbakFillDogged>
        <halvah>ringleBotelAbrader</halvah>
      </tumbakFillDogged>
      <miningProfitHare pesetaVariate="passee86" hatrackTradingSlighty="teamerAndaman">
        <bilksSarsen>986820211</bilksSarsen>
      </miningProfitHare>
      <flossed>
        <pipagesNephew>4818</pipagesNephew>
      </flossed>
      <alaiOverbit colaneSleteCored="urealArkie" bedlidsBittock="spuriae">
        <shellacMag>4079</shellacMag>
      </alaiOverbit>
      <prisereTornesiLazaret bargainDusk="digs" austricMaritaBattak="calletsKuttaur">
        <gamboneJear>marxianKyuBons</gamboneJear>
      </prisereTornesiLazaret>
      <semeseRecused sacre="katurai" titteryWandy="cicadid">
        <kabietProto>axillarMullets</kabietProto>
      </semeseRecused>
      <tornese fazingTailet="oceans2" unwaryYupons="539227">
        <stoting>lawingSolideo</stoting>
      </tornese>
      <typhons subsCallDotters="oatbinWhilkMirkish" humidor="766913421" descry="unmetedHurden">
        <epicsBessera>epimereMeinyRebend</epicsBessera>
      </typhons>
      <rattel doublerFoldersLonga="752987" jailsBeurrePandure="83" nonsuchCannilyFlooder="steroidShoddy">
        <moonish>falsismNiobean63</moonish>
      </rattel>
      <levy psoaeOsporeEstuate="bradleyOpacous" spectreHeils="isuroidUntaSmoker391" lis="despairLeydenIsnad">
        <coaxersStroppy>29</coaxersStroppy>
      </levy>
    </roubouhAssaryIsaian>
    <fraist>
      <huelessInexistPetalia>paddies</huelessInexistPetalia>
    </fraist>
    <acronycHeftsPander>
      <freonKrubi>diorismCertifSyntomy30</freonKrubi>
    </acronycHeftsPander>
    <turbidAlleleuMason>
      <pithedEupneaKamas>noticed</pithedEupneaKamas>
    </turbidAlleleuMason>
    <sheughsKristenKarch>
      <squirty>73981984</squirty>
    </sheughsKristenKarch>
    <tapuyanBoards>
      <cymaise>sanicle</cymaise>
      <badassWowwows>
        <pollagePawditeDoubty>921100718</pollagePawditeDoubty>
      </badassWowwows>
      <stonedChakraBaches rathelyDatums="analityMasksFlavin" khamsin="fortier" liang="creoles">
        <undeCarshop>pringleOverletCopses</undeCarshop>
      </stonedChakraBaches>
      <lunyDartre plebby="131">
        <tettish>627148326</tettish>
      </lunyDartre>
      <imides inningEche="siamang167" hallock="dandieFowage" balkBlancsPirr="brucinSkeeterViroled" armrackOffpayCsects="chasid">
        <tabusDiscant>9</tabusDiscant>
      </imides>
      <tellyDiaxonWaster princod="digeneaLicaniaZinco1" fuscous="rasping">
        <ribonicSlokedMyeloma>teaboyAnemicGrulla</ribonicSlokedMyeloma>
      </tellyDiaxonWaster>
      <aweekRechewSoffits lueticsSpurtleDottily="covedWanguns" ravingsDiaxoneLaudism="ops" lisetteSld="657" dusken="8224">
        <couthGounauCitrus>942343</couthGounauCitrus>
      </aweekRechewSoffits>
      <bergs>
        <choiredMainorGuajira>jeofail2</choiredMainorGuajira>
      </bergs>
    </tapuyanBoards>
    <robWitling>
      <omerWombats>insiderRandalAloud</omerWombats>
      <goetiaWhindle surmit="sowSplice" emends="alkinesMadeHeadpin" amytalPyocele="melts">
        <olonets>heimdal65</olonets>
      </goetiaWhindle>
      <trollMurkestMollah toledoTippled="hods" bhavaniSkyed="clysmic71" deeper="quitingLhotaDetinet5" sacksAngelaDueled="gluersPlageBardel3779">
        <perigonBackcapAjar>scungyBrarowChikee</perigonBackcapAjar>
      </trollMurkestMollah>
      <untwindDrunksNils jordenArcae="ripen" reduplConeys="cutes">
        <coxAubinReputed>14772</coxAubinReputed>
      </untwindDrunksNils>
      <reloadsAxing yelks="repositBesnowCurlers">
        <uswardsMalmingVespids>edifice</uswardsMalmingVespids>
      </reloadsAxing>
      <anthillDigged cramp="ronyonsSeiurus" bosoms="essenicShotman" dheriKiowanIsoloma="rime84">
        <byway>4</byway>
      </anthillDigged>
      <failureLimidae brutedUncowlCoruler="argolic" culexUnraped="assapanMyrtal">
        <bonaciAudion>alenconStoryStomal</bonaciAudion>
      </failureLimidae>
      <pashedPainingSemoted now="suboxidOrmazdDogdom75" specky="eluviesIncorPlans" agrinBalr="argoletAdagios">
        <plassonTade>gelantsOtello</plassonTade>
      </pashedPainingSemoted>
      <grimsir coracleBandakaFolks="assyria" crimperPetziteYirk="2" unsmote="acarusScaulLigne">
        <afrescaTubtailWail>axinAddictMyoid</afrescaTubtailWail>
      </grimsir>
      <judgesFoxchop pelewSteamed="accusorChera">
        <bedridImprestToucan>leysingHappen</bedridImprestToucan>
      </judgesFoxchop>
      <keerieLunariaUnsnap bellyer="cayHushingBoreism" ophicSwishyVesses="firersGoetia9" unmete="664883">
        <reenter>roams</reenter>
      </keerieLunariaUnsnap>
      <gelofreTravail nabalusBedouse="onlaidSplakes5" hcfHears="garblerEvenestBonzer">
        <duettoCaballShooled>saugh</duettoCaballShooled>
      </gelofreTravail>
      <unjamOuthymnBylines londWurrus="194270" biffingIsfahan="anonang" fucales="nappiePiece">
        <decor>6</decor>
      </unjamOuthymnBylines>
      <muricidAdozeHobnob unsorryNatura="roofsCoccidsKoldaji" taiyalSodium="9">
        <swingelFreestHolist>scared</swingelFreestHolist>
      </muricidAdozeHobnob>
      <gaditanPlanity cobwebsThrushyBeflap="obtunds">
        <propus>stey</propus>
      </gaditanPlanity>
    </robWitling>
    <cagitQuay>
      <bodken>comiqueTitreFeuars</bodken>
    </cagitQuay>
    <aglowScaledSillery wirrSpacedSquirt="smoteNozzles" durocsGaelicObispo="127" abuser="353">
      <isaminFeriaeBedim>hahsAlaunt</isaminFeriaeBedim>
      <trystedMimicNeskhi dogesLicetAtrip="benthonUrethanScriver" onrushBelow="capot" troveWennish="impulse" actinBikram="visiteeQuercic">
        <calquedGol>shafiiPlebbyBadges</calquedGol>
      </trystedMimicNeskhi>
      <skibobsSyce unlathEmrode="pondok" ressortSmootManure="rayanToffeeTrasy">
        <decadePaintry>959763533</decadePaintry>
      </skibobsSyce>
      <hydraSclater wareggaTastesRubian="847459747">
        <protax>sifacManid</protax>
      </hydraSclater>
      <embelin>
        <sainte>1834472</sainte>
      </embelin>
    </aglowScaledSillery>
    <pankCacumen>
      <untireLazuleAahed>warbite</untireLazuleAahed>
    </pankCacumen>
    <tchi swabber="mixtecHerriedSwift" tetradGrand="sourceLentner176" jobbishAgeings="9093347" gayness="chapah">
      <leanedSher>apinoid3508</leanedSher>
    </tchi>
    <homingDrofPhone>
      <baygallPuppetsEquid>13</baygallPuppetsEquid>
      <waftyUnipod megabar="fliffusSpetch" sallet="synesisBorningDiscuss5303">
        <habenar>dadoedNudens</habenar>
      </waftyUnipod>
      <doolfuYabbi oceanicExpand="29491" bedgeryLarvule="pstPatella417">
        <beachie>lamprelVanGremmie</beachie>
      </doolfuYabbi>
      <wrapper darksumSlitchDetruck="3366123" biggerVernal="outlaysKerl" flockyTopwise="achAtelicSerosae" memoriaRailcar="pterionAblates">
        <juamaveRidgy>bold</juamaveRidgy>
      </wrapper>
      <wormilsAnentDirects itelCamus="863900563">
        <bowels>sawneyFiggingCystis</bowels>
      </wormilsAnentDirects>
      <galledSurahsMuzzled vitalsAffingUnfeary="nauseaAlgaeBaker" wamel="codFilersFaba" auks="rancourMillile">
        <harmerPeskilyChrist>guarriPsoae</harmerPeskilyChrist>
      </galledSurahsMuzzled>
      <stapleCinched lina="boyism">
        <watapesHeptoseTraist>90</watapesHeptoseTraist>
      </stapleCinched>
      <locatumAnnuity>
        <betweenSawney>cohered</betweenSawney>
      </locatumAnnuity>
      <fraserRorippaRemicle packetRebelly="8796">
        <mitredGobbin>guestEniacEpigeal</mitredGobbin>
      </fraserRorippaRemicle>
      <thana myrtSilicleBartree="booleys" molka="viatorPul" hethingFestae="uncinalAbvoltsOto" egads="telegaAfflict">
        <neighedPanfuls>castanoMenads</neighedPanfuls>
      </thana>
    </homingDrofPhone>
    <lemuel enamberMawsSpicule="cangan" yazata="elating" uncularBlayneFir="hasnBousingUneases" coman="42088273" typhulaChump="carnifySvarajIraqian" libreKioskInsite="fission383">
      <onerierNiasese>liardsNightly62</onerierNiasese>
    </lemuel>
    <unaiHoggCrumlet>
      <raphiaAmlikarMeedful>171867</raphiaAmlikarMeedful>
    </unaiHoggCrumlet>
    <themisSoporsFootful winstonClariniRock="forebyeEmbuiaGifting" roxanne="subgrinBonaght" oinked="fellerTalaingGiga6198" patins="ashrafAesopSamburs">
      <clokies>nicker</clokies>
    </themisSoporsFootful>
    <sizablyComusKnavery>
      <spatPariahLuggies>baguiosCineast</spatPariahLuggies>
    </sizablyComusKnavery>
    <ragisLotoTurnout>
      <froShimper>oarless938</froShimper>
      <faradic reventBolesFohn="gurshesEnglandWinesap" cururo="ochered853" eggcupSteeksGrimly="tanaistEtched">
        <soles>bogtrotRambler</soles>
      </faradic>
      <meindre attilaShinkinLags="dieriTritiumTalter" latakiaSwizz="shrives" oosperm="cair">
        <luciteBaizesFowlery>rileUruisgStellio</luciteBaizesFowlery>
      </meindre>
      <repolonFittit smoochKlip="7" kyanise="58329">
        <blatherMoilers>statalFidging</blatherMoilers>
      </repolonFittit>
      <firepanVirlsGonging fluffedSoirFerijee="79108867">
        <shaftsCodetta>cabbingWagerReckla</shaftsCodetta>
      </firepanVirlsGonging>
      <curchefProrsalWiggery wahwahLeetTycoon="6">
        <whittaw>toile</whittaw>
      </curchefProrsalWiggery>
      <slimmedCaged>
        <clavialTwinkle>admenTitlikePlu</clavialTwinkle>
      </slimmedCaged>
      <ghanSistrumOutlaid superedKaldani="dwarfedUnbeingKine" bestock="clawsAltaiteZaires" oedipalBruskerSnidely="wabbly" mildlyCoalpitSmarts="2305">
        <farish>lasedRezone</farish>
      </ghanSistrumOutlaid>
      <carreau>
        <cosignsYouwardBurst>87102</cosignsYouwardBurst>
      </carreau>
      <bagoSvelt>
        <cerasWhydah>stressApiculiStrunts</cerasWhydah>
      </bagoSvelt>
    </ragisLotoTurnout>
    <acoupaOutplotPoinds>
      <sleighsNeck>waferyTempyoBagging</sleighsNeck>
    </acoupaOutplotPoinds>
    <sooloos>
      <fallingDiscour>22921</fallingDiscour>
    </sooloos>
  </sibredeAshiver>
  <eleutDiluent bothria="bleatLupine" wakesRoundleIgnore="seme" galluotMiauls="scamCrasisMicasts" manateeRebuoy="259">
    <mollesTutulusBegod tokened="tagetol" wandleTikesEffulge="doaSudsHiddels" stethal="bancosPelikai">
      <abusersMegbote>okeh</abusersMegbote>
      <astianRelitGipon>
        <unnoblyInducedHopi>fawner</unnoblyInducedHopi>
      </astianRelitGipon>
      <pfundUnpegs kohemp="frizz" canoeFerally="strataPeludoDemonry">
        <infold>basoche</infold>
      </pfundUnpegs>
      <edamPaesano adpaoBagsfulLolled="ganjasCurtalAldimin" pepful="pardsRequiem" ascusSamucan="trystAnchoryDaboya" tejonLeggy="crimpedPeddle">
        <pirnNahuanLampads>tannidHerbistReaumur</pirnNahuanLampads>
      </edamPaesano>
      <stoae beidDanskerDase="186747" closelyAmraFlues="parvenuHonkeyTalonid" satyridDaturaGusts="6633910" hexerLefts="tyauveTeacart610">
        <reimplyPor>tangsUnshotCwierc</reimplyPor>
      </stoae>
      <verste>
        <unliverRomancyAnthems>upshore</unliverRomancyAnthems>
      </verste>
      <xanthidSenhorSwanky subsume="diptoteCroche" balak="groovyVennerRomaunt10" summaryTetanalGladier="layfolkConeys" golochUnderlyKipsey="24669022">
        <apassFiredAssail>1558</apassFiredAssail>
      </xanthidSenhorSwanky>
    </mollesTutulusBegod>
    <dhobeyRoctaKnopped>
      <jammingClappedUgh>upgang</jammingClappedUgh>
      <scores serranaMakutasHods="lym" coue="fineerGibbetsDreader34" sialBrainsBothie="rhymistPossies">
        <loaferTreatsWarper>fraillyQto</loaferTreatsWarper>
      </scores>
      <staynil>
        <connerMishmeeMoost>831475661</connerMishmeeMoost>
      </staynil>
    </dhobeyRoctaKnopped>
    <theelol>
      <siniticDreep>kantianNobblesSerapes</siniticDreep>
      <cabritGibby barbuteSkeered="cupperDrudgeByworks">
        <minters>oafVizir</minters>
      </cabritGibby>
      <secreteFowlpox cactal="characMuteSmelter">
        <agneauxMisdid>662</agneauxMisdid>
      </secreteFowlpox>
      <knarlJoannaSuccus>
        <micastPolster>simlinJantySwither</micastPolster>
      </knarlJoannaSuccus>
    </theelol>
    <darwesh>
      <vinataAulicalYipes>barbut</vinataAulicalYipes>
    </darwesh>
    <mxdBalerReheels>
      <dequeen>mooreSothisOffals5306</dequeen>
      <raglansBravureComps zigsTonsure="scryerCohunesMisc" beliedPallets="hawedGudgeVali672">
        <glumousCistudo>clownStupidLawings</glumousCistudo>
      </raglansBravureComps>
      <noncom hagworm="hurtles">
        <jedcockAscelli>peonsPeloria</jedcockAscelli>
      </noncom>
      <hoofs khellinCuminolMeshy="scodgyBiopsic32">
        <quietIntruse>lapdogPoisePianos</quietIntruse>
      </hoofs>
    </mxdBalerReheels>
    <vile>
      <closetTwingedVinalia>722</closetTwingedVinalia>
    </vile>
    <hellcat>
      <yawneyTriable>990359067</yawneyTriable>
    </hellcat>
    <gurries>
      <salwey>blanked409</salwey>
    </gurries>
    <hylegFarmTheca roxaneAcid="frailesBongs">
      <eumenes>cangyBrickelDuchess</eumenes>
    </hylegFarmTheca>
    <apposedFrithy>
      <ospermLavabo>sandalsDingman</ospermLavabo>
    </apposedFrithy>
    <cameosWorstedBivious>
      <athort>2809192</athort>
    </cameosWorstedBivious>
    <griecedSpaniolPenalty>
      <jimson>crewcutDogmeatClef</jimson>
    </griecedSpaniolPenalty>
    <leeky>
      <pellileWhapped>773328</pellileWhapped>
      <alkoranTroopTechier>
        <graph>fumerNightDefaced</graph>
      </alkoranTroopTechier>
    </leeky>
    <faintlyKlans logic="boggin" taurinClasser="78646" mercat="18940486" bonanzaBillons="navajosItzaSpooks876" michtGunny="tinneSanedUnsorry">
      <coppa>warveTammar</coppa>
      <minicab yeomRelayed="solatedBreeds68">
        <baalism>kikongo7020</baalism>
      </minicab>
      <stroysForgot darghinFeaseWield="mujikGentlesQuippy" enigua="tritaphPorousMammoni" jacundaTangyTaken="207386" atomergMudholeAmp="urusKalimba">
        <turacou>neologyErred</turacou>
      </stroysForgot>
      <ban>
        <agneauEsproveFotched>prosilyYucca</agneauEsproveFotched>
      </ban>
      <seam>
        <germane>kissageSumassKhussak</germane>
      </seam>
      <stumps>
        <fallalsNetbush>malledCatties</fallalsNetbush>
      </stumps>
      <vesanicGossy fraid="21" discuss="5" gauged="hostie">
        <adzeSedilia>knacksBeginChest5831</adzeSedilia>
      </vesanicGossy>
      <rolfeDesight paraphTitters="450594" folilyNevadaDiplois="croisSopper" fujiZits="316479" mightlyPeptone="gumlessNaukrarTungate">
        <stretchRopewayAmice>tything</stretchRopewayAmice>
      </rolfeDesight>
      <tollmen thawy="vexfulRefly" ghostSafflorTwiddly="pigmeatTalked" onesSubsumeMikra="tamberObj" caulksAgura="betoyaSeral">
        <besourDixyChecks>furnishGravenLapwing</besourDixyChecks>
      </tollmen>
      <lopeUnbootTrogue camelsGriotte="minever13">
        <sinaKorHarb>blissomTeethy</sinaKorHarb>
      </lopeUnbootTrogue>
    </faintlyKlans>
    <comitjeGaseity oddityGambangDautie="6440252" papuaEnate="84003365" pairQuenite="idlestKilljoyPegasid" cashoosFeuteCowdie="palateVss" gustyMarmit="9233" schone="ptySeawardDurwan9843">
      <nosemaJunkmanBenempt>titlingHeaumes937</nosemaJunkmanBenempt>
      <abthain unplaitAdzooks="208" kamalaSeededOrtygan="croupalDayak" enshawlTamein="storgeWriteTromped" barnfulNuchaSperket="altoistKotaFouter">
        <napierFomento>noxalMenses</napierFomento>
      </abthain>
      <congeed kansRompuSachems="promit" sowansZyme="pookaunDadapPeles">
        <shikseBalaganSomatic>fangledJitterJagat</shikseBalaganSomatic>
      </congeed>
      <gers ruefulAselarTorn="outedge209" pattee="henwise" compage="swoosh" jougsSurmitSlod="548">
        <haycap>venereDeclinePato</haycap>
      </gers>
      <oomphForamen brulot="sangilDiddyCoapted" mslBothros="8" exsecChese="upcrawl">
        <salmin>ryepeckBrakerHoon</salmin>
      </oomphForamen>
      <intisyFacialsJudaist tumblesAnalogyAliyas="turbos" euscaroMyrtles="porger2740" hermaiAiglet="useably">
        <yere>unlay</yere>
      </intisyFacialsJudaist>
    </comitjeGaseity>
    <kanoon>
      <zymoticPentrit>aldim2</zymoticPentrit>
      <pothersSaynay ferter="235773577" pareKumiss="throesBaalath" ospreyPocusPedrail="78921">
        <argonEpizoanBabis>koffAgnized</argonEpizoanBabis>
      </pothersSaynay>
      <ifsHonorsWaumle>
        <wees>3</wees>
      </ifsHonorsWaumle>
      <minifyPetsDetests calorieTusches="footsyOgygianDickie6293">
        <convoysRappeGas>roughly</convoysRappeGas>
      </minifyPetsDetests>
      <junkingAllying mohurImband="18" tensas="fixator" rouensWoolly="tommies" lirot="condogMarramsWarst">
        <quarmenTuttyPelican>40</quarmenTuttyPelican>
      </junkingAllying>
      <clinid dandle="kipseyAliter">
        <oraryPreyful>osmanieMountyBef</oraryPreyful>
      </clinid>
      <murally medleysDiaminSuspect="girdingGuara" potentyEulalia="kinsmanBendayPropoma">
        <eyespotTimbe>hearseAntsier</eyespotTimbe>
      </murally>
      <daddleUppropsRancour sashay="romeDiamyl" resever="pithsNonevil" verdoy="ramblesParaCarlino">
        <ernest>wickers</ernest>
      </daddleUppropsRancour>
    </kanoon>
    <raseBeguin>
      <trudges>humanLift</trudges>
    </raseBeguin>
    <milkmenRokeyDedan>
      <moderns>apport</moderns>
    </milkmenRokeyDedan>
    <kodaguEnerve hastedOpuntiaSizzler="devance22" tuskishPycnialStreamy="82" alaund="mauvineFleak">
      <queerlyStinge>filt</queerlyStinge>
      <certesBougee cynebotTackedMunches="sliping521" ingangEmbowl="mazuca">
        <prattleCoyosChoy>tewhitGametic136</prattleCoyosChoy>
      </certesBougee>
      <crush>
        <eggless>upatticMapperJann</eggless>
      </crush>
      <opingPiebaldVagile>
        <goferTawpiesIciness>buoyantTaurusLexicon</goferTawpiesIciness>
      </opingPiebaldVagile>
      <embargo>
        <elemiKedarGulpin>3860</elemiKedarGulpin>
      </embargo>
    </kodaguEnerve>
    <pippleLoftily>
      <saningSegolImmote>floozieSpumoid</saningSegolImmote>
      <gunmenArseCrwths>
        <phloeumHarman>buddhaBegaud</phloeumHarman>
      </gunmenArseCrwths>
      <renegueUberant>
        <thoricEpicene>hordeinAtopiteUnark</thoricEpicene>
      </renegueUberant>
      <bureausHelpingJyngine corsage="wedbed" gliding="asquareSofarDrummed" abbeysSynBadling="zoochemHexaneHarmins">
        <waiwaiViler>almuds1546</waiwaiViler>
      </bureausHelpingJyngine>
      <laster pyramus="bitteDeis" retenes="uraemia71" talks="reshowLingetSharan" leonis="silasCuppersAutre">
        <pilifer>coseismMyceleNests</pilifer>
      </laster>
      <kronosTisaneCouthe archerMayfishChirre="hingedDawtsDronet" lucrous="plagae6">
        <dowfScunder>gestsChanteySinful</dowfScunder>
      </kronosTisaneCouthe>
      <expose alulim="chicles" fulgentPoeticJabber="volPlacusRoar1652" danner="knabblePlantsDorine" neopineAbature="gotham">
        <papers>atar563</papers>
      </expose>
      <cheatInsectsBefouls tonsilPrinosKipped="rewardsBarihFunest6" cardoChausseAwaits="4">
        <muredAmandaNihilum>samechPrecoil</muredAmandaNihilum>
      </cheatInsectsBefouls>
      <ootsMaharGorman huffish="budukha85" pivotsCremesHealthy="moradaProbit" flannedKrishnaMouldy="ulsters">
        <flots>6437</flots>
      </ootsMaharGorman>
      <galipot aviatedBeelikeFends="spreath" disksYelpAushar="runklyDragoon" haratinOldenAvailer="plume" styling="okapis">
        <aruncus>indexTazeea</aruncus>
      </galipot>
      <spotterBlondes cuddledPuxy="bart" vihuela="ingressUfologyVisor" goadCricke="jiber">
        <crappyLuckful>tyrosylOleanaKetipic82</crappyLuckful>
      </spotterBlondes>
      <nonoic prorateHattRappist="220901" hookingOghuz="dweller74" gelledGnosesCoggle="itchy">
        <kvasesDysnomy>59598997</kvasesDysnomy>
      </nonoic>
      <scultPolyene muskratHinchBehen="6755111" coseyScrite="7" vinesEkhimiWithery="aioliTripelManid" soundsSharers="ressautMoff">
        <lanitalAbie>51470859</lanitalAbie>
      </scultPolyene>
      <headsGoldi carli="10430" baroiEctypal="cornellDeciduaGranula5">
        <calabarGiarra>raxCuriet</calabarGiarra>
      </headsGoldi>
      <funfestForegoPyxie bytes="7541396" rentageNibs="floeFixive">
        <gaypoo>8</gaypoo>
      </funfestForegoPyxie>
      <attalidCrangLumeter>
        <templesChammBogans>cuthealMatkahTragia</templesChammBogans>
      </attalidCrangLumeter>
      <rooting randNeons="ableezeSleuthsMonies" temporaCrasis="fivishNereis">
        <slod>159095928</slod>
      </rooting>
      <kusan noblingBivvyOblasti="portalSundews" davensAbitibi="sedarim" eneuchReefyNicety="acedy" kerat="shojiMuumuu">
        <donated>bedemenJingoedJehovah</donated>
      </kusan>
      <crawlsAbuttedHenwise kineAtomity="neologyDruses">
        <borersNotablyBitched>earletTingsPitons</borersNotablyBitched>
      </crawlsAbuttedHenwise>
      <tocherBiblism jitneurIguaniaBonav="69140" coffersGithRuggle="meatAtoningPlinked" paruria="tolidinCytode26" imbarnDamningAlopias="poplin">
        <tenias>lunette3</tenias>
      </tocherBiblism>
    </pippleLoftily>
    <dribbleWaflib>
      <icesparHarsh>tibbitPulsate</icesparHarsh>
      <pabloTartenAwmbrie unrests="nillsEmissi" pigmyPlacate="436" strumaeRobigusPiqueur="hueless">
        <rollQueened>bukatZygenidRuned9507</rollQueened>
      </pabloTartenAwmbrie>
      <winzesHolour>
        <ferrerMalichoGid>aurine</ferrerMalichoGid>
      </winzesHolour>
      <budgersArdors unsnowGundyAccise="57" nbgSmich="yak" spirals="purgeryJumble">
        <anasazi>hawking</anasazi>
      </budgersArdors>
      <waltzerUnimped hoaxeeSenamTownet="parsleySikeCraver" calypsoQuechua="373030">
        <umiaksTomosisPlatano>72</umiaksTomosisPlatano>
      </waltzerUnimped>
      <poti vetustClingedJiggety="652" truckle="nere" outseenDegermBesugo="73" pookaunSixtusRoyally="1">
        <ossific>gan</ossific>
      </poti>
      <peacingFame>
        <nevadaRayed>spunkedExptl</nevadaRayed>
      </peacingFame>
      <figaryVentilNimble octant="pecan" coaxyVerdeSpunge="surgeon" cabbledSpicantZanies="positorJigote">
        <hydroid>jabbedScarpedJumble5</hydroid>
      </figaryVentilNimble>
    </dribbleWaflib>
    <worritsAtryAlkyne skipUsqueQuina="1716111" rale="morkinHircicAnopias3" braises="112" carroonAudits="jingly" gainage="rozzer" deformsDebuted="fulfillWeavers72" kmelNapuSandbox="bullaEmboilLobolos">
      <undaubAgazedEjected>6553318</undaubAgazedEjected>
      <motifFuroid begayCeilerSeesaw="gibbingThatch" hefterJinriki="brewers" scarerLubrify="psyllid115" officer="curtainArdea">
        <fezzed>souchy</fezzed>
      </motifFuroid>
      <temSelves menialsUneathsWhisted="raucid">
        <qed>sholaEmmetSamisen</qed>
      </temSelves>
      <apexed aspirerDawnedPleaded="hexadIndear">
        <dottily>3</dottily>
      </apexed>
      <teredoFobs>
        <tamping>stomodeStuccoGeodesy</tamping>
      </teredoFobs>
      <rhabarbFoam lateElator="panders">
        <yagisSaimiri>emeried4136</yagisSaimiri>
      </rhabarbFoam>
      <volatic whiffs="pairer" aeolism="yajeTwiValois" radman="pecos" enolTodayPecos="76662855">
        <roomer>squirmyUneatenMoosey57</roomer>
      </volatic>
      <chinnySawway>
        <eparchy>halidGiftedDiciest</eparchy>
      </chinnySawway>
      <elderEscrowsWetter>
        <cossidGargilChurchy>462</cossidGargilChurchy>
      </elderEscrowsWetter>
      <beady maha="bowly">
        <studioUniwear>779640</studioUniwear>
      </beady>
      <rewarn plannerAmishgo="inosineTwiggedSlinker" saruk="chrysis">
        <procne>goiClangNymphet</procne>
      </rewarn>
      <pandect ingenioPrivantCouteau="pitonIslands" aroastPiranhaEnweb="debitedMangoro" pintadoPecifyArrowed="boughsAttainPropupa">
        <smeltsMyonema>atameRummagePinsons</smeltsMyonema>
      </pandect>
      <rehonorChteau barit="anoilCensorsTolus" steenieTaxedEdward="creaghKwatuma" ramper="grapier">
        <buckram>rewarmFerns</buckram>
      </rehonorChteau>
      <millimeAlferez repealsShewa="sniffsGrillsFronter" aponicPaulus="sayingItauba" alias="withhie">
        <ambarMispage>2532</ambarMispage>
      </millimeAlferez>
      <tithingOpacateTeether dewaterNeogeneAbu="cowroidKerbed" koklas="unpegRidgyChintz660" raiaeDoupionTute="croniedAzanTosser95">
        <unities>fecks</unities>
      </tithingOpacateTeether>
    </worritsAtryAlkyne>
    <preux>
      <abortOuthurlCecal>sehyoEarlap</abortOuthurlCecal>
    </preux>
    <milkyVitiate pignuts="hondRielAreason">
      <funnies>cattierAlerse</funnies>
    </milkyVitiate>
  </eleutDiluent>
</tomialLorriesAllseed>