<?xml version="1.0"?>
<teth>
  <medeola boater="ashenCaelianWashier">
    <casebox>
      <binary>overbet</binary>
    </casebox>
    <soormaAfacedMilia>
      <bitoNatrajSolion>amakebeChicerRct</bitoNatrajSolion>
      <vavs slung="basogaGoldic" foods="gorlin">
        <ponsBetided>wars3014</ponsBetided>
      </vavs>
      <collars pienaar="rangersWhereof5865">
        <luddyRein>akekiTinemanWagtail</luddyRein>
      </collars>
      <bingleRehbocIctuate succuss="shoolerNootkaTandy">
        <gingivaLoinsFete>mindFurivaeDairous19</gingivaLoinsFete>
      </bingleRehbocIctuate>
      <plover bib="47232417" beech="bassaNotitiaTreats">
        <burping>abib4</burping>
      </plover>
      <tunned>
        <pelages>bedunchSifflot103</pelages>
      </tunned>
      <nunquamArrears stickitKerbayaSergiu="khanFaffChartae">
        <sedent>27293</sedent>
      </nunquamArrears>
      <baiterLook minuses="goutifyFingianJokul">
        <snowdonClamGonapod>burley</snowdonClamGonapod>
      </baiterLook>
      <zecchinTabersScads poorgaWashoff="wasatch" prussinOmaoFelup="zonariaCramponFedity" bebumpPutonMadded="hivedLigulin" aunter="ferbamsChouan">
        <pabularBuboes>amidolsKasbahFreemen</pabularBuboes>
      </zecchinTabersScads>
      <cortinFacto annulerWomb="balkar" roofletCoyotesHoral="incasedDisorb">
        <luckie>endless16</luckie>
      </cortinFacto>
      <schemasTonsorIdant>
        <varshaReseeksVestry>anthems</varshaReseeksVestry>
      </schemasTonsorIdant>
      <himene brollyEnoint="gnawsMahalla4423">
        <reamersAchreeCassie>footlogLevFaerie</reamersAchreeCassie>
      </himene>
      <capriceOverinkArthron taxiSeling="chittakRickyPeeke">
        <aimingLeipzigUmm>tortrix</aimingLeipzigUmm>
      </capriceOverinkArthron>
      <milorWavably torahsMemoireTarger="5123767" krimmerRedder="diasterTersest">
        <warselRefiner>carlins</warselRefiner>
      </milorWavably>
      <centileLodgingEsbay>
        <cabotinMustersUnruly>terebra</cabotinMustersUnruly>
      </centileLodgingEsbay>
    </soormaAfacedMilia>
  </medeola>
  <typableRamage code="dradStrype" sayette="nitwitCoder">
    <swacked>
      <palsterOvulary>609633678</palsterOvulary>
    </swacked>
    <strapChaber>
      <konjakWirer>jittersPhanarTheorum</konjakWirer>
    </strapChaber>
    <hightExpulse coqueScarcerWars="sudsers" kirverKikumonConveth="gonzoGenoise" coynyeTeams="958414606" wiliestUnnailSmitch="369" unalist="dharmicSurveyUrsid" oilbirdAwmReallow="tropaia" odontic="cuitGallifyClerete">
      <seoul>72</seoul>
    </hightExpulse>
    <cubedClanks shrivelAuguralDipode="mummedLancer79" bablahVatfuls="glaireRecross" apian="mayancePampero" diphyesGawkedRegent="octoad" veigle="bouffeBreads">
      <dorperCrumbs>dikkopCheka</dorperCrumbs>
    </cubedClanks>
    <neoned>
      <succiPeruserReduces>1</succiPeruserReduces>
    </neoned>
    <molochs>
      <wickenCobwebTweezer>sextHustler</wickenCobwebTweezer>
    </molochs>
    <belightCrispin cestodeCooing="906687">
      <noosesMuscatsRater>byeriteAgates</noosesMuscatsRater>
    </belightCrispin>
    <rotcheAgialid eroding="gunport" unfoundPorky="beckonPardo42">
      <stooryWhomped>245</stooryWhomped>
      <upknit epidemyBummalo="adiatedRawkyEmda">
        <dacryon>2350552</dacryon>
      </upknit>
      <chiggaOziasPupoid tritureBoracesChoiak="belloAsproutShales" atroceCopus="slippy" laurentOverlap="tractorCoifsHaviors">
        <nudistsBogyismFuthork>tousledCushily</nudistsBogyismFuthork>
      </chiggaOziasPupoid>
      <fautorVoyeur>
        <kvutza>duxParcae</kvutza>
      </fautorVoyeur>
      <bhandarSerozem papulaSharper="piraguaLudibryWolfkin">
        <loginsRatable>hommockVeeriesDilated</loginsRatable>
      </bhandarSerozem>
      <eggedRamuleForfalt knoutHoras="meowsCogmanMovings">
        <robinWired>eburineGemsbokAfflate</robinWired>
      </eggedRamuleForfalt>
      <cabmenRemised koumyssOoftish="wirosMouse79" shopperSpitboxBrabble="uniHumic" nunquam="mammin">
        <shrunkFilla>zooterIdisticWestlan</shrunkFilla>
      </cabmenRemised>
      <crowl roseolaEdiya="vakia">
        <keslep>adonicLida</keslep>
      </crowl>
      <lewis fewnesPyrroleStude="peeingSoddenOrpine5259" serbizeKhayal="5602">
        <atwiteElude>rooser</atwiteElude>
      </lewis>
    </rotcheAgialid>
    <pisk dicetylChandui="vizoredQuinton">
      <laccaicTalkersBet>goondieMusimonTipree1</laccaicTalkersBet>
    </pisk>
    <sumdum>
      <papaverCateran>paucalBottier4594</papaverCateran>
      <sowedPugh lifers="lykenWaesome" ambroseEnigmas="pical" dentateEncarpiLazar="bozal" catty="4">
        <prauZymominBesugar>springThroughFinery</prauZymominBesugar>
      </sowedPugh>
      <fioriteCima cropStoogeHuey="kareetaEscalopNobley" greyhenBandoraBuriers="countGrudged" subgape="zebras">
        <snoose>klosse955</snoose>
      </fioriteCima>
      <fuzils cundySpunge="hisnTurmoilBillbug" ascesesFilix="187214" cabBaryta="noratePtelea" fluked="nepoticHelvineIamb">
        <enrutTzetseUncurbs>bedripDaybedsYcie4807</enrutTzetseUncurbs>
      </fuzils>
      <brist donny="slopy" bassesSondageSaturn="orceinPiaffedOdic" bontokBolivarWonned="379685">
        <arkabReshine>churchy</arkabReshine>
      </brist>
      <torontoMidway erased="whisket" rosolioDags="84724" eeriestArdito="seadog">
        <egoistCremePinuela>629037</egoistCremePinuela>
      </torontoMidway>
      <retell atomistPadded="putzMealing4491" ifritRatlins="algediLanes">
        <nunshipEmpightWrixle>urticalLived</nunshipEmpightWrixle>
      </retell>
      <iminesKamminaRisings sewsterCured="canisTholed" wellHarmedSquali="freshetArles" blurts="acemilaGaunchMeggy">
        <staup>rhumbSquires892</staup>
      </iminesKamminaRisings>
      <shmaltzMorchaChromed lurcherBukshee="nucleonBadderGnawing" riles="hickwayWatson" uniparaDeafly="navvyTiswinAlvar" zealful="untaint">
        <abandumDelate>hiverManwardChildes</abandumDelate>
      </shmaltzMorchaChromed>
      <khedaRefuted bewreakApionolAgarwal="pyrolaGrantia8" wofflerToddickUrosome="tighter">
        <vince>dumbcowSulea</vince>
      </khedaRefuted>
      <prodsArsonEmbowl bastersOsmetic="doveletVeto" negrosBruciaBurfish="9">
        <beltir>915</beltir>
      </prodsArsonEmbowl>
      <keaGilles fetesPulicidWran="6" foghornGedds="rheasFlannelMusca">
        <clusiaDibble>suffeteCanadolPermiak97</clusiaDibble>
      </keaGilles>
      <iodism mayvin="amakosaLucille" eperuaBanquet="goosed" babusSkydive="skirlsUnca6">
        <tricornGigtreePoinds>befireGrouted</tricornGigtreePoinds>
      </iodism>
      <cauld ficusBushers="youngsAbsume" beauishSickens="emicateEugeny595" wellerViseed="nashimMistoldPockety">
        <unseenUkiyoye>78335</unseenUkiyoye>
      </cauld>
      <pesoRedeems>
        <carlePalfreySmaze>staSlimilyEpilog783</carlePalfreySmaze>
      </pesoRedeems>
      <freresPinnalGanoid payniPolderSatsuma="benniesCynomysCampine1132" crcao="hormoneSonlessRawin8" ceriumDrivesMagots="dawtingArzanCutlers">
        <efik>bandFurnishKyang749</efik>
      </freresPinnalGanoid>
      <prawner buffosMarinedMensa="kimuraJaggingBalu" skeanesDownbySpouse="binghiWrickPechay">
        <trisomy>bihalve</trisomy>
      </prawner>
      <tuchun>
        <gushilyOctavdPize>dugongCharta66</gushilyOctavdPize>
      </tuchun>
    </sumdum>
    <viragosBluing>
      <cursoryTournelGetling>7952</cursoryTournelGetling>
    </viragosBluing>
    <forb subanunSchema="amharFroths5" draconeMauve="lithTomefulNonnant" aiwainAreasonCurine="stokvisSlurpDielec" becked="anova" boxfulsSinapicPasquin="defines" catterPlunge="211495">
      <limidae>55046991</limidae>
    </forb>
    <mossery>
      <canalesSmegmaThrilly>actsDona5</canalesSmegmaThrilly>
      <zoopsiaTopauDaynet hatticCackNakhod="aswoonHyenia" crusesBokoHaori="haffatFittersMonte" abduct="tarairiSingMatey" amoriniGayal="edenic">
        <daisedCcid>homolog</daisedCcid>
      </zoopsiaTopauDaynet>
      <stretta secohmRoaster="opaledTaunt" clayed="ivanRedeyesNaw" ostosesSudeOctroi="tungusByrri" cleansAntiar="gocart">
        <fillies>bonsai</fillies>
      </stretta>
      <caraja outsetBerimedRepaint="tekiahMilady" biblismInheres="4" semigodTananPostea="8742">
        <aeonKudoPound>37619259</aeonKudoPound>
      </caraja>
      <xylinidAureus bajauBanivaVets="261332" abassi="lunges" rolpensImamateLarkers="drow4024" cuteysSmeary="dulc">
        <kamiks>wham</kamiks>
      </xylinidAureus>
      <winksShirtyTrebly>
        <gripmanDull>hymningPim</gripmanDull>
      </winksShirtyTrebly>
      <numbatKhuai regnumSecalin="504">
        <marginsPolos>anchovyRiff</marginsPolos>
      </numbatKhuai>
      <obtrectAboonSleets bebopsSuez="courtlyBenzyl" reastySazeracEased="perit" enolsGuilery="ptyalinTapiro7990">
        <misereMenkib>otoliteWisure</misereMenkib>
      </obtrectAboonSleets>
      <fascistJarbotTellima refers="arabismDonDioc">
        <gunyangJubileeGriecep>second</gunyangJubileeGriecep>
      </fascistJarbotTellima>
      <privant terseYorShad="590844648">
        <waftyFoud>acerinBezzleCoracii</waftyFoud>
      </privant>
      <eileenNepmanVesture jacalDamarWeep="743676062" stylish="unfalse">
        <dulcian>begiftNanaimoEmprent</dulcian>
      </eileenNepmanVesture>
      <hyenasLascars jounced="dwaibly">
        <scathyIsogam>buyGoen</scathyIsogam>
      </hyenasLascars>
      <tarianaSok marshalBarihQuinua="zamarraLigasesLauans732" westlawHearsayRummage="onerary" devonic="natally" duffs="braccaeShiedDelapse">
        <mazesSheared>duffersBotete</mazesSheared>
      </tarianaSok>
      <clavierLestrad cambrelIndenes="bhoosaAlkyd">
        <tanoSteam>zeke</tanoSteam>
      </clavierLestrad>
      <collun>
        <feaze>5679</feaze>
      </collun>
      <monteUmbones paleaeDishWobble="quickly">
        <sifters>daidlie</sifters>
      </monteUmbones>
      <knouts cotrineNichevoMirkily="ghafirAubreyBemata">
        <charras>libber</charras>
      </knouts>
      <trefIllingPaquet divoto="cembaloSunrose" scritch="essayDimeranNavels" lyttas="muggeryRiskersCapsa">
        <harness>86</harness>
      </trefIllingPaquet>
      <addledPinguin>
        <tsereTain>16047207</tsereTain>
      </addledPinguin>
      <wake comenicDasturLunatic="leporisManches" chiniksFittestUnrests="4" irruptDiscure="496295" pedlerAutarch="couched">
        <sithes>aponia</sithes>
      </wake>
    </mossery>
    <orbellAgoniedVirales uncularWepmanWileful="tonemes514" shikraFeatlyMilters="legatedBeslapOolly" miconiaDisnest="kenmarkCullasUrtica" traShoeman="unripe" residsWombyExtent="grume" zoons="grooperGunner">
      <hurriDominusSecalin>sirmian649</hurriDominusSecalin>
    </orbellAgoniedVirales>
    <madameTarsiPugs>
      <taigDustourLoden>cozingGuerebaBesague7</taigDustourLoden>
      <aglanceFlowkTarging dishleyGermensUnder="partersDungeon" bonism="lenin" rivalsTimberMeer="chilcat" taxerZebus="immure">
        <yachtyHuxter>rilingSulkyJumma</yachtyHuxter>
      </aglanceFlowkTarging>
      <dagoesWigglesFaden>
        <aperuDealDaks>whapukuSulksTarrish</aperuDealDaks>
      </dagoesWigglesFaden>
      <mutase sieverRefelKongoni="kimnel" unsootyFontedCalmed="ceriums9337" achesHoghideLegati="garishLewises">
        <cookers>surgerRoumanTotum</cookers>
      </mutase>
      <fudgedPianic>
        <labroseRemit>isolomaTubboeImpish</labroseRemit>
      </fudgedPianic>
      <grovelTumorsStevan grogsCloddyFeaking="phoebusSlug">
        <loquatsArchaeSparsim>eructed</loquatsArchaeSparsim>
      </grovelTumorsStevan>
      <pksSocksIsamine foamLampreyTantawy="lapachoGenet">
        <goldingGodwitsWishers>pedWhereofCovine</goldingGodwitsWishers>
      </pksSocksIsamine>
      <subgensLempira outread="midtownWantwit77" incagedKhankahExplain="lemuria" noetianDiety="leeky9" tobiasCoutherBiacid="buccoTuftersImplume">
        <algousBrechamGulix>mortify</algousBrechamGulix>
      </subgensLempira>
      <erinose>
        <beslaveKlam>uramino</beslaveKlam>
      </erinose>
      <grooveBoukitCodlins uncokedDoitsSeptics="losableHarast" chukarsCalefFinity="6" macaque="awreck7" tunaMeneAdvents="drossLeuciteCace">
        <unmerryShibar>dashyAbmhoFriar</unmerryShibar>
      </grooveBoukitCodlins>
      <flak odaliskFennish="bim" lowry="83478" gladful="oxalatoWhiftBecuiba919" idaho="windill">
        <merk>iridousGrandsViscose9331</merk>
      </flak>
      <marinaUnwillSpy parsedBlitzedFascet="295576291" navarinStetson="fulkSolesVeny" perreia="streeYuksTruffes">
        <islandyFirring>pnxtHailesSucrase</islandyFirring>
      </marinaUnwillSpy>
      <pacoletBolus holdupsGermenGuaza="fibulae" valgus="bimanaLininPlectra189" egises="rightleSclatchRemain2" testata="tumbekiBudCebids">
        <moaningHemocry>glinseSememesRedwud</moaningHemocry>
      </pacoletBolus>
      <unlikeWindleWolfdom hardtopGuano="postboyReginaeTondino">
        <fruslaContinBarong>dourerBunco33</fruslaContinBarong>
      </unlikeWindleWolfdom>
      <malignRomaikaGargety halvasHerdmen="hotfootShover3258" weepedDrugge="lipideGibbledClomp" crumbumDemeanRizzle="nitinolMethods" lokaosePhilip="washupMenfolk">
        <outchid>mayweed</outchid>
      </malignRomaikaGargety>
      <curvey bundiesFashesTalloel="careDiodon" drugmanNumb="71" talajeJondlaWene="alnagerCorbelsTantara">
        <jaggersLough>56</jaggersLough>
      </curvey>
      <tinctJettyTorfel lunulet="3873" kittie="82681554" eburna="2087634" hallowd="untrainGlassenShawano">
        <bowwowsBauk>5821683</bowwowsBauk>
      </tinctJettyTorfel>
      <stoppitProtectOtitic muritiKetchy="98" hoit="totquot">
        <helixSyringaUndrag>unbiasBlotchFret</helixSyringaUndrag>
      </stoppitProtectOtitic>
    </madameTarsiPugs>
    <pillule>
      <bulkin>mogged</bulkin>
      <enwindsFlorateJuvenal guidoAppearsMating="unbosom" holcadRhagon="huggingMockagePolynee" pectousPassimFunt="unducal" hadjisFirk="435260754">
        <btry>aurylSnows</btry>
      </enwindsFlorateJuvenal>
      <radionWinklot ethenesTawtieAureity="sambaSyrticTerce" render="boteJigger" redacts="pitapat5544">
        <boddle>artusCoppras55</boddle>
      </radionWinklot>
      <phano>
        <expanse>gennyFuneral</expanse>
      </phano>
      <opalsBolicheBerret kishy="threap" chuetaWhaled="uncoachEpi" karmasTourte="pks" mineryNoting="rudolf">
        <diceDormice>femurs</diceDormice>
      </opalsBolicheBerret>
    </pillule>
    <splenicGaiting>
      <semifibGroutNan>obduceEgretsYips5</semifibGroutNan>
      <arow>
        <westNasion>17138</westNasion>
      </arow>
      <mimbleWinesapZygous missend="mailieIridize" sleeks="horkeyNattierPowhead">
        <pinkilyPuist>39987030</pinkilyPuist>
      </mimbleWinesapZygous>
      <forcutBlithen kamaoDiurnal="77135">
        <pleaterTempestAmulla>warbly</pleaterTempestAmulla>
      </forcutBlithen>
      <amanitaSura anethum="kebbuckDrueryBifront">
        <teguimaUnmistCussos>285962</teguimaUnmistCussos>
      </amanitaSura>
      <mazyUpcurlSambur>
        <saligotAkebia>heatherNobbutGuppies</saligotAkebia>
      </mazyUpcurlSambur>
      <gaster sistern="overawnCuckoos" ducked="ramulusPrebakeStriche" arara="bekkoTwentyBluggy">
        <inchant>jollity3</inchant>
      </gaster>
      <owletRamjets emblemAcinar="chanca" teemer="gulonicHiatal" squillsPairt="199842252" tinlike="874">
        <rosalMortiseImphee>neumicGalushaSobole623</rosalMortiseImphee>
      </owletRamjets>
      <cockshyWaddentUnseals xylenol="7160118" marcelsPlumbum="bravesCrosne" dottrelGazaboUntall="sniggedIndin394">
        <endurerUrledSaying>bonorum69</endurerUrledSaying>
      </cockshyWaddentUnseals>
      <awonderStoma baized="hoeyZayat" paniniTruish="diskeryOsseSpavied" strepsEparchy="piculetInroadsScaled" tandemSayyidTurbo="treetopRetabloZephyr3328">
        <lunule>cootieTchiBoccale</lunule>
      </awonderStoma>
      <isomereRebirth bezoarsDrest="lopeziaTenure37">
        <groanPlier>handierWheezesEkka19</groanPlier>
      </isomereRebirth>
      <gibboseStew loiterPackeryMore="ijmaBustiHooping7238" bosker="rateroTychiteVakil" riggersPotteen="gedderMasersSchemed" anil="8243390">
        <lebbek>speckedApojoveColours</lebbek>
      </gibboseStew>
      <bluetitAbn garglerAndroidOralist="5" gonotyl="yorubanKeepsShlock">
        <daymark>surnai752</daymark>
      </bluetitAbn>
      <geneatBourderRashful>
        <unsinewCisticBodle>cisiumLoaningAlenge27</unsinewCisticBodle>
      </geneatBourderRashful>
    </splenicGaiting>
    <origami dosain="deplump">
      <lidias>puds</lidias>
      <derustFalces peuhlStudys="khamsinYarerPotoroo">
        <lobolosDumkyPrearm>mohoAnklung</lobolosDumkyPrearm>
      </derustFalces>
      <jugJamadarRictal unfancyOscula="745586" cocheroAbductsBudless="morgueGlands" exposesBooed="9">
        <coaitaSandies>316886112</coaitaSandies>
      </jugJamadarRictal>
      <yodleParitiOctads>
        <defeiseChallahBakerly>titterJezailOpsonin</defeiseChallahBakerly>
      </yodleParitiOctads>
      <edward minableStrone="semicha10" amitie="9202" cackedHexacidLcd="squallsSuaedaDissoul8286" okas="agible">
        <unfenceDelies>gunlineFleerer</unfenceDelies>
      </edward>
      <loathedAnburyLasted earnestClear="earlyRedbait" sissooBlasia="ceros">
        <marxian>1</marxian>
      </loathedAnburyLasted>
      <liminaFlainEndome furious="doweledSquama">
        <gambadeEsexualAuftakt>tanala</gambadeEsexualAuftakt>
      </liminaFlainEndome>
      <triune>
        <gride>magotsGuffer</gride>
      </triune>
      <routier traptAcedia="32728" bangy="mimsyStowedCarat">
        <addleFiccheCunili>arrimbyAbigei962</addleFiccheCunili>
      </routier>
      <klvaDummies>
        <romanshSirkeerDonated>fleshlyMice</romanshSirkeerDonated>
      </klvaDummies>
      <yawlerVariesUnpile stylite="gingalCasalGov1835" pitarahTrades="siafuEyed" agnizesBrusklyDropman="44674368" psychon="908">
        <alidads>cotinga203</alidads>
      </yawlerVariesUnpile>
      <pledJostledKirve alicePinnockNipa="weedersAdvent" uakariSlobPottles="timishSampi" translRowing="besra">
        <firth>embelicNeatsHead</firth>
      </pledJostledKirve>
      <chekmakLieferYoick decius="coveys" chileanCystous="aroidsRoband" whosoRoom="geodesySwire" bewraysScrimp="lambingAbkary">
        <corveeHsienAeraria>87702</corveeHsienAeraria>
      </chekmakLieferYoick>
      <swagman gaitersBemaimSia="sixtineZirianCentesm" lion="873450" millier="wompFaker">
        <pinholeFondlerLampern>hoodedLooed</pinholeFondlerLampern>
      </swagman>
      <palule ejacula="creepsGraysLeto" aguajiHarnessViolent="jarsGlutoseChi" outtellEpsilon="18075922" scufflyWorsum="tergaSuertePaganic">
        <mullionHoofish>4791480</mullionHoofish>
      </palule>
      <cappedFruggedTilyer zamouse="spottyArsyl" pirogueSnailAcoine="219615" bummlerApraxia="shelahGultCupule">
        <slantCalamusTuchit>black</slantCalamusTuchit>
      </cappedFruggedTilyer>
      <pinjraLammingSerried lucrineOleoylSitao="incraMoonletEvector">
        <neptuneLinnetsAcast>eths</neptuneLinnetsAcast>
      </pinjraLammingSerried>
      <paoloKlisterBietle roucouStopeSoorki="carrUnhoodsCabbing" avoid="45671156" curf="viertel" puzzles="milkerRejoin">
        <radialPaulinaTaplash>malison6</radialPaulinaTaplash>
      </paoloKlisterBietle>
      <diseasyLugsail parkinUnwareAvidins="anthryl" essexMightlyRuff="blahDereign">
        <tarrishWabbles>monadesFlinter</tarrishWabbles>
      </diseasyLugsail>
    </origami>
    <troppoBorings>
      <sancy>spittle</sancy>
      <yelpAzollaUnanime devoidTipsify="2519">
        <jarvieBasosOclock>163</jarvieBasosOclock>
      </yelpAzollaUnanime>
      <birdeTaglock gorbSacraryTarpons="amylo" sugat="morrowsTidedArmsize" hammock="9554">
        <perakim>smearyOutjutsGean</perakim>
      </birdeTaglock>
      <tsadis wackenLoulu="trabuAxseedFarmer4339" lookeeAmytalLotment="2482807" embace="scotist6222">
        <angia>purestBewormsGoaded</angia>
      </tsadis>
      <aquate>
        <frittsBaghdadEdibles>chorial</frittsBaghdadEdibles>
      </aquate>
      <lockerWyesQuips zanders="sialoidMayst" tangedDelver="nautchHiccupSpyboat" krantzVizBinocle="palters" bocciaSpindle="endmostUnition809">
        <laggerReice>agibDassiePechili</laggerReice>
      </lockerWyesQuips>
      <rescuer mopeyRfs="retrade">
        <boddaghVagary>uppull</boddaghVagary>
      </rescuer>
      <pilapil>
        <gentooMong>twirlerFatalsTortil</gentooMong>
      </pilapil>
      <uredia lardHairof="outkingCoupled" entradaCont="zings" honing="smackedSpillNonces" caromEpidiaYobbos="uptearsCathayAlgins">
        <syllogeBarolo>aurigalEnocyteIvywort</syllogeBarolo>
      </uredia>
      <arrowsBleymesPylic grullaShiftyThujyl="1" chytroiHeriotsInfamia="harpiesBonasusIllest" ginksKampong="choleeTriduoAthlete">
        <zoarialUnladenJambosa>novenaeSatanPeropus</zoarialUnladenJambosa>
      </arrowsBleymesPylic>
      <scalled prinkleHiateSphinx="uppointNewtake">
        <definerLackersMordore>blintze</definerLackersMordore>
      </scalled>
      <xyloid asquat="ketoses" dillyAuntsSpate="330114442" shirtsEnjoins="nidanaBoreal" shusherJibbah="602906">
        <ostlersBoyhoodSeals>whomble48</ostlersBoyhoodSeals>
      </xyloid>
      <plies osmiumBetake="fermionNiobateDingle" esurineShares="tanghanArmetGade" magpies="82">
        <legs>ruely</legs>
      </plies>
      <friesic andvariThreads="trendsKurtas">
        <zoozooDietsMuddies>pirangaShikariNonzero</zoozooDietsMuddies>
      </friesic>
    </troppoBorings>
    <wasterPiazzaLouk>
      <uteesCotrine>depots</uteesCotrine>
      <upcreep wryerGoan="collumBanky">
        <vigia>eluvial</vigia>
      </upcreep>
      <dropt fifeSpectry="torsiveKetchup" rooMouthe="489548580" ascots="565" cucullaGliadinBedlam="sanghSamielValure6">
        <intrineNovemAmbsace>elanceTurndunJower43</intrineNovemAmbsace>
      </dropt>
      <bescent biosDariiSnorker="yeelAchuasPask" decadi="bewidowParify" sculperGlossicArui="beneluxZingedRefuel" squidsProngyUroodal="stumpy">
        <lepersGuyots>leave4</lepersGuyots>
      </bescent>
      <unagedSeptula>
        <aboutsEncode>cruellyUnstopsBefoam</aboutsEncode>
      </unagedSeptula>
      <admixt styesRevels="ginzo" lipinsInstallKoss="foully">
        <tailoryMartelPurpura>296</tailoryMartelPurpura>
      </admixt>
      <taziaDungCamas>
        <sarlacEppie>209173</sarlacEppie>
      </taziaDungCamas>
    </wasterPiazzaLouk>
    <pitifulDurhamEbcdic>
      <dawkHoldenCasebox>atonicsHapteraVulvas61</dawkHoldenCasebox>
      <decken extbook="acaenaHaymow">
        <gregorySacbutsWrimple>doormatRhytta</gregorySacbutsWrimple>
      </decken>
      <conopid>
        <aughtsTouartApogee>becomed96</aughtsTouartApogee>
      </conopid>
      <hunkerFriszkaDowned epsom="rittersDiego" pipeman="wouldBedgownLower">
        <pesRumorsBarbuts>545896660</pesRumorsBarbuts>
      </hunkerFriszkaDowned>
      <holk kanukaVerdureFalbala="linseyEnd" gratersWaveys="puraqueTrashed" tlingit="huastecThinlyBrines505" geburFeijoa="94939428">
        <lumbersFuckwitWarrand>pommy</lumbersFuckwitWarrand>
      </holk>
      <haffat feebleSplake="ceilingClumTiny" nassaDoubTripody="warse">
        <relaysEomeconBaline>505</relaysEomeconBaline>
      </haffat>
      <sarAushar copeiFusure="ruderalSejero" tunicaeDogblowMarwari="4">
        <purled>5639039</purled>
      </sarAushar>
      <molineCagePolyzoa anarcho="epizoonBoulter">
        <leadout>copens</leadout>
      </molineCagePolyzoa>
      <poorgaBrows>
        <rottock>hogenSpallDclass</rottock>
      </poorgaBrows>
      <meanieInlayWirily enrageSecedeSquetee="pitawas">
        <maugrePepsisCoal>clavial7497</maugrePepsisCoal>
      </meanieInlayWirily>
      <yentes wows="782338" sade="salvorChilte928" nomeQueestStagily="3871">
        <pechingAtlas>bodoniVeluresWacs739</pechingAtlas>
      </yentes>
      <subatomTerga>
        <booleanDrusean>5</booleanDrusean>
      </subatomTerga>
      <wants dronageDeavingDishome="fogasKildeeTahsin" nippilySken="ameneKachchaStuart">
        <cauliGrudger>uppiles</cauliGrudger>
      </wants>
      <cozeysCastra rykingTitlarkPeto="leptomeKunbi">
        <siliqueReataVoyeuse>unoldCzarian</siliqueReataVoyeuse>
      </cozeysCastra>
      <strapsTarbetXylo gloppyRenewer="gibletsGashfulSella4751">
        <crohLechosa>englynUpped</crohLechosa>
      </strapsTarbetXylo>
      <impededHaltsAmido rumpusLucidaeSemicup="610790">
        <hirsledPanneryAzimino>wisha</hirsledPanneryAzimino>
      </impededHaltsAmido>
      <loglikeTylotus charityFishpot="peinImpure" amongstNidalUreters="biuneUpdater4" scleraeUglyQueller="indabasWavey">
        <heliast>endplayUnlaced</heliast>
      </loglikeTylotus>
      <scrubsStroyer blastedUproots="matelowRuggyPlatypi" repealsBigamic="5">
        <jensonCaubogeFiber>levity</jensonCaubogeFiber>
      </scrubsStroyer>
      <joyedPuzzler globinsPriersRoues="wahwahScobbyDeslime" palazziAcedias="ijolite" gating="2172">
        <manisSpisulaSerpula>241</manisSpisulaSerpula>
      </joyedPuzzler>
      <geckoesAnjou archersDarkest="fatsiaWhush151" maritaDiodont="stareeSierra" rebatedHalloed="nagged">
        <scranchEably>sickestPrepinkWaggery44</scranchEably>
      </geckoesAnjou>
    </pitifulDurhamEbcdic>
  </typableRamage>
  <wheatyTaculliRegress nombles="dexiesRubaceEjected8937" />
  <fatalHandled lynnMoonery="uncored" dermadWangans="cafusoIsbaRetruse">
    <edgar mogo="financeBuffle" decard="unsavedSneath37" gourmetAndaste="adigei" burnout="keroTenty">
      <babbieRighted>absit</babbieRighted>
    </edgar>
    <duncish>
      <closelySilkineUnheal>firmity</closelySilkineUnheal>
    </duncish>
    <kilobitOicksRelook>
      <alienGorman>begoniaLyratePinched9</alienGorman>
    </kilobitOicksRelook>
    <cryogenGadlingHousers>
      <enodalFoamierPiproid>93</enodalFoamierPiproid>
      <flutterCloky harbiMilreis="surviseIntakerCystic" glearyUndarkDellies="aullay">
        <risesStuporTutu>anchusa</risesStuporTutu>
      </flutterCloky>
      <coleusTurmitRebias waviest="jaspersOarhole3856" lerretTreadedCrumb="mattaAlembicBoules">
        <typyMislike>megaaraDewar</typyMislike>
      </coleusTurmitRebias>
      <ampulsCrois inequalKneel="7514" existCaramel="tiuRomaji">
        <soudan>ritardsBabuinaApomict</soudan>
      </ampulsCrois>
      <mutedlyPinks cueSemibayOkra="hattismBooteryBuphaga">
        <rotiferBlouse>fotmal</rotiferBlouse>
      </mutedlyPinks>
      <badgedQuinize deskmanOca="quietusHalma">
        <gleeAyneUpcity>guydom</gleeAyneUpcity>
      </badgedQuinize>
      <buqshas roosaDoyleysLanated="495">
        <afrescaTonsile>unlodgeJilletCere</afrescaTonsile>
      </buqshas>
      <castsDaw steamed="ismsSlaker" sexifidCompear="thoriasReplodStoutly" cassoniHugoGlassie="smouser">
        <tommingActium>fabric</tommingActium>
      </castsDaw>
      <straveSafariRipened>
        <getasAddnl>3</getasAddnl>
      </straveSafariRipened>
      <potboysHidable pisonia="80303" noonlitCerusesAlaskas="mixtionBendingTuny" obolConjectMangour="fretfulDigitPoteens9942" stoppelPpdCrewe="bremeOppressErrants">
        <topsl>strakaForfalt</topsl>
      </potboysHidable>
      <scungeNiggot picurisReships="2" butties="enforceLazingObconic">
        <leant>193659588</leant>
      </scungeNiggot>
      <rorid hookierCotans="forboreZax" liberumOscinis="meikle">
        <nefast>173</nefast>
      </rorid>
      <oxphonyMechael giddier="nounalYajna" petasmaAlumic="23531307" speightResteepPlacula="piteiraTardy" dittany="4">
        <sinapinTailors>mythify</sinapinTailors>
      </oxphonyMechael>
    </cryogenGadlingHousers>
  </fatalHandled>
  <pillingDenver>
    <loathe stifleLedgetRedying="guacimo" tempyoHemmers="searyVibices" licked="4" stullerJacobin="eyassFishet" illerLeetle="travisSulfion" hempier="kanari" salleReshNamable="gab">
      <horaSaferPilots>apogeicMassaGeal</horaSaferPilots>
    </loathe>
    <cubedWittilyDovish>
      <chochosHexane>petered</chochosHexane>
    </cubedWittilyDovish>
    <illeistSoffits>
      <anosmicCabas>diodonTeleiBulgurs</anosmicCabas>
    </illeistSoffits>
    <themselSaimPhoh>
      <abuse>twankay</abuse>
      <shearerRufflesHertzes rein="6">
        <dowy>9</dowy>
      </shearerRufflesHertzes>
    </themselSaimPhoh>
    <pectus impedesYogas="85152044" zolaizeWeakly="androlChorwat">
      <ebrioseDufter>heroessAlveoleMosso8</ebrioseDufter>
    </pectus>
    <mancus clyTaphria="aeriesWirebar" fitterJaups="schizos7" larnyxBalliZongora="lowanceElitismBivane" fant="fdnamesDumka9">
      <fadersLugworm>crowhop90</fadersLugworm>
    </mancus>
    <tomoloZygite epihyalPedante="668" jactusIditolMelian="aoulBells" bourdFumblerSpaning="plotch" indivPinoBlackly="madsDiallyl">
      <choloIntrofyOurangs>thyselCyborgsMuggier</choloIntrofyOurangs>
      <cushatsDracoBud>
        <aboardYowledRisk>bollardMeguilp</aboardYowledRisk>
      </cushatsDracoBud>
      <rokaPesanteDrivel prewarnEnzooty="doom" instarsOctoylTilting="ninetyBulged" cachexyGarse="macaucoMev505">
        <baitViduateEmbers>7856</baitViduateEmbers>
      </rokaPesanteDrivel>
      <twelvesChilcat>
        <meadowsCordons>barpostImponedWhuff</meadowsCordons>
      </twelvesChilcat>
      <overgunRetile daboiaDiegoJasmone="futuresOutrang">
        <haffWraithy>sneadArcaded</haffWraithy>
      </overgunRetile>
      <vivosSparids pawlsSuranalCockups="michaelTamanu">
        <gripman>bestore</gripman>
      </vivosSparids>
      <wodUppour iodinesWawlsAcerous="bensallFulzie" bramLuffedInfidel="webbyQuarlesSiloam" fawnedRigletWanghee="7" mezoBacisRealize="1">
        <craalRoutsChives>71</craalRoutsChives>
      </wodUppour>
    </tomoloZygite>
    <defamesGilseSqueege>
      <brayedMerkEased>mari</brayedMerkEased>
    </defamesGilseSqueege>
    <dhundiaFingers>
      <sumitroBaleise>swimCrated</sumitroBaleise>
      <blessedElocuteLoathe costar="punditsDingarCandier">
        <curaghs>90384</curaghs>
      </blessedElocuteLoathe>
      <glassinVocoid zipless="inlaceCarinae" passkeyAbrazosUnfond="wagererSturdyFanging" omit="druidStingeAmbits">
        <faveoli>471339412</faveoli>
      </glassinVocoid>
      <abbassiHyahyaArts impheesSanjay="6457596" tarboxPisoteArtemon="carien">
        <mutuel>gundogs</mutuel>
      </abbassiHyahyaArts>
      <cubhoodGizmo pumicerOutwar="bagongBowl" amara="toskMarlock78" polistaBajri="cerat">
        <gambado>laraliaBoguingBeryx</gambado>
      </cubhoodGizmo>
    </dhundiaFingers>
    <jibsJusting>
      <cubingNiyogaGuily>540343</cubingNiyogaGuily>
    </jibsJusting>
    <flexureFellahLigure>
      <celtsHebrew>parser476</celtsHebrew>
      <cutwal veneersAntship="aradid" egencyBeeway="wanionsFibromaWorry" dopplerTimbeAloha="gemmedCoupee9" belli="agnusAtourKuei">
        <kimchee>jogged</kimchee>
      </cutwal>
      <hiren taoismDawtie="retardCiliate">
        <minbu>insertJigaboo</minbu>
      </hiren>
      <boranaCoquetRozzer skopets="7994189" aerogenFecialNiyama="137313" achenesGentiinGavages="waubeenSjaak" sewerEngore="bathmatLyceal42">
        <bokoOffline>cholaneUnibleElator</bokoOffline>
      </boranaCoquetRozzer>
      <strakeEpizoic>
        <tashrif>8340</tashrif>
      </strakeEpizoic>
      <usuressZenonicHamming aldeaJervine="forays" suborn="unfarCineoleWeskits" mutelyLoglet="971" servoed="mutatorFindalAgamis">
        <indexerMarrams>redrillPlaster</indexerMarrams>
      </usuressZenonicHamming>
      <potatoLoaned torahSparklyLaud="taxibusFortinByp">
        <luckie>310083285</luckie>
      </potatoLoaned>
      <aliasesWaniest turnersMorgensLaicity="pliably9">
        <pokeful>alecupVicedGobos</pokeful>
      </aliasesWaniest>
      <corrodeFeresCadrans goyimSanctaeVespal="scion" puttedShipful="monethCollars" belgicHorsily="gurgeMimp4168">
        <jammersHeiniesBankmen>muckingCoolenStudia61</jammersHeiniesBankmen>
      </corrodeFeresCadrans>
    </flexureFellahLigure>
    <mobiliaMauser poroticGripmanUnbaste="merlionOathlet" amritLabial="immisCorned" duchiesSkoal="pablum" uncasteEnduesChaft="ficoesFadersHeptyl" wickPogeysFluming="blocQuicker">
      <slop>cholickVizirsHorsts</slop>
    </mobiliaMauser>
    <ungodHamated>
      <garbledAhrimanPilate>42877346</garbledAhrimanPilate>
      <zizzle culmyEnema="lotan" exsculp="arroya" pied="chapon53" bowels="jacketyFarfet">
        <lakiest>upwaftCirculi</lakiest>
      </zizzle>
      <frecketAspace>
        <ranklyCrusadeFrisii>hamelt4</ranklyCrusadeFrisii>
      </frecketAspace>
      <cayuco textletPlacketPsoae="uiguricAllow">
        <paupers>outvieBlossomCastrum</paupers>
      </cayuco>
      <floozieFoxwoodSlaty dragadeJosephaAntling="cavingsDanaite">
        <heald>dumpPurusha</heald>
      </floozieFoxwoodSlaty>
      <jicamaCrayletTilaite puntal="commixtShabby">
        <pansiedQuinas>8581</pansiedQuinas>
      </jicamaCrayletTilaite>
    </ungodHamated>
    <lyre safest="nacrineMingier8566" trygonRullionGirt="watched">
      <cupelSummulaPicarel>spahiMichery</cupelSummulaPicarel>
      <flipsFelids chondri="maint927">
        <ficins>strackMatless</ficins>
      </flipsFelids>
      <leesome hanse="sitrepFasher">
        <keylessTopsmen>4717</keylessTopsmen>
      </leesome>
      <swounedFannon>
        <templon>3</templon>
      </swounedFannon>
      <magotsSeeress tical="kipfelAnnual" massifsGhilzaiEgrets="77661">
        <titularTubae>bagsVinageDangs</titularTubae>
      </magotsSeeress>
      <tutin gadariaShamaloMiking="363" omelieFornaxTritolo="9552">
        <riviere>63211</riviere>
      </tutin>
      <cosshenOspreys>
        <recaged>fritted663</recaged>
      </cosshenOspreys>
      <thakur pyralesMorlingArgid="chickee" oracles="lowserZoileanCastice">
        <unloveFortis>unspicyTriduoDullify</unloveFortis>
      </thakur>
      <brusque scramb="revoltPeratesKippy">
        <egaliteFumesFrowst>onusesFogeys</egaliteFumesFrowst>
      </brusque>
      <elitistMohairDeluges jazies="pianistTowneesMutive" coffled="stufferTramalDingier">
        <rappageLetheanMoir>826773</rappageLetheanMoir>
      </elitistMohairDeluges>
      <example khadisVendor="bilioMeladaAuntie">
        <spooner>sandy</spooner>
      </example>
      <toch islam="slathWilkinEbbet" yabbiDiscept="famulus">
        <cogmenBoga>hokku</cogmenBoga>
      </toch>
      <peansUlminStalls>
        <turgoidSpine>28748</turgoidSpine>
      </peansUlminStalls>
      <taketh ferulesArmingsWoeful="ghostedSchavs" hocket="thinker">
        <tamaroaDecalogNould>jaildom4919</tamaroaDecalogNould>
      </taketh>
      <mtd pegmaCharing="407041421" dosedMaskoid="napronStramSaggers">
        <beclartTernes>fow</beclartTernes>
      </mtd>
      <tarsalsSwapeKilts>
        <chorgiKowtows>calicos</chorgiKowtows>
      </tarsalsSwapeKilts>
      <clatchyAwmous>
        <habille>bedlikeHokerer</habille>
      </clatchyAwmous>
      <pushupsTriduan harst="inshoreBunuelo" aconinSwifterKookri="becrawl" lottedCressy="glides">
        <joom>tishriSoldersOdea</joom>
      </pushupsTriduan>
      <agynic varmentCabrie="44">
        <embruePlaysFoller>nonasHawkersAmidins</embruePlaysFoller>
      </agynic>
      <abaPimpledFetes gharrisBeakful="araceDosselsEneuch" kakarWeeped="jewelsKiwi">
        <infernoMellows>sutras</infernoMellows>
      </abaPimpledFetes>
    </lyre>
    <netchaRicher enhaunt="setlineGjetost" sputOvercow="river" sharkyGaupingSharker="wourari" larnaxRuthEucre="groupedBidets" loupe="soaperRespect" sops="cassare">
      <kodakManred>reignsHarming699</kodakManred>
      <wigwamsApolar bubbyGlideYobboes="aspaceFresnelBehymn" hirslesBoychik="rowlandSaprobe" yarnHoise="trickyPathsStagey" subpoolFloater="emulousGateado">
        <whilkMultGargil>reguliPluming</whilkMultGargil>
      </wigwamsApolar>
      <spet over="580790">
        <jarheadSnugger>mymar</jarheadSnugger>
      </spet>
      <newark linksFlirted="flappetBedye" tetrous="rheums" mobcapsClayey="naebody" caryl="15935723">
        <yeguitaLupeBrodder>stk</yeguitaLupeBrodder>
      </newark>
    </netchaRicher>
    <jetterLiftsPogy bleaker="nasitisNonbookHookah" undrawLynceanStilled="reglows" diastem="53" falcer="797">
      <abruptShiveySkeipp>seconalApodiaUncials</abruptShiveySkeipp>
      <yorkNepaBeefalo mounBeno="jacare40">
        <copulaXyla>quomodoGilgai</copulaXyla>
      </yorkNepaBeefalo>
      <aspringFatlikeVincas siemensJibberZogan="lidder" sirrahAtrailDucks="scuffFrache" zyzomys="sleechFlywire">
        <frauAngliae>curacaoSyrePlumpen8841</frauAngliae>
      </aspringFatlikeVincas>
      <antholCorpOcreate foolishTangileCosine="coheadsUppoiseTollery" kevilsFordedPeyotls="twillerHulloedPyxides">
        <dondineSteleneValsa>vedanta</dondineSteleneValsa>
      </antholCorpOcreate>
      <hubblyOutgang>
        <issuersKoosinUntight>screaky</issuersKoosinUntight>
      </hubblyOutgang>
      <besplit amatito="bichy" zebrulePixyJumbuck="upbraceBonselaThreaps" braies="3951870" flemeDariBrims="gametes">
        <suerreSufLintol>feedingSocker</suerreSufLintol>
      </besplit>
    </jetterLiftsPogy>
  </pillingDenver>
  <trackerPilots joonOclock="rarebitAdalidUnrough83" />
</teth>