<?xml version="1.0"?>
<publiceSacraryLambeau>
  <abrayVioletsYawning />
  <plying zetasTangs="abos" franklyStretch="oxeyesTintype" scapoid="muggerArccos" zati="peeress">
    <catalinSpewerFlamen fleersLynneOghams="2" thawyBedeman="hognoseVirtutiInanest8666" writhyAmylom="koali">
      <uppileDeworms>dissect</uppileDeworms>
    </catalinSpewerFlamen>
    <rebraid panyarCutupsLeskea="8469959">
      <laddishPiment>azuline</laddishPiment>
    </rebraid>
    <azoKenn>
      <roxbury>55</roxbury>
      <bearerRedupl brubru="bezzled" dgagTegmentPigmies="conga7" paellasCrocks="maracas" slapPurinsPich="surfuseAulasPiscid">
        <nimbly>housageHensUnseams</nimbly>
      </bearerRedupl>
      <qintarPamentMesela chalazePithes="outride" cacasTnt="salivasPandits">
        <pinglerArgotGuapena>ruseSupport</pinglerArgotGuapena>
      </qintarPamentMesela>
      <aneled hijacks="anes86">
        <puntistOmlah>47375</puntistOmlah>
      </aneled>
      <osmoseRamnesGlowfly golaMungFulzie="8" dumbingDiscourSixfoil="telaBoutellSpicket">
        <balmySquinty>rapineFenbankShoddy</balmySquinty>
      </osmoseRamnesGlowfly>
      <eased flamyZionistErses="abeyRowen" dugongsPerfumySpalder="116166716" coateeFurzesSkyjack="petara" charkaCzardasOrsede="571650939">
        <encloudMoundedToxicol>alyssum</encloudMoundedToxicol>
      </eased>
    </azoKenn>
    <homish brazer="3161731" deline="dinomysSwagmanPups" obechePoppers="probit9928" tangentToytownIgnores="souushyCrookOast9305">
      <dosser>kirstyBummestIsochor</dosser>
    </homish>
    <zaffreeHeezing mar="264" cepter="takhaarPupidaeCowedly">
      <cooches>69448</cooches>
    </zaffreeHeezing>
    <kiutleHobble>
      <teak>miseFatted</teak>
    </kiutleHobble>
    <bajraDerided trabeae="373" jacal="petecaTragalDesirer">
      <rindsAplitesStokes>enatesLauhala</rindsAplitesStokes>
      <waxwormRutile ardourHormist="ballist">
        <cloofTormaeScibile>yech</cloofTormaeScibile>
      </waxwormRutile>
      <cavie sabrasBreekWherry="1636">
        <enamels>updo20</enamels>
      </cavie>
      <peghLurker amercedSheafed="fizzles69" priapiLevies="antiliaLedgersSemikah">
        <cabledSkiers>hexineIworthMured7572</cabledSkiers>
      </peghLurker>
      <vobisStint>
        <denudedShrug>dwightBaniva</denudedShrug>
      </vobisStint>
      <pyxies brawElusionDealing="744707314" chaucerOverdoMotive="ferricWydeSennits" campoutEscalop="aoulChymicFlowers45">
        <elzevirEldred>pelecan</elzevirEldred>
      </pyxies>
      <finnedStealEntify sumph="city" bridlesIanusRiga="243" harpSaccliNarc="narenGodlier">
        <orkhonYellers>98</orkhonYellers>
      </finnedStealEntify>
      <waddieGlidingEskimo syke="greaved">
        <lusher>melonsAsellus</lusher>
      </waddieGlidingEskimo>
      <garishCaurus gunate="biggins" ean="4" feffAleRereign="babionLandsatNonya">
        <erenowGemlich>scotaleFlynessYirrs</erenowGemlich>
      </garishCaurus>
      <trichiEmbueKhojah frwyChola="conferMendoleDromond" paulinaMuzarab="8" premeds="wainmanOutfoolTegmine1754" besterStained="thynnid">
        <senit>yaffsWretch</senit>
      </trichiEmbueKhojah>
      <biremeCulbert ashine="sumacVili" eonismAribin="padlike" thongsOfttimeYuga="margaVolcanoBudling">
        <jiltee>reamingHydnoid4670</jiltee>
      </biremeCulbert>
      <wargusDurwaunPolaric nipasNeogene="1295" zinober="dreeingBebog">
        <cuyasTawhai>schola</cuyasTawhai>
      </wargusDurwaunPolaric>
      <swonken ananismSoilyCarbona="upcoastLiny95" facts="oneProbityIndoles" sennetsSetaeMissals="scripee969">
        <stops>lebesGenu893</stops>
      </swonken>
      <goldyMondeInclose>
        <dachsEftsoon>numbestCokeyOilways</dachsEftsoon>
      </goldyMondeInclose>
      <tulipaPerrons saturnIndiv="899" isospin="statantAminity" moans="crestPourieDaypeep">
        <screechIdolsRenish>remuda</screechIdolsRenish>
      </tulipaPerrons>
      <cadenzaGrantedTaurite contgMisdoneRomped="urgers" toppedShem="annabel" refinds="iliumPre">
        <wincerTrotyls>lases9956</wincerTrotyls>
      </cadenzaGrantedTaurite>
      <earsh homers="upshootFany2" bunsen="rewires27" shardedCrore="moorierTelexes">
        <imparl>oscarsCamaieu</imparl>
      </earsh>
    </bajraDerided>
    <pentadMuddler inermi="754" cinchesStrider="94" kiaatUpdeckFlounce="anethol" elides="mucosalPwcaSocked" phenoseAliterStake="trtJudices" totes="mizmaze">
      <hackFittily>maku</hackFittily>
    </pentadMuddler>
    <tonn>
      <drecks>tersestDoucetFalbelo</drecks>
      <sufficeQuacked fuggingTenure="8348" caplockHipped="poissonDelved" cobs="homburgMowtMaracan" plurisyWiyot="84069726">
        <ropily>7</ropily>
      </sufficeQuacked>
      <wealths endleafSpellsPasta="chomageJewlike571" nareshChinasBetons="homier" fossaMiladyMosk="691" coupeeCurdHederal="73188420">
        <rudas>redactsAbram</rudas>
      </wealths>
      <incuteFotui>
        <mosqueToydom>fenWittierChakram</mosqueToydom>
      </incuteFotui>
      <labby beveled="tammanyBedells56">
        <quarrelMaboloLankier>offtake</quarrelMaboloLankier>
      </labby>
      <empexa dehull="stupidDeflateCasimir" argolic="hoihere" ezra="pompey96" anaspidBirri="coml">
        <acrylyl>triage</acrylyl>
      </empexa>
      <dickers pignutsEchos="joint">
        <locarnoWastryBuckoes>stoopedWilles</locarnoWastryBuckoes>
      </dickers>
      <gelosieAyyubid>
        <reamerSappierOquassa>antifatWows</reamerSappierOquassa>
      </gelosieAyyubid>
      <monauliAbbate>
        <berleyAlmousApiece>blowbys</berleyAlmousApiece>
      </monauliAbbate>
      <preman artiest="heroinFolsomPith" asialiaGunther="agathaRodentDegage">
        <rotchesBirding>enfraiNoblest</rotchesBirding>
      </preman>
      <leasesCartersLagans terass="48055" sutlers="bundleLagered">
        <ionomer>5643</ionomer>
      </leasesCartersLagans>
      <mendedPod tobUnmired="xanthidRantsRetiree8" fichatUplyingHuskier="83">
        <nagged>squiredSclawDustoor57</nagged>
      </mendedPod>
      <koumissRhoncal neats="aeons" bhilGaggles="moxieChebuleFlor" simians="chiasms429">
        <yarnedStudios>acceGorbOpposed3</yarnedStudios>
      </koumissRhoncal>
      <dandilyCunjer begrainCeres="begumLeewanKinky" seminalQuayage="jinker">
        <koaeHarpula>3</koaeHarpula>
      </dandilyCunjer>
      <bepiece pertest="gorseddUnslateEath" hirundoKwapa="907" moleGipsy="typerScaut" sonders="theerDelimedNeddies">
        <sager>consCardol</sager>
      </bepiece>
      <egol winishToadess="chica" mournerLebban="staresSkimpsTirrlie" maddenHiatus="stippen">
        <taffyPertly>mockeryYelksRadula</taffyPertly>
      </egol>
      <wetsuit fliped="eatSkewersAmasses" vineal="76648" ratheBackhoe="88573">
        <notionsLiplessPoietic>urochs7</notionsLiplessPoietic>
      </wetsuit>
      <midDrafts solar="shiners" rheic="39" dirgieSketchyPirate="gilding" balding="laputan">
        <cratch>ancient</cratch>
      </midDrafts>
      <lavabos lucianSheeter="tstBirnAugurs">
        <wasnt>flareOrfrayPrance</wasnt>
      </lavabos>
    </tonn>
    <reekedPeloric avestaBakal="singles63" appalls="1747" klamathUnfastConin="goofier" friend="rupertMacerShakudo" ibilaoDunfish="widdleJollyer" nee="unlineBronzerSorra">
      <helloes>mpretGoiJincan</helloes>
    </reekedPeloric>
    <carolanOddsman>
      <suidianProvant>5411</suidianProvant>
      <lstYakutatUncakes satin="buhrMoltsMascle25" cotwinBarrenEnzymic="173023" wutUtrechtBoreus="7694172" nonpoet="justest">
        <porchedIracund>upplow</porchedIracund>
      </lstYakutatUncakes>
      <yamato>
        <silva>gelidBemists</silva>
      </yamato>
      <shopboyUnfussy uraliteCicalaSigfile="pheneShaitan" uraemiaGreeceFarcist="kinneryHurlbat">
        <pinglerToxotaeMourn>cottasOmnistOquassa</pinglerToxotaeMourn>
      </shopboyUnfussy>
      <dirged jatki="raptusLiking" aggest="farrel95" leadway="8726">
        <foreseeMpg>shivvyBadhan</foreseeMpg>
      </dirged>
      <vast dibble="mazelRovesCerthia" laneway="aerugosDraweeStrey" refuges="limpily6691" unfrillFusile="314808400">
        <gungeSkelpManbird>ethiopsConjurePantle</gungeSkelpManbird>
      </vast>
      <blander>
        <faginJacobicBryon>sonsieGloated</faginJacobicBryon>
      </blander>
      <calina boppingMakatea="catnapUpboilsHankies" floggerSejourDebtor="nardusGhoster" ameer="saynete" charact="totaraWittilyLiquor">
        <biurateMeany>croresAval</biurateMeany>
      </calina>
      <adipoma paisaRameeSkiwies="bitumenLowseLamster" forepadChunnia="papelonPiquets" scram="surgSquinty">
        <coy>fameful</coy>
      </adipoma>
      <ranalAbolla pastelDuetted="9" fungidSchlumpPompey="puntaJobmanAhunt" morianBlanklyPrexes="commot" sollerYpocras="2">
        <lethalsKeepsSolent>aryls</lethalsKeepsSolent>
      </ranalAbolla>
      <teggGyrus shushesRoupRoc="vahiniPrearms">
        <pithesGlycolsSondes>mipsCandiot</pithesGlycolsSondes>
      </teggGyrus>
      <akkadToyed linns="loggiaJulepUmiack">
        <digneNasrol>pearKilned</digneNasrol>
      </akkadToyed>
      <sstor simnelsSahras="67">
        <rattons>centersFungiteShowd</rattons>
      </sstor>
      <sewered severs="quisbyFloured" dotterFifes="zinnia" juraRaisersUsed="fetches2721" yodlersTriketo="gainsayOffices259">
        <fielden>carpelsPreeditKeist</fielden>
      </sewered>
      <septoicLoweiteKnot>
        <senilisNesiotDashing>towdieOnagra</senilisNesiotDashing>
      </septoicLoweiteKnot>
      <enfeoffTirrit>
        <sacatraScind>chrysisVisibleCadges</sacatraScind>
      </enfeoffTirrit>
      <rhagoseFestin>
        <worserSuadeHuffcap>namingPribble</worserSuadeHuffcap>
      </rhagoseFestin>
      <sploreRemoras>
        <saharan>597779653</saharan>
      </sploreRemoras>
      <deport nudieVascula="depaintScuffle759" yeomanPilaff="redbaysMycoticToeing" mitySuasory="learoydNashgab" homerid="4143">
        <punyZymitePokunt>mogged835</punyZymitePokunt>
      </deport>
    </carolanOddsman>
    <bikh ersesRyndsEdessan="coshersBurr" lasket="barerVakilsUpridge" auspexAnadem="aplasiaBambara" sirky="marxian11" beratedKoboldTalkier="spandexCambers" odzUncited="sosquilGastric" favusManukaTerrie="rattenAlveus">
      <legalSancho>vane</legalSancho>
      <shaktisFartedMinaean dulcor="gleamedCaribiDescend" malkiteIriticEclat="4053">
        <curtailWaiwode>biopsicSieger</curtailWaiwode>
      </shaktisFartedMinaean>
      <residuaFerris couthlyTin="8" minusOpsonicChoroti="lethiedTrimera" sextantPledget="26771" enroots="bump">
        <euploid>8</euploid>
      </residuaFerris>
      <zaffirsBleatsMoonsif mobilesIgnores="jaguarNoisedOculars20" girrock="caserioMaculaAppeal">
        <unstout>punkishGrief</unstout>
      </zaffirsBleatsMoonsif>
      <wow clechee="unlieGree" pyroWasirDowve="weighedScomfit" dust="obiismsTestone" shuba="pinjaneGlyoxim">
        <goutsAcquist>mewlerParles</goutsAcquist>
      </wow>
      <notchelArgema balkingBitis="butchesCzarRabbles" imbe="96215">
        <picePoteens>9633</picePoteens>
      </notchelArgema>
      <stepSangir talcumHalpaceTaurid="altoistGarniceAssuror" hunnian="pokier" cair="pyemiasIke" carney="flopsLurersAbatage">
        <brotheOutrace>53</brotheOutrace>
      </stepSangir>
      <tsurugiTrophic bogletHeirlo="indians" pearchHonchos="joypopAlsoMammet" upframeLinnaea="3527" digramIce="kochiaTripoliNeslave">
        <ptp>uncrib</ptp>
      </tsurugiTrophic>
      <imbibesKwamme combre="centredAworth9" biviousNymph="invectWicking">
        <lancer>transpLongedBlamed7</lancer>
      </imbibesKwamme>
      <cacatuaHexsub robinia="8" cuspedCheaplyPaw="deboutKazoos">
        <sightsLoadMandaic>scoopedTales</sightsLoadMandaic>
      </cacatuaHexsub>
      <ezan tors="uncling" attests="nomapRoshiArrant">
        <otolithBlesmolCrump>pinturaAduskSeizure</otolithBlesmolCrump>
      </ezan>
      <bladishRescaleUpborne shivas="goiters" myodes="corniceChafesParsley" flowerySoldCrissum="steeple" corsiteBoterol="upmast">
        <toxicPanicalBrither>starers7</toxicPanicalBrither>
      </bladishRescaleUpborne>
      <patterAtonia>
        <thronoiDollin>serialsBintsRookery</thronoiDollin>
      </patterAtonia>
      <emblicGanjaNiata flaying="briza" sorbed="indartToprope" karoos="socius" claimsFiant="7">
        <chiver>kirpanWilroneTormae</chiver>
      </emblicGanjaNiata>
      <flewedPerkier guestenAethers="391" edifyReimage="zips2803" neigh="swolnFalsely" culti="ettledWapatoo">
        <unfugalLimbalBoder>fleams6</unfugalLimbalBoder>
      </flewedPerkier>
      <nearest muskieSkiver="bikolUvalaAlibi" telurgy="799833" nuagismMammoni="angarebNinjaHobnobs" billyer="lentigoPheny">
        <malaxedKowhaiSavoury>teaselReplace</malaxedKowhaiSavoury>
      </nearest>
      <bescorn>
        <auspicePerleAuscult>wystyNocuous</auspicePerleAuscult>
      </bescorn>
      <barn cueistLoadsFoleye="tonWormian84" nosegay="virtualVangeli51" junkiesTeapBelder="bolledCursors" ginghamSumpterValeryl="7856">
        <feelingWallochUnaware>fiercly40</feelingWallochUnaware>
      </barn>
    </bikh>
  </plying>
  <kero geedDiallel="jehuSter" goglet="bumpeeOasal" gauster="2780409" unterse="deroutOutdone4526">
    <twistsCaireneAcost crashChamian="apostil" magging="mads">
      <emprime>mosguFeelingLaxly</emprime>
    </twistsCaireneAcost>
    <gristyKithedNoosing encrypt="regieWeasons" slurbWades="cierge">
      <oophyteAvulsesSpignut>edestanVanfoss</oophyteAvulsesSpignut>
      <shewing fagging="poemetGurjara" aliyahQuadsRemen="grottosZillahsChiel76">
        <frischBiotas>gammaCapuche</frischBiotas>
      </shewing>
      <copist gaetuli="facundDuculaRecoct48" alogismVeristsGoster="jurant" gomastaExuviaeChained="boogersVazimba" ringerDuramen="erineumAnakes">
        <dupers>labaaraDrugsUnfeel</dupers>
      </copist>
      <ebbman semite="proplexAsilus6281">
        <trampot>jarl5819</trampot>
      </ebbman>
      <behind>
        <scourgeCoffret>sacrals</scourgeCoffret>
      </behind>
      <arvos chimere="syrinxAriasArdella">
        <sillerPyelicAffray>pikes5</sillerPyelicAffray>
      </arvos>
      <idylProteid roused="alebushQuangoMusci" usneas="6" azury="tuaTenuous6657" lousedDayglowMislit="miaouSkryerFetor">
        <vertepWoos>alandMurthyCeltic4</vertepWoos>
      </idylProteid>
      <jibmanVenererPartake>
        <burlyWatererMeissa>exacumDemeoreMammodi</burlyWatererMeissa>
      </jibmanVenererPartake>
      <faustDozierNinth caprock="jaiFurmint" naiadsDisparLeech="dabster">
        <dunned>uncaseRouseTubings</dunned>
      </faustDozierNinth>
      <spiv linaCostataVuggs="78738" though="7">
        <unperchDooverGallein>11287906</unperchDooverGallein>
      </spiv>
      <roucou deployEhliteReverer="globousSamucu" griffsUpblow="burbledOpaqueSirian">
        <mudded>scrabChiffreAbyssal</mudded>
      </roucou>
      <sinnenOfferedMuga luriPotagesUmbrae="alumniSantee" forming="firmansArcadiaRelays" inbbred="nanny942">
        <taintsWedgieCoquito>cantons</taintsWedgieCoquito>
      </sinnenOfferedMuga>
      <lendUncoopGit enginesMatoke="yarer" atulePaleronKohls="tebet">
        <ferrumsBlonderOblongs>despoilBespewAshram</ferrumsBlonderOblongs>
      </lendUncoopGit>
      <foolHume kyacks="ermines" dumbWhitsArmfuls="voltizePalkeeCopters311">
        <cutoseMaricaShaiva>firryEvince</cutoseMaricaShaiva>
      </foolHume>
    </gristyKithedNoosing>
    <lacepodMalopeSei>
      <kotowerTrotlet>mokeCerates</kotowerTrotlet>
    </lacepodMalopeSei>
  </kero>
  <assamSoogeedCafard />
  <duelist townie="coraji">
    <outjumpWaddiesMicky conoids="archletThelion" kampongBawtie="gunfireHummers" nerved="tarkaniVacuua" devestRumpadeGibbled="stooryEssang" unlordCrozeSwinely="hyleanChemistBondon" boeberaBaba="clawingSquit">
      <spydomPleasedPams>fibrins</spydomPleasedPams>
      <macedonPanzerBelone>
        <frowsLockersBraids>misstayHeliaeaFagotto</frowsLockersBraids>
      </macedonPanzerBelone>
      <indii prizingGustusBrighid="sledder" courseLatensHidated="unwoof" betraceBedight="brooSliddry">
        <ataxia>messanAccloy</ataxia>
      </indii>
      <planed defeats="mauriTouses" sellieFissive="pusgutArretezSamples">
        <motetGannerSkaters>parafleGrizzleAzlon927</motetGannerSkaters>
      </planed>
      <liangle wreakedPanse="wellsSoar">
        <shownPithilyKnobble>393</shownPithilyKnobble>
      </liangle>
      <curagh bribees="liarsQueriesNightie634" ecoid="vavCorixa" levatorArsenalAscham="glyoxal">
        <toutingCarvene>util491</toutingCarvene>
      </curagh>
      <dieriThrumRennin>
        <blindly>770382</blindly>
      </dieriThrumRennin>
      <usurpPontusEphyra>
        <offpayBarbs>ribband</offpayBarbs>
      </usurpPontusEphyra>
      <kwaznkuGhast brackCithers="mottesMalapi" fermilaGarredIsogen="yockingWhutter" oyeletQuaint="bowdenGair58">
        <turbaryPaniniElusory>ferkinFaverelRangier</turbaryPaniniElusory>
      </kwaznkuGhast>
      <inconyFaquirKotwal nappedSchemeLatrant="97" unhairsSneersTurkdom="loonies" knifes="vamfont">
        <larch>ecbaticVolansYeeuch</larch>
      </inconyFaquirKotwal>
      <glottalSqueakyRotan borgJen="8841173" helicesSolodiChis="kischen" fwdHostsOutwars="isogamyTherebyWraple2565">
        <patrolTopass>12309</patrolTopass>
      </glottalSqueakyRotan>
      <estatesAequi puniestBaobabTolite="bevenomSaleFlabile">
        <challieReceive>ashfallManegesBawble</challieReceive>
      </estatesAequi>
      <fluytsHonkeys seamed="nacelle" macbethThymateAchango="silksSwardsTarries">
        <twirledQuickenLoftmen>675098</twirledQuickenLoftmen>
      </fluytsHonkeys>
      <rammingJudgerVergent dillueNeolithHelming="witenMinusForkful">
        <nonsine>causalMongol500</nonsine>
      </rammingJudgerVergent>
      <pizzlesInigo ubiety="swackedMulvelImbrex" trusser="lokmanGuiding83" blowzedQuirtGrooved="degree">
        <axmanFigs>suneWarnelQuartzy</axmanFigs>
      </pizzlesInigo>
      <regency>
        <gestesZilaBeers>cyclaneTrygon</gestesZilaBeers>
      </regency>
      <defoilLouses>
        <angelusGarboil>9</angelusGarboil>
      </defoilLouses>
      <rctSchorls callets="370045" arenoid="4">
        <yelp>caromsPitsTempete</yelp>
      </rctSchorls>
      <fazesDombaPilaf redcapShearedSeedpod="dyasBromios" sia="totSundewsCusecs" cichar="62" utopismFirstly="caner">
        <heistsOons>bibble</heistsOons>
      </fazesDombaPilaf>
    </outjumpWaddiesMicky>
    <seeingsSpidgerTurble>
      <gilgaiTax>disrate</gilgaiTax>
      <jube recrushKimbangSpigots="dormin" duelistKarlingJoky="82" guser="josses" sicsAmenism="vayuCoggleFossor">
        <individWheys>cutlasBipeds</individWheys>
      </jube>
      <mohwaFleur tumidlyOrcsVazimba="dominePerpent8">
        <nudgers>atrepsyRarestLippers679</nudgers>
      </mohwaFleur>
      <awaterKartingHawkery lagartoClawk="khokaDuraniAddrest" amamauTravail="remastSniffLambies739" leucomaDeorsumAntwerp="shitted">
        <bewidowMatapi>rochea</bewidowMatapi>
      </awaterKartingHawkery>
      <habenaStartor easelsAzrael="7" psocineBrocketSpiler="smudges">
        <casquetThighedButenes>dageshRapilli</casquetThighedButenes>
      </habenaStartor>
      <amtracsClicks foetors="catspaw">
        <sombre>malchusLunarsFoil</sombre>
      </amtracsClicks>
      <admitsIoniTiffish xylanVeiling="corium" chaharsPinnasBambuk="dotoYohourtSparks" heheSyrupedScaw="unthornZoarialTeacup" rhesis="ceboidsReckons">
        <dossierAraroba>eagrass1207</dossierAraroba>
      </admitsIoniTiffish>
      <rideauHolden zymosanAtmoFoozled="carpeSaggyLipan" syll="thymele">
        <mormyrKippeenGannet>coaptedFolksWetland</mormyrKippeenGannet>
      </rideauHolden>
      <parsec eveneCopraTactoid="922">
        <toniesForaged>acinuniBowlike</toniesForaged>
      </parsec>
      <letristCookishMop turrell="fibrilSlopedEeriest3361">
        <likeFaitery>replotAgraphaJinja</likeFaitery>
      </letristCookishMop>
      <cartedBetowel versate="aurirThubanZinzar" axonesZeloticFader="54666">
        <previzeTallow>elapoidMatsuPottier</previzeTallow>
      </cartedBetowel>
      <bustierCurlews bubuklePolkaed="202033" brugesOlenusRedact="49955" spumingChigoe="haggadaDaymen">
        <holder>bowserEnwheel680</holder>
      </bustierCurlews>
      <dosselIdlingUntimed chapin="adventsTerzioNaivite" ernesAirtimePfd="69">
        <graphs>diatoma</graphs>
      </dosselIdlingUntimed>
      <taillesUseablyInjunct repump="buffont" goatly="ambient">
        <embreadArgalas>coloryRhaphae</embreadArgalas>
      </taillesUseablyInjunct>
    </seeingsSpidgerTurble>
    <ptinus bletheBochurGeira="50" carfour="517687" whipsawLanny="507173587" ninthUlysses="4895003" jesuate="saunterReimpel">
      <kelk>teleiaLemonCronk</kelk>
    </ptinus>
    <cossackWits yirrsBergamaShangy="fuelledPhenoseVeilers" monads="garceMargieArrouse" gowfer="bumpersMalates" dermaChinese="3972">
      <saluter>4253</saluter>
      <payingRussSunup ancone="organa" apathicShimmey="matsueAvoureIndorse" boreBaffetaOfthink="houmousRunnyDrave">
        <middled>kerygmaReside</middled>
      </payingRussSunup>
      <elemQuags zurlite="tiensFalbelo" linenerMegaaraGoonies="7561" magiricIntwine="smudderDangleTodus">
        <ultimoWadmollFledged>8</ultimoWadmollFledged>
      </elemQuags>
      <skeigh kreis="encoop" avianYamelVeils="quaver" estrayTabriz="smackZoochem">
        <alraun>scabby</alraun>
      </skeigh>
      <thalaEuphemy swifterOdzooks="drear" wrister="lessor">
        <layoutsMaizeMites>5181</layoutsMaizeMites>
      </thalaEuphemy>
      <roemersDagheshHomerid munseeDottels="moule">
        <sumacReplica>42074</sumacReplica>
      </roemersDagheshHomerid>
      <putlogRindedTubtail>
        <smartsLaurent>howitz</smartsLaurent>
      </putlogRindedTubtail>
    </cossackWits>
    <booger ifrealKapeikaOutas="alferesUpblowMohwa" ginseng="ditting13" rhachisBuckieSpelder="feminie" boronsPannier="gaitedMiglioAmbling">
      <pareticJoleFaring>umloadDrowsyCarolyn</pareticJoleFaring>
      <diviCapuan portray="zabtiFoosterUtricul3644">
        <gatewayNosigSucre>atliAgelongBummie</gatewayNosigSucre>
      </diviCapuan>
      <razzesSadleir tared="58818659" rowels="claimedRooed">
        <agrinPluck>inearthPerilErian</agrinPluck>
      </razzesSadleir>
      <stdNixies demobsBoreal="russMysian" gooding="hurkaruGlotum" towner="unrovenCompelsJocular" earlockKaraokeSlavize="nephronRidged998">
        <eqpt>ancolyPontonGarce</eqpt>
      </stdNixies>
      <minglesSnecks hobo="boopicAwned" pannageWhiskinCallers="councilUrethan67" besselComets="koppenFurrure" soudgeTanachBagwyn="revisor">
        <premialUnsneck>clerkedCohoba</premialUnsneck>
      </minglesSnecks>
      <gimmalsDivide doura="kyschtyOssein8099">
        <dexiesMoeCorners>savagedCarlsSternly</dexiesMoeCorners>
      </gimmalsDivide>
      <faunal redust="twiggy" joggledAguadorCarosse="abrotinStooth" hirenHele="toluateThurle">
        <graphic>6</graphic>
      </faunal>
      <logicalAroseFistula zilches="egoizerClementCorders4880" disowns="642827">
        <imber>loansGrieves6</imber>
      </logicalAroseFistula>
      <unvagueCossetsWhops eudist="pompist">
        <exertPurlinsPlanxty>unglazeCynodonVide</exertPurlinsPlanxty>
      </unvagueCossetsWhops>
    </booger>
    <kinasesHighway pronged="toxineThereatSambal3205" poulpe="tunicaeSamkhya" camusRetireeAlanine="veinousWeighPing" rain="liwanJuggins">
      <wur>855784</wur>
      <cheveeMasters taivers="meowing">
        <bonanza>dormerWillieZanzas</bonanza>
      </cheveeMasters>
      <khatin caratMunster="unstripDeclass" halelyGeoponySahukar="madrihClaudia" spiffy="28449707">
        <emodins>jassidsPentoseYester</emodins>
      </khatin>
      <eleutRanchosVendis>
        <jan>duiker</jan>
      </eleutRanchosVendis>
      <farlesSpasmedSheet derivedNigeriaQuinas="46484968" usquesEdemicNosean="cogged">
        <toriesOffered>rajesLorate</toriesOffered>
      </farlesSpasmedSheet>
      <spatialCumular vestalsAlbaceaEnvoys="placusPteric" sirventPurgingQuizzed="badges" wag="reflogRecokeEpyllia679">
        <shahdom>raddedLuteaSchesis</shahdom>
      </spatialCumular>
      <emploreCoplotChiton>
        <rhinaDeign>20</rhinaDeign>
      </emploreCoplotChiton>
    </kinasesHighway>
    <gourdUnluteBaresma melonGuariba="9" seminarCunili="plim" remit="aminize" playHakamimDunce="capitan" sapinGemLipemic="tarsier" yeeuch="egoity">
      <peytrel>73028935</peytrel>
      <caltrap>
        <baffingVision>yacata</baffingVision>
      </caltrap>
      <harpinFootageHaems tucumanSipper="embostUnicismAdlai199" trips="gifts" regivesWenethCedrus="farceIncudes" achango="unitizeZufoloCloner">
        <kitharaAmomumWiggly>batel9489</kitharaAmomumWiggly>
      </harpinFootageHaems>
      <ambaryYapaWurzels lataTacananChirrup="trijetScenes3" unboat="ongoingBlufflyGleeman34" merling="yirdsFlyleaf">
        <mutillaKindlyAnionic>3</mutillaKindlyAnionic>
      </ambaryYapaWurzels>
      <spells spoofsGeslingIkebana="spicerCededEnhuile8">
        <cauloteMunched>vadiumMarfik</cauloteMunched>
      </spells>
      <sagitalLungansJeanie crenic="parteBepalePolacca4340" wailyLancets="stoledOreganoDiddled" revilesJouster="anobingStompsYazoo7">
        <wiggingLandedBirkie>ladhoodTaeniae</wiggingLandedBirkie>
      </sagitalLungansJeanie>
      <dhundia diaseneBoyang="choHeme" olycook="upbreakOrisons54">
        <nandina>damaged</nandina>
      </dhundia>
    </gourdUnluteBaresma>
    <bookiesPhon>
      <moppyZoolithQophs>chemmy</moppyZoolithQophs>
    </bookiesPhon>
    <almugsAndesic>
      <luxuriaOyerCaecias>charm</luxuriaOyerCaecias>
    </almugsAndesic>
    <tongersNoonsMimesis frundel="974015" mauxTirrlie="794" dedansAgioTsking="dhammaBubinga">
      <shapierSercom>866490</shapierSercom>
      <beenRunkle warmersPyloriSmerks="quemely" wonnedAlethicPiccata="villagy1501" emmewIwound="4">
        <laundryMinable>23094070</laundryMinable>
      </beenRunkle>
      <chillum portiaRikkDriller="begetsKeryxGibus" gracingRemudasSippers="midveinMoyen">
        <samuinAnemiaHymenic>jaburanCowed23</samuinAnemiaHymenic>
      </chillum>
      <hufferRuffing rytina="juju" pudicalWallies="sillarCoticed" laicizeServ="decimusStamba">
        <shimose>dekkosThunge</shimose>
      </hufferRuffing>
      <appled snugglyOctroy="ambeLookupsKappas70" willyerHaspingPaco="sothiacLauroneBabs">
        <cageyAnciens>toshesTwirkRipened</cageyAnciens>
      </appled>
      <trpPopeyes>
        <pettoTinsUnmoor>pretireKudzuSkins</pettoTinsUnmoor>
      </trpPopeyes>
      <clinoidEslisor spousy="dhoora">
        <tringaFinikin>muntzSwainCarrow</tringaFinikin>
      </clinoidEslisor>
      <vimpaTur fresherDiasSocker="pummelTaishoBlanchi" muon="wheatenOutsail">
        <preySubduedPshawed>narraYardage</preySubduedPshawed>
      </vimpaTur>
      <uiguric huswifeClasper="strangSaleps">
        <pickaxe>hashedFraudsTirret</pickaxe>
      </uiguric>
      <gypsyry>
        <freckenDurrinTrikaya>3</freckenDurrinTrikaya>
      </gypsyry>
      <enochLollers swag="hybrisSonrai" annulerBogeyTaxiing="823820" vulpine="dukkhaMissentLushest">
        <gurgleStagilyAnatira>gabletDamans</gurgleStagilyAnatira>
      </enochLollers>
      <flocciDenver>
        <altaian>canchiPosingArctics</altaian>
      </flocciDenver>
      <prooferAchierUnbold glunchOtozoumRasper="apsides" cavitySkunks="carryon">
        <seedGuiserOssuary>beloidUnrosedSclerae</seedGuiserOssuary>
      </prooferAchierUnbold>
      <shrike deimosDoted="kinnor" novcicViduaDecresc="filtersPowdery" jearSquabsEyelid="teuk" bogginTrackedBrakier="gairBrunets">
        <agaty>47233215</agaty>
      </shrike>
      <gourCnidaeEnabler zachun="tedious">
        <lan>alpholRotor2119</lan>
      </gourCnidaeEnabler>
      <bhavanAlbion tempery="aduana" northsCadgerElectee="akpekIronmenFlagmen">
        <antiliaRifartCape>enforce</antiliaRifartCape>
      </bhavanAlbion>
      <plumaDukhnRadiode detenuMusk="brand" atwirl="515732765">
        <cuckoo>bronzeGaineDimble</cuckoo>
      </plumaDukhnRadiode>
      <stuped duitSorbianRytina="shakilForty5">
        <embullLois>10688765</embullLois>
      </stuped>
    </tongersNoonsMimesis>
    <talariaMynheerDetours>
      <lebesRifle>ishime</lebesRifle>
    </talariaMynheerDetours>
    <hahnium>
      <cachinaLimJambon>islingParcherHelmage</cachinaLimJambon>
      <coursyZaps ghilzaiXenialFops="undazedSikes" wretchPlater="3" dagglyPrettyCloit="useless" noucheRefan="ponteeHere">
        <outpeep>shaveTenguBatan</outpeep>
      </coursyZaps>
      <invader datchaLances="swattle" catersGrizard="segnosHipmoldLegging" sordid="driptMantids">
        <jitteryPirnie>eyeableFlytimeUpward</jitteryPirnie>
      </invader>
      <apyreneFailureSered>
        <frayingCelling>coremiaSclaff7862</frayingCelling>
      </apyreneFailureSered>
      <ostiatePachtAlgedo alumiteRechateReclang="sequinMonasaRutuli7" snowilyChibol="silvaCoulees">
        <inrubCorders>dissoul</inrubCorders>
      </ostiatePachtAlgedo>
      <tassalAurorasGyrenes hardierShikara="486278940" goblin="timoPalchKamachi" rheenHagdin="partletEdgemanCulms">
        <sciarid>embricaEncored</sciarid>
      </tassalAurorasGyrenes>
      <atypicStainAverin>
        <epichilTonnes>towboat</epichilTonnes>
      </atypicStainAverin>
      <tailzeeKhevzur pulwarAurists="87" igiturTonneauCusp="dipteraDolphus">
        <mammut>scrottaExams</mammut>
      </tailzeeKhevzur>
      <cornilyCrikeySyrt blankBauchPinulus="gallous" beearn="coscetTela" hairVayuMafias="tarmacsBunaFpsps4403">
        <kieranWunnaZootomy>doffs</kieranWunnaZootomy>
      </cornilyCrikeySyrt>
      <guanays redactVeliger="urimFayalWindrow" oarcockKellia="10" epigeeWeazen="currishDebts23" frows="jounce">
        <adagesRecocks>caveStipple</adagesRecocks>
      </guanays>
    </hahnium>
    <harmalaBombusKilims>
      <pumicerRommanySnowman>tenuredGeggery</pumicerRommanySnowman>
      <oleron linesCoweredWendell="gothDrowndsWallaby" chkfileKethibLying="boarishBiniPetto">
        <intimasHankul>granmaMandril</intimasHankul>
      </oleron>
      <rippersSialic linking="5">
        <acreman>rctUnurbanSextet9</acreman>
      </rippersSialic>
      <redeyeRollout>
        <refedUnalikeDept>571</refedUnalikeDept>
      </redeyeRollout>
      <dashpotOrgeatBisync utendPastas="graupel4414" wire="4575">
        <bemas>unshapeCayuga823</bemas>
      </dashpotOrgeatBisync>
      <tronTwere covetThereonCymraeg="sofarsFumer1674">
        <squalor>gaufre</squalor>
      </tronTwere>
    </harmalaBombusKilims>
    <canulae klowetTearer="frizerApandry7084" ramesesAridian="ablare" repaysStowceBirr="97648" reunifyWhatten="faddyForeleg" ethanolRebush="signist" averinPrehealScolite="receptScouk1679">
      <gadding>exactor</gadding>
    </canulae>
    <telexedRange>
      <carlishFeyUntried>mirateTheines</carlishFeyUntried>
    </telexedRange>
    <milaBoder>
      <ardorAntigod>ferahan</ardorAntigod>
      <yelled westernMadtomSaran="flebile" syndic="compartCraizeyRaukle" pedion="khokaThirlsCledgy">
        <crwths>paddockSawpitForeman</crwths>
      </yelled>
      <dogiesSomnial tailedFindal="corsnedIndigosAwshar" titanBaccies="hetter" thrumSerosae="niggery" winsterRoadedWalling="therian">
        <zepTeinds>dallasAsteamStue2032</zepTeinds>
      </dogiesSomnial>
      <nasab>
        <paikingRobs>7920850</paikingRobs>
      </nasab>
      <sativaCarefox>
        <oximesAbitibiCaskets>semeia</oximesAbitibiCaskets>
      </sativaCarefox>
      <inflowBennis kedgyTwixtPackage="broigne" chutzpaTenzon="355">
        <inurnsCoolish>lehiUnsavedDrongos</inurnsCoolish>
      </inflowBennis>
      <ponticAntealCrocine ambitsInfirmFagots="biotin" stiped="nancesKohls" ocypodeUnflagLuciana="netopsHend" aggraceViscoidInspoke="feature">
        <tensiveOdiousCalalu>boomers9</tensiveOdiousCalalu>
      </ponticAntealCrocine>
      <oviparaDaybedsHeron bisk="redoesAmical" cantel="menschBenightDistill" fungusy="trochilUmuBides" zoosisSlightyOxland="tpi">
        <tammieBesit>outgrinDefleshDukery</tammieBesit>
      </oviparaDaybedsHeron>
      <rayons takaoCithren="isotere" trowaneRemica="bowshotMislen">
        <midriff>inuloidGrooper</midriff>
      </rayons>
      <lacertIsohelsCarder lestradFrist="preesParpenBakery">
        <thurniaCabbagyDewdrop>196388049</thurniaCabbagyDewdrop>
      </lacertIsohelsCarder>
      <betided rifler="queristEnglishAmniac" loggiasDotter="178157" gastfulTheinCarless="kotoFiefdom3357">
        <popplyWangun>snooker</popplyWangun>
      </betided>
      <tornesiWiggly hockeyScrappyExcite="purgerMiche" tattoosUnhoistExiture="fundersExody" waddingKeekMastix="suplex">
        <inosicInthral>inwoven</inosicInthral>
      </tornesiWiggly>
      <hasn caratWareman="2349992">
        <meskedRedowas>prancerAbomine45</meskedRedowas>
      </hasn>
      <gimpingEmbowlCatjang fogeyBebaitIleac="looch253" toluole="83" ticerPelu="bigateKomarchLuger7917" areasonShnook="carpentOutroadHarmine">
        <talkeeMuledPennage>agyieusKabonga86</talkeeMuledPennage>
      </gimpingEmbowlCatjang>
      <dyersMurkyEffume exurbiaReastKabel="gujarCodaminWerf" killy="waylay">
        <stormy>cowpokeWampleSynchs</stormy>
      </dyersMurkyEffume>
    </milaBoder>
    <macadamEmerize>
      <eneid>dachas77</eneid>
    </macadamEmerize>
    <metaeCornels>
      <affeerLychnic>12</affeerLychnic>
    </metaeCornels>
    <unhoedFerahanSwy>
      <amende>hylism</amende>
    </unhoedFerahanSwy>
    <boused>
      <thymeRedouts>sequelsMaumetPhrynin</thymeRedouts>
    </boused>
    <snuglyHafniumPotsies>
      <alexinsFiftyDobule>repayalReoiledAltared</alexinsFiftyDobule>
      <smurr ducsSudsingPhonic="deariesTorten" alleyAnnuliFired="poligarInit">
        <manitos>rufusCollow</manitos>
      </smurr>
      <flatcapKamiasHap bize="parpend" anuralAdobosSignons="facetHeezy488">
        <fram>tuno</fram>
      </flatcapKamiasHap>
      <kephirHayEsne tsaristLothly="epodic" neathResalt="flotsPashimEndent">
        <smouchBesonio>eprisePicky</smouchBesonio>
      </kephirHayEsne>
      <shamesAgnate fuse="camorraHamotziTankman" erika="kussosSpairLicuri">
        <moosPoppas>verdour3</moosPoppas>
      </shamesAgnate>
      <familleBlupPrague stiesCholaneSepone="maddled3983" tablet="benzeinBeerSinned">
        <jacques>cads25</jacques>
      </familleBlupPrague>
      <taggerCetidDomical ritzilyTumult="54" merlingImputes="toadied28" usher="succubi" gauchosBlondsSalsify="brollyKinins5">
        <killedCooks>rerivetXanthidGenoas1090</killedCooks>
      </taggerCetidDomical>
      <arkab visible="tampangLouseChevres995" shogunRakh="keistBabbles2925" canaceeExscind="bundook3218">
        <rhymic>araban</rhymic>
      </arkab>
      <tossupClovenSatires>
        <gnomideRowena>43641</gnomideRowena>
      </tossupClovenSatires>
      <abbayeWhatre clanksTunablyTopnet="meat82" xrayMusrol="49" fizgigs="71560">
        <shevaAtriumsAfd>sarcasmWertherTonkin11</shevaAtriumsAfd>
      </abbayeWhatre>
      <curses jellify="driftFormats" andineOutbegs="247989182" squirlEpitokeSeaward="earlockContr" dutchedOrignalUpsolve="iglu9">
        <zithersGiulio>domiteGalbanJobo</zithersGiulio>
      </curses>
      <mandora trepanJosephaDismail="caricaMixersCrwths" misuseIridialShinny="rifestClou" ryndGlossae="mysianMonthly" cordedChatotSpend="waddied">
        <diamatLottedAcyloxy>almiraCheesy</diamatLottedAcyloxy>
      </mandora>
      <swinker>
        <odorfulLesya>houlet</odorfulLesya>
      </swinker>
      <heilingExtillPerkin garad="1" warmupLikutaTebbet="1085433" unvenal="wimbrel">
        <fanleafBitnetCronied>sauceSyphon</fanleafBitnetCronied>
      </heilingExtillPerkin>
    </snuglyHafniumPotsies>
    <didoes panties="galee" scouryPeatman="tolansLofters2" llautuSirraReflood="mulcherScrums" zymomin="smells" bizenRaggies="4">
      <janPksUnrowed>dewer</janPksUnrowed>
      <orantesHatpinsDisks hugh="walkoutYuit411" rosillo="acostChitsVeddoid">
        <hauyne>bengolaHerpesIndan</hauyne>
      </orantesHatpinsDisks>
      <stashedGluesEmpight squawJobname="binitsTurndunGirkin">
        <tachismBilly>mgr1806</tachismBilly>
      </stashedGluesEmpight>
      <pagodsMacbeth pyemiaKhubberSpank="needn" voetsekProa="coninDiversReaders">
        <blinger>sinksSextile</blinger>
      </pagodsMacbeth>
      <falasha savate="anconalHoit" awareRance="kiack" bimbil="toffiesAnaxone3" pule="hugerByssal">
        <concnKaratas>leven</concnKaratas>
      </falasha>
      <spated peddleScottAcron="etrogsMorsingTyees" coveyUnbane="workboxSalsoda91">
        <stallonInletWind>509699</stallonInletWind>
      </spated>
      <scruto panmugRelower="veil52">
        <defuzes>471203</defuzes>
      </scruto>
      <waleLimmaMotocar tuathLops="35" fliping="reawardLemur" puir="98739950" drumsRetrue="damieBreviGladwin">
        <tattherResiny>691194</tattherResiny>
      </waleLimmaMotocar>
      <mysoreSkitterLethy bitted="5307" refriedVerstsSpuing="nebularPicry" gremmyUnakiteAwater="merc">
        <cupmanRibaldTappall>nabkNagariFiercen49</cupmanRibaldTappall>
      </mysoreSkitterLethy>
      <rossFoxiteRedwing slimilyReclama="sokesApoiousSnowish" plenaryCowedTrombe="pruneTithing5" asceticBarlowShauwe="345719">
        <braverDeafishUpgaze>2424560</braverDeafishUpgaze>
      </rossFoxiteRedwing>
      <cooee snabbleSoudans="gaffes" whemmleSweeps="eupepsyGorlinWaters" resectDlr="crofterConchaRomanes">
        <rabandHens>fantailDovecot</rabandHens>
      </cooee>
      <tentigoNevesLute vaginasSlour="ayreVomitus" swinneyIodizerPlaneta="unsuit2687" virus="62136593">
        <bushido>kalpak</bushido>
      </tentigoNevesLute>
      <shinglyEer gentileBaw="bodkins" storify="beprayTallisBokard739" flogAshanti="brinjal634" deicticTroggin="comatic">
        <amities>trollMuckite</amities>
      </shinglyEer>
      <granite testUnmoodyLesed="aldoseRotalaCleaned" babuismHenwifeCircs="dikdiksAbnerTenured91" moppyKhattiBarwin="cuartelClowderRuffler">
        <glochisCheatsLoad>palmaeTrusts</glochisCheatsLoad>
      </granite>
      <cooled hermiFlorealIsadora="46294446" actiadGrubby="fed" kiddishKethibBenzo="tumorsViremia">
        <boyla>doorway</boyla>
      </cooled>
    </didoes>
    <sceneryBroo>
      <tombedEtonianDibbles>vanish842</tombedEtonianDibbles>
      <carersAskarisSardius>
        <bonism>uhlanEplot</bonism>
      </carersAskarisSardius>
      <shilhaDisform>
        <steevedReasy>rereads</steevedReasy>
      </shilhaDisform>
      <juteJewlessEstudy kyarsDeicers="snot" oxcartsBriarMovie="anglic7">
        <briersUneyeHowlet>anoasGripedTrips</briersUneyeHowlet>
      </juteJewlessEstudy>
    </sceneryBroo>
  </duelist>
  <tackedCaplessEntal lipin="337968" ethylsIntense="8697" betties="laggin">
    <bergEogaea sestetsNiogStrewn="tubulus">
      <falx>filetPullenClear9</falx>
      <alidada futter="subclan" staceyFaut="punningHeyrat" sawlogs="centasTopslIntrod165">
        <perfumyPewyElands>sedged</perfumyPewyElands>
      </alidada>
      <redbugMissyEmmet>
        <dilluerMangi>reemitsGums</dilluerMangi>
      </redbugMissyEmmet>
      <spicingIscoseTupelo wichtHotfootDarac="pamiri" avenery="5390" fannyInfeof="wampeeAttleArrises6691" dhundiaCrappinBagio="untakenPreezeFaradic">
        <palpus>wayakaEuboeanArgeers4</palpus>
      </spicingIscoseTupelo>
      <fleeced>
        <subideaGiponsZeekoe>roshi</subideaGiponsZeekoe>
      </fleeced>
      <niceneShier everichSynnemaRelayer="unluredBoukit">
        <flotson>48</flotson>
      </niceneShier>
      <angoras>
        <lagersEsp>47445</lagersEsp>
      </angoras>
      <surahsMolucheMisway ansaPasskeyDiff="azotate" oilcanCowryGelded="smitePerfix" infante="30606" smackeeChukkarCrenula="abatorsBarcan634">
        <rgenCansos>porkers</rgenCansos>
      </surahsMolucheMisway>
      <gironPakchoiEndere>
        <ngomaFerijee>polleesBrlTrouser</ngomaFerijee>
      </gironPakchoiEndere>
      <ceile twasomeArgled="catsosTead" tuquesGlomeraBanshie="aporiasAdapt" cannonNiggers="tunhoofOpiism" relig="8731627">
        <unacute>sinatra</unacute>
      </ceile>
    </bergEogaea>
    <loutsCatcher rebuoyEcocide="murchyYampa" duodene="7484" chirred="pcmWarmanSwaraj">
      <chandulCasuaryBlendes>hoggeeFiguraePukish</chandulCasuaryBlendes>
      <haggisFribble boidDwineBogota="ananismMopeyTwiny">
        <quests>relatesZymosan</quests>
      </haggisFribble>
    </loutsCatcher>
    <rente>
      <placoidVamose>oralistCereza</placoidVamose>
      <tensorSplotch turrionLingcodLangate="50" linaloe="durezzaAmiably">
        <conceitAnswer>34028280</conceitAnswer>
      </tensorSplotch>
      <loydHylidsAzolla betimesPuebloParaiba="boloedPerkin" growse="zymesMattoidCanvas8" incestsPatyRobomb="63971600">
        <palookaAlvelosBala>294242</palookaAlvelosBala>
      </loydHylidsAzolla>
      <broolBecurry foists="hostileRoads" shemCatsupsBoohoos="lefterDidine" bovid="13704307" whompPapists="lessn">
        <ownselfHairyCippi>calyon6432</ownselfHairyCippi>
      </broolBecurry>
      <dongola>
        <snoresPellile>oxesMae</snoresPellile>
      </dongola>
      <deckingFarcistSandbin>
        <signee>screenyAmpery5</signee>
      </deckingFarcistSandbin>
      <cordies soyas="prague">
        <axseedsTasajoIrpe>65</axseedsTasajoIrpe>
      </cordies>
      <kaikaraCrinion bescabFeuds="68084276" fatigueTerpin="sahLeafRomaean" obitualLatrine="nashOontMetepas" fondukDocquet="bespill">
        <tenace>valewMagahiLyncher8</tenace>
      </kaikaraCrinion>
      <dort>
        <treaclyCuthealOuthit>80326555</treaclyCuthealOuthit>
      </dort>
    </rente>
    <fardhIndexesScogger begirdPhylaeTapalos="gambirsOrdealCraylet" chenGogglerCrood="ocqueOdeaHelly" kecklesZootomyTallith="863" hatterBiduous="684" merfold="8583676" swarms="saburraVedaismTajes">
      <muted>cincha</muted>
    </fardhIndexesScogger>
    <abonne propyl="invade" autopsySteppedFaggery="halide" papernBeknowTorses="hasnTalletSaba" majaguaWadmolsTydeus="arhar">
      <nupsonHugh>pecanLumpet</nupsonHugh>
      <stacker>
        <ogboniCerciQuemely>upgrownUmbrous</ogboniCerciQuemely>
      </stacker>
      <inequal beguile="sorbsTwifoldTypey" bework="848" butomusEleven="moas7">
        <skanda>plottonBloman</skanda>
      </inequal>
      <estherMetalawJellab coventSaltus="unn" sleekitBluggySalband="reviled" harb="lampadsRiposteGoalee">
        <grousy>iare1</grousy>
      </estherMetalawJellab>
      <orlButein maduroSchenePoignet="gaulsSara" pleurumShillInflex="nohow" coojaLariats="amylanInched">
        <ikona>malmagSyboes</ikona>
      </orlButein>
      <atokeRuscus>
        <gavot>5024001</gavot>
      </atokeRuscus>
      <eassel zebrassBaculumExcuses="4" grannomShaken="pitangaShell" briskedTorveTenia="ourebisInfluxFlewed" manfulTurfing="fiants3156">
        <odeaChitlin>dha</odeaChitlin>
      </eassel>
      <revises fleshesSyriansFunbre="gluteiScaleOyapock" haspedOwnersOxonian="zonelet" poplinRubier="chidingDublinLassos">
        <pielumPlutonChoile>caryotaAstarePasquil</pielumPlutonChoile>
      </revises>
      <wosBergamaMugful restampFugientAcrite="tympanoZonkedSherpa">
        <gavelsAkaakai>notistPimpsArclike79</gavelsAkaakai>
      </wosBergamaMugful>
      <dulcian>
        <trampStoker>discerpTapism6981</trampStoker>
      </dulcian>
      <snaring sakersAdlessChandi="sexistsScribe" gibbier="habeEmesisMitral" subchPunkish="totted" turtosaUropygiSystem="bezilsMinyae">
        <pepCissiesFontful>1</pepCissiesFontful>
      </snaring>
      <sarsarFellageDoves winster="techierDeliNotates" groundyKnatchAnthrax="scapple2216">
        <rudelyLenadTieboy>girrMesteesAsshole</rudelyLenadTieboy>
      </sarsarFellageDoves>
      <sepiolaFlan boojumStrightBedizen="beechy">
        <feeliesBrarowCobbled>828</feeliesBrarowCobbled>
      </sepiolaFlan>
      <joinersBernRigidly niobicCummer="sibylla" mangue="tehee16" bealCoignesBatable="atoxylPotters" shaughsZattare="7541389">
        <untop>epeiraHylomys</untop>
      </joinersBernRigidly>
      <readies uncleGeezerOutflew="acyeticShingon" regallyLungyiPiled="emceeGambiaeJasper" nifling="4386" safiniCacheFeelers="bandosNeedle">
        <rulableBrute>benefit</rulableBrute>
      </readies>
      <plugged blobber="kaonBocci" goondaComism="octoad" slot="nabobCristi" pokeoutSizeine="carpAbout400">
        <rejailHexylic>93</rejailHexylic>
      </plugged>
      <midstsStagnumSqueege drostdyParto="3" betwixtEnsateCowled="inswept" ordeneXylenyl="outtear">
        <sheetDinnerySaigas>putlogConuzorAlizari</sheetDinnerySaigas>
      </midstsStagnumSqueege>
      <flewit>
        <jumblyNinut>auroraIodousDeigns</jumblyNinut>
      </flewit>
    </abonne>
    <barbule>
      <exhumedInsides>labs5</exhumedInsides>
      <pteris>
        <defeiseSnapper>castanoBogart</defeiseSnapper>
      </pteris>
      <denaro>
        <binocs>outhymn</binocs>
      </denaro>
      <scalmaYawpersEthize>
        <canoe>sakesMelas</canoe>
      </scalmaYawpersEthize>
      <geld emotionPileups="7800" shooteeWitotoAcoria="stripedFounce91">
        <protoreTuningsBaying>croomiaPastes</protoreTuningsBaying>
      </geld>
      <erasmusStereo>
        <rahdarPottledAerage>ruble26</rahdarPottledAerage>
      </erasmusStereo>
      <bouilli hydrulaBoutade="leetleAroonStrumae" routhyFaveoliDecalog="muslimHoneyedHoudan">
        <pectizePagusSciara>cycloseErg</pectizePagusSciara>
      </bouilli>
      <grylleDryadic schlossAgarwalLettuce="904872" stubbyQuass="tokensDianite">
        <muktuk>lierrePoligarRepone</muktuk>
      </grylleDryadic>
      <enrib warslesPoiesis="subfaceCatelPurely" joseVelamenCaimans="scotChytridChaired" wordenConiteParoch="grozer">
        <adagesPropomaBedside>flouncyAcetinUncause</adagesPropomaBedside>
      </enrib>
    </barbule>
    <humiriaAngeles bedellSwollenLippen="beratedShambleMiauled" ovendryRye="1" burreeFrutageUnson="alkesLignum" ketchesBetisesMenthol="horrayEmodinDumous" cassoniKharajPinkany="391272561">
      <quetch>sudateCrees</quetch>
      <negoce subraSocle="2268">
        <rubbio>219734</rubbio>
      </negoce>
      <pixiesSkeeingElaters lyristMullets="ibexesCallus" borasca="onehoodBrouzeStipo" bistred="44">
        <eadios>csardasWambugu</eadios>
      </pixiesSkeeingElaters>
      <mogulsFingeryGudrun>
        <awlsSwigsWeazen>waresBriolet1</awlsSwigsWeazen>
      </mogulsFingeryGudrun>
      <rechipBreedsLotusin>
        <geyliesPassing>bumtrapLatvianSoffits</geyliesPassing>
      </rechipBreedsLotusin>
      <sawish>
        <gadflySquirmsGhaffir>piotineLauricGrippes75</gadflySquirmsGhaffir>
      </sawish>
      <upbyBinukau>
        <faciesIjmaBeeweed>336</faciesIjmaBeeweed>
      </upbyBinukau>
      <engulf moatElysian="heftKilnribPreaver" nakhodaWanned="reefy">
        <brewstSpokes>malurusFixe</brewstSpokes>
      </engulf>
      <ophismTypicum>
        <bacabaEndite>slaved</bacabaEndite>
      </ophismTypicum>
      <equipSympodeUptilt meissaTombe="morelloIdlety48">
        <pukedBousingBefur>coerectLampernFeued</pukedBousingBefur>
      </equipSympodeUptilt>
      <impv>
        <clerkedPotsiesFoziest>mohegan8</clerkedPotsiesFoziest>
      </impv>
      <bervieBanjoes awapuhiUnplantDecrial="ruiningServeSplosh" repayedDoyst="rummleAbraseBihari" seisingQuell="deblockPurlerKrubuts" nighterNeogeneMolave="qtsAsexualRantoon">
        <acnidaAspredo>893</acnidaAspredo>
      </bervieBanjoes>
      <lira servingRhotic="730196" tinnery="dieriSalchowSaharic" sternna="surwanEgoityOvula58" jamdaniPesoTollies="armpitTowie">
        <loginsOrellin>elric</loginsOrellin>
      </lira>
      <joshers fieldenDirigeCochlea="neeld" annalia="korunasStelled">
        <birderSceptre>lenca</birderSceptre>
      </joshers>
      <aliformPigged estrayPeppily="tincPavanesInhumes" mingler="7" absence="putteesFlagChopped2598" barfHeleCognacs="nebulaDollarShevel">
        <fending>42550</fending>
      </aliformPigged>
      <warsel jaygeeRibaldBumwood="urodeleAdhakaBletted" gowf="fates" fubSolioJacana="rag">
        <placoidSlow>1</placoidSlow>
      </warsel>
      <sectiveNeozoic>
        <wirrahUrbs>31039464</wirrahUrbs>
      </sectiveNeozoic>
      <wellatWamp levana="laetiBagfuls">
        <healing>77783852</healing>
      </wellatWamp>
      <indicoCajun spics="fahlorePeerdomGranita">
        <tuples>beleperKulturs</tuples>
      </indicoCajun>
    </humiriaAngeles>
    <begash>
      <dubbingWifekinMucuna>axion9</dubbingWifekinMucuna>
    </begash>
    <victory ingenioMalmyGalerum="guidage507" parted="76346" amentalShooterNullum="81666" art="hale" cutbankSolipedHermo="subs">
      <sugganOstreaAtrous>bezzoCachou</sugganOstreaAtrous>
      <flokite resewAudionSunray="2" unpay="nrittaHastaSordes">
        <pycnial>owlery</pycnial>
      </flokite>
      <snaps skylikeFaraway="1879023" gonialeScotic="llaretaAwiwiHeppen" showfulMergersSeats="iranistUncousCrabit" toasty="ambitusSammier">
        <taterDeme>acholiaConidae</taterDeme>
      </snaps>
      <ejurate>
        <cloysOrselleGranny>unvexedEskerFatals</cloysOrselleGranny>
      </ejurate>
      <tourize doggingKodakry="defectsEvelong" subjeeWisenPodia="devest49">
        <deusanEmule>cunila</deusanEmule>
      </tourize>
      <hormism pulayaHypo="ironish5" alwiteHoodfulOutspue="nimrod" tertianBileveCarhops="cinched" dossierFeis="71895">
        <jadedlyPervert>630687</jadedlyPervert>
      </hormism>
      <spadoneTechily fawnsBaalathRedared="pombo" parous="knautia" potleg="treppe29">
        <restrip>ratifia3</restrip>
      </spadoneTechily>
      <egad celtsLett="spalderPiwutPratap" apseDiasper="sarlykAnisCissy1">
        <rappingMawkin>81218</rappingMawkin>
      </egad>
      <asgmtFictive uterusConged="6757608" prigger="lacemenOnycha" arduousYoghurt="987441196">
        <ecad>sweeten</ecad>
      </asgmtFictive>
      <tachScroop gullionLoll="96401642" himselfExamens="suci" toughtStatorsNosairi="7" ribaldsChalehs="cattedAgasSanctus">
        <dissiteRendu>leptaIff5</dissiteRendu>
      </tachScroop>
      <walnutsHouserTurtle mazurkaUnfightBilges="seposeLanny" tropismMagnums="layshipBoggish" kiltsMueddin="boogers">
        <scarfsSharraCarryke>saltersBulimicSypher</scarfsSharraCarryke>
      </walnutsHouserTurtle>
      <exiling escrollTyphonsHamfare="dikageGove">
        <songkokEnwwoveInhales>337862284</songkokEnwwoveInhales>
      </exiling>
      <suprFlunked>
        <clonedOtacustAveril>slubsJhuriaBroils</clonedOtacustAveril>
      </suprFlunked>
      <chubbMoons evelina="ivoried899" poetdom="mageFrosh194" toilersCaesar="3516" sparedDonum="sowsGleemen2">
        <rapely>capite</rapely>
      </chubbMoons>
    </victory>
    <bagroomKilom>
      <sorgoCoxite>recueilSioning</sorgoCoxite>
    </bagroomKilom>
    <sauceKonyak>
      <koodoosOversowPrelude>hylegBiscotDrapes</koodoosOversowPrelude>
      <noblesOutsellEighth>
        <unyokedGangwa>subidea</unyokedGangwa>
      </noblesOutsellEighth>
      <scenicGonof>
        <fusibly>47</fusibly>
      </scenicGonof>
      <uppull jaypieLowbrow="78" sifakaMishitSnowman="arni">
        <meadAoteaBooking>astableMucaroRodden9732</meadAoteaBooking>
      </uppull>
      <reeferTylarus tanninsLohar="unausPacay">
        <trikirBeware>pockets</trikirBeware>
      </reeferTylarus>
      <despeedSonde humidorVivider="sulphur">
        <couvert>5026</couvert>
      </despeedSonde>
    </sauceKonyak>
    <hydrate>
      <anasJulien>uppuffDeavedPurists</anasJulien>
    </hydrate>
    <dasturiGoySunwise>
      <metaledBravestMirrory>spudderSoarSadi</metaledBravestMirrory>
      <prevostPotboil boolianManuaryBoloed="splodgeHelps" recipe="pedlers" novenaeWokenKidang="460076">
        <baulkyCurlikeUropod>7863</baulkyCurlikeUropod>
      </prevostPotboil>
      <tardy blobby="actu" masaAdzesTowhee="evase" nat="xxiiNoduledGregg290" coehorn="vacuuaCameist43">
        <strikerLyonese>witchesFumy</strikerLyonese>
      </tardy>
      <tattherStun rooterJessing="joustCussosAsbolin" karatePhotog="trapeze" cuddleRuinsPortray="lycaenaFranker">
        <trent>ranquelCrepine</trent>
      </tattherStun>
      <primus locklet="2453028" grithsBugbite="693293">
        <joysome>implex</joysome>
      </primus>
      <enow>
        <kvar>nocksIdest</kvar>
      </enow>
      <dozyDopiestTailles tuffsDhangar="duosCaudle" dipppyDarapti="accurreLettice8" shoqBealachClogged="1311697" anionFizzled="waveysVoila">
        <wergeldWhelky>creatAllege</wergeldWhelky>
      </dozyDopiestTailles>
      <longbowShrined>
        <bagwormPistole>purset90</bagwormPistole>
      </longbowShrined>
      <foulish carlKinahBoolies="gingham530" blurtsRebrownTerned="deer" wocasZoomed="kudzusOxhorn" lumbersLaniardNyxis="90248">
        <precelChopper>honourCremesMandril</precelChopper>
      </foulish>
      <carga argonneDolphCircuit="5174759">
        <barryNoriaSenhor>korGarbler</barryNoriaSenhor>
      </carga>
      <meanestOutlastPapula chocho="338883278" volubleUntimidMeaty="676247088" etymJosephPlicae="sovietsMinded">
        <finerArxCoziest>newgateGlobedActive</finerArxCoziest>
      </meanestOutlastPapula>
      <mahoes slask="papionAlarbus" whigged="uchean">
        <preyerDullingLotase>jugerumUnfrost</preyerDullingLotase>
      </mahoes>
    </dasturiGoySunwise>
    <uplookYeesBracker>
      <dearly>calletSwitchShow133</dearly>
    </uplookYeesBracker>
    <whiss>
      <bargingDuckingKokos>34884</bargingDuckingKokos>
    </whiss>
    <malletPfc windowy="wrabbeMuffins" avaleKharajLockpin="8045115" avions="saynayTopog" prutothHeather="waresScodgy479">
      <mitch>nonpoet</mitch>
    </malletPfc>
    <taut>
      <reslotSyntanBarry>snoopsOgivesTemple</reslotSyntanBarry>
      <syconesSplit finnsTriole="youthlyGuignol" metremeMalmag="armyLiasing8" nornaMeropeHydatid="hogship">
        <lampoonRefacesEcdyson>oophytePeyton</lampoonRefacesEcdyson>
      </syconesSplit>
      <trialsFissive engluteOvidRebore="climb">
        <auctaryCoups>ponca2</auctaryCoups>
      </trialsFissive>
      <gorseddDuteous kokamaMarkusGyal="agaves">
        <concn>panzersDrunk8780</concn>
      </gorseddDuteous>
      <mantyClevisForepaw gandhiMalakinBelay="7028">
        <langues>biosome</langues>
      </mantyClevisForepaw>
      <clunkBailedJunius>
        <homerid>picarii</homerid>
      </clunkBailedJunius>
      <wonsSculpts encoverBefoamDawtie="hokumsSillier">
        <alightYohimbe>amandeSipling</alightYohimbe>
      </wonsSculpts>
      <poissonXylosmaTherein agamid="sundraOttava" renish="3681" voles="cotele" bassosPlumateLeis="gnarsTassard">
        <saad>899623</saad>
      </poissonXylosmaTherein>
      <bailo bicepsRool="dopaDendric">
        <mochas>huhCaserioCurie7710</mochas>
      </bailo>
      <reimplyAntaresCraie marconiWrenchAfernan="atuneFactsApis">
        <cerideBillerLaurels>3417</cerideBillerLaurels>
      </reimplyAntaresCraie>
    </taut>
    <tablierPatchedSowing endomeRump="jetsamsMislikeHangul7905" spottyCunette="petti" valvedPesetasViznomy="linwood" detin="frowst" assort="bilboa" nabbed="snipe6" curransUvid="143871">
      <fatilNupharChirm>2765908</fatilNupharChirm>
    </tablierPatchedSowing>
    <fiery>
      <goopsCommark>placers</goopsCommark>
      <ahushBelgard whalyWatape="41933628" bionRadioMikvah="rupiticTearlet" lopseedGrovers="junc249" upgape="retialClawedHanafi">
        <kirbiesInsoles>almondyHarpersFerulas861</kirbiesInsoles>
      </ahushBelgard>
      <rearose closhGoosier="inrushRokeyJackash">
        <dustupWhilom>fascet3</dustupWhilom>
      </rearose>
      <aprowlToll jynx="spryest" xylateKhond="lutraSilked" armpadSteel="leantVehmic" sicsacUnorder="bractedDouter">
        <prisonTomSpald>stylesPeening</prisonTomSpald>
      </aprowlToll>
      <comiqueLoupsAtiptoe mahound="latriaCompear" epactOllaCuzceno="987256899" buruchaLituola="domineeSerozemSkits">
        <skaldicRanids>misgrewFallUssels</skaldicRanids>
      </comiqueLoupsAtiptoe>
    </fiery>
    <aviaryWadWetland>
      <awaked>arclikeLentUpshots6</awaked>
      <flebileGesticBudder bridelyCameosAlkoxyl="treeifyReseenJuniper5152" slickMafflin="diantreOxberry" cyathusFplotLimbas="crowned8946">
        <taoistMutes>jehad</taoistMutes>
      </flebileGesticBudder>
      <gnashes glagahHashiyaCosta="pertest">
        <enlodgeUranic>ayensLeafs</enlodgeUranic>
      </gnashes>
      <paydayBrumCeruse verreSoccer="5865922" clinidUnshaveOxhuvud="57" clovesRegivePolynia="sward2815" meuteBoozesElfkin="posted">
        <flicsHickeys>mozarabTiento</flicsHickeys>
      </paydayBrumCeruse>
      <pudgeSugannGirba sodomicPhloxin="tonallyYatvyagSinlike" kolhozCoelianQuam="podzolEnliven">
        <conjuryAnconeRoyalet>gablockAbanetSirgang35</conjuryAnconeRoyalet>
      </pudgeSugannGirba>
    </aviaryWadWetland>
  </tackedCaplessEntal>
  <lisses metamerArgolidRepine="virgil" cobbed="tebeldiAuxeses6044" hosannaRopp="alsine7">
    <surnoun>
      <attnDisliveFylfot>3034619</attnDisliveFylfot>
      <reet lobale="postbagFrosh" throwsWimeReimpel="motocarLeegteOstic" argiveAerate="subashiPinbone744" burierTuftedReprime="99509959">
        <anoureGinglmiEdestin>pronavyAgnizes</anoureGinglmiEdestin>
      </reet>
      <tragiSyriacJees>
        <dobbiesDoeglic>exalts</dobbiesDoeglic>
      </tragiSyriacJees>
      <depeGadslidLeonite debbiesWreckedArachic="bensilStripy" guidoOxbane="timarLoma" quiteveYoghs="epaxial">
        <colorForseek>cocklesBonitos</colorForseek>
      </depeGadslidLeonite>
      <unmarch>
        <babblerBluingsSeduct>bogong5</babblerBluingsSeduct>
      </unmarch>
      <locutorBackset leesStreamsSooth="scoots5039">
        <growersTeazles>creeshy560</growersTeazles>
      </locutorBackset>
      <friggleMushedGlassie dooliesSpary="entour" glib="drokpa8">
        <tuis>tengMatina</tuis>
      </friggleMushedGlassie>
      <ziamet decoct="glebeSovietsGlandes">
        <pretium>slacker</pretium>
      </ziamet>
      <hylicFoller>
        <natalChedar>trodShadier</natalChedar>
      </hylicFoller>
      <relendTeapotsSpraith unhappiUnitiveDowel="1" decoct="rushlit" wormierFlavid="77">
        <phobiacSuci>cushionSometPietoso</phobiacSuci>
      </relendTeapotsSpraith>
      <estivalCroochTrophy wakfRageeIncurs="3" mellsIroning="9810883">
        <apexing>whameBleymes</apexing>
      </estivalCroochTrophy>
      <moduliArtefac suntan="excud">
        <axogamyKidsWax>cuminal</axogamyKidsWax>
      </moduliArtefac>
      <herbidMannishWynd passeScuppitFestoon="cloffFellas">
        <sylviidOxalato>24333144</sylviidOxalato>
      </herbidMannishWynd>
      <wasteryUnface>
        <proggerCdg>bijous</proggerCdg>
      </wasteryUnface>
      <alike>
        <latestPoscaGooky>unsafe</latestPoscaGooky>
      </alike>
      <tersestHelipadKamichi firsHah="pot" yeuky="imphee274" aeronRodding="70364055" conredNativusAxman="dative81">
        <koto>ammaTozer473</koto>
      </tersestHelipadKamichi>
      <hockerPhysaFloey verpa="calcifyUnfoldsGed" reticle="jollierMorsure" tytBeds="neutriaSinningBari">
        <kugeHolliesHautain>geezersFriscaPentrit</kugeHolliesHautain>
      </hockerPhysaFloey>
      <elevon carryedGrete="heptodeAmidate">
        <boozesSinter>reselfEgence</boozesSinter>
      </elevon>
    </surnoun>
    <arboursDaricChiwere>
      <porkin>blackieBrager</porkin>
    </arboursDaricChiwere>
    <runoverEophyte>
      <unropePersism>injoinExscind</unropePersism>
    </runoverEophyte>
    <stillyLanguet repours="toursPiplessConsist" coffeesEsdSlurbs="iridize">
      <shumacNandow>halchAestureDevice</shumacNandow>
      <ecodTumid blash="frottonSomdielLingams" rugousSecern="untire" texts="370" bedward="turfen">
        <mallowsBaffeta>defileDaffishFolates</mallowsBaffeta>
      </ecodTumid>
      <daylessGaine>
        <meeksBalneae>budge79</meeksBalneae>
      </daylessGaine>
      <alginsRelive merrilTurner="vlsi" plumper="chimaneStyGramary">
        <skeneTreetop>shotNathan</skeneTreetop>
      </alginsRelive>
      <apargia strawyDoob="pittoidClinks">
        <behint>oblatioDownset</behint>
      </apargia>
      <benbenWendiPanung skylab="cristy" sompner="unwheel" hotePivotedLydite="defeatsMakerUnbeset8" braviBemournCoachs="orthalEdestinSquashy">
        <rootleSinalPungies>cooriedHippedSardel9</rootleSinalPungies>
      </benbenWendiPanung>
      <eugenicLenadMaror outsets="upbeltPasties" saimyTemperAlfa="ecolesAquariaBirdies" anicutMedille="epidemySpiffed" fizzleRerail="4017611">
        <outdrop>354761515</outdrop>
      </eugenicLenadMaror>
      <vitreum madeiraAnimo="sergius" spyros="clothesBastantEluvial8" freddo="smokes" irruptsMezoBrood="chasePersaePhose">
        <vinaWaggonReap>scrStomper</vinaWaggonReap>
      </vitreum>
    </stillyLanguet>
    <hayseed hadbote="catmintMachineReaks">
      <foggage>kitcatSirenia</foggage>
    </hayseed>
    <tenner>
      <lilithDurably>214643</lilithDurably>
    </tenner>
    <refallAssized>
      <exhance>tidyismOkays</exhance>
      <oozedEirackHoondi greeny="gasman">
        <dyingsTannishTripery>stocked</dyingsTannishTripery>
      </oozedEirackHoondi>
      <carnePksBunnell vedetteUrare="7" vitallyTaxator="tiensLucrifyDayal" digenicApteryxLizzie="91301270" combingKidskinAnnite="palchHalpaceKiblah4461">
        <bowyer>851440</bowyer>
      </carnePksBunnell>
      <sulaCowkScalps hapteneBaho="hyrse379" annat="nepoticTerrit" sokenPixes="carotte" inachusPumelosAlmagra="emeses6">
        <wolfmenMyiasisSpack>zygomaBietle</wolfmenMyiasisSpack>
      </sulaCowkScalps>
      <duretCludder balize="muddersMilksJupiter" erbia="5020" crowdyDimarisAliener="turnipyRetouchAmbient">
        <enfeverAubadePopsy>sussy</enfeverAubadePopsy>
      </duretCludder>
      <waxierCowbind shradd="messedSunfishFrack" sterad="899" loaveIndued="perbend" phoniesCuckoosOzan="dogfish">
        <encaumaEpactDespose>zincizeGlutterDiacope</encaumaEpactDespose>
      </waxierCowbind>
      <coutet>
        <cottersTeckTerrits>subhead</cottersTeckTerrits>
      </coutet>
      <humaner>
        <osamineGaffesWheen>lingyForcerSicarii</osamineGaffesWheen>
      </humaner>
      <alibies inmeats="seavyConksKelchyn" rued="tommed" ribaldsMarxistMonozoa="shamoysStamensBessie">
        <physis>steamer</physis>
      </alibies>
      <spuePrawn munsiffDugway="unjoyed" hoochesRoach="bouser" uraliumNox="hagged" handyDetect="winning">
        <yaourt>roxCuestas</yaourt>
      </spuePrawn>
      <quabird dearyPaseTholus="48565" furculeGoasila="2049">
        <ermines>8</ermines>
      </quabird>
      <ain upboreTopwork="subechoSquad" baraunaCursive="trifidFangle" windersDaftOpsy="tiffleDehache" toxifyFreaked="navelyRheidaeRoop">
        <congeon>realism</congeon>
      </ain>
      <runoutCabalaShinkin>
        <regainsStower>914</regainsStower>
      </runoutCabalaShinkin>
      <pinfoldKilhigTitian anchusaEmbraidCoirs="maoism71" addledCubasCryonic="seriosoWhelmedMods1827" calinaDervishMaed="sloggerConning" typhonDkg="seis306">
        <earing>parulisWitsafe662</earing>
      </pinfoldKilhigTitian>
      <talpaFronded tornalSnowieBoko="longleg" staidObeliCurtis="xylonKandol" uvulars="91" amideFrore="twifold">
        <shelvy>duffleBistateRastle</shelvy>
      </talpaFronded>
      <minah schola="terpaneHatty21" fuglePadroneYacking="dicyanYaws" cromDumpleHautboy="3598">
        <gybeReorderSpindly>exacterPongeesGenson</gybeReorderSpindly>
      </minah>
      <idealsHistoid>
        <pilcrowNotchSuerre>staffed</pilcrowNotchSuerre>
      </idealsHistoid>
      <ripsawsBiti ramada="paikBezazz" fpspsMammin="aimakCathari3417" follyerValvata="deisinSaleOuttire">
        <rockier>markkasVireosClocker</rockier>
      </ripsawsBiti>
      <trepidRimyOutmove isicleKeld="uncitedNama">
        <encenseSunnierSuiline>toggles</encenseSunnierSuiline>
      </trepidRimyOutmove>
    </refallAssized>
    <diffuseStroppy>
      <whorageVatesPaughty>33498</whorageVatesPaughty>
      <restateTarred fagelia="fucusUsurperAnopia50">
        <larum>clapeArank</larum>
      </restateTarred>
      <pianismMoonjah outbatHadrons="prefillGorier">
        <curredTakeoff>warnissBigotedGoolde</curredTakeoff>
      </pianismMoonjah>
      <palpalLumpersTartest reknitBalai="kvutzahSabCasha" backyLuster="frapeMeshier">
        <lardoonSures>refocusSprungUreide</lardoonSures>
      </palpalLumpersTartest>
      <nozzleTackerOrbic kevalinManbria="mixture" trumperAshpanHolies="cupelerPariansGuipure8912" tonna="repanel">
        <dilluer>perukedCajeputEpilogs5603</dilluer>
      </nozzleTackerOrbic>
      <norimon brainerLalang="towkayIsatisTrivvet">
        <hauLeaps>overlaxHoovesOvenman375</hauLeaps>
      </norimon>
      <spargesGloze>
        <geumsPeckfulIroned>3968</geumsPeckfulIroned>
      </spargesGloze>
      <sorobanHowkedPeckly pitlikeDaft="sprits">
        <grassesDesmoma>wounderComptly365</grassesDesmoma>
      </sorobanHowkedPeckly>
    </diffuseStroppy>
    <ooziestBristlyNeif swirrer="118" trusterPloysUnhuman="49926294" popsy="sabulum" fuzeAor="bracesMeatic">
      <tapuya>sudateYowingArrowed</tapuya>
      <hermo unsavedSkairWather="33" pshaBackjaw="armsizeChewinkStone">
        <scaldra>79995392</scaldra>
      </hermo>
      <endura fpsps="wasangoIns6" shanksOrders="koali" clubmanCoelian="damnerCisingBeclip">
        <botte>24</botte>
      </endura>
      <incubeGoateeHoward ringletKipfelTaysmm="rameesRenish2" twinklyCarceag="cementa" depeche="8826876" hornish="corucoRabbetsUnsin">
        <floatSyll>shielsCarshopDonkeys778</floatSyll>
      </incubeGoateeHoward>
      <xylitolThinkCiders>
        <miteredSupportBom>nonnant</miteredSupportBom>
      </xylitolThinkCiders>
      <omagua grates="23472865">
        <bathkolChields>dornicSplenicPlaned</bathkolChields>
      </omagua>
      <sprungFrugTrogon comparReviled="samghaTrapped" baneful="begazedWreckedViper" hawkeys="mocaNomAcinous70" kaputBieldScungy="chogset">
        <abacliNigh>zingersGriecep</abacliNigh>
      </sprungFrugTrogon>
    </ooziestBristlyNeif>
    <titmallCoramNeogamy tignumFldxt="azelaic2" geneticXylose="mystery" nebula="962" lettedFlyback="tunneryOsseinJophiel" coalpitRevary="penni" binateHygiene="bagreefBirles" crotylCevianIslet="betread">
      <laityNatureSouthed>pardsLeadway56</laityNatureSouthed>
      <sabrasRemands cache="tereusCambaye966" cucuyo="twalePilausReduced">
        <patined>habaeraObelias</patined>
      </sabrasRemands>
      <girosAmphideSteel fatedHallux="523000286" foxfireActress="bankedStanch">
        <spectorEssoins>sectTabaret2</spectorEssoins>
      </girosAmphideSteel>
    </titmallCoramNeogamy>
  </lisses>
  <sozinePlanterArdour />
  <kalmuckHamuli wheelAlypinMote="kunesteBaliAraneae">
    <blawedAnnuleAmatito>
      <seaghanAdjurer>56506</seaghanAdjurer>
    </blawedAnnuleAmatito>
    <erase>
      <roedParbate>59694262</roedParbate>
      <sclawEmbus kuichuaFugios="gelatin" infold="38">
        <passusMeropiaAssamar>idolonLentileFrisure</passusMeropiaAssamar>
      </sclawEmbus>
      <dicier ratals="otidae5206" pegaScollop="parries">
        <semiped>mutest</semiped>
      </dicier>
      <spor overbyGetSmother="aristoTorulasGeodic">
        <pentzia>98709291</pentzia>
      </spor>
      <lily>
        <hondas>bowlerRheumsAether</hondas>
      </lily>
      <tapetisGavelet streit="962642298" flair="malgreAgcyMinious" scotize="41301">
        <lording>mangyanSledgedCloves</lording>
      </tapetisGavelet>
      <cyclaneTapemanLionise>
        <waroriUplightLameds>alkyl4</waroriUplightLameds>
      </cyclaneTapemanLionise>
      <haakNichil limoMourned="brid">
        <todyEagerer>79</todyEagerer>
      </haakNichil>
      <kittockUnforkSpatio otides="drummySnitsLady" wat="eunuchsGlaze">
        <coburgHeyIntwist>2</coburgHeyIntwist>
      </kittockUnforkSpatio>
      <torydomToughsAcknew discerp="italiot" percurRondinoAsarota="spues" tankersForloreFibered="papessAmouli">
        <rayonsDaturas>peruses</rayonsDaturas>
      </torydomToughsAcknew>
      <yttriasArthaBkg riftsBasionsEncolor="majoraVocalicPygidia">
        <argentPayolasCunette>32177</argentPayolasCunette>
      </yttriasArthaBkg>
      <artemasSepiolaQuaife obiism="undureSpallSangley" pagedomPlaypen="pressieYeelinWejack137" prillAndre="9503169">
        <inkshedCoz>adduce</inkshedCoz>
      </artemasSepiolaQuaife>
      <autismsThymeAcock beclap="koraitGelofre71" beganPhidianIndy="batekesEsca" goundouRetard="flouncy" virtuti="solariaHuzza">
        <kodakryStropVervain>8</kodakryStropVervain>
      </autismsThymeAcock>
      <ramtils heederTracing="39165601">
        <neapedDisownImpedor>flankedBespurtAnkuses93</neapedDisownImpedor>
      </ramtils>
      <crieyPentziaYerking riskersDachaSerer="stance809" balkingTrtHostess="dammingSeemlyDivvies">
        <swidge>7423114</swidge>
      </crieyPentziaYerking>
      <mktBohoraCoct wambuba="preman" tecomin="esdras8">
        <muskits>hiaKohlanMonotic</muskits>
      </mktBohoraCoct>
      <filoseGummousDoeg gravestTestar="outredeGasserOrlage" refleeShiner="sraddhaOuthurlSages" fertile="abosTroper" sylviidKeywdHangar="frogger">
        <pardeeGozillReaute>897071</pardeeGozillReaute>
      </filoseGummousDoeg>
    </erase>
    <jumart>
      <herbPik>birledCircar</herbPik>
    </jumart>
    <formateNoddiesGour>
      <jangleYetts>teapZenith</jangleYetts>
    </formateNoddiesGour>
    <seropusBrutal>
      <palateEobiont>laddock</palateEobiont>
      <skirlDetantRerivet harishCadism="acadieFidelesTriduo">
        <rhymedTurma>frumpleBirchen</rhymedTurma>
      </skirlDetantRerivet>
      <repayedBrujasBanter decima="popadamPoulpeAscots" cantilySensyne="leaperCarene">
        <kennels>kambaManchet</kennels>
      </repayedBrujasBanter>
      <hallmanWalksGeum bigotty="cuck">
        <sponton>daylily6627</sponton>
      </hallmanWalksGeum>
      <suaharo wireman="gibsMoloker" hoppetRunningDustblu="buybackPupunhaTonging" petterCutify="epularyFliped731">
        <buttons>alantWastedHicky7</buttons>
      </suaharo>
      <onycha warnissKlongsMadafu="4" blasterVoyeuseBubale="bruleeLooper7400">
        <whampeeShawingOntal>dioxidsMoost</whampeeShawingOntal>
      </onycha>
      <exoletePhaeismLetch bogetAbazeGallus="lowboyImagery12" neetupPileoliDuc="fleyed" wambleAngles="9007">
        <entadMilieus>5083845</entadMilieus>
      </exoletePhaeismLetch>
      <citeNecklet roricUnbrokeKehaya="ruta" faucalsUily="7581042" unawakeBaconer="saxons">
        <yemselRabatos>burnerGygesPerukes710</yemselRabatos>
      </citeNecklet>
    </seropusBrutal>
    <layoutsCaserne blowFerns="rabbanFerrenBertin660" aho="ababdehIndeed" nostic="miterer" unloose="7297510" lansat="carwashBannetTracy2341" yaldTardyBuibui="venusClake" claxonsTheekerStokvis="clumper">
      <rechar>iter535</rechar>
      <fingerRedout>
        <widened>udom</widened>
      </fingerRedout>
      <biddieCace sawali="myrt44" tenutoTemaSlums="dossyAnnalBinny" pandemyLatexHands="buttonThroed" bowlersHuffed="hennaBeefierByward11">
        <hemodiaBagfulsBiosis>peroticCakavci</hemodiaBagfulsBiosis>
      </biddieCace>
      <outsitCabezon fugitReferedInbush="mutuumHushedImit" music="surahFagging" weddersInarch="psoatic">
        <emmiesNarine>arctiumBudhRomps</emmiesNarine>
      </outsitCabezon>
      <wonnaCheviotWeenier fermis="caffleKrapfenAhsan" agrestKramaSundang="tearing" coddersTuftily="athwartSoaperyOgrism7604">
        <stutter>jotMestesoCeiling</stutter>
      </wonnaCheviotWeenier>
      <billbug zaburroMatha="minionArsinoPici" tithesWalkway="unions">
        <bemottoMarkaz>78</bemottoMarkaz>
      </billbug>
      <unswornUnroomyBruskly>
        <aleuticDefinedHaulier>supplyWheelsEnsear</aleuticDefinedHaulier>
      </unswornUnroomyBruskly>
      <coxy formousGlearyCummer="calorisSpoofed" petreaAlbinos="positum9429">
        <missort>muggilyClimeRissel</missort>
      </coxy>
      <burseAsquealLionel miry="4961544" glotticArmers="bsfKamiTwirled">
        <dewataScamAmber>678260701</dewataScamAmber>
      </burseAsquealLionel>
      <reducesSlimmed>
        <stowLuteway>dragger</stowLuteway>
      </reducesSlimmed>
      <wattest faunaCipoHaiduk="mulctBrutes4" carroonSabujaWakeman="courantBulbous">
        <fatsoVerstsGermens>manna</fatsoVerstsGermens>
      </wattest>
    </layoutsCaserne>
    <ruscus>
      <twatHicks>skatiku896</twatHicks>
    </ruscus>
    <cantorMonthlyBateful anneals="269951357" nonegos="punches1086" rathaRanks="typingDugsDash">
      <osmosedNepa>carps</osmosedNepa>
    </cantorMonthlyBateful>
    <jerkingGneu mindersProdsGuffaws="uvverDykedPotlike" chousesPurEmmet="souseRabbin" storksVihara="276869694" peloidPupated="midtermBoulesAmines" garaRacemesEmong="fluster" likensHotnessPiaffes="galushaFrikeKabobs" falaSobbing="pickoutNipmuckGlads">
      <raps>peaiism</raps>
      <leonistCogger slankSinking="moffleBolkStrakes" plumist="nomismGaspyReoffer">
        <barwal>pipalHeapyMucigen</barwal>
      </leonistCogger>
      <orchenSuffariSells mafflerBaris="pusscat">
        <tentory>osmateSackenCerer</tentory>
      </orchenSuffariSells>
      <givey>
        <unipodSitkan>redefyWhiley</unipodSitkan>
      </givey>
      <gleamedSleepy crayonHoardedHackler="7" jarveysNeuric="ditWigDimple" levity="18863">
        <pliss>futchel9281</pliss>
      </gleamedSleepy>
      <honoursWheezerWhilkut fremdlyParvuli="falernSpunchAkawai9" surculi="heftyBubosCruce">
        <blemishBatlan>81357509</blemishBatlan>
      </honoursWheezerWhilkut>
      <robotryKilling>
        <pager>107977</pager>
      </robotryKilling>
      <tunsOvulary praseBabrootEmbank="youstir60" casquetPradoFrized="353042" shortZizitSkimos="tubfulsHanburyEmptory62" zamarroNagsOriole="lumpersParka">
        <bingesDeice>22</bingesDeice>
      </tunsOvulary>
      <slate pintas="fellahs" myogram="ironiesOuyezdEnjoin" ademptLarigotStoat="brechamEdomiteVvll" cattiesPcf="7">
        <toxins>chukkerEstrin</toxins>
      </slate>
      <dunger broosCoillenHalva="seeingsAmulaeNebbed439" aloma="sawflom">
        <badiner>78204267</badiner>
      </dunger>
      <budlessUnrroveAsslike undee="hipsTrounce" lispingOarlessProbang="skaffTrusses">
        <teguimaPorUnhoped>10538</teguimaPorUnhoped>
      </budlessUnrroveAsslike>
      <meltingTethysGallery veenasCoueism="3633" hearts="syudTerminFaille">
        <pertainConstrRedbay>spireaCaoineReekers</pertainConstrRedbay>
      </meltingTethysGallery>
      <repawnPlowboyHarm cearinUirinaGuttar="teucrin">
        <incavo>podialRoar1</incavo>
      </repawnPlowboyHarm>
      <rosetDhobiCoothay galoot="blushesDurrasLvalue" wherebySaigon="anilins">
        <gleam>tombletSaidsAtonics</gleam>
      </rosetDhobiCoothay>
      <kodakryEncoachDup>
        <siusiFibrinBirdeen>unlost</siusiFibrinBirdeen>
      </kodakryEncoachDup>
      <haetWaxweed sahrasUnhired="hoovedOverpet" rinksPatwinAccoast="osmin">
        <tilledShriteRenege>riffian</tilledShriteRenege>
      </haetWaxweed>
    </jerkingGneu>
    <chasid laccase="aecidiaMesiadOscheal" baltei="farfaraBarbetBisme" isopach="stenchColcineNash" japan="buddieGyres" fining="lamdanXeniasFazing" guzzlerTachi="hanselsCantdogWarping" saktiHirselsFuffit="hostedScaryCumal5999">
      <easts>grimpPrepackMillier</easts>
      <murres>
        <initisUppers>toquetsUnfrostRarest</initisUppers>
      </murres>
      <hullosValley>
        <larksPotlike>tenuresCofflesCoisns</larksPotlike>
      </hullosValley>
      <pauser>
        <sootyIztleDecus>8048856</sootyIztleDecus>
      </pauser>
      <goldarn sicklerBleak="awol">
        <labarumSalivas>comodo9034</labarumSalivas>
      </goldarn>
      <slopelyWedeln scrailyOxidic="32907">
        <injoinPatarin>budh7</injoinPatarin>
      </slopelyWedeln>
      <pehoBilges>
        <incrossDotardy>wissel1140</incrossDotardy>
      </pehoBilges>
      <hsuan abody="23685" laqueiCessGolding="kepi" unpegsGaluthEager="lucks" citricUngagedPuggish="39">
        <brughsShwebo>bronx</brughsShwebo>
      </hsuan>
      <cherePudderOboval amurca="mushing">
        <grandpa>makutuAirampo</grandpa>
      </cherePudderOboval>
      <tyddyn bacach="encampRatlineTweeded" ligulasCroisee="19427">
        <shabbosKisraExiling>peeressChilloVeuve7219</shabbosKisraExiling>
      </tyddyn>
      <bikinisRicesDauner cousin="moudieAilanto" cognateSecoursTroth="1345">
        <panung>784</panung>
      </bikinisRicesDauner>
      <remerge bambuba="berm" kirkifyEmailedOpianic="beguessAcyloin" jargoon="nominyInogenBrewst">
        <twiceNiggersBescour>weekdayTubulusZaurak</twiceNiggersBescour>
      </remerge>
      <soakageIou akeeBardic="tickney" verryAceticOxygas="minum" aulaeBodgie="pieticStaning1">
        <ghiblisDarker>1942</ghiblisDarker>
      </soakageIou>
    </chasid>
    <peppin>
      <teensyQuemeJunky>sexist</teensyQuemeJunky>
      <hepcatsPlayteBaloch epinaosRelimeJurata="traily" murage="allicitMisfall">
        <routedSteer>3887940</routedSteer>
      </hepcatsPlayteBaloch>
      <hootsZac>
        <onsetsMeile>skins</onsetsMeile>
      </hootsZac>
      <ravioli hopheadDaybeds="neurite5" courb="upbred" unroofProteaRotse="cadbaitChubbed" sectorRemixes="muraTwinedVarlet">
        <unrakeReban>jiggyTooler</unrakeReban>
      </ravioli>
      <troched gulfierNawabSwager="582556274" iowans="rebellyBejewelTanka" embows="flauchtDoating10">
        <pukekaKilij>fortuneSpeceGirdled</pukekaKilij>
      </troched>
      <arrah nonairSilencyOrbitar="celsius" zuniSheet="arsenalCloserMouther" morglay="814705">
        <kiesterSpumoniKhuzi>bursasGill</kiesterSpumoniKhuzi>
      </arrah>
      <atwitchChria hajjes="bernoo" qtoCribral="7799243">
        <inwoven>waxworkErbiaGapping</inwoven>
      </atwitchChria>
      <topeeAgrise smilerEnnobleMelee="8918397">
        <pigment>cobblesJubiles</pigment>
      </topeeAgrise>
      <granada haytimeBlightsOxydase="pialynIonistOdoom" payongTrienesSeen="649">
        <cuckoos>rajeevBenthonMeader</cuckoos>
      </granada>
      <chuckedElfinUnhuman norice="5109" tilsit="66266453" accumb="gleeksBertha">
        <bemoleSnecker>forhooyRobing</bemoleSnecker>
      </chuckedElfinUnhuman>
    </peppin>
    <bothnic ostend="mandantUncariaDertra" cimlineStagneAcetose="skhianPodogyn" canabaOcreaWane="386945" sealer="prunellAtellanUnstuck" nargilAboveTythes="logeionPops">
      <ranted>7</ranted>
      <blipped agnatha="4021" numpsVeeHuffler="oppositTapa" sirmark="poros" bigged="attid">
        <rechalHawkTollbar>volva</rechalHawkTollbar>
      </blipped>
      <slub lushStealUndigne="immureHolmic" dindlesPlagiumDamner="fodda" mycosisSubplowPumped="305330264">
        <shoatBirr>spilled</shoatBirr>
      </slub>
      <berriedOarsmen monieJostlerSwaging="toplineCourses" monday="duroc">
        <itmoGettersDiddy>mobsmanJobbers</itmoGettersDiddy>
      </berriedOarsmen>
      <thacks trollop="inkiesLeash9163">
        <usine>chains</usine>
      </thacks>
      <cahill>
        <tambala>celebeEstrusBarrat</tambala>
      </cahill>
      <skein travesFiumaraFeyest="humpies8">
        <buckingJokier>regildToughly49</buckingJokier>
      </skein>
      <metis anorakGenesBevels="upsunTuchunGneiss" aminishJiboya="3624358" viertelBartersCalve="flutingNephrosJangly" niffWoldHollin="453950122">
        <volostsFilarMuddier>tiglon</volostsFilarMuddier>
      </metis>
      <votishFanum>
        <artarinAlepoleZags>73237</artarinAlepoleZags>
      </votishFanum>
      <extolls rhemaSharra="2529" nazismRaved="samiel" rubdown="mysidaeSpayadQoph" spewyBrinceAtelier="pantoTwasomeSialia">
        <tyromas>waggon</tyromas>
      </extolls>
    </bothnic>
    <atunePokablePshav calmerCottedProbant="relishObex" pitauJerkily="262099987" flemishSander="5" dispondHordesThronoi="5347526">
      <cultic>slubber299</cultic>
    </atunePokablePshav>
    <alphol>
      <flytedBraided>condoneOversow6237</flytedBraided>
      <merfoldBileveConacre>
        <pawkGnatSmooths>198</pawkGnatSmooths>
      </merfoldBileveConacre>
      <kasida countryJusAlula="snoutsRettory" carideaTetrdraAgnized="populusDomboc" furledSclera="crass" nagglyPinata="guily">
        <rew>robandsFinlet</rew>
      </kasida>
      <append>
        <damansFelliesWeapon>anezehWagwit</damansFelliesWeapon>
      </append>
      <deled noreBulbsPabular="549864500" dharanaNazimKnarred="watersJauk" cargoConcealRefires="koumis">
        <imperiiBesortOrna>blowing</imperiiBesortOrna>
      </deled>
      <airwiseTurcian stools="452" tannaicVivaryMuscae="washwayEdifaceCapot" bookTao="2">
        <lichiSatraps>14579</lichiSatraps>
      </airwiseTurcian>
      <soldoBubberAnagram pament="7376194" straked="striver">
        <poller>excud4336</poller>
      </soldoBubberAnagram>
    </alphol>
    <indice urologySruti="twittle" unsewMispay="abatedWylingVerdure5" subgape="fantee">
      <ellasarScuffly>605537</ellasarScuffly>
      <jaggierJailing>
        <termed>confute</termed>
      </jaggierJailing>
      <ethiopNopalry flubRascal="ind5" mashaNife="gypsousAudingsDukkha">
        <thruv>248</thruv>
      </ethiopNopalry>
      <tzontle balliChazans="60749729" beildYoicks="fluencyDorey1" groopOtotoi="bugletSteen83">
        <portend>688</portend>
      </tzontle>
      <kolackyAsswageHyaenid whiners="cuveeSetibo" thouse="anonCompole" bleuBassoThey="somewhyWhichAkund9">
        <toelessExcurse>8254</toelessExcurse>
      </kolackyAsswageHyaenid>
      <saxtieIsotone muckerSolions="tibertFurore">
        <zebrulePeba>patyDetroit</zebrulePeba>
      </saxtieIsotone>
      <decharmPrickedReveil>
        <gangedNexumDrippy>clarrePhilyraDeiseal</gangedNexumDrippy>
      </decharmPrickedReveil>
      <shaptinOriel mara="titherReseiseMoyle" rouladeEnrutRoeneng="currack">
        <nopalsSuerteEelpout>88</nopalsSuerteEelpout>
      </shaptinOriel>
      <lobcockBlowups>
        <shaps>18532288</shaps>
      </lobcockBlowups>
      <banner heezie="414" douceBuccaroLupoid="cliche" tatteryJauntedVeigle="tinlikeSextsGrudged" stoutMulling="asapLaguneVintem">
        <subitem>cuemenGilled</subitem>
      </banner>
      <oenolic malterAcrasyWauled="4137089" godpapa="retimes" sappyFawns="attristRun">
        <makran>feignedSciaticMpbs</makran>
      </oenolic>
      <peonismPunyishStroup renayNullary="73611" papayanWitchesReckon="108426420">
        <encrispCrayon>tauntsWiny</encrispCrayon>
      </peonismPunyishStroup>
      <linker femmePoybird="elderEcca" hernialAvellBourses="apertlyEyrarKitlope" okeniteTynes="mapland" jerque="thetisErastusStoting">
        <lowrieUnshyly>29</lowrieUnshyly>
      </linker>
      <laggenAmenty chardsPulis="holdingFitchedWhauve" saddenElationCotland="phoneyHoke" diaboloTries="587">
        <diocese>dastard2</diocese>
      </laggenAmenty>
    </indice>
    <jiberPreLinn shirpitAmylom="moneyRepealResuck" sorbetsLatona="arrayedTriuneBebops" pudic="cantingLenoraHeists" beethEndivesUnawned="protomaAndiron" ceibosRechaseEnslave="huzzaComesDormice" pitonsLantum="hummumNowroze">
      <barbleBenward>papaio</barbleBenward>
      <bebotchAbysm tiuLochia="navalGelongExosmic">
        <noummosDosa>gigasLoselsMead</noummosDosa>
      </bebotchAbysm>
      <infeedSpray tradalCrowdieJuxta="earlockCyanoseUnsided" donneeDridderGladdy="figment" gamin="reactsKombuAsseal" tweetedWrochtDiadem="46452">
        <monsiaWithins>ull</monsiaWithins>
      </infeedSpray>
      <forefitSlob weblike="bealaIjoreLogie">
        <churnedCrubeen>thibet</churnedCrubeen>
      </forefitSlob>
      <apicialDairyYummies gunnelsMoulded="thiolicDaffledAstel">
        <hawSigmaInbent>mariouMatacan</hawSigmaInbent>
      </apicialDairyYummies>
      <putainIngulfOsages pomfret="lithiteEnodate" shareOutvier="fatimidPlunker" eten="mansardRummies" taroccoMysoidUtahite="lovefulHer93">
        <handjarKilp>ketones</handjarKilp>
      </putainIngulfOsages>
      <gibbing>
        <breamsAgneaux>7523769</breamsAgneaux>
      </gibbing>
      <spoofsBater pinups="goaliesLobbedRubigo89" bebedDabbler="suresbySeabee" chymifyPartitaPrefet="lipperByrlsBedford3">
        <glycosePhaleraDartars>lobolo26</glycosePhaleraDartars>
      </spoofsBater>
      <anthropKiswa mareca="choosesBankingFreen">
        <irons>isingMidstsCurable</irons>
      </anthropKiswa>
      <navahoAciurgy>
        <cooeysJocastaMerop>laics</cooeysJocastaMerop>
      </navahoAciurgy>
      <amides nirvanaRatiosCamps="friesBlowup" aminDogtrotKelters="shyers9" touslyAmpulesAlgins="haycock">
        <anopiaDawut>entombDumpokeDesize</anopiaDawut>
      </amides>
      <pythius solelyNuclideLapping="uppbadCurucui892" acetalChegoes="tgnUnsizedShirvan4" baal="garveysRikshawCowier">
        <argasidAssurer>29003995</argasidAssurer>
      </pythius>
      <sewable bousingCastockClams="askoi">
        <inkshedMoca>beaner</inkshedMoca>
      </sewable>
      <sprewl petitorAdornosBasad="84" degorgeWinningAssumer="moppersZigan">
        <decider>hanbury</decider>
      </sprewl>
    </jiberPreLinn>
    <howkingAgralQuicker>
      <keten>mackledFlouseDrogher</keten>
      <leggin nudge="pondmanTritelyBarless" tarboxNitrileBarruly="moselPimas" disbendSauquiWayback="fitweedWadderMaremma">
        <rhymist>sonGillot</rhymist>
      </leggin>
      <oscarCetus>
        <unspanFryersMoodir>crowds</unspanFryersMoodir>
      </oscarCetus>
      <armlikeItylus belloteRetamaTosses="stoogedEpinardMesa8727" nunciusRinds="brookTiffanyVentail7850">
        <hors>bed6</hors>
      </armlikeItylus>
      <engoueeFeddansTembe casal="tiffingAlbinicPhono" epigeal="azimech">
        <dispark>cougher</dispark>
      </engoueeFeddansTembe>
      <facade alcovesRapide="reshut" cumber="tastedSwertiaGlaury" quiteInsuresCose="sequels">
        <merfold>costae</merfold>
      </facade>
      <bellow hoodiePizazz="mowhaySitcomSpiky">
        <lettiga>chitonsRaisine</lettiga>
      </bellow>
      <spreadOilcakeFeretra>
        <usuary>quarion</usuary>
      </spreadOilcakeFeretra>
      <gooteeBoxiana camball="dibble" halted="huchenDainfulPaysage45">
        <abludeJunkmanVassos>yappishBematDecants</abludeJunkmanVassos>
      </gooteeBoxiana>
      <wansome>
        <cuifs>matTwarly</cuifs>
      </wansome>
      <orbellDelicat>
        <rapidoIntrapFiscs>gingrasCarrionFores</rapidoIntrapFiscs>
      </orbellDelicat>
      <atresyReplicaCho chielBromid="fineryCenobyDissect" sahukarGawkies="loverlyUnsmartBarding23">
        <tattoosSurgers>blowessPlumbog</tattoosSurgers>
      </atresyReplicaCho>
      <pibcorn>
        <rowetBeltir>sieger</rowetBeltir>
      </pibcorn>
      <hetParcels hardily="hankersSinaminLists">
        <copoutsPlotton>corf</copoutsPlotton>
      </hetParcels>
      <lingoumMusicryShipman flairs="88553" gove="17023765" desirePaha="imbued">
        <wolf>yarranDecenceRepaint</wolf>
      </lingoumMusicryShipman>
      <logwoodKitsch>
        <bingesUnboxedSolvers>tenspotCoydog</bingesUnboxedSolvers>
      </logwoodKitsch>
      <scriver sneapsGuv="digenicSneest95">
        <dismay>earable</dismay>
      </scriver>
    </howkingAgralQuicker>
    <crumChugSkemp>
      <scaean>shastriTidleySclater</scaean>
    </crumChugSkemp>
  </kalmuckHamuli>
  <arecuna pottosKyah="27" cantutaCaproin="bullpupYorubanVenetic" hymnalNettingGiusto="corruptOmneity6565" />
  <fanumTienAdding />
</publiceSacraryLambeau>