<?xml version="1.0"?>
<dusklyChitin>
  <wadmealNakulaLogeion mamboes="invt" pukuCrambeMitoses="mollifyUngated" knuckle="corymbsBylineRevoice" choca="barish" />
  <manati teas="bathylMucunaFplot" oratorsAlcaide="aholtHalpace" petlingDoughtyMinuets="gessRocky">
    <yoghs hatticPluffer="9" brazeePallar="bowlin" planeRadiateEnrank="macague" fuzedHeros="artworkCetylic" sesma="subadarBerberyHabitue" rootcap="buoysUndutyChanty">
      <lastre>galium</lastre>
      <stithCommunaBrakie cfdUnselthSharada="7">
        <miler>pupiledGorer</miler>
      </stithCommunaBrakie>
      <manilio brollCetes="alachah" actonOlluck="agatizeCuemanSends" cert="centuryOomiaksBlandly">
        <cedillaMezuzahPostboy>80139</cedillaMezuzahPostboy>
      </manilio>
      <judoistGroveWebber>
        <lungsScalpedStunter>inmostJiquiTidling</lungsScalpedStunter>
      </judoistGroveWebber>
      <retainOleates>
        <crimps>wondie</crimps>
      </retainOleates>
      <chametzUpleg>
        <fei>coyure8</fei>
      </chametzUpleg>
      <octave kelterCatanRollick="trouseWriterOrache193">
        <shabby>unaryEthal</shabby>
      </octave>
      <surdityMahsir>
        <canadaHalting>tauriteHoard</canadaHalting>
      </surdityMahsir>
      <boxcarsCanali burnutUnadd="29229103" aidanceTasu="riggiteOutadd">
        <kicked>chufa</kicked>
      </boxcarsCanali>
      <dungerLanete gothics="94683680" heavilyParsedAtiptoe="postbag" fretsawLokaGuayaba="seamRaspingCucking">
        <macks>antjarKinds</macks>
      </dungerLanete>
      <tintageHeer>
        <mbaloloBortzes>naledDultieBleared</mbaloloBortzes>
      </tintageHeer>
      <divisaApprend hulseanBraird="shunts" presignNiesToppy="zibetumFamaAnviled" ungillBarkingMulatta="entotic9">
        <yairdsFibdom>waura</yairdsFibdom>
      </divisaApprend>
      <marverMuttony skilly="3" cevenolCarrieSurgier="pinardTask1435" six="avenuesDustmen">
        <tomjohnRegalia>arecain</tomjohnRegalia>
      </marverMuttony>
      <jellibAirampo cayman="chammMesozoa4502" girlishKluckerInky="ladedGrayer" orrisCoptineEos="jacobusSlitterJarmo27">
        <sureshSailedWoolled>thingal</sureshSailedWoolled>
      </jellibAirampo>
      <marageFineishCrambly bunchy="peacock" begazed="barriosReinSubmit328" riblessWhelps="tipmostKiri" gowkClanged="9">
        <verbids>overbuyKhud</verbids>
      </marageFineishCrambly>
      <enlodgeFulvidBiabo balatas="nurlBankmen" cistsSinsiga="advaitaPommelTotem" padlikeAnonyms="pekinsOltunnaPelitic" rifflesSpurner="haineSecancy">
        <moored>muttonMowedVertep</moored>
      </enlodgeFulvidBiabo>
      <comitiaDraffsSight corinnaMccoyCoenact="shesDuce" haiduckWinger="3" dorkingPugareeRemove="repriseScotias" tillingBeckerFrabbit="quarry6112">
        <abantesPluralExplees>trubuVorage</abantesPluralExplees>
      </comitiaDraffsSight>
      <scaupsAnaqua scawSnoozeRelived="yardmanWisdomHand815">
        <chadarsComaeZindiq>anisumMoanedTawnies41</chadarsComaeZindiq>
      </scaupsAnaqua>
    </yoghs>
    <adoptStemsonSabir gambianThig="33" tendrel="acetifyPonies" olpSunnierArcuses="baredSaipLevator572" myceliaAlbergeDupedom="zazens" fertileBogletCalzada="oarholePashasSelfly" zoogene="pastilDeprivePitches" vucomsTribracBidens="737040573">
      <monel>elandsZamarro</monel>
      <recours enduredDiskPowered="743" siloJetport="8438">
        <osmolal>codings</osmolal>
      </recours>
      <heughs>
        <haymows>ginzoKapaiDrysne957</haymows>
      </heughs>
      <relistsKrapinaIerne toiletsDustuk="discide">
        <weirderCablish>69072883</weirderCablish>
      </relistsKrapinaIerne>
      <galorePandarUnio secyFelon="mustee">
        <thingutFoment>312</thingutFoment>
      </galorePandarUnio>
      <certainAlaresDiamber>
        <delhiLaker>zootomyPapayanMeseems</delhiLaker>
      </certainAlaresDiamber>
      <lumAcrisiaEyrar agrariaArnut="salmis308" aristaeHaplomi="17">
        <awnerFancify>vansIonist18</awnerFancify>
      </lumAcrisiaEyrar>
      <tostadoForwrapReseed daubeResupCarer="bluntie" climes="pronplBuncherKarroo" fledges="319015227">
        <unspoilReanvilStyptic>laxistBisulcSemes</unspoilReanvilStyptic>
      </tostadoForwrapReseed>
      <singlesEchoism>
        <moggan>4821</moggan>
      </singlesEchoism>
      <linkerBairnie erotemaTenonsUndried="parrsTawgi" prickerOverbit="zipa" spinoffMycosinAudion="entrapNag" pelewLeadoffTrigos="aspersComsat">
        <sceggerMadmen>ralphHolliesReplier</sceggerMadmen>
      </linkerBairnie>
      <finewHechtDipsas vergedKakatoe="abjointHiccups1">
        <snakeyCrowedBursa>4484051</snakeyCrowedBursa>
      </finewHechtDipsas>
      <smartlyBandied resackGeomant="smeared" mauriLethesPregust="saite" whoosisColonel="94" dinsome="880538864">
        <enamels>clintsMwalimuMawk</enamels>
      </smartlyBandied>
      <berlin coilSemese="hostry" vernage="41878">
        <linyTaphria>penlikeSklent</linyTaphria>
      </berlin>
      <murexanOotsOutbray bagwig="26175434" sweepThrainIshmael="agavesPleaterGilders5307" dietedIsogyreComtist="barnage360" jobberAtte="crinkumHoods">
        <oxterMasculy>risuses</oxterMasculy>
      </murexanOotsOutbray>
      <fopsMilkmen rebecks="debaterAbsurdJardini" rodster="56694">
        <dargerCusps>dasBows</dargerCusps>
      </fopsMilkmen>
      <myricaGlisky barlowMuzz="drippedYezidiTravel" enolsFeeableSpout="palmiraBvt" petunseBedaubTakin="san" putts="axerGadsReswarm78">
        <imprevuSnobberGite>voderKirsenMaun</imprevuSnobberGite>
      </myricaGlisky>
      <lothlyPenults>
        <emigrFeeringUnisons>chippySealeryManbria</emigrFeeringUnisons>
      </lothlyPenults>
    </adoptStemsonSabir>
    <laxist>
      <nutletToastee>artamusVastusWalked</nutletToastee>
    </laxist>
    <enhedgePropene verayJagathScunder="caricesThroeAbord" putheryCrucily="snopDynes" purdaSlate="magmasWringedStionic">
      <viol>3605</viol>
    </enhedgePropene>
    <tiplessJankers hanoUptruss="tirribiSublate" galidiaPoled="sagamenCostard" trustsPostboxDicolon="validTrygon14" lazes="4403" debitedToldAngry="424669309" outbanSowl="skunkFretum" moyoSheeneyAlclad="kyarPight">
      <raison>moans</raison>
      <oxalatoTaperlyBedsite nifferLapithDefame="tidelyEnjoyerMiswire" titePapey="pluvialSabbat745">
        <wracksLoamedSloops>serbdomWoolmanStail</wracksLoamedSloops>
      </oxalatoTaperlyBedsite>
      <whump foamTck="lendersMeaul6825" limuGooferUnhead="stbdDebyeDrie" mezuzasTwiny="untipsyWouldElev" paroleeFeuteTames="4856175">
        <aduncPatronsTumphy>gallerSamuel104</aduncPatronsTumphy>
      </whump>
      <apastra youngCpm="unkidSnarl" cucullaDroudDingey="qiana" forcive="tenured348" pursley="ctgeGyrator">
        <audadsOutwith>weirs</audadsOutwith>
      </apastra>
      <satangsOnethe roter="zorilPilotEvents" flabArmings="3611" orbitarHookey="knurryRatti" clothHawkins="mailieChkalikShrinky">
        <myosisActiadLither>jough</myosisActiadLither>
      </satangsOnethe>
      <naiveteWitlet ralishFarinha="8619" ibidium="1214556" ungirtPeckers="radiaryOutsetAtaunt">
        <paginaHenadEpiural>soloing99</paginaHenadEpiural>
      </naiveteWitlet>
      <daultUnknots unendlyRoasterTertia="1" engildsRettery="trawlRabiesBogs59" rpmCuscutaIntuse="brairdCabmenCapably">
        <capital>serfismKingrowRosetty</capital>
      </daultUnknots>
      <kilahJoltilyRammers awarder="pawneeBaureLither" sighFlixArrau="raidersAspreteRapide" ure="butylWords">
        <toisechResinaPitchi>kurtFrowny</toisechResinaPitchi>
      </kilahJoltilyRammers>
      <yaffsCurver asidenPhrenol="sauce" shutesSquame="gois" evenersArachicAimak="elmsLucernZaurak">
        <guffsIrenicsVulned>mosBidene</guffsIrenicsVulned>
      </yaffsCurver>
      <polycotMahoeSquish shrinkyTravelMbaya="jivaAgenda">
        <veryReplateArclike>maculedRatted4</veryReplateArclike>
      </polycotMahoeSquish>
      <cestuiScopate>
        <fainerZelSavines>knownOrang</fainerZelSavines>
      </cestuiScopate>
      <haybandTeneralAnural extancyStencil="1" cabaaLudLocates="9" lithias="tepidlyOutsaw">
        <gameticFumbler>curberRumbled8</gameticFumbler>
      </haybandTeneralAnural>
      <peasesSpinoidThemer unnotedChigoe="notitia" glaveIcterus="bolasesZoner" hurtyTogue="dreamtMurker" domWorkingLeung="cytheraJustleSfree29">
        <instantPerf>outbentThug</instantPerf>
      </peasesSpinoidThemer>
      <chedar geneura="681137" weldingEvoker="halalEthyneSchav">
        <abatage>codecs</abatage>
      </chedar>
      <fondleDickeys nobbierLootersConfab="opposesAtoke2824" teensStroy="ethosKeekedYee250" hopvineProach="coronal">
        <pastilFrigsCanonry>arangoHydriad</pastilFrigsCanonry>
      </fondleDickeys>
      <bespray zingy="injun" beevesFerox="froes">
        <melian>pannade4737</melian>
      </bespray>
      <rameeDecd botry="lycheeOveyThronoi3558" ambon="bunchEmerod" sabal="emptied">
        <tibey>murrayCorulerSawway</tibey>
      </rameeDecd>
      <baburdCudava landmenGyrallySlagger="birdiedAttry" setuleCapless="371993">
        <odoured>virion</odoured>
      </baburdCudava>
      <zoccoIndicesTromba>
        <paeony>vocalsShrieve</paeony>
      </zoccoIndicesTromba>
      <stymie hyloidDroopt="593549" munchesSpliced="wettingMongoe" theoryMowieScorser="6">
        <madrasPopeyedGrouped>95794793</madrasPopeyedGrouped>
      </stymie>
    </tiplessJankers>
    <tidRedroveCotted>
      <regnaRialtoBaraita>sebasic</regnaRialtoBaraita>
      <khotSosAtaunt baizedTannid="biotaxyMartyr" egolLendersEmong="extremeMerestHiney">
        <vegeteChiefs>miragyDimissTringle</vegeteChiefs>
      </khotSosAtaunt>
      <frislet umpireCraw="coved" hastif="94809" remouldCapricRefresh="upblow">
        <larch>krishna</larch>
      </frislet>
      <nelsonNookedDensest bshRoasted="entrainKelletAlgae">
        <prylerTuracos>slitchGermier</prylerTuracos>
      </nelsonNookedDensest>
      <gnarlsIndulinBlashy gaddish="crispinYoick" potdarPapulan="luxes">
        <naucrarBajauToyed>15994749</naucrarBajauToyed>
      </gnarlsIndulinBlashy>
      <aigreFinityPadeyes sambhurLinn="enif" modemHurrerUnhood="rottenIndol" lidlessFlumesAcred="69622" earners="coypuTabacumAyin">
        <chappin>striker</chappin>
      </aigreFinityPadeyes>
      <fervBrawest gullageCallose="talckedBlaasop" candiedPacificBegonia="272" loppard="thinsVaire" yack="clyGooderServile">
        <frotted>bruet</frotted>
      </fervBrawest>
      <untrothBiopic para="appCandied" phanticEnvoys="ambDogfall" wortCubtiUra="turacou">
        <otidine>encomicCentesm</otidine>
      </untrothBiopic>
      <autarchIsogriv giantryUnepic="5710611" woolenTrouse="recipEndless">
        <stouterPyin>mintersCocytusWhizzes</stouterPyin>
      </autarchIsogriv>
      <ransoms disuseLadsWorral="overbigNowther" newlineWhissleSchene="windoreUnau">
        <attristIngestMunch>aspireBacchusRandon</attristIngestMunch>
      </ransoms>
      <fistfulMeggy confortTuskGiliak="unfile3610" imbibedRevulse="heddlesZooming7587" firkinsDenizen="swinneyWhirtlePht" burreeYoniCyanose="edenCoctDithiol">
        <reself>enodalDewiest</reself>
      </fistfulMeggy>
    </tidRedroveCotted>
    <faddist>
      <kryptic>socmen</kryptic>
    </faddist>
    <samechs nickers="cariri" bourdRagees="roerNizamutUnnaive" deareKrithiaOdessa="2253" unwordy="2350">
      <testSmatch>alburnBundh</testSmatch>
    </samechs>
    <joggers>
      <fers>stupeFret</fers>
      <caecaYereDasturi abreastCalqued="cames" charismThitherGashed="runnelCrazed" dreynt="749">
        <isotonyHoofish>freightFidateLastex</isotonyHoofish>
      </caecaYereDasturi>
      <lygeum missalVolvellApician="campoSealShiksa">
        <azoniumTabinetUxoris>moperyCoapts</azoniumTabinetUxoris>
      </lygeum>
      <freqOompahReflect ugricNovialOxonian="321251321">
        <merosCoaming>coshedHastate</merosCoaming>
      </freqOompahReflect>
      <bardie amerismGarial="rita89" cuberaWabeno="abasicSenoufoAvar">
        <rushenUnspan>exciteAwayAccrued</rushenUnspan>
      </bardie>
    </joggers>
    <honestFrenchTissue sarpo="clauses" besootAnhimaeApoious="navarsShankedNapaean">
      <embraceOribisNictate>mian</embraceOribisNictate>
      <tibialPousseSpeils madweedLollies="hugestMetallGaitt">
        <actineWiggism>outlimnRagasLocater44</actineWiggism>
      </tibialPousseSpeils>
    </honestFrenchTissue>
    <quartes>
      <retiedClangSyrinx>chiamByous</retiedClangSyrinx>
    </quartes>
    <ectasesAcadUnsure gables="waniestTetrantTanks" duelErgs="mammea" wauble="varierLotaseStoon">
      <patlyLodha>corbelsMisnameRouters</patlyLodha>
      <beetler gambeerFazenda="42">
        <licking>obtestSuablyGearing</licking>
      </beetler>
      <suspect shagletYocco="flicks">
        <bahamasPinhole>78224</bahamasPinhole>
      </suspect>
      <letGibber replansOrrices="gnattyDong" totOneness="durgah743">
        <slimyLappicUlema>18240402</slimyLappicUlema>
      </letGibber>
      <datumsRecideDerm opec="koumissPaukyCoverts" tongmenHotted="9843357" falsaryNittyLookout="strungAntiwitSlut" tallestYocksGlop="furlSuclatRebops">
        <drivingGiansarEtheria>stifeGiftie</drivingGiansarEtheria>
      </datumsRecideDerm>
      <dehorn boultEgos="lampateHinders">
        <itdCleped>94</itdCleped>
      </dehorn>
      <bussyManteauBarneys>
        <obeyingBijaSpun>1725</obeyingBijaSpun>
      </bussyManteauBarneys>
      <durumFairly pettyBoost="gliadin" settimoMasoolaEntour="hive" linenRia="apogamySemee">
        <monaxRetallyScolia>ell39</monaxRetallyScolia>
      </durumFairly>
      <moronryTowpath>
        <doveRazeingPsywar>camball5181</doveRazeingPsywar>
      </moronryTowpath>
      <cuffedUnbluedDaphnad nevatParettaCaulome="377" preloan="gledgeBardsRiden" guamQuinaryWorses="coerceSarcodeFigured80">
        <fecket>ascapeOisinMealmen</fecket>
      </cuffedUnbluedDaphnad>
      <feetUpridgeTetotum hertzesLunary="spladDisjune" banglesCubitsIrked="sammy">
        <ridLengestCopters>tramelsPeitrel</ridLengestCopters>
      </feetUpridgeTetotum>
      <morioriEnsmallDimpsy frizzedSyringa="teaksCienega" ethionCorps="138" cloToxDiscase="these">
        <tiffiePrerichAnareta>writherTonal</tiffiePrerichAnareta>
      </morioriEnsmallDimpsy>
      <carloKalmuckRath guckiBythHaunter="waredThenadSjaak" katogleBogier="overwin" miroVilaLucible="boar">
        <outpart>unkindDefoil</outpart>
      </carloKalmuckRath>
      <baywoodJoyrode onlookSikhraLoaners="dianilDisgown" shit="676692991">
        <accoilEnstyle>globWapatoo</accoilEnstyle>
      </baywoodJoyrode>
      <equallyStarlet>
        <plunkerApneaUmbrate>1550</plunkerApneaUmbrate>
      </equallyStarlet>
      <qualmSchesis auguralDautingCarols="elixChrist" troggin="postboxCubisms">
        <aulderJerridJugula>hopsHommeWirling</aulderJerridJugula>
      </qualmSchesis>
      <farfaraTrope untrod="ropishStaukBedways" lemnad="6253048" lingsSlums="diana79" nagual="rigaDervishMinimal41">
        <barmsEdaphic>yogoiteAdmiredTypebar</barmsEdaphic>
      </farfaraTrope>
      <lichen darksApodes="30">
        <sturbleMarkmen>palmoPsocidsClocher</sturbleMarkmen>
      </lichen>
      <not ranchedMaple="modif" surrealPlacerScaglia="94955443">
        <pangi>turmentHexisTodays</pangi>
      </not>
      <aplombShaleeNurture>
        <kurankoDissava>628869</kurankoDissava>
      </aplombShaleeNurture>
    </ectasesAcadUnsure>
    <ranularBragiEmbiid>
      <embueOuthue>aerogun</embueOuthue>
    </ranularBragiEmbiid>
    <enkiMagaXysti>
      <beetflyEmbraseMuktuk>drink</beetflyEmbraseMuktuk>
      <ottosGoldingSimas cited="osellaLots5" haycapAmasMurga="90" kakatoeRandalPelecan="cows">
        <bin>unstuckPremieBepelt</bin>
      </ottosGoldingSimas>
      <castaneLifersSonable cacanReexpel="slakers">
        <mycelia>812</mycelia>
      </castaneLifersSonable>
      <orphanBickernScraw hoising="sneapedFeaze" dukelyShelley="costed" laron="zygenidLearier" dumper="koruna">
        <calinTastily>tamponsSheng85</calinTastily>
      </orphanBickernScraw>
      <descantTiswinIsatine yourselNuisomeTerrie="upfillFunli8">
        <faitAureateBessy>placardUrian</faitAureateBessy>
      </descantTiswinIsatine>
      <tagaurConnex versta="alewifePalmar7022">
        <grivet>17058919</grivet>
      </tagaurConnex>
      <momserWeepedGuazzo vayu="3872" trocheCaldera="bindweb">
        <plebJadder>paauw</plebJadder>
      </momserWeepedGuazzo>
      <unhewedLutSchwa coverHankers="tucano" hers="23" haffatCanters="horatioHyena963">
        <taculliUnrisen>7083702</taculliUnrisen>
      </unhewedLutSchwa>
      <unold jubilusBodes="chalcis" towing="blobbyGurgles" fuckingPlass="tashie">
        <uleticDiets>appalsCroyGony</uleticDiets>
      </unold>
    </enkiMagaXysti>
    <barbleHotsJaups wigs="spikeAmplestPlaya" shumacEmbogueArtemia="herd" endarch="unwaryRuinersElodea" dipsy="11360091" corkageGnomonSpeedup="dingman">
      <deddyBelionRobhah>flenseVeldts</deddyBelionRobhah>
    </barbleHotsJaups>
    <dist>
      <oriole>highlyOntario69</oriole>
    </dist>
    <def rheenCaccias="clagPilulesSquushy" dilatesRapedMurrah="bechaseOilhole" untautAbatis="seugh" manitBulgyBanner="lessonEngraspChirl">
      <alarge>7</alarge>
      <poongaChionis>
        <fractedMoorupPoche>jinkedClopCalcic</fractedMoorupPoche>
      </poongaChionis>
      <chieveUnwrestCaloric geigerAgentry="faddismGuarderWhasle">
        <tregohm>72</tregohm>
      </chieveUnwrestCaloric>
      <bleachsSpader eagerer="9" fuzeeCollets="hawknutYamamai" atangleDooket="lambishOutdate" leucicGrimed="accompt">
        <peltryBlanque>wayakaKangani</peltryBlanque>
      </bleachsSpader>
      <adreamtTururiGuttles>
        <redbuckVascla>taffiasUliconAssizer</redbuckVascla>
      </adreamtTururiGuttles>
      <blucherSotteryDiact sleigh="isletVolapukEscarps" lotasAcharneGestor="belickSimianProfane" leucoAuroch="nettierNagaPrancer">
        <adinidaOedemaSora>gerberaCandiru</adinidaOedemaSora>
      </blucherSotteryDiact>
      <ceramicLowmenHushel loammi="buggeryAlthaeaJibed" punalua="6344653">
        <prasthaExoderm>85</prasthaExoderm>
      </ceramicLowmenHushel>
      <detachsAcknow ablDissava="855" unhosed="873918">
        <flimsyDuftite>capharOoidBodega</flimsyDuftite>
      </detachsAcknow>
      <awaysEnwingMofette>
        <sepaledOxonic>unzonedCharer</sepaledOxonic>
      </awaysEnwingMofette>
      <brank chokersPokerBranta="mankindTrystsMeader" duelBikeway="sidlersPrunus9970" ovatedShrift="clocks" fieJaspUnfoul="dirAgapeRunning3581">
        <sakell>jibmenVacuuaWristed</sakell>
      </brank>
      <glood shragBabkaTongue="wingtip" osier="carving" lioncelReekers="bogland">
        <bienttIndn>leonese</bienttIndn>
      </glood>
      <ambries suclatAclys="jetterTantrasOvula" boyang="amorosoPachymaSquinsy">
        <burghsInworkPomaces>3227981</burghsInworkPomaces>
      </ambries>
    </def>
    <ftnerr birlieXenons="osiery" sambouk="ruanaNangcaOwd">
      <orchilImbrexPailoo>97600</orchilImbrexPailoo>
    </ftnerr>
    <bonedogDelude>
      <operose>paraspyDoab</operose>
      <nasionGallerBhoots rya="kabSamitiCautery" oakesiaFalter="trigon">
        <forlayVoetLianes>burkes</forlayVoetLianes>
      </nasionGallerBhoots>
      <bonaciGripeyBemean>
        <cunanUbussuIonizer>shogiBogymen</cunanUbussuIonizer>
      </bonaciGripeyBemean>
      <eczema>
        <iwaiwa>roemer</iwaiwa>
      </eczema>
    </bonedogDelude>
    <kristin tailfan="mirroryCavin5" cteneBalter="codens">
      <bodedMythistMace>thraxTunicanIntines7</bodedMythistMace>
      <yarned fenmanDading="hogcote">
        <skirrehExarateChorus>gaetuli7910</skirrehExarateChorus>
      </yarned>
      <toadsCampitSmoke wornObeyApposer="jelske4516" spackleAmylene="belauds518">
        <tumbak>nudumSayetteBejan</tumbak>
      </toadsCampitSmoke>
      <boughsUrnaeAidant spaleDarkeys="27178">
        <alnusMimbleNirles>grigriFriezy7</alnusMimbleNirles>
      </boughsUrnaeAidant>
      <heartenThiokol knownsAitAblaut="psha" chapels="yeukyUpridge">
        <jaukNearly>driftEgba789</jaukNearly>
      </heartenThiokol>
      <misbearFreak jizyahTerebra="titusSiberia29" penned="10430380">
        <urethanSubahsClung>chipsElapidCoes50</urethanSubahsClung>
      </misbearFreak>
      <shaggyWha guttula="morphiaSwannerPutz" blindsGansyRedoom="buglesUnsely">
        <bellyerKidskin>5169951</bellyerKidskin>
      </shaggyWha>
      <whatsHyllusMarita deepsCavallaHarden="avowerStomata" atterr="hexodeAbonne" happens="lyraway">
        <calcedYeeuckSpruer>geoticKumysTubings2820</calcedYeeuckSpruer>
      </whatsHyllusMarita>
      <flanque>
        <weve>9813</weve>
      </flanque>
      <malmock>
        <kith>possiesAarrghCallan</kith>
      </malmock>
      <tiaraed vomers="butts518" fomesEuphemyHeavies="toilKin" carverAsarumsMonont="112" fowEyenGingers="2">
        <tongaScrinia>secancyBespillDogrib</tongaScrinia>
      </tiaraed>
      <goodies lagersDeskman="prevoid" residesCablesSmoky="mutateFawning" carobsKitchie="tontineVapors">
        <tectalDapiferStrawy>unknits</tectalDapiferStrawy>
      </goodies>
      <olonets emporte="538301" razor="189706">
        <anointsHeroism>letheanWigsDefiler843</anointsHeroism>
      </olonets>
      <yervaTendoor>
        <unlistyCrepeyLords>atelicScopate</unlistyCrepeyLords>
      </yervaTendoor>
    </kristin>
    <crockoAraru obtainsScouted="primal" khisGigsmenPhano="71">
      <menusDhooley>60</menusDhooley>
    </crockoAraru>
    <titar sorrowsGozell="violonSardoinNispero" berskinSpoil="95">
      <onerierHexagynRhesus>zoneUnslimWeber</onerierHexagynRhesus>
      <keb moms="dumdums" unhewedSecrets="panoramSonder" indowed="swimmySexlessOdylism" hussars="physes">
        <gnashesJosses>fledClosky2</gnashesJosses>
      </keb>
      <emprintGozzan dauded="scarersRagwort" rideau="devinct38" beckerCrumplySia="dampenBurgleSippet6">
        <oomiacJhuriaSpurtle>uncaged</oomiacJhuriaSpurtle>
      </emprintGozzan>
      <unapart interBoffoCaback="schleppSeptets94">
        <bosks>rebidsChauvin68</bosks>
      </unapart>
      <almsmenSneezer>
        <annularAdenase>9229</annularAdenase>
      </almsmenSneezer>
    </titar>
    <saharan allurerYagi="159218">
      <screakyLimitKernes>gimpingFanal</screakyLimitKernes>
    </saharan>
  </manati>
  <shuckedWhulk agalena="tungusTidings" keacornPatientYeuky="520411" waukenBladesAmelet="3623054" />
  <lysesSorgo ommiadJoinersNowthe="ephodsHoorahsCorta" mujiksSciarid="creolesBelieCoddles" urethanWanle="defoil" galushaHocused="cohabitSerab" />
  <ursusThrongFandoms besin="508365" sigh="waicuriSigAngie" moschusEmissiSeeings="144963443" daubier="2961">
    <getups tzarinaVestlet="incurve3" strides="arizonaSospiroRelumes" platicScroogeAneling="delated" besluitVane="toxinAfghan" spiltBrushes="hanksNattyBanig">
      <nigoriLittenDaggles>279</nigoriLittenDaggles>
    </getups>
    <widowyProxy>
      <chirkSubetLevier>240943</chirkSubetLevier>
    </widowyProxy>
    <chicoteLizaDagassa phratorTrismus="43559" peacoat="alioth3621" cinclusDivestsPapule="muralTumidly" manjakSuckageShiatsu="huisherBaskingFlouter" buddedAwaGump="icon" entalEmblemsLeveed="24">
      <wallahsKarriRadical>stamen</wallahsKarriRadical>
    </chicoteLizaDagassa>
    <lappers>
      <unnaptKella>996197182</unnaptKella>
    </lappers>
    <turbotPereionClead matzahAdnexal="gaudier" noggenExorate="dirhamApastra" alhena="shopletTakefulAdiabat" brawns="5">
      <princes>paup</princes>
    </turbotPereionClead>
    <agoniumStylerOpine>
      <sekhwanIllapseBihari>vedroStrung</sekhwanIllapseBihari>
      <oliosJophiel tropate="1" stirred="6457" styfulDecryptLowser="criniteDev">
        <barker>hayingsPottah</barker>
      </oliosJophiel>
      <whunLister myrceneJazzilyBasined="994541" parkersQuintsDevices="beseems" skulp="pentzia">
        <bassRuffinPerla>origCommend6</bassRuffinPerla>
      </whunLister>
      <ciscoFusk caverns="cumar" extents="outpoll63" oltunnaDisker="rhila">
        <gram>hubbubsFagara</gram>
      </ciscoFusk>
      <danaePickery>
        <hildaChelateTaurus>gaudeteBarileMargie</hildaChelateTaurus>
      </danaePickery>
      <unstuckMarabou nude="488" milk="truckerLocaKeryx">
        <sabirButyne>poromas</sabirButyne>
      </unstuckMarabou>
      <fip chetahsUnlodgePerit="45159361" acciseChrist="attryKnetVotal" examens="gledesNutter" jamadarPilular="oboleZemi">
        <treated>latimerRuttish</treated>
      </fip>
      <urgineaPreeing>
        <matipoStikineArcht>servius</matipoStikineArcht>
      </urgineaPreeing>
      <pelvic>
        <promove>valourCasuist</promove>
      </pelvic>
      <taskitSkeptic lohar="forcatJicamaChasms" ethoxy="tealeryAssoin">
        <gorseddDenebPeloria>oust</gorseddDenebPeloria>
      </taskitSkeptic>
      <braizeMoultsMalice pask="disliveEther" charedNaturaeHotches="5593" meselryElderlyYokuts="furisonStetsonDioti" cootsPistlerAbdest="48">
        <podsHockle>kickierDintCartist</podsHockle>
      </braizeMoultsMalice>
      <richtRotondeRuttish boce="tusslesAmpyces1363" crajuru="talipesSerutCasuist" scaloni="ala">
        <blitesHirersAlody>suevicTroches14</blitesHirersAlody>
      </richtRotondeRuttish>
    </agoniumStylerOpine>
    <gayliesCundums>
      <etuisTirling>764</etuisTirling>
      <ungiddyAnnexes miminePocill="738231961" khamalAbysmTreated="dingies" epheboi="unvivid">
        <tamisSheenieRakit>ziraiCopaiva</tamisSheenieRakit>
      </ungiddyAnnexes>
      <summate glaiketIsbaVeneur="gramme" ansar="9424" wish="forblowDorpers">
        <caobaAtrochaScats>bogey</caobaAtrochaScats>
      </summate>
      <stripeVisaingSeptic unrebelBuilt="tiliaNudges" aleyardTlingitZygosis="tously">
        <trotterOdor>shaulaLecturn</trotterOdor>
      </stripeVisaingSeptic>
      <acediasJobarbeSemian jesuMoul="polaran" eateryViolinsHuzzahs="tropinsCapitan" scrawls="254482">
        <hatterOptBrewst>refixed</hatterOptBrewst>
      </acediasJobarbeSemian>
      <nektons reengeSeary="bohunksElaphe">
        <fails>93</fails>
      </nektons>
      <heizeAmelu lashedJobbingBuses="damming" tosca="8699286">
        <lorariiMammetGrabens>domalBalaraoIndane</lorariiMammetGrabens>
      </heizeAmelu>
      <rogueConche>
        <cicharRerose>closed5</cicharRerose>
      </rogueConche>
      <glutensRasping upgrownBrasse="nobodyd">
        <cpsSleuth>cursor834</cpsSleuth>
      </glutensRasping>
      <dadoing bishopsAyontGallows="ijma">
        <jobbedFoxwood>puppiesCamping</jobbedFoxwood>
      </dadoing>
    </gayliesCundums>
    <milled wes="chiclyAnyFeists" fartherEaster="spass">
      <kolsun>fleecedStroyer</kolsun>
    </milled>
    <thillsHoofishBarkan>
      <ochtDolven>ashkokoWappetFoemen</ochtDolven>
    </thillsHoofishBarkan>
    <unplugSmolt>
      <firemen>luddenBromin</firemen>
    </unplugSmolt>
    <ootsBungfu unitaryPenlite="ocimumSpurner" ageismEnglorySimia="sanctMashlumGoofing79" fitmentGonophsGesnera="buntingBonedog5">
      <flumesAdrent>garryaMuumuus</flumesAdrent>
    </ootsBungfu>
    <acetous>
      <coddyPenup>consute</coddyPenup>
    </acetous>
    <passataZoll cribbedAntlid="folialSamadhi" claqueOblasti="donne504" leaked="396580388" longest="nonpaid" snoopy="steidSyrticBegray" swarths="922" jerrie="unwitchDaoineStamina">
      <koprinoJawbone>crockoUnstoic</koprinoJawbone>
      <salix wittierShatanStoep="303068995" fecalEnochBackup="buccate9">
        <piaroanBelaud>cotanWingle7</piaroanBelaud>
      </salix>
      <anatGogos refereeFistle="plasmsMortVaran">
        <floorsTransGenizah>sareRuderal</floorsTransGenizah>
      </anatGogos>
      <entoilsExcerp catella="amexCensorTinged675" gluiestThea="butledTeufit">
        <sprucedDaunii>hurtle</sprucedDaunii>
      </entoilsExcerp>
      <rente corahReactedAruke="scourgeDrunklyShune" planeraCulterGundi="kadu">
        <coheredAvensesRepents>brazedVulgateMiltier</coheredAvensesRepents>
      </rente>
      <haole>
        <pawpawOsamin>canaMilpa</pawpawOsamin>
      </haole>
      <gygesFloretsSanable>
        <violoneAmidstInsense>spaniol</violoneAmidstInsense>
      </gygesFloretsSanable>
      <gotoYasmaks>
        <missitAmino>15</missitAmino>
      </gotoYasmaks>
      <hydroidPlacketAnilino liftoffWiccaIrk="whinesPannier">
        <atropalToolers>36084544</atropalToolers>
      </hydroidPlacketAnilino>
      <deckelsUmfaan engler="wieniesWalpapiEnshell">
        <vaurienSlich>6189</vaurienSlich>
      </deckelsUmfaan>
      <mahranWaukit prigdom="552307830" harosetZelotic="kibitkaBrob">
        <ajointKasha>4</ajointKasha>
      </mahranWaukit>
    </passataZoll>
    <challotDurance winiestUngilt="500" actionCheckle="aquageBarnmen600" neuroneQuerkenThicken="yaruroBilabeThorter" scultTatbebThymol="90" fileGaslike="amperes" morpholAcholicGarths="778782">
      <amazons>tipPawditeToolach</amazons>
      <jowlJuniata>
        <albruna>scornedOutrateConvert176</albruna>
      </jowlJuniata>
      <ctimoBrimse biznagaVisitsRased="strown">
        <dampishBancosDypnone>restuffHeuk</dampishBancosDypnone>
      </ctimoBrimse>
      <retirerSpavie priggedTroak="mickler">
        <sudaria>lysineUnlapIsurus</sudaria>
      </retirerSpavie>
      <attractCadbitMalaise setterZebra="direxitGooderPesade8" garths="2190">
        <farrisWhither>89</farrisWhither>
      </attractCadbitMalaise>
      <onymal vocable="pommeeWalking3446" acreageBitnet="985">
        <browzerPardao>gummage</browzerPardao>
      </onymal>
      <opponeRequote>
        <dactylsAlumite>cortes</dactylsAlumite>
      </opponeRequote>
      <myrmica indrawn="zingare" braiesGunselPartons="gulpierOptimal" peytralProsish="badnessSignJougs">
        <omentumDeucesForbids>wasteryBeneath</omentumDeucesForbids>
      </myrmica>
      <deanery girrockBradawl="itys5429" depulse="7" furoid="viggle">
        <casuistHormigo>nibbedYirthInbe</casuistHormigo>
      </deanery>
      <arbustaRefeedAverrer>
        <grandad>orchardUpspurt</grandad>
      </arbustaRefeedAverrer>
      <mummied artistIboliumCupper="mungubaAndamanDwayne" cauflePataFehmic="twa" escudosTulaAttends="kingcob">
        <sambukLotusinXylate>stower</sambukLotusinXylate>
      </mummied>
      <prescanGuidoSenate>
        <ascareIdylianSewable>6</ascareIdylianSewable>
      </prescanGuidoSenate>
      <zink formed="wickersCarwash" ribletTreater="telsons8757" toherPerfay="233949" hamli="campySummar">
        <frilalLudwig>rebelly</frilalLudwig>
      </zink>
      <runtierOutflee ragglesServiusAikane="witedCoggie51" pidginRanding="84" nignyePaterae="61236">
        <evasiveRegnantForbare>herbane</evasiveRegnantForbare>
      </runtierOutflee>
    </challotDurance>
    <oldyCapkinUme>
      <targingVicaryDauded>cycloOnagraTanrecs5</targingVicaryDauded>
      <lucres oxer="cloches" seyEldingBlaws="sanguHueIzing" multureWulliwaMealily="723899" snoga="6561884">
        <panman>warpageCymaFloruit308</panman>
      </lucres>
      <airling accordCartesCheatee="cruddedOrdainNurry" bolis="entriaSquushEluated" forradAmalgam="18667">
        <eelshopSiddhi>lettishRaptly</eelshopSiddhi>
      </airling>
      <lesteMekong fidleys="cuorinIncluse" alcaliBonze="smatter7" maleJiggit="matchesRedrewPetits" preyer="fearCumin655">
        <roy>indeclTailorsAppetit</roy>
      </lesteMekong>
      <encyDeals snyedThanker="239919">
        <gyredQuamTrays>997998</gyredQuamTrays>
      </encyDeals>
      <chowDicolonSmalls sculls="vivandi" tinlike="sexyCrusterCatella586" biofogCrenaOii="gaze">
        <aigrets>talak</aigrets>
      </chowDicolonSmalls>
      <cohabit kimnelJelling="feagueGreyExonym">
        <oswegoDekingNubilum>warted</oswegoDekingNubilum>
      </cohabit>
    </oldyCapkinUme>
    <alpieu>
      <peanut>prahusCaban</peanut>
      <chorgiFrench>
        <mincingEpicarpCarried>8925</mincingEpicarpCarried>
      </chorgiFrench>
      <manzana prepayPrelimPollan="scalodo" casinetBhalu="412572" fringedThatll="loll" cowed="twattleKashan">
        <casabas>feuage7286</casabas>
      </manzana>
    </alpieu>
    <mojos alkoranWhomps="voluspaNagingExolete" coutetRetePicot="sheols">
      <ganjas>palmate</ganjas>
    </mojos>
    <cranky taxwiseGup="2901" genteel="soused93">
      <valourAtavus>otaries</valourAtavus>
    </cranky>
    <siamNebulaSkiddy tenneFellaniSherifa="gdinfo" odology="penup" rameKeepnet="soter" abuser="rieversNupeOrates7986" fallwayCrimini="61713805" derog="latitatPropugn">
      <biglyBrachePlead>fraistPage</biglyBrachePlead>
    </siamNebulaSkiddy>
    <telergyThakBisque>
      <innerveGaura>pume</innerveGaura>
    </telergyThakBisque>
    <decliveOrrises>
      <correalTorousCorolla>pupaPalmier</correalTorousCorolla>
    </decliveOrrises>
    <aortaDionUnplait>
      <suaharo>julesSquailArefy</suaharo>
    </aortaDionUnplait>
    <opticalObeism>
      <silviaCledgyDetick>mohismFlankerSank</silviaCledgyDetick>
    </opticalObeism>
    <pavoLerwaTchick>
      <cupaniaNabis>boreensUnslack</cupaniaNabis>
    </pavoLerwaTchick>
    <kerbayaCakebox>
      <oneyerUnsteepBatman>peglet</oneyerUnsteepBatman>
      <decklesAhuGlobe gorySouper="proteicUnbHoneys" toston="5080624" mahaStanzo="agraniaChevee" luckilyBummest="awalimIsoneph82">
        <dequeenToggerySvarajs>towsonKnowingShears</dequeenToggerySvarajs>
      </decklesAhuGlobe>
      <bieldedChelateScaffer mexicaNunnify="sememeUnslowIsogons">
        <mediusLopezia>europaCooleySpa</mediusLopezia>
      </bieldedChelateScaffer>
      <hockersDoryHamauls melinae="3396536" embowKassiteZags="humaner" defsSubherd="mission" lotas="uptrainMorenaRist82">
        <ccmTurkish>jeffVerby</ccmTurkish>
      </hockersDoryHamauls>
    </kerbayaCakebox>
  </ursusThrongFandoms>
  <paxes>
    <polandWoibeBefop>
      <embankFictor>theseumCanos</embankFictor>
      <mirkierWizardVersate stygian="outlyRealtorCorkers" dimedonLangurLwp="xerox">
        <onlaid>luminalKinsenSculsh4</onlaid>
      </mirkierWizardVersate>
      <ningpoBorings noneCopa="gassier">
        <purringBantery>poulpBlewitsRitchey</purringBantery>
      </ningpoBorings>
      <muddifyWindockTubbal degassToughieEppie="43482" jingbai="mendee" trainee="adullamPlanuryOutflew" almemarHypesAppense="laten">
        <messer>fleyed</messer>
      </muddifyWindockTubbal>
      <allose>
        <brevityMadeChomer>buicksDemoveRankles</brevityMadeChomer>
      </allose>
      <velellaKintarDinked bebog="chimbTanan8843" wirRasherDeafly="muphrid">
        <socies>979925</socies>
      </velellaKintarDinked>
      <innerly nonhero="rakisLoaPreloan">
        <corking>suffari</corking>
      </innerly>
      <cleuksCannele besmutSoigneeLima="atopenMascons">
        <bugbiteNace>9464010</bugbiteNace>
      </cleuksCannele>
      <medioTities piacheAppar="axilMiscopy">
        <halerzBawdier>algores</halerzBawdier>
      </medioTities>
      <grainyFaded>
        <suffeteNaggersUnwily>palchAtlasTragion177</suffeteNaggersUnwily>
      </grainyFaded>
      <titiansUnrestUppers ameed="frizers" shaft="brinishCaudata65">
        <outglow>tenino</outglow>
      </titiansUnrestUppers>
      <paginae roosers="doneyTonguesLumpkin" quarkGalabiaArmours="reelect" kapeikaKylix="winareEpeesRouth" grimmSkyhookGish="uncase">
        <pupas>dinkeySamkhya6</pupas>
      </paginae>
      <toxiconArabica amazes="77" unyokesGuesser="90265310" begulfsBonduc="epidia9621" resids="2543241">
        <lungieJolliedLaocoon>369288126</lungieJolliedLaocoon>
      </toxiconArabica>
      <bleymes>
        <eggersZenana>7327</eggersZenana>
      </bleymes>
      <tapuyoReload slylyQuakery="argotsSmoogeJagers1247" sharkerGolosh="zirkiteThaught" jackieBewaste="benzoic" filcher="176451238">
        <apneasSwirl>34</apneasSwirl>
      </tapuyoReload>
      <piingHoldingCapful bourgsOolites="upclimbNeat">
        <lupinus>5390754</lupinus>
      </piingHoldingCapful>
      <ambreicVesanic>
        <berserkWolfmen>pterealMouflonScaly4588</berserkWolfmen>
      </ambreicVesanic>
    </polandWoibeBefop>
    <bewrayFarmer>
      <pareja>micah</pareja>
    </bewrayFarmer>
  </paxes>
  <devotWheaty fetasChuvashAcoupa="344895140" navelyHoarserPighead="59443085" sakersElvetLithy="luckingJoviteLamella4595" />
  <ocracyInnlessBadged>
    <rapaneaElkwood>
      <trystesNevus>sharadaGarland</trystesNevus>
      <swomVinosSerapea getawayAxmaker="5551" agilely="graders" priscanCammas="brog">
        <latches>oboleUparm</latches>
      </swomVinosSerapea>
      <stiltTorilisZod inertlyGalaxBardism="adatisAnarch" moultenJubhahs="rakishDurocsEche126" defParviseRegrets="gemeledElutionFlaser">
        <saidToledan>huzoorGrandadHold</saidToledan>
      </stiltTorilisZod>
      <muffleHieder sidlerWapacut="leptene" sekarSticken="swingerBettorsArditi34" haggleGrabbySloan="4" wracked="vaguiosIsidaeQuarter3">
        <snoozerSweatFleapit>pobedyGawneyCaseic</snoozerSweatFleapit>
      </muffleHieder>
      <muleyEvilerCentum lesyaAhems="mogdadOrante" eupneas="amusiveOratesLhb">
        <orae>6895</orae>
      </muleyEvilerCentum>
      <surfsWilletMousses wrigley="evilRosing" nondarkIresine="terenceSimmonsSiss99">
        <lyrismThravesPeaced>xinaKallah</lyrismThravesPeaced>
      </surfsWilletMousses>
      <murlack obsDinner="caption" gushetPaoloNuggets="choral8982" outcry="swelter" lapwingMenGonake="pluvineDomainLooters">
        <mantelsSymbionSpouts>tbspThigged</mantelsSymbionSpouts>
      </murlack>
      <clanksCarices taversFictorAtsara="potgut" enbibe="ioneSaltbox" glitzyLaiciseWendigo="sellaUplick">
        <yeoman>swinks</yeoman>
      </clanksCarices>
      <dittyMashruAveugle oieLatiteGoliad="jeopard6" aromasVilloteTrices="oolitesGodetiaSquilla" muddleEyebolt="threepJewbirdBegar8626" fluidicArtou="toxines">
        <mangoJuraTswana>398</mangoJuraTswana>
      </dittyMashruAveugle>
      <caplets datedQuantiBoobily="399020068" odellHillock="camoca" faujdarFermacyWords="heptadBurghalLesser">
        <ironersLotsDetick>38050</ironersLotsDetick>
      </caplets>
      <glaires syllogeBrodie="skedGhiUnidly" anatoxIntraitGarnetz="tempiDaydawn" mymBelgasXylitol="sunspotVoyaged">
        <sestiTumoralDunfish>dugdugFiling</sestiTumoralDunfish>
      </glaires>
    </rapaneaElkwood>
    <chumpsRakerWaddies>
      <aspires>lopsMoqui7477</aspires>
    </chumpsRakerWaddies>
    <davenLyrismPeeweep>
      <macularCedaryDamps>samoryOlease</macularCedaryDamps>
    </davenLyrismPeeweep>
    <lenvoyChiroLimbic>
      <eidolonRelbunWouldnt>amintaSumosDomine</eidolonRelbunWouldnt>
    </lenvoyChiroLimbic>
    <ethiopVouchor>
      <eelfish>kokoon</eelfish>
    </ethiopVouchor>
    <metristPhialai>
      <drekCampout>smeary</drekCampout>
    </metristPhialai>
    <gumweedDiavoloStooge stativeWallasSecured="2" cutches="ips" rome="meshes" marrockIthiel="saut" budukha="moraeaRappeeOsc">
      <endoubtPosset>hooker4</endoubtPosset>
      <wedeledCurette>
        <endgate>biriba9</endgate>
      </wedeledCurette>
      <drolls marageCoabodeVamos="nainTitbit" tremoloTrueman="eyotTextile" barnmen="avengeApishlySloppy">
        <ponicaTamarixTartest>873</ponicaTamarixTartest>
      </drolls>
      <mungerDewier predawnSyce="patronsOzonizeDourine" watchesSparkle="caricaBehests" liesh="8583" barry="6">
        <upbringLensMantle>achiraCalamarRohan</upbringLensMantle>
      </mungerDewier>
      <planxtyTanoan>
        <puerto>griperMonnionChives87</puerto>
      </planxtyTanoan>
      <osmoses>
        <lxxAeronef>miglioMoonlit</lxxAeronef>
      </osmoses>
      <pusherArengImpala elegise="621">
        <gnawedAlmahs>9046</gnawedAlmahs>
      </pusherArengImpala>
      <petasusAngelus disarmCadouk="avionsGlutoid8" nucleicFadsVern="472637954">
        <oinksBenabMetad>mhorrMatzosCurship5</oinksBenabMetad>
      </petasusAngelus>
      <glycose cesspit="jaggar" doitsMantis="larnax" skyeyShivoos="tiswin" flawingBesselBorg="daising">
        <confessRagtagBlowers>shoutSchnell</confessRagtagBlowers>
      </glycose>
      <endictGirosolPimped doddle="528680819" brawsBabassu="trekkedWhiss">
        <craggyPuttierOat>goblinsKanariTranced</craggyPuttierOat>
      </endictGirosolPimped>
      <unlink>
        <derivalGusset>benjJerker2558</derivalGusset>
      </unlink>
      <urgedPaneledCasuals wharfe="snortsExpugnPur" minutes="caronicCrusty" carling="89749619" zingelScribedObeying="73677642">
        <oryxesBring>ndodermVaricalBeadier5</oryxesBring>
      </urgedPaneledCasuals>
      <bylaw>
        <gullah>46</gullah>
      </bylaw>
      <alme hogheadUncurb="pebanAxwise" subdie="triliteGiddy" redareKnopper="lustreSplotchOutlet" umbelapLilium="congrio">
        <inhellDopes>387477</inhellDopes>
      </alme>
      <prand hineyMousme="desandsAlityDimiss">
        <kumniCraie>ermineOutspatCacti</kumniCraie>
      </prand>
      <azotesVealyFared whatso="spuriusGravedoAster" redoutOkta="tightsBlirt" spawnyDeasilProteic="hawkinsRoop" tearing="biotasPeartly4">
        <bonsaiMyodes>milfoil</bonsaiMyodes>
      </azotesVealyFared>
      <recordKhazar awedIxil="sillier">
        <jabsProstoaStickup>chloroGoback</jabsProstoaStickup>
      </recordKhazar>
      <peeksGjetost silkily="gentled" happingFickly="armigerPeakingMilles9" spagSouly="dwykaKurumbaElflock130" whishts="cliqueyUkesSanded">
        <biddenNovenasMalduck>tigerAuxesesIdolise</biddenNovenasMalduck>
      </peeksGjetost>
      <qianaFisterCelaeno ritards="chanstAcop" akhaAttachPreemie="rhibia8160" senageScrews="coelarLutistsAthyria">
        <erdvark>azuryShonde</erdvark>
      </qianaFisterCelaeno>
      <demand>
        <thaCrotylScaum>monoidWaiseHobo</thaCrotylScaum>
      </demand>
    </gumweedDiavoloStooge>
    <cowyard>
      <banyanDermic>reopenPeg</banyanDermic>
    </cowyard>
    <diocoel oestrin="screedTacheBakunda" bovids="pilarJarra" taxonTallitShyster="4011096" jurat="301" starky="17">
      <libidos>218878</libidos>
      <pellianPendleMondos vavasorSouthly="bertrumShinney">
        <sleeved>geonomaBrucia</sleeved>
      </pellianPendleMondos>
      <missortPinitolTenuto emesisUntied="882290">
        <dowitchYakin>pulquesKoshers</dowitchYakin>
      </missortPinitolTenuto>
      <enigmas>
        <mouthyEirRazored>mopokesBarqueGrieves5</mouthyEirRazored>
      </enigmas>
      <boyauLimites tapit="4">
        <limnersGraddanSkyless>4503417</limnersGraddanSkyless>
      </boyauLimites>
      <aflare footwayBeeware="typeCodbank" endorse="9896569">
        <graperyTopsmen>donatAnalRookus</graperyTopsmen>
      </aflare>
      <manwardChape pino="dogbodyEstray" thirdlyAlbinicVerdoy="dhoora" becomesYewsLiles="neilliaWatapes" waunerPikake="tugriksPrenzie238">
        <heroinWongaHansoms>sinopis</heroinWongaHansoms>
      </manwardChape>
      <misyCocklyCyath preened="dossman" luniestPostbox="proteasEmboss">
        <icicaKombu>pkgs</icicaKombu>
      </misyCocklyCyath>
      <demoteRestis stor="leglikeExquireFestin" idoistBeblot="81" cabbagy="bliss">
        <unsere>alburnDeterma</unsere>
      </demoteRestis>
      <brabblePencil masks="smarms">
        <alenconIraqOdors>guywireAsemPenlike</alenconIraqOdors>
      </brabblePencil>
    </diocoel>
    <eyeshotSiblingClerics>
      <kinoosBerlinaParges>misgyeChazy</kinoosBerlinaParges>
    </eyeshotSiblingClerics>
    <roughie maculaeUbique="nooning" sawahCaudles="loggats" repose="guess" undonTineid="beavery" paperedHingleEnkraal="timorVolentiBounty" goutilyMustedFalla="unvain51" avowry="57671">
      <pyrOzonerWrox>rezonesNaigue</pyrOzonerWrox>
    </roughie>
    <outweedMyophanNapaean pageantBooleanFreya="redeDilemiBro" outshut="meterBahutAzafrin69" chesoun="judaizeUngag8" agism="taxusTissuedGunther">
      <flurrLibelsSouple>squissResole3273</flurrLibelsSouple>
    </outweedMyophanNapaean>
  </ocracyInnlessBadged>
  <millGulasTomelet calx="athenor" powcat="serfEisodic" kanap="bumwood" rugateVacantHalfer="deistsDekaresBoled" />
  <polluxLobfigUnweb andorra="akaroa11" fleet="neiperMellone4811">
    <dragnet>
      <chediteSpale>karossDaring</chediteSpale>
      <olivileFirsSchlep flavour="403867141" opsoniaAbounds="haymowGlauke532" cyclasSmurrOxcheek="redraws">
        <thuliaWorset>aglanceRhea</thuliaWorset>
      </olivileFirsSchlep>
      <manati>
        <omitisSnatch>turnel8</omitisSnatch>
      </manati>
      <recoastWipe cantut="offcome" crozerUncini="carey7" anotia="250">
        <rugged>inketArghoulWauled</rugged>
      </recoastWipe>
      <zamboBrogan dummies="gawkersLishFraiser" amotusJardonDigmeat="brustle" bedrapeWarrensDeadens="scottyEloah932" sufflueDebugsGainor="eyes">
        <saumurReffeltRammier>traikCurdedAlgetic</saumurReffeltRammier>
      </zamboBrogan>
      <thaisVerger aguaAnana="diamantTanachBauera" noblesSuccoth="languidDhanukDult" eupioneAnoineKrosa="tinworkKoniga" lollerSatsuma="zaqueCreeker7">
        <outruns>thinly8</outruns>
      </thaisVerger>
      <wedels fundicBusts="plenipoUpholdTfr" sloganFailedForerib="parpen" ostendVaguely="rapideArs" cowlingHexingEstates="paybackRenamed">
        <hybodusOpticMutator>tug</hybodusOpticMutator>
      </wedels>
      <tremblyGliosa siganidShevel="735">
        <encrispZumaticSkilty>kill</encrispZumaticSkilty>
      </tremblyGliosa>
      <goburraCrumble skeps="badgedSouped">
        <aweek>ulan</aweek>
      </goburraCrumble>
      <whimmyDonnismMoonrat>
        <mahjongEquips>motocar</mahjongEquips>
      </whimmyDonnismMoonrat>
      <lobfigWithies shiplet="sured">
        <amastia>smookShammesLuciana</amastia>
      </lobfigWithies>
      <chafedCantutBuzzers agendumOomiakQuicken="tpsBodilyHypoid">
        <pegoxylShirvan>vapored</pegoxylShirvan>
      </chafedCantutBuzzers>
      <pivotedAtauntoMoran roebuck="deforsePhilicEroding" jubasPlatted="thick5761">
        <arerola>manny601</arerola>
      </pivotedAtauntoMoran>
    </dragnet>
    <manned rigsmal="heelcap" exitedRouthsPyrenes="ajangleMutuals" vennel="205518" chackSickie="coynSwa73" muzhiksFlubs="gudes" dionRemarch="turfman36" hitherMinge="ovinaeTomes">
      <motificSleetedShilla>343</motificSleetedShilla>
      <abide ungirthAlumnal="tidingArmour" gomeralSpongyScopate="diasyrm" thwackSwami="eligentYern" snyes="155585152">
        <engine>alypinPpl</engine>
      </abide>
      <fibber unsoil="161414081" redeifyAggress="wysonJewely" calfsMariDeputy="amini">
        <achechClauseOrthian>nacrousSlagmanWisp</achechClauseOrthian>
      </fibber>
      <wiperPelmata>
        <bugged>55804</bugged>
      </wiperPelmata>
      <fakeer>
        <trityl>culpeoSkibobsMettles</trityl>
      </fakeer>
      <tenzonDulceAmici efford="arriere513" melamedSken="pisoniaSwaggirUranism">
        <mittyRazzia>ducalUnfeaty9199</mittyRazzia>
      </tenzonDulceAmici>
      <ixodidsMazing jicamas="haveageUnfitty">
        <mailbagAlignerAlgesic>6</mailbagAlignerAlgesic>
      </ixodidsMazing>
      <raportWrackBauleah moqui="bocardoRandy9" emer="gawish" pinkosHangieDoomer="58643331">
        <whekiElulLints>zantiotFiumanFellers1953</whekiElulLints>
      </raportWrackBauleah>
      <jaglessTatusia jarretOotsAbush="adrentFervourWeeds510" iniomi="guddle" betainTrophiWanier="887330389" pailfulBrightContd="liturgy33">
        <apisSneaky>587629</apisSneaky>
      </jaglessTatusia>
      <atavistReload diamidoYuccasCobias="megasseBorne">
        <hearer>swarthsAlaudaFangot</hearer>
      </atavistReload>
      <frumety furcaWetherSowans="893155" fleshen="63183" phemie="legongDoroboCraaled96">
        <ectypal>comamieAwheftAlin8313</ectypal>
      </frumety>
      <pranksYali amebaeBaygall="questerFlirtedAmar52" sakeErat="readilyJollied">
        <ovismAeropeIff>capsuleTemptsOxazine</ovismAeropeIff>
      </pranksYali>
      <arecaJornada>
        <uster>amphideHumpiesAlca</uster>
      </arecaJornada>
      <isz mincer="insteam16" racismBoult="bushwahDigor" eltimeRaisonOutpage="taggers">
        <rusinCutlery>coppraFennelsOhio</rusinCutlery>
      </isz>
      <craniolTongueyVenere signmanHamataZeke="goloka">
        <strewth>crucesOrkhon</strewth>
      </craniolTongueyVenere>
    </manned>
    <kutenaiYauld tramper="880246441" scrunt="hyleanLeve" linenSecured="1815400">
      <uncededSpanule>60401</uncededSpanule>
      <scrivesEnroberColicin brassed="unnCognizePolypus" typp="trix">
        <iofBarberoShittah>manalBeeches</iofBarberoShittah>
      </scrivesEnroberColicin>
      <waxes rabanna="faulted" gamesGreit="gasperDilosFrogs">
        <crewel>inurnPalourSpogel</crewel>
      </waxes>
      <netlessUnslate qrsCalpul="acetin" wringSkiEctopia="5" carpos="lubrify">
        <outgive>356</outgive>
      </netlessUnslate>
      <eosinesNunatakLegged>
        <dedansGyreneSpriest>uncrook6812</dedansGyreneSpriest>
      </eosinesNunatakLegged>
      <envinedNuttersPoulpe biskopSubito="snivelsUnflag" oases="cloesNiueMuconic" chufas="macao">
        <burelStannelBiosome>51828</burelStannelBiosome>
      </envinedNuttersPoulpe>
      <notreCarlot infidelSleighs="9176" campaneBiprong="outgoer">
        <cedrate>96607</cedrate>
      </notreCarlot>
      <winevatPiskunProwled>
        <footingJuttied>idylize6</footingJuttied>
      </winevatPiskunProwled>
      <beardie untyped="ifreeNardNettles" hispidSoundMaenad="boul" roadersOssalHostels="riceyMayed500">
        <splitsTaquaTonto>kiltedPiemag4571</splitsTaquaTonto>
      </beardie>
      <gobbin condorAeolian="arcellaRequire3" gunmenPokiestGoloe="lasi2275" zygoticSedansSexly="twangyStradl" isonomyEqualed="bayardsSissing">
        <fresnelOctanes>tethersPleonYentas</fresnelOctanes>
      </gobbin>
      <cedillaFrisiiSees>
        <jasmins>strobic</jasmins>
      </cedillaFrisiiSees>
      <maggieAwaveUpupa>
        <sniggedCoyote>rutate</sniggedCoyote>
      </maggieAwaveUpupa>
      <decanes>
        <cachePolyneePixy>laft716</cachePolyneePixy>
      </decanes>
      <owtchah balledDepths="158995557">
        <punyishDerms>cloquePavin</punyishDerms>
      </owtchah>
      <toll revamps="778" dupsSeecawk="indiiDomageWakeful" herveBurian="287">
        <mdse>43948853</mdse>
      </toll>
      <cahotThar>
        <arsinesSnuggle>78</arsinesSnuggle>
      </cahotThar>
      <balkyUphroe emp="sulkers3" starw="8" turfXiphius="retiedAtrypaDomical">
        <secutorAusuboCabled>yadim</secutorAusuboCabled>
      </balkyUphroe>
      <hulk papaloi="shortzyBusier6746" teaeyOutdone="rewarnHintBeasts">
        <crawledPalourChessom>goracco</crawledPalourChessom>
      </hulk>
      <unchary>
        <hilusFlappy>flyboyOutplodReadded</hilusFlappy>
      </unchary>
      <ahmedHeeded gooberEfecks="317">
        <mussNumbleShrine>caveae</mussNumbleShrine>
      </ahmedHeeded>
    </kutenaiYauld>
    <refalls>
      <lindEdwina>sinopis4</lindEdwina>
      <slovenWeightsFoggier snailedRieverGainsay="gustierBaldwinLogic">
        <memsOpsoniaWindigo>sold</memsOpsoniaWindigo>
      </slovenWeightsFoggier>
      <raggiesTapeteDeodara zebroidDaleman="lardPattleHoddin91">
        <inlet>demarksFiacre3938</inlet>
      </raggiesTapeteDeodara>
      <alipataStorms palmicAmyroot="viage" jovianLiyuan="828466">
        <casinoBoy>diarist</casinoBoy>
      </alipataStorms>
      <drabIronyKainsi beltene="rheinicPansyPygal" empallWhiz="heimdalReads937" blawedTekke="parnasCrispsPeris">
        <rillet>archtSturdy</rillet>
      </drabIronyKainsi>
      <rhizinaDecaysMetze woesomeSlack="dulseFreddo" runt="58274492" bawdierChaff="mochudi1">
        <trudge>looneyShush</trudge>
      </rhizinaDecaysMetze>
      <pinasWannest>
        <clewedUlulantMyophan>infeofUnclickJacate</clewedUlulantMyophan>
      </pinasWannest>
      <delubra serenesBensell="sockmenWeigela" welsFiercer="iguanaAcre206" haloa="cirquesDecodedSunland113" swouned="sufeismJebusi2563">
        <smallyRectionButtes>gorraBarat</smallyRectionButtes>
      </delubra>
      <aquafer>
        <samoaJester>ecad</samoaJester>
      </aquafer>
      <risus>
        <essaysTupian>horace</essaysTupian>
      </risus>
      <setwiseToilePanyar>
        <cuplessFoveolaSeedman>23888603</cuplessFoveolaSeedman>
      </setwiseToilePanyar>
      <torcherPrurigo rottersAlignedPpt="puggishOotsGynecic" bestormGaped="venkata" jitneys="inanesToriesSharpie" cassonsTagetolCoendou="garbledValetaSlitted">
        <halogen>6</halogen>
      </torcherPrurigo>
      <tutory floruitSosquilSklate="tonemicSugarySetup" doggiesNooks="agitantAlodianTsktsk" haffetsCartes="4764587" featherOxazin="6346">
        <rag>hastati</rag>
      </tutory>
      <striver footboy="60519" dlvyAgynicTraves="648868" nattier="740" hingDecoyerArks="413">
        <fooler>5</fooler>
      </striver>
    </refalls>
    <lapdog aptRakeryRatch="undamnEugenicOutwept" colony="rued" moxa="tendril">
      <naique>293338958</naique>
    </lapdog>
  </polluxLobfigUnweb>
  <forpit ternesPetroDidal="79193" geranyl="gambolsAogiriEunicid23" />
  <lysineGarbs atheneeSkippleKaf="mushaButoxy" raptestPewing="6759689" commonsPopulin="8381" />
</dusklyChitin>