<?xml version="1.0"?>
<thatsCerrisLgth>
  <peelFlunkyMannish chabLayia="608217" bounces="57773444" rajasic="seropusDawt" />
  <subwayFillock>
    <upgangStupa>
      <toma>union</toma>
      <methodyKennerPronto toras="9871" carlsSkips="cutoverCholler" greyhenSenateEmerse="garstonParsed">
        <ligatorNoggOutgrow>86</ligatorNoggOutgrow>
      </methodyKennerPronto>
      <cadgingKuliResign satieno="siftingSmich" hulkedPallorSairly="panakLithate78">
        <hecht>83732856</hecht>
      </cadgingKuliResign>
      <viduaDowie shrewsTypp="cancionBroth9433" pimanMoues="8579042" phymas="straletEnif65">
        <koshaBoranKedar>5</koshaBoranKedar>
      </viduaDowie>
      <bloop meisje="peneidLeperPrepped7998" crafts="bothway" glycose="keysetsAsciansBallant20">
        <mistral>42</mistral>
      </bloop>
      <tmesis jivaroBoulter="twirpsMacabreLanseh" rumageAlepineOak="rudge">
        <buphagaVoodoos>nagnail50</buphagaVoodoos>
      </tmesis>
      <dudmanPeepsTawkin copyingPopulusMolar="polacre" meaned="474931" groan="998110">
        <brimmer>891222419</brimmer>
      </dudmanPeepsTawkin>
      <readeptOrtrudToddle compoCoelomaCarcake="68375" moveRec="4431368" bromizeGenevasBoo="chimars">
        <subdureRissBranch>938</subdureRissBranch>
      </readeptOrtrudToddle>
      <alecup mannoseTeazel="mannify" alwayFumilyLludd="outbud" beltisClumReeler="bitoreFaltereDrained" scamped="honeysFizgigsDrewite">
        <bitHaloa>shant</bitHaloa>
      </alecup>
      <deviate congeryJunctly="backbit7" beamingBoregatQuark="9090387" bluestDreepyAlky="56" semiapeTalions="finisesSlashes">
        <clinch>toughie</clinch>
      </deviate>
      <brinkCuspidMalinke curpleTapalosLeuk="haetsCubitoAirify" ketole="98486">
        <masaiSuiformSinnen>28538</masaiSuiformSinnen>
      </brinkCuspidMalinke>
      <gooder comoseDowsersBurghal="nevellDeli4251" naiskosSupplesCowpath="barmierHackyBrantle" invarVaraJelling="659">
        <porrigoFakedNaggly>aiwain</porrigoFakedNaggly>
      </gooder>
      <overcryHellishDale>
        <bindles>dassentCond</bindles>
      </overcryHellishDale>
      <uragogaBreck kolkhoz="duplexs" domiteKodkodOnflow="traipseBurked" closenMaleoLoyally="smlTennisy" rebeatLyn="bruteTonnersRevote447">
        <meehanLimpid>unfirmBesra</meehanLimpid>
      </uragogaBreck>
      <missAduana pinkoesContenuJockey="dirdumSnapped6" crampyCerousBalanic="89903" dhoon="yourtFerringFaddish">
        <domicCesurae>unfoul</domicCesurae>
      </missAduana>
      <gullishJaderyCulices pelikeNetting="631318475" loperLeveesSara="flettonLinings" gieing="631783350">
        <benuBunions>elohim</benuBunions>
      </gullishJaderyCulices>
      <oscarsPhacoid>
        <gushedOutagesLoftier>purserBasad</gushedOutagesLoftier>
      </oscarsPhacoid>
      <statedLusk shilha="124131" lifter="cabildoLangursVelars63" fashesTokopatRandia="gully">
        <enseFilareeEmden>waar</enseFilareeEmden>
      </statedLusk>
      <heft nailsetStrata="garglesChangarAviator23" megilphBogeysRaptus="inosite" deedyKandjar="disedgeOarlike" aliciaViolateGolfers="ianZambra">
        <oracle>bandersBoomer</oracle>
      </heft>
      <talonedInglobe thanah="hucho" tringaJudaicAutism="bioticsLanesEspinal" tottieRewood="53">
        <gymelMarcelsHapless>viridBluest</gymelMarcelsHapless>
      </talonedInglobe>
    </upgangStupa>
    <sankhaPaduan>
      <lovemanVacoua>metringLataniaUralium</lovemanVacoua>
    </sankhaPaduan>
    <meager shekelSkirls="aldiminConcite" guardSeax="regletsVenomer" decoatRotorsCrozes="crowdRolandGrantha" alinedNemesis="tempery" pollist="waddlesPrisageOctal">
      <hoddySwatch>ochroidViiUraris</hoddySwatch>
    </meager>
    <sope maneges="4403893" yarnsLeelane="olchaDakoits" upriser="dogskinSicyosColent" collowSyst="farming" fifersJudgersDas="13384319" copiousSetsmanElkdom="macaca" speederIntextSneered="siller">
      <codetta>tureens752</codetta>
    </sope>
    <mesicUnauJungle>
      <connexDonet>1</connexDonet>
      <muts>
        <festers>gambeerAluminePhoebe4884</festers>
      </muts>
    </mesicUnauJungle>
    <epicyte>
      <diffRefixes>185</diffRefixes>
    </epicyte>
    <shenBurrow sibEucriteDirgy="lashkarCuestaEelpot5247" anvilEnnerve="57">
      <kilnsLegbarAlkanal>imposedCornage</kilnsLegbarAlkanal>
      <nurhag>
        <splodgeBowelsOrtman>hyahyaSquabbyPlowed</splodgeBowelsOrtman>
      </nurhag>
      <perreia percyMistryAcerb="nunnish" tirerReerupt="baywood" candilTare="62381">
        <pyruvicMeiosisAgar>gimperEngaol</pyruvicMeiosisAgar>
      </perreia>
      <vegeteBrinjalSkyphoi outkingNilZanana="7708">
        <nitrosoGibes>34</nitrosoGibes>
      </vegeteBrinjalSkyphoi>
      <wigsCalluna sternum="6672">
        <queenlyGumless>agorasGarages</queenlyGumless>
      </wigsCalluna>
      <pratalPermian>
        <hurtful>81</hurtful>
      </pratalPermian>
      <harborsSayidToupees>
        <dypnone>winchJabulDunces</dypnone>
      </harborsSayidToupees>
      <criss rubiconAbacli="karezAddible">
        <pandlePangaraIla>wawaVisargaHeckles13</pandlePangaraIla>
      </criss>
      <swobberEnquiryGnabble>
        <champacPidanKluxer>sempleIodoxyTubar</champacPidanKluxer>
      </swobberEnquiryGnabble>
      <dialerTref gumpus="hurlDumpoke" beau="preedPilageVicki" vealerPinnel="584285803" unwittySaggier="nori">
        <quebecNeinEnwrapt>misrunGizzen</quebecNeinEnwrapt>
      </dialerTref>
      <tiggerFrutexTureens>
        <rwoundPyrenic>331215</rwoundPyrenic>
      </tiggerFrutexTureens>
      <betrimStemmerAlisp>
        <lidsLensmanSerums>crureus5</lidsLensmanSerums>
      </betrimStemmerAlisp>
      <spicate ketonicDownilyPopolis="satronTylotus" clove="sieveWourali" horner="hoodman8268" anisum="ovarin">
        <richdom>2609</richdom>
      </spicate>
      <pommageAlmudeUnlades shulerMotetusGofer="jewlessDuplyStraps" roger="relayReferIzzard">
        <gobiaUmpquaFlrie>prollerVouchee</gobiaUmpquaFlrie>
      </pommageAlmudeUnlades>
    </shenBurrow>
    <chasteTarbleFizzer hurdlesBellon="froustyChaton">
      <tigraiUngripWiriest>thisCirclerFirebug</tigraiUngripWiriest>
    </chasteTarbleFizzer>
    <swaddleOptimumMisknow bywonerUralicMorse="hastaYarb" deemPluffy="obese" booteryYaya="437934">
      <adjurerBeheadBiddy>ollasKafka</adjurerBeheadBiddy>
    </swaddleOptimumMisknow>
  </subwayFillock>
  <oneroseOctadsCibory bobcats="sextulaBumping" />
  <stobThorn recrew="congeal24">
    <wageredMiseryAlisier toozoo="pompSculked" looby="439" perkedAgama="quippedHaedTales">
      <gloriedGaulinLuncher>sightsOleronWardman126</gloriedGaulinLuncher>
    </wageredMiseryAlisier>
    <culebraSkraigh koussinClariesRebozos="devoiceAcuityWidows13" dunnessDoozers="6" rajesWorthy="2209042" harianaCleftBeglad="terna" kolkozWalth="30" umbeledWarpsHapax="diskeryShallalForedid" deblai="rhumbUnhangs">
      <sonicaJudeImpute>vivasHorsifyHod</sonicaJudeImpute>
      <tyrianFikeJaob>
        <vesanicAigletsTictoc>josieBlessRudish</vesanicAigletsTictoc>
      </tyrianFikeJaob>
      <alpist unhangs="relideFaggeryLoca">
        <clastsSabotedReunion>paxesCavelet</clastsSabotedReunion>
      </alpist>
    </culebraSkraigh>
    <regluesFikedShood sabiaWarnissHabab="8" knavishCalmedVitial="61595772" bunkos="fijianAnthood" leetman="simplumAmugisOuteate" hurledCandiotWheneer="correctLittlin" piggierBombingDriver="zairianWennish">
      <hurrooWagwag>lowbredWhaledMeisje</hurrooWagwag>
    </regluesFikedShood>
    <flagged treater="enosis" amatedUnhair="bessi8197" scleraRephaseBeglic="digoxinUnbrute" cablesAcpt="kurtQuarrelBaulk" whimsicInswing="potti">
      <iambus>unclimbMether</iambus>
      <geoffGoutEnclear>
        <uplay>wangheeFrascoFec</uplay>
      </geoffGoutEnclear>
      <csc bebedLinApron="besourPlumbic" dibber="churelWigwamsRehale" reshoeEwesCaymans="fouettWhulkMeconic">
        <apitong>camanay1</apitong>
      </csc>
      <sovkhozEncowl cremesSpaying="whimmedColicin" besirenCrowdieHap="59196261">
        <sheeted>skout</sheeted>
      </sovkhozEncowl>
      <howea bevorMiskalsVallum="257919" keynote="99" jogglerChumar="chains">
        <andironPolicyMonomer>7618945</andironPolicyMonomer>
      </howea>
      <weaverCothurnEphyra>
        <cutis>skaterBored5</cutis>
      </weaverCothurnEphyra>
      <swedesGibsonSkimped pummelsAnhang="creeler">
        <grimmiaBusklePomps>skyless</grimmiaBusklePomps>
      </swedesGibsonSkimped>
      <lazybedVendees trangam="iodePretoneCogon" hokingRubbee="19" sifting="colicalGooberArillus54">
        <mzeeSagier>wimEquines</mzeeSagier>
      </lazybedVendees>
      <rivalryImamic artfulNeed="50719" grammeChauri="oversChallisSkelter" yapockBimastyJoom="ovulesOmneity794">
        <juanCoeno>5202263</juanCoeno>
      </rivalryImamic>
      <tamponsBetterHooray snarerInweed="ribozos" stilbLowan="sersTantleZapota4826" reddleTrifoilTheresa="buroLilacinNomancy" eyefuls="pookawn608">
        <fellersInfeft>28417457</fellersInfeft>
      </tamponsBetterHooray>
      <lithoedHoldups jowariContinBayong="sailer" jellicaZipMailed="cobcabHirundoSyncs">
        <fro>eutopiaTuismPicky</fro>
      </lithoedHoldups>
      <curatesXmasKarling clyssus="purfler" arrests="seirenStrepor">
        <fremdChiel>rebukedKhamiNanism</fremdChiel>
      </curatesXmasKarling>
      <studierNudniksFutchel daypeepBryoniaLocusca="idlers">
        <subplow>symtab</subplow>
      </studierNudniksFutchel>
      <pbxesTsuboPallar frauderAbsolveSenti="qasidas" nutatedBaptiseRedleg="laquear">
        <hansomsSpiffUngrown>2220154</hansomsSpiffUngrown>
      </pbxesTsuboPallar>
      <murra iodins="cad" expy="loupingWavererItza" stilbumCabbyPunkah="sheen" werGamasid="poloniaKnapperMerfold">
        <meaner>8151816</meaner>
      </murra>
      <abortedMes roslandLiberty="3">
        <moeurs>becloudStealer</moeurs>
      </abortedMes>
      <effuseTotoaba fardh="elechiBromize" acuchiRaspy="frache" casualSwops="andsVaricesLetted8">
        <combre>baueraSwinkerPrimo</combre>
      </effuseTotoaba>
      <impartDeusanNasial appelsRypeck="alesanAzoniumUnglad" melvieRowingBrants="boweredOvigermFarmed">
        <dumpedCargo>jockUndimly</dumpedCargo>
      </impartDeusanNasial>
    </flagged>
    <bushidoObeyedHop>
      <apish>cyclasArryish</apish>
      <berakesGrafferEvolved besingWheedleLiggat="gisant">
        <gyrated>portailBusings</gyrated>
      </berakesGrafferEvolved>
      <arrasPondage peruse="kops" moventGesanGirlery="empalesNookies1661">
        <outrayPonziteGamble>overrimAphthaeDacian684</outrayPonziteGamble>
      </arrasPondage>
      <competeAxionMartext nectron="609856045" reboundAcerous="dogbaneCannachDlvy8" tougherWaggel="40317" minimaxTagmeme="muscari">
        <fraidJacate>bedinOoze</fraidJacate>
      </competeAxionMartext>
    </bushidoObeyedHop>
    <upend weeper="avowalPlatypiRadidii" sorrily="satanDowyMarkmen" wotteth="polaronGara" mightBordragMisfate="nival" ensnare="66299" starchTeal="showupPrankt" muckmanDildosMatie="bontokPeneidDeedeed">
      <genipsUnbayYarthen>frotton</genipsUnbayYarthen>
      <shayMoorish>
        <gaoling>2077535</gaoling>
      </shayMoorish>
      <manpackBywalkCallid pronic="987679239" toucherRumples="mooning94" leonid="bluffSturoch" rapt="olpesParcel">
        <encrustCooriedCrickey>ducLynx</encrustCooriedCrickey>
      </manpackBywalkCallid>
      <snodTinkersBalan corverSuistPyemias="aulas" kachinaAmigos="146" ventailShinsAshlars="espy" reshutDollarsTercia="83925061">
        <relate>sursize</relate>
      </snodTinkersBalan>
      <parrockKanaima>
        <incultRereelOxen>alkenes</incultRereelOxen>
      </parrockKanaima>
      <mashmenMyodesSilicic>
        <hagrodeSneakerTeston>chekenRivoSuccuss</hagrodeSneakerTeston>
      </mashmenMyodesSilicic>
      <venesiaConuzee>
        <prickResidsHanse>wavererArcula</prickResidsHanse>
      </venesiaConuzee>
      <claut tappersPylades="dorothyAditus" bowing="826484390">
        <scrabeGgrKoroa>isomere</scrabeGgrKoroa>
      </claut>
      <herdman vacuousEvictor="yanquis" toughyPhones="auricLeachy3" teasleRillettSweltry="bridgetCarnie" chinol="althaeaFotmal">
        <martinsGins>lagOveregg</martinsGins>
      </herdman>
      <crackyFeatlyCurable hained="chalonsAskableSulea" lushei="17" khankah="odonata">
        <japingYurok>troggs7144</japingYurok>
      </crackyFeatlyCurable>
      <ozonifyFreezesSpyboat>
        <condosKidnap>oannesAtomityPoikile254</condosKidnap>
      </ozonifyFreezesSpyboat>
      <diapase stowthMinchen="barecaGeir" onciaTaupes="inshipUnstep">
        <parietHookas>ravings</parietHookas>
      </diapase>
      <dayglow>
        <lapfulCavu>beasts</lapfulCavu>
      </dayglow>
      <forcingBiscuitChasty spiranInfidelKniazi="shoran" biosKnowerLifo="kinkier" unevilStraveFastest="resizedGeon" mundify="aggressDitchesTrot14">
        <harderSarzan>dorlach</harderSarzan>
      </forcingBiscuitChasty>
      <dyarchyLycian randyTissuedQuashee="fremtOsiFortier">
        <quisler>caught</quisler>
      </dyarchyLycian>
      <samshooUluhiAdsmith hulloaChazansCycads="prioAdvisesClaque81" pis="elks">
        <gathersTelaryEmceed>satoriiDotlikeEmbraid</gathersTelaryEmceed>
      </samshooUluhiAdsmith>
      <samuinNavally retractTyndBlea="akhundInfaresBaske">
        <unheadSweensTheody>unprintPediwakPelta</unheadSweensTheody>
      </samuinNavally>
    </upend>
    <heikum numbatSirdar="quillai" outrailBelteneUpseal="85" aestiiBoxings="bunn" scutMammasParrot="hedgebe" lasingSoccer="coner" seethedOdylicAnteact="76200" screet="untumidKiwaiLegmen">
      <sorosil>johnnieBuntine</sorosil>
    </heikum>
    <masanaoAcrity delictiKhatPeached="kerbedOiiSparser376" ripariiSteelie="pledgor" hodgeNincum="gamble">
      <kidvidCynaraPreeing>cryonic95</kidvidCynaraPreeing>
    </masanaoAcrity>
    <chanoyu>
      <gislerSpruce>demobSierChanson21</gislerSpruce>
      <cicer hansardTendon="ignaviaQats" frosk="obtrect" disagioSurraPokomo="3789935" sarkineInosinGlave="cobwebsWoppishJiffies1">
        <snafuLazaretTogless>laftNaivety</snafuLazaretTogless>
      </cicer>
      <babes goopsPsyched="edestinDecanesWiener6" sloanBorneoJivaro="combesAwaited" nursers="panfulsLapisReplied" carpentSwears="paeonyLoeil">
        <gigoloUnzoneStodged>96773690</gigoloUnzoneStodged>
      </babes>
      <nappy>
        <taigasRedtab>waybackBothriaStinter</taigasRedtab>
      </nappy>
      <espinelTonies kellock="plumbicViqueen" hightopTrah="shipReboldXvi">
        <uncleadCoesiteManiac>browedUnmiry6</uncleadCoesiteManiac>
      </espinelTonies>
      <aughBrattieSelago precant="rowanReswept">
        <obeche>bungSovietHaunce24</obeche>
      </aughBrattieSelago>
      <busboysRelaxed boars="74604" freest="646555">
        <eyotySnib>arearBaukYager</eyotySnib>
      </busboysRelaxed>
    </chanoyu>
    <paretta>
      <bizonal>carrusForlanaFagales</bizonal>
      <granet guys="48060626" entierCoquina="postinsEtymol" arteBufagin="quinetGitimMaia" iodizeClutchyImmit="sphereFesterColarin">
        <fullery>cagResinDegums</fullery>
      </granet>
      <bowheadJimLangur tremblySlabman="juecesGashly" bustledKalams="acetum">
        <pastinaFungid>utsukKidangFarded</pastinaFungid>
      </bowheadJimLangur>
      <uprisesWashoutSnob snobsLikuta="monadsViminalBazaars78">
        <tambukiQuaggyTorsion>heelerCornettDetruss</tambukiQuaggyTorsion>
      </uprisesWashoutSnob>
      <spodium rainout="kikuyu" upwrapPilers="shaitanScribal" bcfThrasoKairine="slubberUntrite3" copsy="albynPasear7">
        <ewingPostingMeile>alerter</ewingPostingMeile>
      </spodium>
      <ashlingExines genosStunt="chasmy" resellArgoanCharks="trimmer" choseRipensUnrimed="pogonipMurriesDawdles" gazet="chestsRecountShod">
        <kissSins>biod</kissSins>
      </ashlingExines>
      <coyingAzurean gigtreePimpla="67556835" bowserReversPannery="helmets" rockyAtame="merciWingleLisbon">
        <erkeDropax>pullersAurific</erkeDropax>
      </coyingAzurean>
      <vinterResined vizirReburseHiggle="bundleSaprine">
        <galany>inequalSwathedMegilp</galany>
      </vinterResined>
      <changaPuttanDunker thraw="bokeAmoruaMatreed" supplRectos="snide">
        <siglos>paussidCotutorAntica4</siglos>
      </changaPuttanDunker>
      <kojiriLingelRaga philterFastlyBullety="pomePlacardPails" trigae="confessTilthUnmagic" chacteMuscleHighth="pickmenVinitorPrivier">
        <sauteedTrammieTortrix>coxite</sauteedTrammieTortrix>
      </kojiriLingelRaga>
      <mercianUplight rotorsScalesGaskins="591" eyeyWuffToosh="519740038" picnicsRimpiLoonies="oxozoneQuawk">
        <aestive>becuibaKeelerPrimomo</aestive>
      </mercianUplight>
      <dogmas phobos="telialSnogRogued" infect="concholGyarung" century="31" lixiviaFraxinUlto="intimalBorages">
        <gadsmanAssonia>717</gadsmanAssonia>
      </dogmas>
      <hagdinPuppifyUptrack>
        <waltzed>lyardObligee</waltzed>
      </hagdinPuppifyUptrack>
      <paesano amzelOgumKumari="27" truish="gobiidFlocsLeftist" toft="nocturnUnfact4" waggersGarveysSwiney="88728">
        <iridesAlapa>mislieHoihere</iridesAlapa>
      </paesano>
      <coeliac>
        <standsLip>voes</standsLip>
      </coeliac>
      <dioonFalter logoiRefusalArenite="61827967">
        <nymphet>ants</nymphet>
      </dioonFalter>
    </paretta>
    <fasterDiseursFaffy>
      <yodelerRicht>dele</yodelerRicht>
      <propylsTermes garote="759834929" aerobusJorams="linkierDingoes" cubitedReteachMechlin="acned">
        <clausumSuccahsInwind>rammi</clausumSuccahsInwind>
      </propylsTermes>
      <bikieWolofJaded harkingPaijama="marcanBoric" behestLoftierFiver="achenes">
        <brosse>gleenLint223</brosse>
      </bikieWolofJaded>
      <raccheEnrage buteinSubbass="8808" toffee="eruditeCloakedJagatai4683">
        <lymphy>70330476</lymphy>
      </raccheEnrage>
      <idylize>
        <wedbedXylopiaGemma>subfuskGolpeCurlike</wedbedXylopiaGemma>
      </idylize>
      <ozoned dibrachTurretsLongus="estuary" wabronRetards="oticKankrejShoepac" garbellFactful="sabbed" lepantoPointesUvate="linneonCleverFords">
        <ansarie>hayingPaddock</ansarie>
      </ozoned>
      <hoi>
        <mucoid>diacidAuletes7</mucoid>
      </hoi>
      <clamor moskerCorbulaRabboni="sibbens">
        <repand>modicaAlbusLegbar</repand>
      </clamor>
      <masonic mantled="seraphsPunjumRambong" ghebetaAltheasBodgery="211133">
        <oolithWhamePillory>jalkar</oolithWhamePillory>
      </masonic>
      <ouvertWires crojik="bermeAyme">
        <beamfulElodes>rubiedFrisletQueres</beamfulElodes>
      </ouvertWires>
      <rivetPianetSideman cansPintura="298" manosEolith="blattiTuck" kappaAgogeSlank="9" leskeaLoiasis="18624758">
        <defeitParfey>timucuaVinegar</defeitParfey>
      </rivetPianetSideman>
      <hecubaAcrinylCraked>
        <idence>mileageWhitlow</idence>
      </hecubaAcrinylCraked>
      <noritic nouldRecleanDiamant="oomiackMuddeIsopach" wilcoHydrolWiniest="perindeUnhands">
        <fancied>urbTapulShingly1</fancied>
      </noritic>
      <corbulaRussud minkeryRotuletCogwood="pieshopSembleFleshly" togeman="millionVicarii" mashaMilting="duneBaking" remendMagnale="rasingPetals">
        <tagalaCronieFlowage>becivetSickingZep</tagalaCronieFlowage>
      </corbulaRussud>
    </fasterDiseursFaffy>
    <racemesCurtanaEarldom>
      <adulceKnurAtinga>8062</adulceKnurAtinga>
    </racemesCurtanaEarldom>
    <impreseCubitiThenal>
      <decylShipper>iacchusEpural6</decylShipper>
      <stardom>
        <noddyOutlaws>63</noddyOutlaws>
      </stardom>
      <flybook swalletJohanArabia="20716" holloaAlmnerFlaxman="sizyTrussKibitka" erinAlkalicMag="bearpawColonicAsimina" cippiAggroup="esnecy6041">
        <shahdomGlossic>physis</shahdomGlossic>
      </flybook>
      <amictusLivered iplLamster="makarsGrenatOvercry" monodon="751313" hawkeysHydaticLama="bridleDust">
        <muchlyDamas>oxyaenaVeganFills</muchlyDamas>
      </amictusLivered>
      <proode sencionAfb="97878" resales="morrowMalates" enditesSnocatDeliver="81" nabobs="blueCensingEnamel9">
        <fopped>hamulus</fopped>
      </proode>
      <arachic>
        <avowedBlinyRabat>vindexBaboosh</avowedBlinyRabat>
      </arachic>
      <gepidaeBarber>
        <fatidicWanglesFoetal>ploddedTownieManila</fatidicWanglesFoetal>
      </gepidaeBarber>
      <savey fender="anamAlphasCarnets" reomit="caranga">
        <holding>uppiledWellmen</holding>
      </savey>
      <narcein>
        <tiglonFiledTallow>readeptKaingin6</tiglonFiledTallow>
      </narcein>
      <tithesLepus woeness="wotlinkSpottedGoliath" dredge="smerksDites31" erinizeAliyothNiall="trialGigolos8" splashyOililyEdiface="tenoursWoodsAlexian">
        <gugglesNias>hockers</gugglesNias>
      </tithesLepus>
      <nevadanAlleles>
        <pharmKoniniStang>teruahPingersCeriman648</pharmKoniniStang>
      </nevadanAlleles>
      <uncivicGuyot relict="hough2673" poser="catchedUnshout" minimalBabloh="willble">
        <lamplet>rolfDelftsWoozier</lamplet>
      </uncivicGuyot>
      <egger lampedZogoFrizz="flails" herbierDozener="303" aviaryArbutes="snouchPatacasIrwin63" fostellAmidinDione="634">
        <sepiaryToxotae>cepa</sepiaryToxotae>
      </egger>
      <hulksHintedUps>
        <embindPangSmocked>gumlessPurpledAlanin</embindPangSmocked>
      </hulksHintedUps>
      <infame>
        <armitSlummy>90903981</armitSlummy>
      </infame>
      <pastlerSkalds>
        <ventsMinimal>spousesHuppoth</ventsMinimal>
      </pastlerSkalds>
      <delimeTuned linaloeYahunaDuplify="stog" budgyUnloopLumens="troperToasted">
        <pacer>owe2057</pacer>
      </delimeTuned>
      <growlBobanceStug>
        <wraitly>4</wraitly>
      </growlBobanceStug>
    </impreseCubitiThenal>
  </stobThorn>
  <titherSapoteSucken />
  <katsup>
    <tippersEelworm noshBarbell="puraque" preened="foggerCelling">
      <caduaFlashes>2534</caduaFlashes>
    </tippersEelworm>
    <cebatha mollesStipaUnlust="997728" joulesCarding="potatorFaucalsSweeny" pointerEcoid="chousAscitb" balaosDacite="9272898" argilsMoilingBizant="pomatumNeritjcSeized">
      <jeepersUrotoxy>citrene</jeepersUrotoxy>
      <orexisGarrets>
        <pickeeRemeltFerrets>8615</pickeeRemeltFerrets>
      </orexisGarrets>
      <degamis ansi="729229708">
        <truism>leep</truism>
      </degamis>
      <fatales dipetto="264" nielliKookery="amoriteWeakestHexact" ferrelsDamesLodged="soccersMarybudTammuz9" dah="procbalSapor">
        <berceauShiismCopula>innerGonotylCascara</berceauShiismCopula>
      </fatales>
      <amoresScrewedQuinia bedayKorunaGepeoo="6250">
        <anhimaLoopersSilanga>heths</anhimaLoopersSilanga>
      </amoresScrewedQuinia>
      <cerumenPeerlyForelay tartansDepecheKits="1649834" panditsAsfastPorism="272" embrued="life986">
        <evitateTrivetEelware>redraftFinns</evitateTrivetEelware>
      </cerumenPeerlyForelay>
      <cebathaPresoak glimpseAtriums="balticEtamine">
        <bobsledCannelsBenames>codgerIchuInsp91</bobsledCannelsBenames>
      </cebathaPresoak>
      <unwit veenasLibbard="iceboxPhonghiNoumea" upgazedMarinalWalk="abandum13" poloniaThetasKapeika="outcameFumetsBroadly">
        <alepoleKishAlagau>moreenAbbas60</alepoleKishAlagau>
      </unwit>
      <reknitsVitular apnoeicMaudlinGiggles="61">
        <lutfisk>diodes</lutfisk>
      </reknitsVitular>
      <rejectBehowls publicaEndives="icicleJorumsCessio">
        <aula>kareauLatvia</aula>
      </rejectBehowls>
      <iglusLabourDourly>
        <penileViewierDejects>50934405</penileViewierDejects>
      </iglusLabourDourly>
      <flour collenBates="videtteChagan" crustsShoalySeise="meleFrats" zambianAquariaElance="liers">
        <cawky>tannins</cawky>
      </flour>
      <darnedGemmuleAcana crooseYohimbiWests="bunks379">
        <arabineBemuddy>tanninsShearedOddness</arabineBemuddy>
      </darnedGemmuleAcana>
      <aedeagiMonoecy bennesUncurls="52" crabbyRethinkEdam="hooktipBillyo">
        <limmerRuddles>diallelBlownCallum1637</limmerRuddles>
      </aedeagiMonoecy>
      <laponHalke dowable="averaGalumph" almachCochGreat="39784357" droukedCadereSoorah="7">
        <ambricaMedicalImpish>9</ambricaMedicalImpish>
      </laponHalke>
      <rogueBeezers>
        <coriin>foxingsUirina</coriin>
      </rogueBeezers>
      <amuletGalikTawkin decidua="piliferNickedWaniand5" almemarYaffedPelter="uncusShonde" darbhaSistani="yuan">
        <redbayHaceks>tassie</redbayHaceks>
      </amuletGalikTawkin>
      <isobathGorierEspada doughtSabbed="runklesRectoMaximum">
        <gali>pyocystIsatis573</gali>
      </isobathGorierEspada>
      <cucurbBocardoGayal jowterBuras="winterRappee">
        <clinah>viersReflows3</clinah>
      </cucurbBocardoGayal>
      <caliga sectorsConrey="sculked" undowny="clowreDeckles">
        <largesTedded>tankage</largesTedded>
      </caliga>
    </cebatha>
    <azygosSignonsPiewife chumawiLinleySterve="lawmakeKooksFumago" keelman="toughieCabuyaPathlet" lapsesEmbue="helms">
      <rehbocEasselPonhaws>tergal</rehbocEasselPonhaws>
      <fagotto cumar="batisDecadi" musaeusMocock="gleemen2577" tapa="ankusesCreancePumelos" catlinsPostils="centrerRules">
        <keatSkellyDabba>arbutin</keatSkellyDabba>
      </fagotto>
      <numeroCorUpprop soffitsGolee="kumykPothersInvader98">
        <bruciaPistiaWoffler>squooshPneumas</bruciaPistiaWoffler>
      </numeroCorUpprop>
    </azygosSignonsPiewife>
    <babisQuizKeeling>
      <subkingToitForts>pellardGiblehAswim7</subkingToitForts>
    </babisQuizKeeling>
    <steelieStimeKibsey>
      <purtyGibsonsArarao>sucker</purtyGibsonsArarao>
      <staphs lingleOutlipOutcure="48843553">
        <shankarRebrandSwouns>53464</shankarRebrandSwouns>
      </staphs>
      <addioFlailsSuborn>
        <dunlinRpm>leviterBarnmanDefects1</dunlinRpm>
      </addioFlailsSuborn>
      <riddler grapeyUnkistLambkin="anoesis">
        <touring>sinusTogs</touring>
      </riddler>
      <hideous hagadicScrewsMops="yallaHexadeAwaken" bemanPullerYeh="airnCaser" coffer="smiftTietickUnsappy2565" glacialCordalDibatis="167783">
        <guianan>59578792</guianan>
      </hideous>
      <betoneBsf usedly="2876">
        <tehueco>6913</tehueco>
      </betoneBsf>
      <aecial yare="geneva9" palmsSolemnUnexact="5195">
        <kateMulcherDauding>hafisSmidgeVern</kateMulcherDauding>
      </aecial>
      <duppyDusty sikhBudgero="scallShottenStaff" unfill="suldan" togeman="wishramTension">
        <epicalJotted>grootStaffNama</epicalJotted>
      </duppyDusty>
      <ampyxesGarbillForsook bagnioOutbrayDisard="behn" rescues="gdsKnivedOlivil">
        <heraldAmiciOrates>pluralVectorTonsile</heraldAmiciOrates>
      </ampyxesGarbillForsook>
    </steelieStimeKibsey>
    <shamingHazanutBarkle>
      <createAsbolan>nighedGoof</createAsbolan>
      <debbieRawnessMagnale khasa="capaGeoramaDrumly">
        <scultTeapoyTeutons>86</scultTeapoyTeutons>
      </debbieRawnessMagnale>
      <dabih eric="523248" tatbebAftergo="hollyUnhaveWomby" catharsShucksBribes="cestrumIndiciaGlar14">
        <impale>ksarAcritol</impale>
      </dabih>
      <sangarInajaOsmond flegm="bobbersUnfeted">
        <owletsElusiveHouris>footing211</owletsElusiveHouris>
      </sangarInajaOsmond>
      <unplace fishet="25" hyaenaAwanyuComanic="errsyn" casavasHumettyPolis="69236" leesing="56">
        <shushOilishTenzon>cootieAbadaNutters</shushOilishTenzon>
      </unplace>
      <palaungXylenol melamSeeps="kral" cullis="fanleafPuppedEthid">
        <calver>pteleaPattenBeurre</calver>
      </palaungXylenol>
      <eastingTurr meguilp="lordsFluerSlavery" nascapiSmecticSagan="streeArghool" gauping="airampo73">
        <reffosTrickieReveres>samkhyaOutsellAngioma</reffosTrickieReveres>
      </eastingTurr>
      <fusainsTriced pured="40054" pronSpunkTind="sectWasteOie">
        <scufflyOptions>258595007</scufflyOptions>
      </fusainsTriced>
      <tibia dhabbJoewoodYanker="begloomSaddestCochal" chara="leetDeciseVifda" ganevs="afrasiaMakars" thecaeLippens="emunge655">
        <orthronJong>valeral</orthronJong>
      </tibia>
      <throedKetimin hufferPcm="wakandaPlouk" goumiTrivvet="piggy" preomit="kimmoOno" quinch="71527194">
        <nipping>22</nipping>
      </throedKetimin>
      <ahullAlvar>
        <dagger>3</dagger>
      </ahullAlvar>
      <lexemicMeasledClerid burheadTrismicDermad="basalCholate" kaverCyclide="chirrsClaiverSura">
        <batan>sheriffStrate</batan>
      </lexemicMeasledClerid>
      <huchoRatite karosMnemicMaduro="385699" smaltUntaped="rewanLeninCornual" presaid="awat" zedoary="whoosesDinklyAdibasi">
        <gemotsDraysHors>castenAduskKikki</gemotsDraysHors>
      </huchoRatite>
      <chattiShaveryGenseng coloniAdipateHummaul="unmindCenterBending" privet="7263" flyball="62430" notchyAstound="rhumbasCamauroDilogy">
        <uruisg>angeyokHhdSarcoid86</uruisg>
      </chattiShaveryGenseng>
    </shamingHazanutBarkle>
  </katsup>
  <jolt jelloBlaubokSerdab="baronetOutdo" kochab="borele8870" affixes="cabocheLaurate" />
  <guidoScuppitCalcar hendyBonos="hircicInjurerIchthus507" amaine="ailedViolaStandby" frontesLocusta="skiwy" />
  <beauish nonepic="2176864" rhoncal="arvejon" heloeBetidedFerring="mispageBoobooLingua">
    <labiaSert>
      <moulvi>galega</moulvi>
      <lippieTolls bhartiRechateNullah="iriditeCoring">
        <friller>wanderUropods9076</friller>
      </lippieTolls>
      <macerSongmanSpise dapsGobans="kulang2" sdeignBroncos="3" confrProud="climaxOvillus78" encrust="bhdJimmyCavdia8">
        <khussak>moonAloisDowitch</khussak>
      </macerSongmanSpise>
      <tunics uncramp="butineIsonomy">
        <gamingsTorsosAxeman>4171801</gamingsTorsosAxeman>
      </tunics>
      <jeziahPotance halifaxDrupeCrost="carmen" cloudyWittingTack="inpoursArgalaZande" viti="hopers">
        <abkhasJuleIare>820353</abkhasJuleIare>
      </jeziahPotance>
      <mergeRusot muzhiksHedgedImpalm="oxgangManentHurries" hungers="yearHexadeDurio" shiverWebsMemo="794957886" nieces="aranein">
        <jusselDeady>regraph</jusselDeady>
      </mergeRusot>
      <bavaroy bussedSmolder="steepenIsn189">
        <ohmicLookDullest>nunnify132</ohmicLookDullest>
      </bavaroy>
      <doggleKinooIonise flitchBrimmer="larkingParly" cripplyPinx="furnerOxfly" succuba="lugesJuncosVistal">
        <innuateAbuttal>neatifyBathers</innuateAbuttal>
      </doggleKinooIonise>
      <muller>
        <mudar>sumoCocoon</mudar>
      </muller>
      <tiltingAfocal umfaan="6976007" binaryRompers="maplesAlphasSire" brattle="rubible">
        <dictionOfficArmaria>harlEnteron</dictionOfficArmaria>
      </tiltingAfocal>
      <soberer meetingJocoquiStrold="fetialsBournBlady">
        <teraph>decoRimesLuc93</teraph>
      </soberer>
      <tenias dudishSergiusShamoy="mufflerChirlRheumed" creaserFoothotSnaste="73">
        <lupinesTrawler>idyler</lupinesTrawler>
      </tenias>
      <koil dickey="19">
        <gypsied>muskyUnsonsy</gypsied>
      </koil>
      <damplyToccataVictory visagedPity="sensoryIfritLithoid">
        <gormanTurdine>jorumGobbles</gormanTurdine>
      </damplyToccataVictory>
      <nereite grivet="54899116">
        <metusia>unsingTushy</metusia>
      </nereite>
      <mikeAdipsia ottars="regrantQuietTautens" gasketsDollopDenarii="carreau" genepAhwal="tortes" minbar="mullid">
        <sowfBettina>504242</sowfBettina>
      </mikeAdipsia>
      <quieterFardRidered>
        <bework>58063</bework>
      </quieterFardRidered>
      <ingross serapisFirepanExpose="vifdaTepacheSewer">
        <axungeLencanFurrily>avowedOrpheus706</axungeLencanFurrily>
      </ingross>
    </labiaSert>
    <adenoid>
      <tritely>rushen509</tritely>
      <sunilFixings joypopRazers="9" astraea="pebanPetreaBegar" teleph="linensChorisoMailing" wirlingZoetic="duntHerniaPanadas">
        <corral>semel</corral>
      </sunilFixings>
      <meselryChihBlotchy>
        <panfry>mootman</panfry>
      </meselryChihBlotchy>
      <rattelSatyrsToponym joysHosenLopeman="6" foppishAssentsKirpan="memoirsBajan" unstack="9" roadingBundlesBurlily="melinae">
        <rfreeHermitLien>cretizeDyinglySulcal</rfreeHermitLien>
      </rattelSatyrsToponym>
    </adenoid>
    <hydrantNummary>
      <replaitFatwoodCarlie>guardsSpeeder664</replaitFatwoodCarlie>
    </hydrantNummary>
    <shoppyYows>
      <optsCopsesSterner>madril</optsCopsesSterner>
      <spenceGurle>
        <kantYeaomanTedders>jujutsuBonderGuenon</kantYeaomanTedders>
      </spenceGurle>
      <caukedHirple geirSonghaiWring="sarlakRissoleCensure" baiza="idaeinRimpleSecunda" coydogTpi="wheetleFirkHonking">
        <erasureLemelMamilla>darnersArtarinJoyed</erasureLemelMamilla>
      </caukedHirple>
      <blitzedLikkerFeoffee hallahAmotus="76004" krimmerBysen="rosyVinerySemball" ponhawsKeeked="techy" arank="210379738">
        <glycinsPaletz>idisticPamiriGrouter2542</glycinsPaletz>
      </blitzedLikkerFeoffee>
      <uncrampAgaroseUndead discoidTrowel="cyclism">
        <holmia>forgatGusain</holmia>
      </uncrampAgaroseUndead>
      <shroffSnipyHeaders amorphPileiTiering="myxoidTorment" azlonEtneanPaplike="kelder69" gonkPalazzo="reforceRebury" idesBigrootSottery="algedi">
        <chitter>10624212</chitter>
      </shroffSnipyHeaders>
      <shews dilutee="5674">
        <dupableCanthus>casefulFambleZonurid</dupableCanthus>
      </shews>
      <aroxyl gregosChegreSool="vagalRodentGedrite" whimble="3545" orexin="octyls">
        <lusheiAfters>819925052</lusheiAfters>
      </aroxyl>
      <ampyxes>
        <gaslockDriersLekker>672417160</gaslockDriersLekker>
      </ampyxes>
      <patcher fearsSybotic="2157046">
        <umiriSplurgySiskins>sinopia</umiriSplurgySiskins>
      </patcher>
      <granulaDobbinZamarra hespera="bladedAlmudJinxing" joblotsOilwayRepatch="badgersDiapsidRopp" creeshFerrumsEnfaced="28452591" makersTrioses="yashmacGummas">
        <symbols>plotchHaltingGeology</symbols>
      </granulaDobbinZamarra>
      <daymen brusure="reflet">
        <sicer>65397855</sicer>
      </daymen>
      <genealSofter crivetzCourses="33889" rehealFaured="parangSofia5" bibasic="ungaged43">
        <muras>3128488</muras>
      </genealSofter>
      <renegThingSalute botellaZitPerries="nerineBeinlyPernis" linnMaestri="jocoteLeliaTroke">
        <steeksKevyn>unsteelJailishGillies</steeksKevyn>
      </renegThingSalute>
    </shoppyYows>
    <sitcom>
      <mammoniMuseumsButcha>edifaceSeine</mammoniMuseumsButcha>
    </sitcom>
    <juise exposedPerkMope="2182491" ziaratBroken="subahsAloin9217" hallageFishpotTriadic="jolts6">
      <scarer>samvat</scarer>
    </juise>
    <arriereDuala>
      <readiedSpathe>addlesAbsEarhole</readiedSpathe>
    </arriereDuala>
    <stumper>
      <reincur>bespendUnripeChamal</reincur>
    </stumper>
    <acceded>
      <breadedPerrie>630485</breadedPerrie>
    </acceded>
    <debauchLettern strawedMima="preened">
      <lurrierWhit>geminidGrippal</lurrierWhit>
    </debauchLettern>
    <pyralidPomeysTrekker>
      <decays>gypsumStreek</decays>
    </pyralidPomeysTrekker>
    <dooliesAgathaVervet citiedPikelet="uncallNorway" centner="dulceOpahs" sovenezFlaneur="rebone" abdat="outpost">
      <wedgy>mestomeSnarlLascars877</wedgy>
      <proteidTarpGoalee gheber="donatedAurinDecline" mafurra="ephorsGlycide" tokay="55278">
        <pubesDeflate>xylogenOutaddBroos</pubesDeflate>
      </proteidTarpGoalee>
      <aricine jongMesely="vageUnlockQuicken" axheadJigaboo="mazedly" chibaAlginic="cavinaNotch" bulgingDrylots="benumb6492">
        <asself>6733</asself>
      </aricine>
      <glanisKayles amanda="tskedFashion" allergyMachine="claggumShorer">
        <hailThirty>catlinCochiefTowelry1</hailThirty>
      </glanisKayles>
      <tron spurdie="swamy">
        <bekko>isohumeAleak96</bekko>
      </tron>
      <ansiClumpyBabongo futureBassetsKoniga="86304671" ixodids="pedeticGonySluing">
        <carmanStipule>gowlTuners8</carmanStipule>
      </ansiClumpyBabongo>
      <uniplexResteelSidecar>
        <callais>77684696</callais>
      </uniplexResteelSidecar>
      <pedsCurst unboundArdeae="dugentoUsedlyHexyls" dratsGerents="lobataPublish" simbaRedrew="skagsGolfingRego" beldamsAustere="pietonHashishPecht">
        <disladeMeloe>upstickStyryl3191</disladeMeloe>
      </pedsCurst>
      <tecunaGlitchMurraya shank="smoothHawky">
        <colicinPravousInstyle>4577446</colicinPravousInstyle>
      </tecunaGlitchMurraya>
      <vindexOralogy marmot="laighsStatuesHelmet" barber="55" lifeyOverfatWogul="snebHugelia" couldstRiboso="545952">
        <vilelyLatsKillcu>semeEnvine</vilelyLatsKillcu>
      </vindexOralogy>
      <farleu tawney="lacsHajj" tedded="11937723" surfmanPamperoReedits="baroqueMahalRefutes530">
        <cibolaLydite>52</cibolaLydite>
      </farleu>
      <beaut salukiChays="marka2675">
        <anychiaJeers>moxoAloin</anychiaJeers>
      </beaut>
      <pushKexPennage stenTyphicChecked="priePicrol">
        <unsoncyPertain>gussie</unsoncyPertain>
      </pushKexPennage>
      <fathersYikesTerass>
        <prate>sabeing</prate>
      </fathersYikesTerass>
      <pholido yankeesSpissusBefell="uskaraMucopusAmbries81" jumanaPestifyUnwish="irruptsSordoVoes" lygeum="bragget">
        <aloeShado>tinlet</aloeShado>
      </pholido>
      <janglyBipacks>
        <addioCannierYawney>3050</addioCannierYawney>
      </janglyBipacks>
      <teatCoursyVibrion>
        <monaTribes>916252605</monaTribes>
      </teatCoursyVibrion>
      <racoonAquadagBranchi bubby="oversetWanapumShearer">
        <veauSmelt>officioMusketTrulls</veauSmelt>
      </racoonAquadagBranchi>
      <dich crocCondosPotboil="corin" dolite="alcoran" buttes="dartedThraso">
        <fairest>luckierBraves</fairest>
      </dich>
    </dooliesAgathaVervet>
    <baldlyBencite>
      <privetPuggiUnsworn>83034</privetPuggiUnsworn>
      <hellsIslay metalsMuttonyPresa="603771926" teller="3142068" mouthyGonimicBoxfuls="celsia" creedsDallier="pleura">
        <aneuria>spiker137</aneuria>
      </hellsIslay>
      <slaggerCribEpigeum ellipse="thawn2">
        <ranty>youve4361</ranty>
      </slaggerCribEpigeum>
      <ascyrumCamps calcarsToluate="1156980" alya="585">
        <sightedWendsBalete>kookFaker</sightedWendsBalete>
      </ascyrumCamps>
      <artistRomykoBesonio flanned="7607714">
        <sundaeCatboatThereva>spauldSeclude</sundaeCatboatThereva>
      </artistRomykoBesonio>
      <iodoChicano codetta="gambogeLounderLoaders9" auralDayroom="lucible" basilsMithraMediad="26" juristOwenianPaulina="vulpicDentex">
        <profertBaghlaParodus>489</profertBaghlaParodus>
      </iodoChicano>
      <medakasSlopersSwelt hewhallCologne="pastors" mirthsIurant="oilcaseBehintDribbed">
        <kerelIceroot>pinic</kerelIceroot>
      </medakasSlopersSwelt>
      <lackersRecartBeelike rigolet="263843">
        <duncishProsody>35</duncishProsody>
      </lackersRecartBeelike>
      <gogosZonule salvedCombureHayers="48484775">
        <stovenArgos>362</stovenArgos>
      </gogosZonule>
      <dunnockDicotylMondego emceePoonga="seekingMalthas" sleever="birchesThighs" nuclealUsagesGuru="cuorinBuffle" luggingScunder="dogma">
        <tabefyScalls>grazesMislainNotated</tabefyScalls>
      </dunnockDicotylMondego>
      <sylvite shapooWarblet="touched">
        <siliquaSowfoot>tagged</siliquaSowfoot>
      </sylvite>
      <septimeOchtAdelphi jockoDitched="unsetUnknitsTakahes" drow="66278" hysonIndylic="wealfulImpairsWinder" intubeBuddy="40864">
        <miners>hailseTaxy297</miners>
      </septimeOchtAdelphi>
    </baldlyBencite>
    <eroticCaique>
      <burrock>zostersStapJauked</burrock>
      <bulimiaAdagyCaulis bogwort="727035739" crapaud="siltyWragerToyful">
        <repinedImproof>lancet636</repinedImproof>
      </bulimiaAdagyCaulis>
      <dzeron>
        <hiringsChibol>gruidaeRead</hiringsChibol>
      </dzeron>
      <plicaKarmic oology="bramPalasNekton">
        <twittedTokened>kabPliers</twittedTokened>
      </plicaKarmic>
      <peeps kidvidRewaterBulrush="gummataCrenulaValerin">
        <prependCurses>tylion</prependCurses>
      </peeps>
      <hulledHumeanUhs mismaze="9992658" wisterArgalisQuelled="80">
        <rajivBambusa>essenceAmvisTother</rajivBambusa>
      </hulledHumeanUhs>
      <syrniumSylvage precesSubgensRosel="368">
        <plumule>5244</plumule>
      </syrniumSylvage>
      <esq adducerWaking="lakersFobbed" girdingPavers="gibbals72" racketPuppyOaten="soapingRainfulCurlew" nunciusProduce="saltary">
        <daswenGlassenWiners>smarten139</daswenGlassenWiners>
      </esq>
      <echelonFans>
        <touzles>meublesWormils241</touzles>
      </echelonFans>
    </eroticCaique>
    <lakes>
      <demisesWhipper>338702894</demisesWhipper>
      <cashewsTickled lockupsSerule="elutes9566" dobraSixths="traineeJinsing325" adrenalRejectMosan="barretMusrol" rielMulgaTelinga="alaySinewedBeshine80">
        <tattledRamalWhiglet>7548371</tattledRamalWhiglet>
      </cashewsTickled>
      <mamelonAxed empireScornedAkoasm="saran" scunnerBracted="brrr" cavesFritNoosed="34666">
        <almach>bahamasBeltisZymome</almach>
      </mamelonAxed>
      <terseVolvas raw="5292" seisingPelted="965" intinctMolidae="boeHoedImagism">
        <waddles>92923021</waddles>
      </terseVolvas>
      <tamineKagus firbolgCumenylHutted="529" doris="acknewQueenlyPrimer">
        <planum>636766</planum>
      </tamineKagus>
      <altheas inwind="plage">
        <armaryLetsAmydon>izzardPittism</armaryLetsAmydon>
      </altheas>
      <panamas animoso="888604684">
        <allan>sheogue</allan>
      </panamas>
      <tillet careen="biogPayably">
        <postwarAneuricUnmixed>skieghAboulicAnther</postwarAneuricUnmixed>
      </tillet>
      <echoingCalciteCitable uncleadChidesStambha="wigmakeBoothReune" chauntsFrigor="adlumia" ermitSlypesDoctors="lutists">
        <scapulaUsableSerifs>yokelry</scapulaUsableSerifs>
      </echoingCalciteCitable>
    </lakes>
    <yacareMill>
      <curser>oxford39</curser>
      <unblindAdsorbBawble saitheHooping="carobsNonpros" vegans="oxaliteOrexin">
        <courtedMinutiaWarmful>gunplayUndomed</courtedMinutiaWarmful>
      </unblindAdsorbBawble>
      <readersMegaeraVetoing alapaSellie="736" bimahs="pciUnsweat">
        <arian>knopsPithed</arian>
      </readersMegaeraVetoing>
      <hilaAgoniedLacrym uretal="psychalJonesesTartine" unicingFecklyTheyd="89964219" valors="toxylon">
        <mornedDiiodoPanos>unbaitMisselsAlgas</mornedDiiodoPanos>
      </hilaAgoniedLacrym>
      <invitalMamilla blumes="5" belcher="psychedFronsFrancia" playletDykerMeccano="animasScantPrelacy">
        <betellPurin>26</betellPurin>
      </invitalMamilla>
      <simoonBosqueStikine revererUredemaEditor="dryfat6" feoffor="950" choreaNonwar="haemad" bammingSiwanTriduam="rectosByway">
        <snoke>nukeMensa</snoke>
      </simoonBosqueStikine>
      <elliot>
        <solidBardel>maddest</solidBardel>
      </elliot>
      <quirite>
        <ferrashGaluth>anoesisCorcass</ferrashGaluth>
      </quirite>
      <hutRecorkIndited fecesWadmol="hackieAurang" rumbaReindex="trigoneAlumnusGear">
        <faireMainan>nacePeletreScar539</faireMainan>
      </hutRecorkIndited>
    </yacareMill>
    <demainSonnetTempted oxfordEpode="slitherImpious" squiresArcellaOutsins="30" retooth="kilobarNowhatSpouter">
      <trifoldCrumper>dorbug</trifoldCrumper>
      <exedralPilfers unruthTas="blattaAmyctic" limasHamites="argali" fumetsUrinaryWestlaw="wormilsDistrBosomed6768">
        <upcockSmock>masked</upcockSmock>
      </exedralPilfers>
      <bellmanGillionFeazes emoterNewton="9858" craxAstrerCahokia="lacuneSundari" tievineForfeit="juglonePridingDjelfa" raphes="436">
        <runletZonular>holmesKishon</runletZonular>
      </bellmanGillionFeazes>
      <pickaxUnruthPorn linkboyNoummosHoaxed="gemmula" hatsDecoicMaypole="morralManidae" steidUnseal="krypsisTarchon">
        <glarierMesitae>molosseDeeding</glarierMesitae>
      </pickaxUnruthPorn>
      <vigaUnqueen yaourt="taffiaObloquy" halasTauntonIndians="outswimXylene44" alexia="509868">
        <eldestWrinkleDaimen>moujiksUnsort</eldestWrinkleDaimen>
      </vigaUnqueen>
      <spanedArzawa>
        <bacalaoCadmideRong>vendisChorineCremant</bacalaoCadmideRong>
      </spanedArzawa>
      <swaddy dronesUrger="confactSmelterBehorn69" giocosoHeftierUppluck="scillasKercher">
        <agrufeNavahos>batellJiberSwim</agrufeNavahos>
      </swaddy>
      <hearthsRepleve>
        <prosar>omnificLithoid</prosar>
      </hearthsRepleve>
      <uncuth kmelAgoras="adjointHornful" schrankKhalalArsines="maps" plicaeConifer="upgleanSistrum">
        <wimple>warnissEntopic</wimple>
      </uncuth>
      <fomentsInkiest>
        <cairoPeeries>cramped</cairoPeeries>
      </fomentsInkiest>
      <flanchePutdown adviseVelout="frothedAppointPlap" incomerHaircap="reif" cubicSeity="danaid" nudismBoffin="everlyPardee2">
        <jeery>jailRemakerPrecook</jeery>
      </flanchePutdown>
      <kiddish bilimbiSericeaRemint="45038" fiduciaHieder="4435" cantsYuncaBlowsed="midgardBulbier">
        <masers>karel</masers>
      </kiddish>
      <nutgallPenide skaterDrimysWhaly="cadismWeanoc" unitsSharpPellian="ochers9" summity="daggers" arent="myrtleUpdartSailing">
        <psychStrawy>241865313</psychStrawy>
      </nutgallPenide>
      <baser backlitTreason="vang" dunkMiszone="2231602" pleasScary="getterVulnedSinky" cedulasFellic="lowth979">
        <emergedFilthy>baiera</emergedFilthy>
      </baser>
      <nessusCuntsLawful>
        <benzinPct>80451366</benzinPct>
      </nessusCuntsLawful>
      <beslave farersWiglessEcuador="552496965" avitalVanity="plea" thurgiBhutan="7710606">
        <bonanza>mabi</bonanza>
      </beslave>
    </demainSonnetTempted>
    <cabled>
      <costfulRostel>dobieHejiras</costfulRostel>
      <pane cinerin="852513" thisll="ascared" daytideClarify="3344">
        <peaced>156402261</peaced>
      </pane>
      <donn shield="zoque" kerns="viaticPipkinAspern">
        <kufiyeh>gyronnyKarunaScarfer</kufiyeh>
      </donn>
    </cabled>
    <octanSpik>
      <teamed>630</teamed>
      <banduraSarsars ampyx="644" weezleSycones="3768">
        <libardThurioShivers>pinkies</libardThurioShivers>
      </banduraSarsars>
      <filingHemlock>
        <estureHogcote>scathyTitanDagomba3506</estureHogcote>
      </filingHemlock>
      <spectryPatonceDerrire cambionBibbingHypha="yamWhaling">
        <pilawsCujam>odorOmnify</pilawsCujam>
      </spectryPatonceDerrire>
      <wraxled maiming="coppledSclerAph">
        <tiradeHarv>ateuchiTrines</tiradeHarv>
      </wraxled>
      <vined albainn="actedCorsie" tangileHoldmanTenthly="jiggit" valeryl="27">
        <punesePodiaMurmur>cadish2587</punesePodiaMurmur>
      </vined>
      <fishy schulPenal="viduineGrandeGlyphs">
        <cutleryEmbrute>readdedOres</cutleryEmbrute>
      </fishy>
      <vena goesMiscopy="906269112" mockupsTruerCoypou="folicBabai" violFiddedPiute="neddySpinorTargum" artfulLoads="akinGweduc">
        <geminalSwitherPrecide>atoneNitta</geminalSwitherPrecide>
      </vena>
      <hybodusPisay sadhes="kolush" vistlikTernlet="powanFaveoliKvases" lotusin="amazonDrupeMaximal" fautGaedownPerrie="11">
        <decuryZemstvo>668989</decuryZemstvo>
      </hybodusPisay>
      <synapte chiasmaMorphew="dinitroPinwaleSepta" fiendlyScrimeHunt="upsurgeGazebosStereid" scrogs="lebanonBirchCotise">
        <anglish>893608263</anglish>
      </synapte>
      <terai sotik="boomersBroncos">
        <gurlyHernial>379164</gurlyHernial>
      </terai>
      <axillas obeys="lineateRevilerEndear">
        <fontes>3780625</fontes>
      </axillas>
      <lordan raisesCoredStoush="amanita">
        <rouchesHarelip>debated55</rouchesHarelip>
      </lordan>
      <taiwanSoldanRooftop sterileShahinUnhold="aerogelStench">
        <gawksHydrusReknead>sloushZymiteMarx</gawksHydrusReknead>
      </taiwanSoldanRooftop>
    </octanSpik>
    <quininaBloomy>
      <supeProduceRestrap>56487</supeProduceRestrap>
    </quininaBloomy>
    <purerRentier olease="soybean" spinorsDale="impaveJunkingTricked">
      <dowing>toitoiMinbuGouger</dowing>
      <matzah>
        <tuitive>524</tuitive>
      </matzah>
      <unlookLiggatHamule towingLaying="deviousOxreim" poshoClamperDow="pertlyCupcake" georgiaCoghle="inctriMurmur306">
        <daudit>krubut</daudit>
      </unlookLiggatHamule>
      <prelate utchEarclipPeavy="rowels">
        <moselleProlineNodding>zeugiteGobbingCouldst</moselleProlineNodding>
      </prelate>
      <shopboy zod="polygam352">
        <hamlinePheneCurragh>widegap887</hamlinePheneCurragh>
      </shopboy>
      <enactorFlexingCogue tama="makadooMatting1680" unais="cullingOverate" scringeRamble="4" tahaBearm="silkenHaloingWeeders">
        <cidersInvite>bezilLions</cidersInvite>
      </enactorFlexingCogue>
      <naiskoiGyronny>
        <reatus>sludJulianePhryma</reatus>
      </naiskoiGyronny>
      <ablude dittany="uprest" rayedOildom="80">
        <hyenaXxv>maneiKetole</hyenaXxv>
      </ablude>
      <gurnardCinuraBrugh>
        <turmoilGaeldomVeered>tussahsSucciseTested</turmoilGaeldomVeered>
      </gurnardCinuraBrugh>
      <dindledKhadiSumen mutely="encupCausesOrient" bedur="illUplift" tunaDaubesDuelist="cloamenIllumesGravel">
        <coacherLabored>mures</coacherLabored>
      </dindledKhadiSumen>
      <baffsEuterpe>
        <bespeteKerned>phonolSieCasebox24</bespeteKerned>
      </baffsEuterpe>
      <ditaliCroodle>
        <itching>leewayBothros</itching>
      </ditaliCroodle>
      <woaldWasts>
        <wali>linitis</wali>
      </woaldWasts>
      <divorcePirned skaselyRickeyPiler="abyHornetCorgi" madrierSlowest="trehalaBemist" absOmniana="todiesCibolExul">
        <tabStagier>skinker1</tabStagier>
      </divorcePirned>
      <mukhtarAdditumCitrins liarImbeselStemma="ramiro" renownsDensSkee="airtDenaro">
        <supp>6826604</supp>
      </mukhtarAdditumCitrins>
      <jerseys indanTrac="ochrea">
        <outbendConceal>eightGolder</outbendConceal>
      </jerseys>
      <nardooAnelaceJinsha>
        <goldiCalean>hellbox</goldiCalean>
      </nardooAnelaceJinsha>
      <bobacDesmans>
        <bifaces>9</bifaces>
      </bobacDesmans>
      <abdalCyclosLapeler triode="353" missaidMarascaOdling="39707385" labrid="cornett" recopyToluyl="abbacyUnscarb">
        <choughManosEnage>arleneGluish</choughManosEnage>
      </abdalCyclosLapeler>
    </purerRentier>
  </beauish>
  <bobacBrailedTchi qasidas="chasses" rafflesAngelimKeyhole="reliantFaucalKhass">
    <fogle amatingWarmest="433461656">
      <applaud>kanuri199</applaud>
      <duenessHuitreBizant>
        <serose>419700</serose>
      </duenessHuitreBizant>
      <salute jert="diazoic" limemanFeddanBlacker="sleezyShochet" tilaiteAdvices="germans" aseYacal="gotos">
        <afrayEgises>1032671</afrayEgises>
      </salute>
      <sandip sixtusDorsalsMagna="eponymy">
        <gloomthCackedMingie>pursletPerplexStuccos</gloomthCackedMingie>
      </sandip>
      <rendingMinisubAltezza exogamyBeloutCosecs="mossieMarmar39" flamfew="axifera">
        <smocksFlummerAclys>glycols751</smocksFlummerAclys>
      </rendingMinisubAltezza>
      <redip satoris="ensteelSwiftlyChronal">
        <afghansPhraserLofters>7930</afghansPhraserLofters>
      </redip>
      <keek menkarErode="58721" fliggedLigular="keatsChapmanWoofell" duaneWastern="sipapuLowbell4" nerolEstafa="ficoesDinesTonsure">
        <muscleLushaiPanty>lujulaEppesStir</muscleLushaiPanty>
      </keek>
      <koumissKnautiaAlpist redsearAwheelVire="fanweGruysMysore">
        <wringer>earache409</wringer>
      </koumissKnautiaAlpist>
      <cowboys oxbiterManweed="rebatePowny5">
        <unhopedGlyoximCasked>frumpy</unhopedGlyoximCasked>
      </cowboys>
      <scoldFitches maroonMaresUrbaner="241041">
        <peweesPudency>12666346</peweesPudency>
      </scoldFitches>
      <deadmenApochae>
        <kiowa>7</kiowa>
      </deadmenApochae>
      <scurvyPachtPhellum>
        <alauntVoder>duessa</alauntVoder>
      </scurvyPachtPhellum>
      <leesing>
        <tiltupEddieRamjet>jonCourche</tiltupEddieRamjet>
      </leesing>
      <scoldedRaleBaluchi hyppedRabbetMaco="bibbons">
        <piazzeTractorForedid>lucklyAconiteVaagmer</piazzeTractorForedid>
      </scoldedRaleBaluchi>
      <waifing remainSluffs="9915891">
        <alans>utumSubductPind</alans>
      </waifing>
      <jowserLeashesLust>
        <fulgentLampateAngevin>spores</fulgentLampateAngevin>
      </jowserLeashesLust>
      <spilledDimmetHennaed>
        <pith>quelmeCoppedCapita</pith>
      </spilledDimmetHennaed>
    </fogle>
    <sexualPierceOcque>
      <nothus>kickxiaBeacons</nothus>
      <agasp>
        <encaumaKnaves>774290</encaumaKnaves>
      </agasp>
      <tulipiPembinaVillain zoona="wonkRummiesAshless" stagScommGertie="flockerChaftedDiked" eclipseTublet="barvelGeiger648">
        <santimsLivings>rondJonnockKythe</santimsLivings>
      </tulipiPembinaVillain>
      <wastes kerugma="swifty" pickout="ranid" lardoon="amorosoDuopodMinuets" privet="somalHookish">
        <lownessUrazinAreas>superi</lownessUrazinAreas>
      </wastes>
      <gymnicAccusesJoseph gerbera="lycopodDome" arghoolDeashedProlog="yaguas" pursyDrubble="36111792">
        <dispondEscopet>pshawPenguin</dispondEscopet>
      </gymnicAccusesJoseph>
      <alop plafondRisorseMangyan="spathedOnanism" foilsLagunesTrismus="baloch">
        <apiecesWullcat>jikungu</apiecesWullcat>
      </alop>
      <fowls>
        <evacueeHoumous>fidac</evacueeHoumous>
      </fowls>
      <waivodAzymousSuguaro>
        <calindaOxygenMamers>saltaMump</calindaOxygenMamers>
      </waivodAzymousSuguaro>
      <tellersVaw ballsy="recluse" roofagePillionFimetic="omagua">
        <alls>nuddyWatson8</alls>
      </tellersVaw>
      <wilcoFrowned tragalSabanut="filmierLapinsImpinge123">
        <dingmanNonary>fatter916</dingmanNonary>
      </wilcoFrowned>
      <incaseThillResilia daggarAstelyAnuran="waes" kaikTierer="faucialAdore" oyes="hugsomeKelder7" dur="fainest">
        <busing>ingram</busing>
      </incaseThillResilia>
      <banyansZymome>
        <riyalShiels>edible</riyalShiels>
      </banyansZymome>
      <ludibryOarman gorsier="ogygiaDossety4" orbiterWallets="engouePoisesVivider" permiak="halestAdmetus" acholiaSabeingAdmires="racewayUntill">
        <toupeesPammentDipylon>hokerlyUdiPashes793</toupeesPammentDipylon>
      </ludibryOarman>
    </sexualPierceOcque>
    <shiplapLianoid coempt="98243253" nippedOlneya="jowlyLeaguedVaginas" spiders="apostem" queeryCaseaseSker="droskyWalkupLapon" spignetWoodoo="weevilQualBeglads">
      <frotted>waddledIcacoUnawned</frotted>
      <defilesUnjam>
        <catnipGarousUnheedy>amidsCatered</catnipGarousUnheedy>
      </defilesUnjam>
      <bruce>
        <anorchiDiking>rentsUnlent</anorchiDiking>
      </bruce>
      <sciuridCoelian poe="ambareeDarkingSnidest" tushiesVestige="woefareWearish">
        <tylocinCreepyRother>trifletBunkumsSeck</tylocinCreepyRother>
      </sciuridCoelian>
      <waffieGawk>
        <ectadEyey>bahamaBirseAlkies</ectadEyey>
      </waffieGawk>
      <dirigeSwarths spookyKeekingManba="truller" pinulusBubales="774619" recado="cruiserSheave3">
        <coalySmudgedVinals>shyish</coalySmudgedVinals>
      </dirigeSwarths>
      <gegger>
        <reckons>52429</reckons>
      </gegger>
      <zebecs earsh="hemselfDerf">
        <duadsEpidermHoon>praxeanHan</duadsEpidermHoon>
      </zebecs>
      <tunnerImpedes pallets="rattageInsoothBeltmen57" actifyYakonaCliff="nick" alfioneMna="9408947" pakchoiAssotAppend="paddle">
        <shakes>98626</shakes>
      </tunnerImpedes>
      <preyersPaillesRehang hijraZincite="41134" corvina="4658375" mamRooftopCanun="bypastKoontiBloop">
        <aileenNudnick>7522</aileenNudnick>
      </preyersPaillesRehang>
      <unpickCucujus mopsey="orfeDemureSniping" wigwamOvaria="sickbayQuin7">
        <pinking>specs</pinking>
      </unpickCucujus>
      <nigglesXysti>
        <kerslamBahoPudic>tweestPulicidSouagga</kerslamBahoPudic>
      </nigglesXysti>
      <gunky thingum="ashramaReceded280">
        <crownedWheres>spueTenue</crownedWheres>
      </gunky>
      <aggressEche writheSpayardChiopin="flaskerAethusa7" corahKnawRoebuck="gioCuts" morvinRepaved="estamin">
        <bacula>unablyAuchletForblow758</bacula>
      </aggressEche>
      <puplikeGifture ureticNonzeroCleam="71546" dispond="talked1" neelaCollyba="seqfchkFarawayGhi" amritOutvied="gooroo">
        <saditeAixOwnable>fleerer</saditeAixOwnable>
      </puplikeGifture>
      <onwardsKhitanNerving igniter="payong" siberiaNarksChapped="fullerJustice" ischialMeno="corbansDarinChewink">
        <keloidsTai>singly</keloidsTai>
      </onwardsKhitanNerving>
    </shiplapLianoid>
    <sookiePechPerdit>
      <naivetyRecodesAbaisse>gorglinUratic</naivetyRecodesAbaisse>
    </sookiePechPerdit>
    <everwhoUnhedgeSweeper>
      <dhobee>gerentsStases81</dhobee>
    </everwhoUnhedgeSweeper>
    <corkerDykesDissite wretchEbony="2" tabbisMimicry="pepsinsConicalBebops80" vervainTotable="451408" kills="iambize" foreseyForexGlue="sonicaInlaw">
      <bdftKiangs>sailingWiltonYupons772</bdftKiangs>
    </corkerDykesDissite>
    <canunMeshechPunnier savatesHamfat="derog" clition="laisse" biffinsImpel="gutwortJokier" dopeBardier="tammiesEstrada">
      <tstRetorts>plosiveLogeiaAnderun</tstRetorts>
    </canunMeshechPunnier>
    <nupsonFps edgedWalls="holer" boukitDulcian="windillMelvie" surname="370652" pareusEtagreCuddies="tuxAllene" pusesAtwirlKulturs="zaqqumPeon" bypastHegira="flankenLnrSwinks">
      <waxer>966</waxer>
    </nupsonFps>
  </bobacBrailedTchi>
  <disemeJangada ninja="yemenEnhydra" plannedBlabsInfile="twoes" utiWaly="stiff" brugesAru="carlBhabarMahsur">
    <goateesWank>
      <haulseTillsSicyos>4</haulseTillsSicyos>
      <alloyedPummice sealessEntasesFlon="treaderPientao" abelite="247">
        <purflerFree>apetalyOpesMawp</purflerFree>
      </alloyedPummice>
      <sartorTaxmen troys="parian" gonzalo="127041495">
        <legateMorros>8311</legateMorros>
      </sartorTaxmen>
      <scribalEyedotIof iliahiRacheAurum="kilah" hokums="wobbler" dinglyCorderyTurbot="steeledTchast920" monocotEmersedVapidly="443022685">
        <reister>tige</reister>
      </scribalEyedotIof>
      <subashiHullo futiley="sambaraHoroutaUndim" reshewEyah="9" datchas="partieGriefToffee71">
        <acromia>newtonSarkingMuseum</acromia>
      </subashiHullo>
      <balutShearerMaydays wiryAlecupJokes="byhandUnultraClayen" skeppe="chancheRewhelpFanger" islotPloidySalta="guzzledTambo" boostPluteiVeigle="evoluteBowyersRehired">
        <colsDividesGruft>oustingCodbankShiver</colsDividesGruft>
      </balutShearerMaydays>
      <fenner wychDodkin="artarEutaxy" eked="trashesSanzenCalzada5835">
        <addisBoobies>orbificBoom</addisBoobies>
      </fenner>
      <ziraiEpicismBatton eirene="bichirPouncyStamin" seethe="wirewayGaleod" astelKerewaHowled="7852" varnasSlopes="darnelsBongar137">
        <slockenBraza>apiece</slockenBraza>
      </ziraiEpicismBatton>
      <pallas jeepsBugwort="coelin" lexicogWitlingSude="livetinGroset">
        <wiss>vaus</wiss>
      </pallas>
      <jokePreePigmies cusserPorzanaPlanar="sixteen2292" bassoShrinesAmouli="rooky" duoleObscuraSondes="apexedBlowzyRenamed" judgesToher="petoLete">
        <lentil>oncotic84</lentil>
      </jokePreePigmies>
      <yperiteItaliot>
        <bedcapDiluterDiplont>scupperVeldman431</bedcapDiluterDiplont>
      </yperiteItaliot>
      <burled pyransAmoebanClair="athumia">
        <shakeupBucklerBasta>hilloManship</shakeupBucklerBasta>
      </burled>
      <ecuador juponsCurinRhoncal="coypus" raptest="omegoid">
        <argueBalr>xenia</argueBalr>
      </ecuador>
      <heuchs>
        <pirl>negrosGluish</pirl>
      </heuchs>
      <duodial synagogCoater="brooks" sikhs="skibbet9" dexter="gnabble">
        <bloCreasolOutrun>4884</bloCreasolOutrun>
      </duodial>
      <hermaiDefiberDor>
        <ceroticRooingOrders>dumbed</ceroticRooingOrders>
      </hermaiDefiberDor>
      <boomersWinstonBurd>
        <turmoilEyelid>outlets</turmoilEyelid>
      </boomersWinstonBurd>
      <juamave>
        <potcherFuguBroody>gagers</potcherFuguBroody>
      </juamave>
      <lerret dolente="befitsSahh">
        <dentingZolle>indorse</dentingZolle>
      </lerret>
    </goateesWank>
    <cariesSparage>
      <yook>897572291</yook>
    </cariesSparage>
    <resteelDismaysHustler plasherRetoastHagenia="prove">
      <perilDamagerSnailed>spissus</perilDamagerSnailed>
      <founteEnsure null="mintingIndabasCremant" anonang="lenvoy" lestLedeGobans="djinnyChaum" byssinCpo="322008675">
        <chiasJoltedWype>rebusesDieters6</chiasJoltedWype>
      </founteEnsure>
      <itchier fleshChirpy="yodlingDaurna" irrealOutjinxRuga="4" wording="boozifyCaulisLabella" tridentLullDomoid="bummil">
        <dairiKonyakHubba>swoops</dairiKonyakHubba>
      </itchier>
      <dinsome emusive="31">
        <ungodlyTamzineBedeaf>graveryLest</ungodlyTamzineBedeaf>
      </dinsome>
      <spottedPouchesWashery>
        <stalkPudgier>petunia</stalkPudgier>
      </spottedPouchesWashery>
      <honan skiddyGrillee="ghborGainageJereed">
        <bubonic>tipsifyBatlet879</bubonic>
      </honan>
      <dingierDiander>
        <kanaff>spleniaHydricSuddens</kanaff>
      </dingierDiander>
      <sumlessMilleri tripyPhotogs="druckenEpacris959">
        <zerebaArryishHuffcap>oidia</zerebaArryishHuffcap>
      </sumlessMilleri>
      <ramateAkpekFriers cypreChuffy="whammedCaribou" vetusCoal="32570838" scrout="quasherBelanda">
        <exinitePubFulcra>lanson</exinitePubFulcra>
      </ramateAkpekFriers>
      <inface>
        <aketon>diners</aketon>
      </inface>
      <picongMercers rumba="oohKhotanaTano" bonnock="crapper">
        <alcaePawdite>methylsAtharCorbina</alcaePawdite>
      </picongMercers>
      <cocklerBonbo>
        <pinupLivable>exaltedGothicPagne</pinupLivable>
      </cocklerBonbo>
      <racoonsRameal ballard="verbumPimpedDalles" akebiVeluredRezoned="packet">
        <gerontTayassu>baithDotal9</gerontTayassu>
      </racoonsRameal>
      <stamps ethalCheererSimulty="9381922" stompAnticusDedans="parrah" tryma="supplesCrisps9850">
        <bushers>pulsusWandooEbonies9</bushers>
      </stamps>
      <depositYoginis wissesSejunct="tundDroneSheria" stigmesAlkamin="rockaby" titfishGlassenGaw="418899139">
        <nunce>tylusTeras7</nunce>
      </depositYoginis>
    </resteelDismaysHustler>
    <dyassic straysAerates="misticCommitLucking" irfanPusslyTirr="22996" protean="pouting">
      <hide>habitan</hide>
    </dyassic>
    <mixableBeauneTerr>
      <gaspersSuable>kibbleHallelsLazarus</gaspersSuable>
      <procActorSquatty ilium="asarumPrintsMegilph932" puntaBundledKingly="9650">
        <cheerosMilkedHaikh>62806</cheerosMilkedHaikh>
      </procActorSquatty>
      <reekerLavas grister="kamianDreamedGorilla">
        <avoy>6</avoy>
      </reekerLavas>
      <whiskinLairedVelured mesas="1245" korProturaMajeure="clitImpalsy" longaPurey="lingoumArtly7219" grecqueShammer="overbyWheens873">
        <joyletBarrels>atrenFlax</joyletBarrels>
      </whiskinLairedVelured>
      <oneself awokeMildew="3620" bisexedLoutyDryas="trochidMissishExcreta" pigskinNitrosRester="royaltyAbulia" ripensUpmastVaster="aliunde">
        <estrepe>28</estrepe>
      </oneself>
      <fondledMistle bluethLocule="pericuLoftierClift" dayan="300307561" storaxMennomAcryl="baronne" kempiteCephidZonked="coinLutesEssede">
        <haeingLysolWittol>plunder53</haeingLysolWittol>
      </fondledMistle>
      <lilialCozilyGolosh deodara="fishyFactory" fallers="trillilFreitySpinny">
        <boridUncs>suzyMortisZakuski</boridUncs>
      </lilialCozilyGolosh>
      <nawtReseesPeltry gigLandageTunmoot="oxgateStartle" amobyrMirateMadelon="936003569" phytomeGalerumWainage="derahInspeakUmbonal">
        <bolis>metad</bolis>
      </nawtReseesPeltry>
      <nothousIgluNards grabber="buddleArcose" neatenGullRodent="misdoerPushout133" donLouvarPlaguey="7801" jouked="854186">
        <upwallAfars>luigi</upwallAfars>
      </nothousIgluNards>
      <slooshMarches friszka="18">
        <tirrit>gravZiczac</tirrit>
      </slooshMarches>
    </mixableBeauneTerr>
    <ahi prevost="9140358" undog="gateadoTadeEpicede" waistAfley="sancordPhthorSocman">
      <cryptalBackjawChott>aplite</cryptalBackjawChott>
      <frothed bitumedMawger="impearlCoshed">
        <pushSawderRayas>kalmuckMundCocullo</pushSawderRayas>
      </frothed>
      <bismarkMecumsMuzz>
        <ohiaBibbled>tentagePimplesBrail</ohiaBibbled>
      </bismarkMecumsMuzz>
      <batemanErgot couter="juicilyCowrie" sopheneMilordsCymbals="74" ejusdPointesTragal="keypadsSirreesGynic" maiefic="8">
        <kerryDullsHurtled>majeureExemplaHaem</kerryDullsHurtled>
      </batemanErgot>
      <nunship>
        <adducerMatthewRehead>30803922</adducerMatthewRehead>
      </nunship>
      <toupeed gillot="yes" exhume="ianKaputtMel" flavousDitaAgen="missishCoffea" putcherAngka="baittleCigala">
        <amokeWisher>amper</amokeWisher>
      </toupeed>
      <cecilia lieflyChecksFaire="oilyVoider" crunchAries="beslashYuansSalique">
        <anlagenFlooded>siegurd</anlagenFlooded>
      </cecilia>
      <tanglyMedilleAshlar zooglerGlycolPreacid="8619454" cometicTiangWoods="iambiOxygens" wakoreCuneiEgalite="realtyArgaile">
        <enforth>hydriadAoliWindlin</enforth>
      </tanglyMedilleAshlar>
      <curcasKalpaksPud satingMaudlinTirurai="lainageLauraToluols" annabel="jynxHymnodySchema">
        <fouteScolexSci>seaxFanOuttore</fouteScolexSci>
      </curcasKalpaksPud>
      <thiolsCelsius graisse="hoker">
        <okrasMia>unwellNeverInured</okrasMia>
      </thiolsCelsius>
      <avowterNasial tavernaAwaits="wafts" possetsButtiesQuaggas="ophitic" stopaJargonsFodgel="amideCrimmerYocks">
        <bheesty>wrokePhytate</bheesty>
      </avowterNasial>
    </ahi>
    <wadmaalAkhlameTafwiz>
      <actine>standsBraula</actine>
    </wadmaalAkhlameTafwiz>
    <nomineeDrank encampsThonSuccin="impfDeewansDays" secerns="rubbersRegal28" rambeh="synoviaPetty" rimersRoralAgreges="eyefulMesteno" signaHeer="scotinoAdoneanGondang46" tartago="arrayanBreathAttent" platodeBegeck="71758782">
      <rashestAgamicWyde>somaPlato1</rashestAgamicWyde>
    </nomineeDrank>
    <mafoo>
      <nagara>wedeDreck</nagara>
    </mafoo>
    <plotfulKarattoDewing>
      <extineRapilli>display</extineRapilli>
      <jargoon>
        <daturasQuinse>palealBezil</daturasQuinse>
      </jargoon>
      <drumler dago="indeedyGoonieEmerge" cetane="turrellOvinaeWhangee5">
        <naturalDonnChiwere>manjeriMarginsCcws</naturalDonnChiwere>
      </drumler>
      <firMusarAzotize drivingUndoerHoidens="coraiseSarkarUlmous">
        <taberedJokierOxyopy>goaveArmours</taberedJokierOxyopy>
      </firMusarAzotize>
      <fonnish dhobisSchemas="lickerSaite">
        <itaFink>radeauUpsets</itaFink>
      </fonnish>
      <reshoes pyronesGundogCaduke="int5168" koniaLucarneMoss="impostCoghle" iraterEleven="yentes">
        <mezzo>6483</mezzo>
      </reshoes>
      <gyved acopBidderyChakras="200" noam="finnierEloignsStardom7618" asian="781" rancour="entry">
        <premate>trahWirbleMurshid</premate>
      </gyved>
      <porkersIcespar pukeTarsusElapine="mortWaker" secondDoloresWithen="halfBeshine3" bushyGoitral="trevet">
        <thereupRestamp>fisher</thereupRestamp>
      </porkersIcespar>
      <trinkle>
        <tinpotSlotsLappa>pinacleDernier</tinpotSlotsLappa>
      </trinkle>
      <dartlesCobberDemode plurisy="22239465" gibbetNegro="enfiefWhittawAmiss" chewieDurbar="333" ordered="withnay">
        <whortleDemiox>syreCalpack956</whortleDemiox>
      </dartlesCobberDemode>
      <ireneMarts rubberyStipate="paliest" cheersViaductEndow="manuary26">
        <cueca>kails</cueca>
      </ireneMarts>
      <twitsBead asimmerSnaff="84925" gudgeChasmaOsselet="7125" elbowerChgIllogic="yukkel" pifflesKanthanRapanea="cawsBestrewPooches">
        <gonalEyebrowHeidi>fardo</gonalEyebrowHeidi>
      </twitsBead>
    </plotfulKarattoDewing>
    <dahlia>
      <aroonUnmeth>dhurraFleakGaudily</aroonUnmeth>
      <upwallArchai rhymyTonsileSkewl="ghastly">
        <aurochsDebark>bejelDusking202</aurochsDebark>
      </upwallArchai>
      <gladHalideAnimus binmenOner="nookletKutenaiWarbird" rockaby="adullamShown">
        <caboclo>28988639</caboclo>
      </gladHalideAnimus>
      <hemeCrimped findyDeputes="lormery" formlyCongeon="973">
        <beret>segnos</beret>
      </hemeCrimped>
      <orgiac islayChouan="4556442">
        <hunnian>titTramcar</hunnian>
      </orgiac>
    </dahlia>
    <mononchRhymersCalpacs>
      <awacs>tzetzes</awacs>
    </mononchRhymersCalpacs>
    <schwarzSquozeCangue>
      <flatcap>yerbalStddmp</flatcap>
      <acuchi>
        <emydeCrevetErnie>41406</emydeCrevetErnie>
      </acuchi>
      <buroSurah>
        <anomura>1</anomura>
      </buroSurah>
      <tankers fussily="452732089">
        <nervii>looplet</nervii>
      </tankers>
      <crowd>
        <isomeraHordock>enfirmRetakeAueto</isomeraHordock>
      </crowd>
      <intower droops="jumpedHounderTundish" modestSolpuga="raidingTambor">
        <nuanceBozine>sighedLateenBesant</nuanceBozine>
      </intower>
      <mottos settled="crinums" unclaySeabagsVaunt="herm">
        <aunterLozenge>muonsSawnFiant</aunterLozenge>
      </mottos>
      <botelsRimas>
        <balebosSaudisVerses>ezekielGastral77</balebosSaudisVerses>
      </botelsRimas>
      <tingler shannyOwletLionne="unflushRestab" paga="down" moultAlmoignKantism="ufosGoodbyCluff">
        <wriesHalawiSicket>996374</wriesHalawiSicket>
      </tingler>
      <javanScholarLich>
        <canfulBewraysDarken>creamerPimpla</canfulBewraysDarken>
      </javanScholarLich>
      <publish lingcodIngrossGaster="kleigPailfulTill" stuPulsant="ber8">
        <skeyForesHandbow>nerves</skeyForesHandbow>
      </publish>
      <anthusAstite>
        <donaldRoquetAvahi>millerVisions</donaldRoquetAvahi>
      </anthusAstite>
      <curber refused="exitingVedika" inhales="tallowsGophers67" poral="rescaleQantar" narcismCuttoosGenson="brand70">
        <crusieSokotri>madtom</crusieSokotri>
      </curber>
    </schwarzSquozeCangue>
    <detourPilauPumas>
      <juiced>astride</juiced>
    </detourPilauPumas>
    <hotbedLookerAnatole scoria="tappenMinings" veridicBeamer="ramous" banlieuChrysid="yallock" peaceCawk="poldavyAmityForet594" greet="upgangThugdomSheens" lasty="zymogen">
      <deathsSamoan>edictum</deathsSamoan>
    </hotbedLookerAnatole>
  </disemeJangada>
  <puds tipChandul="revomit" onshore="mollandMose" />
  <serviceAswitheClaims cyamid="scudder19" vedaRolf="5089">
    <cruRicracsReyouth>
      <enceliaPoetly>decrialBunk</enceliaPoetly>
    </cruRicracsReyouth>
    <erns>
      <gibliAmmine>trouter</gibliAmmine>
      <taggyArioi pilaued="foreuseTwelveLuxive">
        <sleekyPatterKeet>sedumsGambang</sleekyPatterKeet>
      </taggyArioi>
      <tangsPartons caldera="santalIdeanIncluse">
        <moroncyTenlaHoots>intrado</moroncyTenlaHoots>
      </tangsPartons>
      <kru beingTerre="35019235">
        <cucuyShegetsAlgy>garce</cucuyShegetsAlgy>
      </kru>
      <dodd>
        <sauraPureaynMuddies>bimalarBegladsBipeds</sauraPureaynMuddies>
      </dodd>
      <horizon>
        <oozooidShylock>6779</oozooidShylock>
      </horizon>
      <alcaeRamesh lative="thankBabkasAnubin" botongEffuses="lipping" pygmoidCoypouThreip="kiswaBalkansAluta894">
        <obitalOlsonSwanner>41924672</obitalOlsonSwanner>
      </alcaeRamesh>
      <cheney manhoodRakery="tigrone" grubberAllotee="diacope75">
        <yabbyPatentBarongs>cobles</yabbyPatentBarongs>
      </cheney>
      <zabtie blenchToasts="subjeeWist" durganKosos="strath">
        <septimeSondes>6455</septimeSondes>
      </zabtie>
      <turmRomped craw="groomsAbir" parodeUgric="13" pomelos="ratanGrannySwung">
        <alpianWakens>nieveta</alpianWakens>
      </turmRomped>
      <diploeDoncyPolyene mudweedGangues="raptlySequelsRamlike">
        <chessXylidinOxblood>zymase</chessXylidinOxblood>
      </diploeDoncyPolyene>
      <hearty nancyPaktongUpcurl="unflownShabbosInfarce" retryIzumi="orgeatTongerCts" bisk="lintie7">
        <ssi>casques</ssi>
      </hearty>
      <gangmanKalmiaBailiff unspeltStealerZip="sheolic">
        <nonene>replanManurer</nonene>
      </gangmanKalmiaBailiff>
      <markhorLabile mooringSapperGekkota="gondiCrumpleInqilab" sutras="cineastVidonia" bororoBenet="scaseDagglesRolltop" shradh="stalagSexualeIsoloma">
        <apium>logoff630</apium>
      </markhorLabile>
    </erns>
    <brailsAuroreBoget barsac="poggyPauseMarehan" zloteGravity="assurdPrexes" trinketCatarrh="914669338" asearchToxaHues="arecas" obeyerShibarCidarid="pawnSmarmsMytilid" phenoseAttleGauby="telugu" odoomDerechoVignin="bisexed">
      <boskier>7810904</boskier>
    </brailsAuroreBoget>
  </serviceAswitheClaims>
  <journ cubits="11246701" actionPauses="litSpumose" bunjaraOntaricIndulin="grometPause" fabulaForlie="98" />
</thatsCerrisLgth>