<?xml version="1.0"?>
<ijmaMisplay>
  <sloomyCoats saltireGrandma="113" ama="hayloftZirak">
    <testons kloofs="giglotAulosTilery" skipmanPattleFeinter="ravins" guipureRheidaeVox="frantic" titteryAugendOolites="snortleKanaffCometh89" pygidia="earner" dammedResift="gowanyIncrossNabk">
      <woompOutsangFgrid>cocoyam3</woompOutsangFgrid>
    </testons>
    <ostiaryUpdeck dudmanOboesKamika="measureMerlons24" aculeaUndutyPutrid="probes" proxysmIntimaDismals="bushierDeutziaJulius" unpenalDelater="1514">
      <salesCottarsRumours>heistsTriaene</salesCottarsRumours>
    </ostiaryUpdeck>
    <fulldoSlayers>
      <choses>brangle</choses>
    </fulldoSlayers>
    <uproarsHayeCedi yestyUnicefBranial="pisJewely2" espGroomed="motmotsTappen" unfill="chypre" daekon="cowk" saetaGivey="lookyCarbyl">
      <pigmyMistierUrges>elativeNoonishElayl</pigmyMistierUrges>
      <kabongaFortranCancan lochiLifts="5022" ibycterMuster="dollarVod">
        <monologWauner>8453</monologWauner>
      </kabongaFortranCancan>
      <snooty pshavAsfast="tombacsDavened" calathi="kyrial2">
        <mediciFacials>lovably</mediciFacials>
      </snooty>
      <usward>
        <toxicIon>kelebe</toxicIon>
      </usward>
      <wobbleJobmenPhyteus puntos="santoClinks" linterOaritisThermal="eimeria" twirlsFiches="quottMaypopsOtotomy" sarkine="uptrunk">
        <bongosObeah>80080452</bongosObeah>
      </wobbleJobmenPhyteus>
      <didn seemPiperly="cotonamHoddyPenlop" widower="potheryPrahm">
        <zilaFrabousDitting>turma</zilaFrabousDitting>
      </didn>
      <mirfak vernin="balian" kadishDugouts="eclegmLeste">
        <shriDrolled>audiles2</shriDrolled>
      </mirfak>
      <beggar deliPantas="oddishMoulded" mystax="toastsGrylli">
        <scafferMtgBlaze>yarnenImponedMutuel</scafferMtgBlaze>
      </beggar>
      <danianLapser trystedBoullesAvocets="crusca">
        <tummiesLooksJumbly>901246586</tummiesLooksJumbly>
      </danianLapser>
    </uproarsHayeCedi>
    <bleoOblastiJemmies>
      <melodia>lerotSailyeMessmen</melodia>
    </bleoOblastiJemmies>
    <lazeBandogs>
      <osiris>mawks</osiris>
    </lazeBandogs>
    <shreds>
      <reining>miffed65</reining>
    </shreds>
    <coldestEdgrewDahoon aliasedImbibeRea="ottosMonoazo" panty="1" infin="beastieHagboatChickee">
      <totonacAuroras>mitraPolluteJerome</totonacAuroras>
    </coldestEdgrewDahoon>
    <flettonOars>
      <dunceOdoredIdcue>mobbersAscaronThebaic</dunceOdoredIdcue>
      <bespendPutingPoster xxi="grizzlePinonesOnwards" meathe="poochesRighterFedn1083" civetMongoes="deburrGelong" heloe="grece">
        <shockedHainch>unrhymePrecoilRti</shockedHainch>
      </bespendPutingPoster>
      <fellestStrymonTunebo sawish="repiece" shimsCobblerEvoker="bobtail">
        <doperRelata>1117536</doperRelata>
      </fellestStrymonTunebo>
      <lisps yonMoly="winRoostyChases3140" dhurryIteaAdits="haganah" lamaicSewageTrefa="optimesEnder19">
        <balowLoader>upturnLludd3</balowLoader>
      </lisps>
      <arfDeposesDoating agataAssam="alkanna" napoo="9" prosed="boxroomSinaloa">
        <cusped>7</cusped>
      </arfDeposesDoating>
      <eatageTicketBroggle mixtSoudgeLorded="44" satyrRhyptic="86732281">
        <baitsSwisher>956</baitsSwisher>
      </eatageTicketBroggle>
      <proaEcdysesClastic dobie="626" dolousForheedVictim="forcene85" clutchyEmetics="senariiCithren">
        <bontokLacoca>oracle</bontokLacoca>
      </proaEcdysesClastic>
      <estrepeKnurlinUvular>
        <hockledTemper>talipedGrapes</hockledTemper>
      </estrepeKnurlinUvular>
      <whitensElritchDecoyed scalier="mellone1676" outasks="steery5108" conchesSludged="365" unpopeCogida="oweniaKsarFilcher">
        <huddled>siestasRiftyUmiaks</huddled>
      </whitensElritchDecoyed>
      <arribaReleaseOuttire whinePlainedEurite="menages580" chloricRhinosAsylums="befallPrimeur4267">
        <coaptEmbayed>mucoids467</coaptEmbayed>
      </arribaReleaseOuttire>
      <replead dikes="5821" tiredomIrok="tympaniMercify" tainanTekkeCrosier="190422">
        <mid>774016083</mid>
      </replead>
      <agamousBetinge crafty="arctiidBritishRipple">
        <cremeJackieBilobe>67767</cremeJackieBilobe>
      </agamousBetinge>
      <stubbly>
        <oweniaPupas>colorer</oweniaPupas>
      </stubbly>
      <amt nutletsAztecan="umpquaKilted" mowburnAflightCaddow="cutoffCobusVastly8005" nonyl="stoitMaryThicky655">
        <samariaMorkin>207</samariaMorkin>
      </amt>
      <bitchesGamefulArpen loved="146285179" coon="3314" withersMultics="comtes23">
        <called>placeSdlc</called>
      </bitchesGamefulArpen>
      <efface nucelliRebbred="argotsCoapted" rheboksUnusage="abigeusYocking">
        <modula>unavianAsimenFido</modula>
      </efface>
      <risksCortinsVacandi lepadidMotteWaco="airestRevotedHazeled" fernery="gelatia9866">
        <zoarces>untakenCarcake</zoarces>
      </risksCortinsVacandi>
      <mestomeVegan malapiChinoa="3281597" pitied="kaabaBalli" chasidCakileYince="eugenyMafias" vierAnolesVejoz="redoxesBillyerScold">
        <injuriaDollieDumpage>tunicaeAridian</injuriaDollieDumpage>
      </mestomeVegan>
      <mentumHarms>
        <viroseCoburg>19871570</viroseCoburg>
      </mentumHarms>
      <justoPazaree>
        <ellickScarus>fluteySpheresGrided</ellickScarus>
      </justoPazaree>
    </flettonOars>
    <belamyShmoes lavingSurerFells="gorrelEntrain" vigilSulaib="dongola" remold="staker" luxuriaStubboyGenoms="7665040" kanji="oberon" awaveArent="malmag">
      <trompeSalviol>badhanFrs295</trompeSalviol>
    </belamyShmoes>
    <stent>
      <tskingToited>logansCaddowGranado60</tskingToited>
      <malicesPurreic forkyPapagayCupania="educts" cub="ranidsSpivs9" defiesUntownBikol="287" leaferyUta="vitric3">
        <kelterSnead>boughtFerieCarval</kelterSnead>
      </malicesPurreic>
      <pardahNias screwsEpistle="eartabFoxfish" camanay="tawersCrappy" haggingDnieperFurzy="7025" maeing="orphansVagus">
        <orgasmsOnlyRevoke>swerves</orgasmsOnlyRevoke>
      </pardahNias>
      <plasher finityMillage="runners" joukOgrish="631088004">
        <loess>71</loess>
      </plasher>
      <skirterGlancesCorve kanaimaSauteur="wilga" amidicDobbinsSamiels="carped" carles="sarsensEarache" unably="2">
        <thymiFrittsBitumed>quilesJagheer</thymiFrittsBitumed>
      </skirterGlancesCorve>
      <frogmenKoosin wormsSipes="erasmus">
        <ramatePavetta>indultoSulfids</ramatePavetta>
      </frogmenKoosin>
      <cymbalsWeliAgsam canapeEspinalDosing="provostThingWolfkin" beerierYoureFrieda="hainanWindoreTrioecs" becroakShesUngirds="kairin" aurineStocahPegman="puffingGnawers">
        <sekosTechnic>primineMamaRhyptic920</sekosTechnic>
      </cymbalsWeliAgsam>
    </stent>
    <arionPontoSycon>
      <syrupyDismaysSleekit>kumanTurbid</syrupyDismaysSleekit>
      <douceurPulsionAmreeta>
        <bogymenSkaff>vssEpidermHautain8095</bogymenSkaff>
      </douceurPulsionAmreeta>
      <lorded>
        <paludicGanchRander>rachetPodittiCetid83</paludicGanchRander>
      </lorded>
      <mawkinMuslim>
        <ruffianSawyerTureens>tailage</ruffianSawyerTureens>
      </mawkinMuslim>
      <dowdiesRebraidOvulum hermanFices="gayyouDarksumMurral" pesoSufferAvalent="ethanolHennaSwelt" axesShakudoUnadopt="sangho">
        <lepus>pennantKurukh</lepus>
      </dowdiesRebraidOvulum>
      <mankieOryssidZero helenus="clitterPatao9" chorism="874892" shabbatPouffe="figureMocked2384" academeRowedGonads="44144472">
        <normsPlanityLaquei>impaint</normsPlanityLaquei>
      </mankieOryssidZero>
      <oversupDuster sweats="budgyPubSumless" anticly="knubletThrobsFrangi">
        <keglersLimbal>52</keglersLimbal>
      </oversupDuster>
      <prizer>
        <jowariCasusLocules>poggies2</jowariCasusLocules>
      </prizer>
      <sarsars>
        <fissuraSajouBandora>ecthymaArgolidLived4777</fissuraSajouBandora>
      </sarsars>
      <agogeVena>
        <burlSpoonAminity>snapper</burlSpoonAminity>
      </agogeVena>
      <dorterRibbon rousingCrawlie="numdahLames" araneinLegers="goodbys" heresyGunlock="queasomCarp">
        <gamut>simar</gamut>
      </dorterRibbon>
      <enzootyWachnaAssay matresBurweed="courage" pertainWraitheFellas="1961598">
        <remainCowgirl>dichter248</remainCowgirl>
      </enzootyWachnaAssay>
      <relaxin combustPannery="axialSwayful" crouponTinety="muggursNagnag">
        <takeout>kamsinsCydon39</takeout>
      </relaxin>
      <loudlyFellataTorahs>
        <basedScaridGormed>fjordsPoons</basedScaridGormed>
      </loudlyFellataTorahs>
      <sakkaraAilette intillStadia="653928" ambriteSwifter="pulijanSafest9">
        <gaboon>shapelyUmiacRayless</gaboon>
      </sakkaraAilette>
      <widely walkieVillagyBhishti="unspoilUnfumedConquer" actineAdorsed="qafLived8" desNonius="wedgedCuing" bagsfulWormil="sanetch">
        <tegMezail>couthyIonomer</tegMezail>
      </widely>
      <pingeTappish brokers="copyDerival">
        <pomponDibbles>rheoTrutine</pomponDibbles>
      </pingeTappish>
      <moierLaquais angstsRemendRosalie="rufterShotesUprisen" dahomanScalpTriable="sindryWormBlond">
        <misbindGawkilyLyncine>675491966</misbindGawkilyLyncine>
      </moierLaquais>
    </arionPontoSycon>
    <zinzarDrinnNeeders>
      <passoutReamedOhs>volutesGrotianSamkhya</passoutReamedOhs>
      <crud balled="subpartLokman" pushum="alumianAposiaDarings9727" serfdom="cuprous" datchasBluism="stylizeElon">
        <assate>tubulus21</assate>
      </crud>
      <calean okie="venaticBireme" essence="dykingRosalyn">
        <domiticGaravaKethib>otterTermage</domiticGaravaKethib>
      </calean>
      <ragee peevishStorage="sladangScolded" equid="totemGatedDola47" scanianHellers="tomeletCarersPedule" unweel="cheloidJehads">
        <toyfulSulpha>townees</toyfulSulpha>
      </ragee>
      <omnes shebat="startsy70">
        <geonimNeedlerBepaw>hobbyGuepard</geonimNeedlerBepaw>
      </omnes>
      <stiversTrollerLufbery caratBuoy="dewey" jujubesBootiesSeamers="wineyGrannom" mushruVersusLaver="7265">
        <campholAblator>larchen</campholAblator>
      </stiversTrollerLufbery>
      <yeelEthenicDewclaw>
        <pivotal>fennigAnarya</pivotal>
      </yeelEthenicDewclaw>
      <nonionBhunder lownlyDipsas="saul" wattmanOnt="tawkin" wakerOreideIsomers="durocAired">
        <hexeneEgests>ethoxySquabsUtinam</hexeneEgests>
      </nonionBhunder>
      <leavyCombure>
        <alipticBrodie>92</alipticBrodie>
      </leavyCombure>
      <browmanAgral arabanaBaa="clubbed" prasineLame="musieTipulid" pointelDiacocaLurid="ensnare">
        <limperPeched>backetBismuth</limperPeched>
      </browmanAgral>
      <suidaeRebind gruis="sprigs">
        <safini>annule2280</safini>
      </suidaeRebind>
      <kudos liners="reamStowp71" gant="citify" rowboat="beprank">
        <sougher>decurt</sougher>
      </kudos>
      <poetFitlySamp ballsyEupepsy="manzil" voetMetricDaryl="finingContam" burleysVolsciBehoof="10942578" outrapEuniceShootee="writAcrogenGirls">
        <arangaSpadesApprend>remolds</arangaSpadesApprend>
      </poetFitlySamp>
    </zinzarDrinnNeeders>
    <gebur sensory="wilhelm701" curds="3082" educesUkraine="cuprumsMaraca234">
      <rubbishSpendsBumpkin>showRansack</rubbishSpendsBumpkin>
    </gebur>
    <goaleeDalis gainstPbx="afaceRaying" grandoDemistVendace="agraFontedKainit" coveysManessHurls="extendsVibrios" chevres="arlesWalthSacaton" englobeWeederSegol="91">
      <gustoYunkerEthoses>ariderSusansSlanged658</gustoYunkerEthoses>
    </goaleeDalis>
    <mesicAshramsExpreme crureusCanari="wattage" anewRugosaGeishas="spacersQuadle">
      <quercicPlumetLurcher>43</quercicPlumetLurcher>
      <taxitic kitersMarmotPoliad="jer">
        <smectic>ouphsRulings</smectic>
      </taxitic>
      <jotCalming vampSircarNanmu="entrap" cordies="tundunBlooper" vangs="bchBilling">
        <nocuous>usagesUnisoil</nocuous>
      </jotCalming>
      <salpinxWhereby spissDivorce="52959" omniAdheres="baritObjscanJellily811">
        <chatterAeolisJacker>corven</chatterAeolisJacker>
      </salpinxWhereby>
      <victory nusSolert="35308" caulker="sulaibDollier">
        <dayglow>bredBangedAulae</dayglow>
      </victory>
      <achillBleu incestsFaunist="sigilsPeoriaLothly" slinge="sertule">
        <enpiaChocksFeyest>sective</enpiaChocksFeyest>
      </achillBleu>
      <sindHarbor>
        <overputPilleusVmsize>initialRescuerLatinos</overputPilleusVmsize>
      </sindHarbor>
    </mesicAshramsExpreme>
    <crummer>
      <hecks>77511169</hecks>
      <impasseKahuDeicer inguenKulangEnact="bullismParotic180" nonces="15" villan="reedierLatonaSaccha63" pothead="kromeAllowsMatara">
        <acedAvant>thirPouffsVapour</acedAvant>
      </impasseKahuDeicer>
      <catcallDatswKarat singles="silicasLeonite980" beefPulpy="1151">
        <firmityTilyer>kenmarkVariedGassier</firmityTilyer>
      </catcallDatswKarat>
      <achylia widgeon="743319429" barkey="ibexes">
        <trefahFlearParted>donsieDealateOctofid</trefahFlearParted>
      </achylia>
      <onstandChou tukulerSirian="lovier" hydatidTiredomCowl="cicadasBeancodGauntry" anomalyHiggled="bitty190">
        <fiumanSoyate>randomsAsonia</fiumanSoyate>
      </onstandChou>
      <embryo shrewdyHuhRebore="subtler">
        <bunglerOnehoodTore>sadly</bunglerOnehoodTore>
      </embryo>
      <surnapPositorAmsath swathedForgesField="moderneNoisierSinews8" tobine="rounderVervets">
        <unbends>whappetEidolicSulci</unbends>
      </surnapPositorAmsath>
      <babelDiazoMiskal isoneph="ullaged" restsMayance="robertsStrowsHalke457" vacandi="sparplePeract">
        <teetanLadle>bowers</teetanLadle>
      </babelDiazoMiskal>
      <troppoGode speise="caffoySubcaseUseable" sauba="384274954">
        <hizzieAmplex>verray</hizzieAmplex>
      </troppoGode>
      <cursed>
        <datum>curiae</datum>
      </cursed>
    </crummer>
  </sloomyCoats>
</ijmaMisplay>