<?xml version="1.0"?>
<fulvousCycadFugued>
  <mutagen />
  <azuresInfeoff pectenYamAlert="deacon">
    <antwerpRipupNosily>
      <hidlingKaserAirtime>gaoledTetard</hidlingKaserAirtime>
    </antwerpRipupNosily>
    <ternProleMoiles>
      <phenose>475951</phenose>
      <bualWindel>
        <meddler>47539</meddler>
      </bualWindel>
      <bestirsUndevil zulus="rhypticRajiv" pickaxDaimen="ppd55">
        <iloko>jokerTamiseEthenol</iloko>
      </bestirsUndevil>
      <bowpot dryopesDirtiedUnselth="orcinolBawdier" winlessInhaul="alkylolRibhus">
        <minasBloomyApocope>plaidieOrbellBettine</minasBloomyApocope>
      </bowpot>
      <figurer thymolsLicenseWall="86" impheesMonaul="snecker">
        <minyansEggs>planetWhipcat4</minyansEggs>
      </figurer>
      <donis leed="pyuria" seseliNeedier="sinlessSucces3" samishVicky="5844" mariner="beyHonoredTurfdom">
        <wannishGenetta>grazieBacchar</wannishGenetta>
      </donis>
      <shuntsRumpRotten>
        <papish>oillet</papish>
      </shuntsRumpRotten>
      <theoAxioms>
        <sircarWainer>palaticBianchiMarkmen</sircarWainer>
      </theoAxioms>
      <whiffetAugustaTroves alliceWomaned="gnoffJewlike">
        <fermilaVobis>janitor31</fermilaVobis>
      </whiffetAugustaTroves>
      <pyritesToxaminTibiad racon="752948" unifier="bundeli" kathaBrawer="panuelo2" letternUnswept="clavier">
        <zolleAdjust>deputed</zolleAdjust>
      </pyritesToxaminTibiad>
      <decessPassels infirm="slabCurvate" teffsScreigh="aguadaLatterNdoderm" outhymnScalars="51915">
        <disbarsEternal>nimTrucesThairm</disbarsEternal>
      </decessPassels>
    </ternProleMoiles>
    <looten>
      <rebearFine>kitting</rebearFine>
      <snortyKrafts bedunceDressesTryptic="highboy" cheetulUnbuxomSibbs="ioniseSpared">
        <unwarnTeethedGamming>621</unwarnTeethedGamming>
      </snortyKrafts>
      <hoofsObeliac>
        <utmosts>eyebeamRettorn</utmosts>
      </hoofsObeliac>
      <twinnerWarship pahleviTeasle="cowed1815" tuladiNoonXxiii="8974637">
        <dika>pectusSramana</dika>
      </twinnerWarship>
      <mosaics sectary="9716663" agapetiAnguria="dariusSkeery" rentageGlooms="2787">
        <amical>nonoicHighishEnstate</amical>
      </mosaics>
      <atalaya>
        <apolloBusilyMonias>checker</apolloBusilyMonias>
      </atalaya>
      <gossyMedusas dipter="nitencyDeric887">
        <aguaji>gilpy</aguaji>
      </gossyMedusas>
      <surreys naegait="sorrowsLocoism" kin="naukrarFeastenSattie" rewordsEmbuiaCatella="pechsTwosCosters563" eructed="beteelaAlertaTempeh">
        <taillesDewannyEnorn>moniedSalliesExactas</taillesDewannyEnorn>
      </surreys>
    </looten>
    <plots muchlyPrecept="carvingRanchoOryxes" sensifyDhooti="aburtonCelsiaLuggage" fool="kuttarUpbraid" sestetsWhorts="tinnerySiberic">
      <elohimCalkin>guffs</elohimCalkin>
      <morsel>
        <preoticUrosis>quayageQuelmeGerbo</preoticUrosis>
      </morsel>
      <drawls>
        <ingenioScoured>shebatNakedJouals</ingenioScoured>
      </drawls>
      <kotalOverly sparkHeezedNumac="808558077" alneinAtakeEluvia="640" communaPutoisOnegite="owed">
        <bokomSnapped>15</bokomSnapped>
      </kotalOverly>
      <glycideIcepickGiocoso kedlock="farrel471" patches="izchakRoverUmiac" skiffs="bateteCouldn">
        <guttideRacketsSquali>bitwiseWaired</guttideRacketsSquali>
      </glycideIcepickGiocoso>
      <ooraliRancelDonal pobAdorantBedull="untop" aire="mediadUnhoned" couldstStatsYrs="eviteIsotonyPapaws" macusiFleshed="jokelet674">
        <keek>patandClaxonBeclad</keek>
      </ooraliRancelDonal>
    </plots>
    <jaygees>
      <fizgigCinter>foeishAshfall</fizgigCinter>
      <stuppLunaria>
        <loralDotingCuisses>vanda</loralDotingCuisses>
      </stuppLunaria>
      <fipennyUrsidaeAmylase>
        <odonticNiacinsKuphar>651823</odonticNiacinsKuphar>
      </fipennyUrsidaeAmylase>
      <turkey>
        <colingDawtie>woakTurnorDublin</colingDawtie>
      </turkey>
      <robeSchulSpann ecca="remop">
        <tavernaNesting>jubiles</tavernaNesting>
      </robeSchulSpann>
      <cowtailPrearms totumTonnersMorgues="38" trumeauAsbolinDissect="meile">
        <siversBinary>rediptGulae</siversBinary>
      </cowtailPrearms>
      <nookedEphyraZak>
        <radialeThitkaHaddin>agraceJeames</radialeThitkaHaddin>
      </nookedEphyraZak>
      <ciaAbomasi fibrousMately="363" remital="ariaThulias6407" dumkaRsvpCsch="hejira6708">
        <entadBaidyaWaggles>9774</entadBaidyaWaggles>
      </ciaAbomasi>
      <amuguisJambosQualia fillips="kareauMumpedFucous">
        <columnBengola>addioDingheeRelayer</columnBengola>
      </amuguisJambosQualia>
      <choak ephodsAdlaiToran="chirreAnisoyl" celliOouassa="pantryFace495">
        <osseticLiliumHaffets>embuskGoldney517</osseticLiliumHaffets>
      </choak>
      <hantlesSmit couridaIridian="daglockMorongOutbawl" amiably="4" german="yamamaiRobininSorage" chancesDraught="axonesHalversEasels">
        <pfundeSwashesLob>69262664</pfundeSwashesLob>
      </hantlesSmit>
      <unsnug gelosie="egressKnurl7" poschayBound="kongoniPapreg" apsidalMezailTaipi="9287454" swiggedOosperm="curlFumblesRoques">
        <boonTenonEnemied>netopCodices</boonTenonEnemied>
      </unsnug>
      <hopDrouths>
        <cadentAdenoidConima>presentDobraoBisabol</cadentAdenoidConima>
      </hopDrouths>
      <artemonTziganeDearies ileon="doleful" hoondiRetimeGestalt="49352890" whesten="hin">
        <camisaSonlike>7913</camisaSonlike>
      </artemonTziganeDearies>
      <manasic inroads="uplandsRelying" adalat="feezedDhotis" skivie="matherCreesh" rankingLappic="ryepeck">
        <tufterSabedJoseite>balafoPam</tufterSabedJoseite>
      </manasic>
    </jaygees>
    <lambdasOrmondImpugns>
      <toxifyKella>345046027</toxifyKella>
    </lambdasOrmondImpugns>
    <varioPittiteSorted>
      <cordialBatlonLegated>humboGungeScaroid</cordialBatlonLegated>
      <snaredLevity>
        <goldbugArborerPopify>fatwoodAdobo</goldbugArborerPopify>
      </snaredLevity>
      <ungoutyPrizesPrivate>
        <leakersRenkSpathe>stk</leakersRenkSpathe>
      </ungoutyPrizesPrivate>
      <walshPinny mahalyRumen="bootful" awash="8768" entad="betireNovels">
        <carrowUricQuidam>morbifyVolostsStrome</carrowUricQuidam>
      </walshPinny>
      <barterMaioli tate="8" casparVeinersScarts="vomitus" calchas="dhurryRabbledKnoit4">
        <educSprint>psfVowingElenchi8</educSprint>
      </barterMaioli>
      <pantWhelmsAzotate rhymic="grig" pythianUvulaImposts="tumbakiSquegs" omaguaPianosUntwirl="50097008" seldRidered="honkedBrotanRegal">
        <gratisDecess>cuffer</gratisDecess>
      </pantWhelmsAzotate>
      <amentaBunyan cerise="snowdonSiloedSpecif9" loftersHexoneFucoses="quenchMapperApioid" unloadsExplantSwobs="8664514" greaveIbadite="mamamu">
        <heedilyPlectreUpgape>reveDrachm</heedilyPlectreUpgape>
      </amentaBunyan>
      <thenalSanty ogrismSudsy="berakesAmus31" lankishPescodRetint="metagesSpeckedPernine1" artlike="rechose" huppothAtaiyalSpout="indexerDevest">
        <boobishMandoreWatusi>bogomilKickerPrepose</boobishMandoreWatusi>
      </thenalSanty>
      <slorpHarmins casefyFameMoper="47740" nixingBalti="schtoffBingeArlene" befoulsSchuln="koriGruffsEmesa">
        <moselle>unkistSaldid3962</moselle>
      </slorpHarmins>
      <wilsonDefinerTyes insulae="lakerCautel" hunPhilterPodites="chesses">
        <anguria>died7874</anguria>
      </wilsonDefinerTyes>
    </varioPittiteSorted>
    <marrersBeulahHeyday>
      <pomponsCapmintHazings>spondylDyas</pomponsCapmintHazings>
    </marrersBeulahHeyday>
    <breviTyt>
      <dryish>beach</dryish>
      <jabber seedkin="flakier" bossdomPhaetonBeached="5" scope="olgaBasatFunked" amebula="cleaverLupid58">
        <pulayanEstate>sabra</pulayanEstate>
      </jabber>
      <simalNiddle bootherDinnersAlewhap="96954724">
        <healthy>aberiaMips</healthy>
      </simalNiddle>
      <scobbyDotate sumpsBiskopFacing="epihyalGizzen" bocageStertor="997524153" pelickKaryonSaid="dempneBlumes" minuses="dunnage63">
        <arbores>mouzahNertsDewret</arbores>
      </scobbyDotate>
      <bashful dimetry="messmen" usurp="nahumTatesFanged">
        <remedyCustron>laversCadded</remedyCustron>
      </bashful>
      <apicialFarlsDillis birsit="1708" arsinicEstoqueVapid="billetyIodeHainan">
        <mizzensCadishHetman>11</mizzensCadishHetman>
      </apicialFarlsDillis>
      <phoraMulingPianic alcogelElritchGenetic="calpacs">
        <cravatsModish>wrigleyMiskal5</cravatsModish>
      </phoraMulingPianic>
    </breviTyt>
    <emprimeAtis>
      <sycesDossety>nobblesCreedFloc</sycesDossety>
    </emprimeAtis>
    <reshare caroubaUpprop="comarum" mosguJointed="698529" ubcAtossaNikko="theres" hestiaRoemer="3" essency="796438" sunnRebindsNorito="resawnMiringCoyan" vigoursFarmFregit="kvass">
      <dilute>mutchCecal</dilute>
      <regald souganAbitibi="sheeneyMktWambais84">
        <danta>neighs</danta>
      </regald>
    </reshare>
    <beheldOwrehip phidian="macros9479" subset="milken" abtErgotDovish="azimineAboutsFlaglet430" asterin="chott" morasStroudOldie="servDeafishAntonia">
      <sewery>20760</sewery>
      <secerns theekedTesterWafer="teachySempreWicopy" pliableGypsyfy="guisian7410" tarianaThebaic="21">
        <tweeny>budging</tweeny>
      </secerns>
      <boozilyDeserveAllyic outdoCensure="carannaNathan" smokersDeutonEntiris="3" bonfireDibs="8371175" skopetsCroupes="senecioInrun">
        <volapiePolygon>17822</volapiePolygon>
      </boozilyDeserveAllyic>
    </beheldOwrehip>
    <abusionSnag diple="12" forbit="zain" leerilyOvarialMarine="bismePouletHopvine">
      <momentsHermaeNippon>isuretKrypsisNitch</momentsHermaeNippon>
      <peatmanReadily multaniBraize="chadors" sonshipGemmulaUnchair="turkis" louted="oxytoneRimpleEscrod" deodars="bremeLowa">
        <skiddooSighful>38071</skiddooSighful>
      </peatmanReadily>
      <flaviaBairagi flexesStolas="angloConjonHogcote82" paniskTooroo="cappierAmastaThymey">
        <touraco>uproadTiddler</touraco>
      </flaviaBairagi>
      <shulwarVolans unegal="6205537" tweeKompow="indoorBeysOmitis705" betainLatris="barny491">
        <wiredBeltaneTauric>hydroOvergun</wiredBeltaneTauric>
      </shulwarVolans>
      <muddledSloushAnises scoterIsogeny="brown64" halvingUst="glosses" aplitesNoritFixt="patinedCooboosStampee41" oologic="reglazeDykeCapa">
        <allelicPabalumNewlins>genie</allelicPabalumNewlins>
      </muddledSloushAnises>
      <pratty poldersLotukoSaurel="9610458" posnetPangiumLampate="sneezerScroll" rammelPrang="65" castingAcornCab="90">
        <pity>banderRoans</pity>
      </pratty>
      <drowndFugs eagrassEnnuiedCurd="38">
        <traps>navajo15</traps>
      </drowndFugs>
      <secessStore shohetRivose="idismZephyrs" pints="tambooWakenQuachil94">
        <resinic>ceilidh</resinic>
      </secessStore>
      <pinier youthesThreepsFormelt="80170487" envayeCaprone="geology" odonate="6591" tidlingAnattaMispen="crankerTaquaBewigs">
        <sulphin>6069</sulphin>
      </pinier>
    </abusionSnag>
    <yayaPompierTowcock>
      <carrion>solodi</carrion>
    </yayaPompierTowcock>
    <mellitaBedadAdalid>
      <width>speisesQues</width>
      <whampeeDybbuk lousierTheftLeaden="unglossMincierPosting" tallote="chiefsAppertIngulf" reedierMongol="dardicPbxes">
        <ungrandCowkineArabis>disburyTobias</ungrandCowkineArabis>
      </whampeeDybbuk>
      <knarleHellim tsuboQuantal="plagalEndedLancha60" blubbedFrument="peloricSulu" floatMonelVirge="3" cocoachComose="polsterReprint">
        <biggiesMiasmalEfecks>63</biggiesMiasmalEfecks>
      </knarleHellim>
      <tarwoodIronman rupiahsArmful="neotenyLandage" yoicksBolasPiacula="winier" kaphs="bakatan" usselsVolgaGois="quinnetBiomes">
        <jiggitDefrayPayday>paledTholing</jiggitDefrayPayday>
      </tarwoodIronman>
    </mellitaBedadAdalid>
    <naeGradeIvylike diddy="90609">
      <salueAskari>biskopRankled</salueAskari>
    </naeGradeIvylike>
    <fentTestataFooled>
      <eikonsRavedPiecers>1</eikonsRavedPiecers>
    </fentTestataFooled>
    <weptCohort eightvo="555366" unwedge="hermitsLaxity9" wirlTeerPinkeys="irenaSafflor" boatman="peeblesEthaneSuresby7" tycoonUrsolic="unendedHackies" goriestMapper="vilelaBrewers">
      <courbKauri>572194</courbKauri>
      <talishiItea>
        <minty>stouth</minty>
      </talishiItea>
      <uncompt radialDerri="foelikeAerugosAlkanna" knaveryThouseLyceum="circueHattize">
        <utick>gale</utick>
      </uncompt>
      <segouSaughen entomolInnsActiad="suine" overcup="ionicRattons" zambianReciterPoales="30301985" restrMarfik="scilla9">
        <aspoutSlathKangani>sundialOvoid</aspoutSlathKangani>
      </segouSaughen>
    </weptCohort>
    <talinumNonairPickee>
      <arrasMammalSuant>apiolSunroseThaw</arrasMammalSuant>
    </talinumNonairPickee>
    <carhopsAnuricWicket recashPantPompeii="amiDekleKriss" heptoicKensChudder="ipseBanzais" suede="bikewayAuras2497" gossardStarnel="857753630" loc="byssineUvularsHauyne" sadaqat="chymist">
      <jimpWaged>cwmHelotry</jimpWaged>
      <woefulRudloff gurl="krapfen49" tydeusGeodeteAntaiva="saphena" scorchsCumenylHiphape="neurinDopiestBarre">
        <infoSerbdom>clamberBuckles</infoSerbdom>
      </woefulRudloff>
      <keelman mufty="cubismsRemint" premier="485685" heukAntony="exacterPal" nubs="cuissesStolenMendigo">
        <refreidOrtmanAlumina>kenny7768</refreidOrtmanAlumina>
      </keelman>
      <fearersBeeish budlingSejunctDunfish="burtreeTalcsTitmice">
        <cannas>minoraMakutuWalt</cannas>
      </fearersBeeish>
      <apiolinEntame angariaDreggy="mooletAmpyxesEnchase" ketyl="nattEnatantFinnoc">
        <unlawedElfin>unsereLusory</unlawedElfin>
      </apiolinEntame>
      <tasSlummer gamAnunder="70245" unwieldDisa="seawareAccolle" wutherAphids="stoviesCorniceWrox">
        <astond>dinkiesBriquetPettah</astond>
      </tasSlummer>
      <buttonMeeksCuds out="sinnet" mesarch="9244012" sloshProngy="cyclizeCoughs6145">
        <thatll>87716103</thatll>
      </buttonMeeksCuds>
      <bloodAthwart indults="dawdledBradleyIncave" refaitUnpaperKurdish="theft4556">
        <volutedHalicotPostal>hollosPeshkarMetad</volutedHalicotPostal>
      </bloodAthwart>
    </carhopsAnuricWicket>
    <gedriteCicalasCowpoke>
      <flawier>almondyWhippaUsine</flawier>
      <parbleuPyrrols suppneaReadies="grayishBethumpBlunger" gympie="163266" rayonsGrants="sadisAerogunDeisms5628">
        <quartsExecuteSati>vishal</quartsExecuteSati>
      </parbleuPyrrols>
      <acta comviaCoroado="71782473" rinOtaries="enoplanBarging">
        <kurgansUlonataHexerei>agilelyQuadKoreish</kurgansUlonataHexerei>
      </acta>
      <unpityInsnare haars="invadesByhand" taririMenoCalina="unprop">
        <tiepinCallers>spaheesDikdikAwarn</tiepinCallers>
      </unpityInsnare>
      <hijinks freddieFizzedOzonic="shackyDabletElytra">
        <ramtilsRustics>backout5</ramtilsRustics>
      </hijinks>
      <tyrantMothed>
        <pomeroyBusses>koftgarSideageStimies</pomeroyBusses>
      </tyrantMothed>
      <outrideEuodic witless="quercic" quotasIndict="aholdsKidder">
        <surgedCitronsUnlight>hypate</surgedCitronsUnlight>
      </outrideEuodic>
      <beld mantledLucianFerrels="shafiiOpinant" yakinAcholiaBethuel="waferMerksSmiddy" leng="leetsVolume" purledShield="4694978">
        <marrerAdvised>bentangRepale</marrerAdvised>
      </beld>
      <geirGoloch felonyZar="caproin">
        <keywayArrange>50974</keywayArrange>
      </geirGoloch>
      <glasserComrado keppenAmenage="fursAire82">
        <risker>2049</risker>
      </glasserComrado>
      <grozetLysing elegit="517610814">
        <peageBesnare>pixieSlews</peageBesnare>
      </grozetLysing>
      <twaesLimailAbrase>
        <dayanimSousingGlander>orexis</dayanimSousingGlander>
      </twaesLimailAbrase>
    </gedriteCicalasCowpoke>
    <aine>
      <dysnomy>gaurDepeachAnted204</dysnomy>
      <sipapu woodbinFasciae="freudHhd9958">
        <wahabit>cookee</wahabit>
      </sipapu>
      <outjuts doghoodRommany="mawkish" hafizWedelns="mycosinFilosusJoie" scrimyAcclaimPeladic="actuaryJicaraMilieus">
        <rodman>dogieOooo</rodman>
      </outjuts>
      <idledAnkush yidsWhilingMoff="dulcite7" jerkerByname="tasserToggery" dilliskArabeskMyrosin="8" largishToriesBewail="bermDruzeBridger">
        <traceyUpstirsNative>pizzleYataganRerig16</traceyUpstirsNative>
      </idledAnkush>
      <zaquePashka droitsTuesday="nunchParochDakhini" attalidArables="alnicoSeminaDrugger" fullyFavoredAudubon="emeuteEndorse" poetizeCajanBroomy="carotte">
        <arrondi>chinos</arrondi>
      </zaquePashka>
      <mosguScouterFlarer dabberOriganColics="bicepsHautBaiting">
        <ecodeme>assumedWeringBlowth89</ecodeme>
      </mosguScouterFlarer>
      <ensandBalafo bossa="bohoArmor" bultong="gonzoCaveDeans" ballasBisesBarkan="cubageIsidaeCrawful">
        <wisps>exalted</wisps>
      </ensandBalafo>
      <canelos thionic="deltaAitArsines" firstly="kegful" lerret="proteanCloveryUnshale893" sinwardBurghal="nigher">
        <chujeComptie>705828869</chujeComptie>
      </canelos>
      <assisYowlsLocrine peacingHundiOffense="antefixOculate965" locutor="snowdon" camagonPirayasMaunge="stearylReheard8126">
        <swifter>76</swifter>
      </assisYowlsLocrine>
    </aine>
  </azuresInfeoff>
  <demeansSeiurusCogent remover="kubachiCroonerSawings" antares="chorwatAlecostHaver" updry="zarfsWizDirges">
    <ultimumSpaying>
      <obiterDieb>emerick</obiterDieb>
      <haggerTripes elanetClanCupule="ableeze" fructus="pilpay26" nowhatGlasgow="3253">
        <tipsily>piuEmends</tipsily>
      </haggerTripes>
      <samoanCaliph giglioKwachas="3">
        <hel>dunting</hel>
      </samoanCaliph>
      <evictMundle mayvinClosishPicked="vowelsBurlers" sharkAdonis="gremioFlyers" vuggyJargoonFuck="2897">
        <manton>psetta</manton>
      </evictMundle>
      <moroncy oncetVirelaiTurncap="96828">
        <tekyaAdlumia>encurlSpelled</tekyaAdlumia>
      </moroncy>
      <rotuletPreloanDiacid ribeEmptier="966720793">
        <forbled>102442901</forbled>
      </rotuletPreloanDiacid>
      <nizamut osiers="gossipySpaleTameins1273" securesSenegasAlbinos="tramcarAmosGaloots" teian="67454">
        <bougar>lordanBeatasDcbname</bougar>
      </nizamut>
      <dialyseSambas nookBinePoybird="783" sirree="buyoutsWallman" mydausAnezeh="717880">
        <lyctidSunbath>amphib</lyctidSunbath>
      </dialyseSambas>
      <unsunnyNoemi arbacin="riggersDosFrailer" adreadHernantMelanin="2" goddamnWoo="3" nevusTriacBasten="dewlap">
        <uitotanWhangedAcerbic>8367068</uitotanWhangedAcerbic>
      </unsunnyNoemi>
      <echiniHastily gerkin="rosebudVexedlyRamous1" infract="agitate2606" qty="realmJunkersSfogato9" lavehrFrackChaton="cadets">
        <goofingByrling>inflesh</goofingByrling>
      </echiniHastily>
      <styronePollingSpirt>
        <pistiaWimbrel>daffs</pistiaWimbrel>
      </styronePollingSpirt>
      <toutingDother cisiumRehead="raffiaBockey">
        <surnayBureauTernar>upcrowdHorned</surnayBureauTernar>
      </toutingDother>
      <paideia>
        <fistedUromereAglypha>garauCaromed</fistedUromereAglypha>
      </paideia>
      <rizzar asstPuppy="agielDel99" mispensGeorgieOutshot="alcaics" enroberClap="curious" jerichoWistsCindie="8789698">
        <galileo>sudanDerek</galileo>
      </rizzar>
      <disheirFilesSlopely daggersCloky="tonk" hamsaTalonShamoy="64746">
        <glowing>molasse984</glowing>
      </disheirFilesSlopely>
      <credosMars snashTailerWomplit="lionessMeletin" overgot="flunk">
        <jangledAsp>25</jangledAsp>
      </credosMars>
      <isidiumAraks>
        <cordite>560</cordite>
      </isidiumAraks>
      <juggledEngines>
        <moiresDarterVexing>limperVise</moiresDarterVexing>
      </juggledEngines>
      <terek>
        <schoneFruz>chubGash</schoneFruz>
      </terek>
      <choughsCrum stalesWhang="bondsPonos">
        <minableEneidVines>whirl52</minableEneidVines>
      </choughsCrum>
    </ultimumSpaying>
    <cymatiaLevyneBeauish upbotchAnywaysFloreat="5916820" redbudFetlockUnmould="61" esoxDeorsumInbreed="8" bedfast="farfal">
      <protyleTrollolHippia>propomaVane</protyleTrollolHippia>
    </cymatiaLevyneBeauish>
    <dissentChoralsCothon speise="buffier" usableBradawlAcetla="bundtsGifBoogers" chab="bileveIncisedFlisky7" beeryDruggetBride="409" sharkedNevadanSeringa="nunneryDampishShangy" acubens="goosControlBoreism6" kistsCrakeAtomy="14">
      <dome>raillyDownway2770</dome>
      <hiltsSepianInky juggle="63572" satyr="rebus" aguise="oversay" diacidsHusoStanjen="amdt">
        <selago>darbiesTakeout</selago>
      </hiltsSepianInky>
      <twillerNix mpretStarerUnshift="3656077" turkeerAneleRubbing="53971926">
        <rateen>41350189</rateen>
      </twillerNix>
      <nictate chilcatLappa="7163611" resedasTunnel="dobOdourHazeled" barbuleObstetGuetar="trainelFeucht">
        <letternScrailyExect>stabbedVotableScrips</letternScrailyExect>
      </nictate>
      <dogey canepinDollies="punkas" uretic="12638059">
        <plonk>4168</plonk>
      </dogey>
      <ogives lammedDonaryDuskily="creolesTimpano" chalaco="pultostHelled42">
        <trifledSlags>porousFiliateChirms</trifledSlags>
      </ogives>
      <rescousApaImpship>
        <losingsGentlesRamule>4</losingsGentlesRamule>
      </rescousApaImpship>
      <crates kitFlukeyRubicon="ataxicsSmatchWartier" aerobeeSabrasSwile="dankishFullamLegible6" adelitePeggerCarites="364">
        <lawings>751043210</lawings>
      </crates>
      <poetryCyanicBlamers megarad="hantlePraiseSacate" jambBoycott="mesialHeizing" sexfid="naipkinTakingsJutka6">
        <lewthToddite>boileryMorga</lewthToddite>
      </poetryCyanicBlamers>
      <uviolGatterRudd>
        <lorSheeredAlix>borrelHairpin</lorSheeredAlix>
      </uviolGatterRudd>
      <abysmsWebelos>
        <cliffBatlike>hummieSunyie</cliffBatlike>
      </abysmsWebelos>
      <calusarUssrAchtel>
        <wyesDorcasMicks>cassabaAudace</wyesDorcasMicks>
      </calusarUssrAchtel>
      <joseph shapely="26698251" oxbiter="unseelGreund" unendlyShridePurline="dimmitAcorPolynoe" tyramin="mutuary">
        <egotist>meliorOxidsBundoc</egotist>
      </joseph>
      <smeathVisier fetesDochter="balmonyIodideReadout" damasScapel="25537331" cruckMiroAscarid="rappingPuttoo" unkirkSenecanAtma="dautsSlaeHaughs8">
        <tortive>behoof</tortive>
      </smeathVisier>
      <arrayMoidore unfaced="commitEmployeSooky938">
        <aloeSeniorCalusa>celtium</aloeSeniorCalusa>
      </arrayMoidore>
      <sieveRundi>
        <hexodeMuladaAtenism>8969</hexodeMuladaAtenism>
      </sieveRundi>
      <plaguesTaintedGyrus spidger="nodding" natuBalersAlcaide="vaagmarProsser9841" furorEnteredSeely="bluntie">
        <enstyleVenousFogon>91</enstyleVenousFogon>
      </plaguesTaintedGyrus>
      <uploadsSate>
        <ovumEloineSlaked>guglio</ovumEloineSlaked>
      </uploadsSate>
      <teenty toluic="grownInowerKnacker" wolfish="punkestAggroManless" heteroMangers="rennerPeal1093" diseurYaguas="adelphi">
        <keechMimmest>skreelBostalWanty</keechMimmest>
      </teenty>
    </dissentChoralsCothon>
    <colphegVill sylvanPageMenow="chacmasPkgsPerlid" restiffGonionCandiru="villsSkyport" ultionBidedKelebe="stacy" owserRumen="26" nunksRosilloMudland="wese" bebatGlacial="zebraHopheadWarworn">
      <devinct>imbrueBruzzPervial</devinct>
    </colphegVill>
    <taplet gusty="piabaVoting" narcomaEaseful="kinemas1214" upland="cyclos" secus="bemar2263" sergioEngorgeOther="hepcat439">
      <gibletsKnowePrison>4</gibletsKnowePrison>
      <defuse raffishRoupingShapka="ploutConcise" printedArctos="warchGowanedSoleret">
        <hilarFlyboyWeemen>logionFumilySnawle</hilarFlyboyWeemen>
      </defuse>
      <lacmusSauria>
        <osseletPalea>rewhelp</osseletPalea>
      </lacmusSauria>
      <centrumClarkia>
        <shragPiestToy>begreen</shragPiestToy>
      </centrumClarkia>
      <yard tidingsOilfishPlurisy="affuseRemuda" hereroExcel="kookieMuriate" jessie="781570" clarre="mrem">
        <mutive>papyral</mutive>
      </yard>
      <lissesCuplike>
        <ferventPedageHolland>retwistRhamnusApiator</ferventPedageHolland>
      </lissesCuplike>
      <xxiiiSpan tettery="31430">
        <italianGess>pariahDaboyaPalet</italianGess>
      </xxiiiSpan>
      <wigwam>
        <upglideTrample>danceDowsetPeculia22</upglideTrample>
      </wigwam>
      <exults bobstayStewpanWaygoer="58">
        <wadmalBlingerUnrebel>crappyToilesVills</wadmalBlingerUnrebel>
      </exults>
      <grittenOpeWhity boon="92248149" flankerGeogonyGedeckt="plutei">
        <breardsNibsomeUsuress>lineageLoggishOrpins4941</breardsNibsomeUsuress>
      </grittenOpeWhity>
      <poxing>
        <typhous>enecateGutlingTzolkin</typhous>
      </poxing>
      <darnel coenuriBoingOvist="discousUniform" seminarYeoCantion="juergenRecharRelaces73" tasuBoers="borate">
        <becallBiprismStrewn>drayageAmliVesicle</becallBiprismStrewn>
      </darnel>
      <wanTawnySymbiot crinkly="tombOverdidSaned739" unfrankHobnobFango="chinkSlumAeolia">
        <creasyTanghamTercia>sapplesRelight</creasyTanghamTercia>
      </wanTawnySymbiot>
      <gueBiferFeyness>
        <bulteyEscrod>reelectWarlord</bulteyEscrod>
      </gueBiferFeyness>
      <sacralUpfloat boskierDrooptNebris="vicesConj">
        <hallockAlexia>tamboo7530</hallockAlexia>
      </sacralUpfloat>
    </taplet>
    <cytulaeRelache>
      <metros>sneatheCaronicBoojum7</metros>
      <cyclopsDidst dropman="935158" reknitGildedHoer="eileenSaharanReargue" orthianLinealKorona="sbloodTunketBarful62" downs="boggier">
        <blawChiniks>culvert</blawChiniks>
      </cyclopsDidst>
      <silencyErg gigGymnite="parging">
        <erebusScuffsDrama>cabalas289</erebusScuffsDrama>
      </silencyErg>
      <poebird lamaic="8117">
        <xemaSalema>6702345</xemaSalema>
      </poebird>
      <stogeysVoteen ergane="weft" deemedLugerCortian="598832" retrad="lullay8984" scrimerLupeoseCaliga="stratigPushful">
        <humificAlludes>cholamDolingDoters</humificAlludes>
      </stogeysVoteen>
      <topical galletaPaddy="845">
        <physicsStaxis>pluralsMiocene</physicsStaxis>
      </topical>
      <murther teddingSprueDoucine="wissleLockbox" vasconSotieBerend="remains4438" scupsSunnyRue="lubbard" kitarToletan="93215">
        <ranch>naumkTholliDoura</ranch>
      </murther>
      <calamusKeatsRangoon denselySpanemy="tex" gazefulWindockLensed="coffretFurazanChasten773">
        <scalperApr>naves</scalperApr>
      </calamusKeatsRangoon>
      <kelvinsYukeTutting escalopFamular="946294" froskSlavBroach="godwits" reamy="pyrulaStoperOaric">
        <lamplet>987673</lamplet>
      </kelvinsYukeTutting>
    </cytulaeRelache>
    <angulaHagigahJazzing>
      <deisealAlviaWoollen>pitasOrphansCuprate</deisealAlviaWoollen>
    </angulaHagigahJazzing>
    <ridgelsHippaStemona>
      <orarian>amazerTumefyPynung517</orarian>
    </ridgelsHippaStemona>
    <xrayMezcals silHutre="startsyAudadLarkier" lerNabbyShikars="rewarmAlertaVaccary" jive="8" enthealPremiumSexuous="amerces" cortaro="fescueWomeras" emrodePowerBankmen="ulvan">
      <lamprey>devons</lamprey>
    </xrayMezcals>
    <adigheSiddur tacana="galeassKiowayBrevet" oarcockSapfulShilh="pacify">
      <cognatiFlybane>bunyah</cognatiFlybane>
      <coalpitGyroma privilyNan="randonArgonneCaboose" rankersAftersAbduct="outfeedTyperUndeep" rundleWudTree="fardingHelbeh" crowds="kurtaAtwin">
        <cedrat>pantonMuras</cedrat>
      </coalpitGyroma>
      <faculae inlayedWaisterOes="pattens26">
        <outsinCubingRivina>suchos</outsinCubingRivina>
      </faculae>
      <brawler unwitchSairly="palmo" dispace="piute7862">
        <ubiqueSnugger>patmosAdion</ubiqueSnugger>
      </brawler>
      <abbotsUrare regleUnliver="embowl" tussisCreply="agluconAttntrp">
        <rippers>9</rippers>
      </abbotsUrare>
      <ouvrage leeser="lilacin" ortsPerai="33793" arilli="raphany">
        <relies>valvae</relies>
      </ouvrage>
      <aidableFotherImpawn availerChimleyDyakish="chilly" deridedSpiffedNeedles="turgor" knacksBedewsTyste="huiSterile2593" cordula="resownCliniumNapaea7">
        <woom>flotantFrivolBulkily2149</woom>
      </aidableFotherImpawn>
      <blanSkeppe reseaus="721" lully="acerola" rosttra="andreMoudyIngenu" splinesTubfishBudgie="determa85">
        <ashaGelilah>bridelyIwurcheDan</ashaGelilah>
      </blanSkeppe>
      <memoirsActress vascula="4393" subcash="cokie" sitch="5043" mournSibylGluer="glanderCubitsTwankay">
        <pricey>176655935</pricey>
      </memoirsActress>
      <claryPeridiaSubet chineseDizenedNanpie="6" tabitha="luthier" metricsOkaying="unbeset" molalaSida="946353">
        <blere>fledged</blere>
      </claryPeridiaSubet>
      <pinwing>
        <glycinChoralsSikh>balter282</glycinChoralsSikh>
      </pinwing>
      <laurateEnlodgeArrie>
        <notatesHards>skell</notatesHards>
      </laurateEnlodgeArrie>
      <labroidBeseem namby="pochay" amreeta="vaporsKinotDagassa">
        <wanyasaDevelin>incend</wanyasaDevelin>
      </labroidBeseem>
      <liney dimes="amigosKnavishWhoring">
        <robalo>unbeardThrast</robalo>
      </liney>
      <karmasValse>
        <procureSippio>1</procureSippio>
      </karmasValse>
    </adigheSiddur>
  </demeansSeiurusCogent>
  <fleabug cocleaAweband="trainScarersStoit360" kragForworkHyemal="slatishCorbet96" ababdehHernani="51" madlyMopaniJibber="belacePodium">
    <towcockDynel>
      <mochaVincentHollas>biverbAmalakaUntap72</mochaVincentHollas>
    </towcockDynel>
    <howk>
      <arctoidBoyer>nepidaeGrunion</arctoidBoyer>
    </howk>
    <lubes>
      <grover>lansingChoke899</grover>
      <sturtyUnwary tipiti="heiringYelkDipnoan730" ledgersArdureHobbian="95239" luncherSupesSudors="updaterTsugaNeeders720">
        <usselsRebuffs>weevily</usselsRebuffs>
      </sturtyUnwary>
      <teazled loris="aaronic" furcula="rubblyStairedLese" tendo="angelic" redearKedarSaga="leadway">
        <scantle>104</scantle>
      </teazled>
      <summonExtortsVivency loathesPoilusFlacon="assumpt144" pawkGipping="codille" cleuch="2932968" meta="dottlesLarders">
        <bottleDimmet>32171412</bottleDimmet>
      </summonExtortsVivency>
      <otic>
        <maumets>sapotaFrankerDesist</maumets>
      </otic>
      <snoozes>
        <heroess>besneer</heroess>
      </snoozes>
      <opahsOptate>
        <regearsGrayingSwivets>9830</regearsGrayingSwivets>
      </opahsOptate>
      <uptie burpingDualinThone="24" lacmoidBidpai="buckyAgendaBlankit" pouffes="89716891">
        <angust>217349</angust>
      </uptie>
    </lubes>
    <zanyishSlinks curtisHandles="cabana346" mirishOarsmen="ahorse82" tolaGigotsAshamnu="tascal">
      <mesteeMandyiLowness>7</mesteeMandyiLowness>
      <baftaCheezitGaybine sweensPrearmEquiped="soccerApplies" cervoid="titbits">
        <thubanPloyYairds>ethanim544</thubanPloyYairds>
      </baftaCheezitGaybine>
      <youseZenonic dansantAnoil="evulgeCyanus" selfish="lentScrinia" bruiserSiccan="stoogeChinsed" canetteCabaa="1366030">
        <macuteKakasAsmack>bouch</macuteKakasAsmack>
      </youseZenonic>
      <melt sagy="weanie47" hinoki="gapy" stokvisTedious="exhaustSpinals">
        <hellersFadlikeGrunzie>undyingPupas</hellersFadlikeGrunzie>
      </melt>
      <tmh>
        <daddledYom>musteesDorlach</daddledYom>
      </tmh>
      <flowsMeeds parvenuAnaryan="cephalaPluma1749">
        <uloncusEburnaTapir>rarelyTeenierCoupons352</uloncusEburnaTapir>
      </flowsMeeds>
      <gothismBraemanBecovet feyness="gibusesBrrGoofily">
        <bizetStipoZoomed>letchesScroyle63</bizetStipoZoomed>
      </gothismBraemanBecovet>
      <esprit prytanyWading="33473" initalDecibel="delineSpitzes" pugsTyee="zanHinniedKophs" stadieUlmo="whatna">
        <fellestHumhumUnwell>exsertsKeryx</fellestHumhumUnwell>
      </esprit>
      <charelyTents kakarPorism="9983069">
        <hagropeMessy>frixionGeishaStacte</hagropeMessy>
      </charelyTents>
      <chokeysRupees suaedaEmbryolRighted="caickleArcheryMochras" bluntly="antimanCocopanBounded">
        <volvasWheemLends>alveoleUpturns</volvasWheemLends>
      </chokeysRupees>
      <weilang hexyl="pacquet" monster="mynahs" conventHurrayManpack="shottedFitz">
        <hakdarLupaninMollify>geedGoodersWhorle</hakdarLupaninMollify>
      </weilang>
      <combRosellaAbogado surgeryValent="melodia" pinic="disportSunniteReddens" umauaScindArb="chromyl9058" diminGassyCourtly="bottlesCompted">
        <rumboLongyi>billowy</rumboLongyi>
      </combRosellaAbogado>
    </zanyishSlinks>
    <ogres monadicTriazinGatemen="adurentToxemia" prasineCubbyuTift="gauffre8233" runny="banilad" testonsConiesUrocyst="stepups" lump="zurich">
      <oversGeison>zincoErr</oversGeison>
    </ogres>
    <siredon oilwellChitakSparid="qintarOverarm8839" createsChillo="binsOutspy" dftDyable="minoMiggle">
      <mabela>calecheShave9999</mabela>
    </siredon>
    <aggadic coyureUnfetedPostfix="9" alophas="acidlyComl" fate="loners" trudgerEducts="206774338">
      <suslikKogia>bookersShowedAristo</suslikKogia>
    </aggadic>
    <fensSpeise>
      <regletsKafiriCurvey>colmoseCavishWarison</regletsKafiriCurvey>
      <honestyHyaline>
        <stamensHeremZoccolo>bluffer</stamensHeremZoccolo>
      </honestyHyaline>
    </fensSpeise>
    <nonairUnmadeRelets playdayMassel="gooteeGotosReframe">
      <undustAubainePapered>scalaePouncerSiping</undustAubainePapered>
    </nonairUnmadeRelets>
    <bidarkaAstre>
      <picudoDummel>chargeeIllus</picudoDummel>
      <hyakumeMondo skip="almuds" toxBoller="emperyAndi" sarment="7795500">
        <ungrain>palmingTeemer866</ungrain>
      </hyakumeMondo>
      <nucleusSlipwayWhalers>
        <mirandaCurval>unhit</mirandaCurval>
      </nucleusSlipwayWhalers>
      <silkenIridesUntrend risers="brentAttourInherit" blanHoopman="83778962" vulcanoPortionLainer="rewetChagaAchoke">
        <trope>68252</trope>
      </silkenIridesUntrend>
      <tinwareUndoesFreckly spidgerCoalpitTendrel="swum">
        <mameys>blazedPapNoemi</mameys>
      </tinwareUndoesFreckly>
      <screekFugiosDumbed ramets="609226488" jerrids="hyphemaHeavens" bunker="outaddHolloa612">
        <pretaCoagule>palatedBetrust6716</pretaCoagule>
      </screekFugiosDumbed>
      <inklike pinylPoove="acknown" kathrynPestsFudgy="nanduFurrureThissen" maltaBatataQueued="apologyGassesVery222" ochrana="chowk">
        <otolite>lachesFrise</otolite>
      </inklike>
    </bidarkaAstre>
    <withiesSla lehuas="3046723" helleriHour="57798295" polilla="eeyuchCompartUnadult" caddiedAtaxiasBrine="73703" blueingCanthus="cloquesCassiri" lurkyWhankCandyh="imidoDeposesStalky193" spottle="antigod">
      <hirselRegale>intakes</hirselRegale>
      <degorge wanionSib="inditch6791" hyloistSophia="dcolletProngy">
        <zirkitePriss>treble</zirkitePriss>
      </degorge>
      <nonary bethuelChirpsFilt="lucianBimotor">
        <villainBusiedHaye>98733640</villainBusiedHaye>
      </nonary>
      <injury britskaNonomadAmidic="32624694" scart="archtIncus524" kilobitTradMiskal="659381">
        <tassels>nomine</tassels>
      </injury>
      <huppahBinousHelion busySituses="7450519" henenVerbous="accosts" alneinCautio="bewetDenIsz" ovalish="40558">
        <alleveUrodeleTireder>grrAttirer</alleveUrodeleTireder>
      </huppahBinousHelion>
      <skirtChilte marwer="avicide" brims="arderShisn" reoiledMisdate="enveilDecyl" funnedCalanidTramps="aughtWails">
        <dingies>linedOxytoneVidual</dingies>
      </skirtChilte>
      <axelEllan carmen="noduleTenterObj1912" unwaxed="hulkierBeshakeUnburly">
        <busty>devotoBitlessGranch</busty>
      </axelEllan>
      <smithamRipesRetool wringRazzingSwa="879131864" puffinNormanMulcher="ureas" homiest="aquoseFiringCayuca" mazyBensallRedeyes="tagmemeTaille58">
        <hiccupsSitiDeleted>ricingDucImpedes16</hiccupsSitiDeleted>
      </smithamRipesRetool>
      <gullerDaimenAbele massingBlunkerWaggy="tactiveDatsunsCarver" sasin="griffesJinnPrey" carobsBuggessAdvisor="51525">
        <laidTubar>crib7</laidTubar>
      </gullerDaimenAbele>
      <promissMoile>
        <hewghLowe>epicPicassoLars2</hewghLowe>
      </promissMoile>
      <fordealZinkify rowtingRiven="halsenHadjemi" diarizeGoujay="sorra5180">
        <sombreDecianDuny>799951</sombreDecianDuny>
      </fordealZinkify>
      <okes>
        <tetel>wifeNozzleFrothy</tetel>
      </okes>
      <villoseBlazedJasmone oleoyl="crevicePagedomMajora">
        <josepha>paxiubaMotyka240</josepha>
      </villoseBlazedJasmone>
      <epenlaOnlayCanli ablingsLammyPomonic="2027" ajoureSnottie="remain" mockerHocused="albionWeal22">
        <scathe>diasyrmAddend</scathe>
      </epenlaOnlayCanli>
      <powwow tackyDeepenTrekked="concrewColfoxRoup" caicTurpifyMandlen="siryanCanelaUreas" oxygasScollopEmplore="adsorbsEnwidenShots" untoxicBratinaOutask="throwerFascesUlnae">
        <daybeamOuteateIndenes>foeshipGashest</daybeamOuteateIndenes>
      </powwow>
      <implies market="prajna" oospermTharenAmbo="abtBrominAgoras85" pounamuGalerum="zapharaLouvers" aloddiaDevoiceMuting="dadosUnblest">
        <rangaleEryngo>311407</rangaleEryngo>
      </implies>
      <chambulUlmoCopulas>
        <rewhirlBoffs>oppidaFrowstyAile</rewhirlBoffs>
      </chambulUlmoCopulas>
      <scalaChechemAmpuls splashsXxiiiMahout="restesWritsMimming" practicBanianSlap="cubhood" ecphory="fibred">
        <flumedCordis>3841801</flumedCordis>
      </scalaChechemAmpuls>
      <hoppingFlexura mawseedCabret="6761" yannam="teguima" turacosUrocele="sandbur242">
        <portify>jubaAlbs</portify>
      </hoppingFlexura>
      <pogromAvoke affeer="mangeryMarletCopalms" fungusySpurrerZygose="5061048">
        <driverGraineOilbird>sheiksSunwise</driverGraineOilbird>
      </pogromAvoke>
    </withiesSla>
    <neeseUnyokedDecry>
      <saumontFancyDogfall>valorsGeonoma</saumontFancyDogfall>
    </neeseUnyokedDecry>
    <aeciumTututniRowen gamerSinopic="carida" mantricMaranta="357167677" varahan="805">
      <peepsSantol>kinkilyDipalaTillers</peepsSantol>
      <unaptDogma>
        <broncsCocci>ternarBeefier57</broncsCocci>
      </unaptDogma>
      <husoResorb dizoicInvokerEsexual="araminaFlaxenBagwash">
        <wimbleAnlage>12595139</wimbleAnlage>
      </husoResorb>
      <fiftyBiers sottishVillasLochia="496" kales="jazzmen" opsinTweedyAlferes="zoeform">
        <whoosh>farinasWhopperMorulae</whoosh>
      </fiftyBiers>
      <moschus toyBalder="inconyTercel" chenetRsvpPrivily="644160990" scolia="wagandaPaxilli">
        <baboolOleumsRatan>rubeolaJoannesFass3295</baboolOleumsRatan>
      </moschus>
    </aeciumTututniRowen>
    <loglikeDyeableSpit>
      <yelverLouis>indols</yelverLouis>
    </loglikeDyeableSpit>
    <sylvianIsinai>
      <sidneyTennuUntiled>4627</sidneyTennuUntiled>
    </sylvianIsinai>
    <haffitsBorneSchinus>
      <labarum>889285956</labarum>
    </haffitsBorneSchinus>
    <reships pauOxanic="marsh" yangtzeNefast="411" triuneFlees="anuricDevauntLoth" mammeysRacial="967157" ferulaBattikErthen="arcellaGytrashDarken">
      <kenned>unaflowDryingOxalic</kenned>
      <caftansVolupteEstrepe amebulaShake="gruys" fellsRespellKinemas="musky" board="trivetClallamCowtail">
        <choyaTwiller>formic</choyaTwiller>
      </caftansVolupteEstrepe>
    </reships>
    <pubbleMavinsFalsum>
      <squintsDoldrumTappit>wetbackYashiroAbactor6</squintsDoldrumTappit>
    </pubbleMavinsFalsum>
    <addieSnifflyFences>
      <moraysHootingOrphan>1091975</moraysHootingOrphan>
    </addieSnifflyFences>
    <yantras>
      <nobodyd>5</nobodyd>
      <explainGlidedTriops>
        <peaches>begets</peaches>
      </explainGlidedTriops>
      <garage wasSnivelCorpore="slobberBaronsFiasco">
        <undealt>buffbarSpathaMitis</undealt>
      </garage>
    </yantras>
    <flueDorsadGarrote>
      <quitingReim>uraminoInsnare</quitingReim>
    </flueDorsadGarrote>
    <acedySangrelReft dorayCobbingCarone="trymataCdrGabs" bobcats="douceWarb" laicityDune="454" regularPanneryTurpify="satsop" syruper="cainsBitonalGipped" gladsCrusadoPerv="pentadsBuckra">
      <aidantDaylessAuh>poove</aidantDaylessAuh>
      <aidedSnavvle hesterRaff="cyclideCoffsSpastic" dao="aswashBehear" unsenseUpriseUrinose="amphideIsm" petrolsReequipHatbox="junciteOschealPoor">
        <umping>ownness</umping>
      </aidedSnavvle>
      <cabaanAbadiaMistily hoofsMastman="rawhideBanjaraManured83" matildaFoobar="keysetTomatoPhytic" sordorClickPadtree="zaffree6">
        <everyDummiedShisn>revote</everyDummiedShisn>
      </cabaanAbadiaMistily>
      <haedFrenula quoniam="409" maedIngentAidant="utrumIyar" numis="chichiBillet">
        <elandsFilazer>festaeVellon</elandsFilazer>
      </haedFrenula>
      <archsinHoggedBoerdom sinaEarlikeLinty="cuifsScaleni" jingleFayumicKarmas="triobolPavadeTownet" greggeSaladsAutoist="sokotriAworryAxises" miniate="coalingKernish">
        <axlikeSonarFustin>trisomeHaviors</axlikeSonarFustin>
      </archsinHoggedBoerdom>
      <ariidae bezzantMallear="crummed" cutoverDukumaMurids="torneyTearfulExtbook5" heatfulRopewaySivaite="grizzelGlashanSages" warnageNosairiChowse="ferdiad72">
        <coggingTappoon>heweBidder</coggingTappoon>
      </ariidae>
      <wittolEmpathy odylsHarmSubidar="3899" sludderTryms="skatolsBlandMannify31" anthemaGoonch="kuskiteBonersLingoes4974" tualatiLochageRetems="festoon">
        <croyden>fugaraNiloticHive</croyden>
      </wittolEmpathy>
      <calpul olivil="writingUpcoilMislain">
        <chudeLaetiErosive>walkup</chudeLaetiErosive>
      </calpul>
    </acedySangrelReft>
    <mantisFlossApplier>
      <ripcordGuarrau>manway</ripcordGuarrau>
    </mantisFlossApplier>
    <sab payen="tornadeSklateAutobus" mutined="werecatKye" juza="halkahsHermai" sassiesAmorua="snortyEnid" acockLappedTarok="buswayBusaosKhotan3193">
      <amoy>centric</amoy>
      <finitesAthlete athumiaGamming="39392" lunkShroudyWifie="curetsSmocker" miscal="hyahyaBogyism">
        <basuralUnspoke>henpenSolute9520</basuralUnspoke>
      </finitesAthlete>
      <fundersWhishtsQuackle>
        <herpesSoolBeparch>busto</herpesSoolBeparch>
      </fundersWhishtsQuackle>
      <uppluckOcelots channelDhourra="354" cedaryElaicSondage="comicsWanny" doteWolfkinAglint="tareq" drifterWhiteyBung="604">
        <evacue>feif</evacue>
      </uppluckOcelots>
      <arxSummat parters="mipsMann" lancely="kokobehMildred">
        <backing>healthsKeenedSweal</backing>
      </arxSummat>
      <firkerHdweWapatoo gymniteDiceras="ferlieThyRiband" dexterKedarTzitzis="teenetVidyaMaurice" alliumsCoelineNomism="karrooBrainer" floaty="mockBumbazeJacksaw">
        <acclaimCackles>menta61</acclaimCackles>
      </firkerHdweWapatoo>
      <reexpel buccateLowball="lupinBunnsHenbill" scawlChicles="otto2488" labroid="37">
        <boricBigfoot>goujay</boricBigfoot>
      </reexpel>
      <seamers birdmanTessara="merops" bude="watererVirgeSawback">
        <floodedPinolesClowned>951</floodedPinolesClowned>
      </seamers>
      <quiesceTreadleWirble forminRenable="tunicaeDevcharPayday" allicitNabothNawabs="ghana" borneanUnsnow="slaggyThed" buncalDidym="nubbins169">
        <packHighlyReitbok>uncouch</packHighlyReitbok>
      </quiesceTreadleWirble>
      <ageings balmonyAxis="convex">
        <roxyPeptideHeezed>uzbegMisfire</roxyPeptideHeezed>
      </ageings>
      <katogleIntimasSawway papaneSsortPicene="9627" cusped="477" avocat="becrowd">
        <tensStandel>60658</tensStandel>
      </katogleIntimasSawway>
      <jamesonUnhitch raunMarion="peglessMetas" oaritisRoching="326184" friarDeblai="venomsNonslip">
        <eyra>48</eyra>
      </jamesonUnhitch>
      <zooidRedyedBatches ruach="sysselMelded" perineaViolasWhereon="10267018">
        <amoebicCoweenTrawler>warran</amoebicCoweenTrawler>
      </zooidRedyedBatches>
      <yackHemase driverSmurtle="80552713">
        <redustSoursop>4</redustSoursop>
      </yackHemase>
      <baptist musaeus="burnutPreeNesiote" upbandChalksDimness="iberiEuskeraDescent" mummiaHarpyia="quillonPossums">
        <shucked>lintolsOviparaEmbed81</shucked>
      </baptist>
    </sab>
    <dasePlayoff>
      <statueSippetsAim>twiddly8624</statueSippetsAim>
    </dasePlayoff>
    <honkieGadman vinesPannage="lataxVakass4" mostsStumped="76624" adjunctBalarao="guardsRheneaDecane" detour="abamps" mamaloiCyclistEcumene="tathataWillySwamy" rodsterAldersCaburn="ravesUppropTracing">
      <liardKlipSneaker>tonsileMoll</liardKlipSneaker>
    </honkieGadman>
  </fleabug>
</fulvousCycadFugued>